lon,lat,art,ladepunkte,leistung_kw,jahr_inbetriebnahme,ort,kreis
12.92141,50.83182,normal,1,22,2015,Chemnitz,Kreisfreie Stadt Chemnitz
12.92594,50.84516,normal,2,44,2016,Chemnitz,Kreisfreie Stadt Chemnitz
12.92005,50.83538,normal,2,44,2021,Chemnitz,Kreisfreie Stadt Chemnitz
12.92005,50.83538,normal,2,44,2021,Chemnitz,Kreisfreie Stadt Chemnitz
12.92005,50.83538,normal,2,44,2021,Chemnitz,Kreisfreie Stadt Chemnitz
12.92544,50.83372,normal,2,22,2023,Chemnitz,Kreisfreie Stadt Chemnitz
12.92544,50.83372,normal,2,22,2023,Chemnitz,Kreisfreie Stadt Chemnitz
12.93904,50.83491,normal,2,44,2019,Chemnitz,Kreisfreie Stadt Chemnitz
12.92006,50.83522,normal,1,22,2014,Chemnitz,Kreisfreie Stadt Chemnitz
12.92002,50.83505,normal,1,11,2021,Chemnitz,Kreisfreie Stadt Chemnitz
12.92002,50.83505,normal,1,11,2021,Chemnitz,Kreisfreie Stadt Chemnitz
12.92503,50.83496,normal,2,11,2023,Chemnitz,Kreisfreie Stadt Chemnitz
12.92503,50.83496,normal,2,11,2023,Chemnitz,Kreisfreie Stadt Chemnitz
12.91445,50.83721,normal,2,44,2025,Chemnitz,Kreisfreie Stadt Chemnitz
12.91445,50.83721,normal,2,44,2025,Chemnitz,Kreisfreie Stadt Chemnitz
12.92259,50.84101,normal,2,44,2015,Chemnitz,Kreisfreie Stadt Chemnitz
12.9132,50.82771,normal,2,44,2021,Chemnitz,Kreisfreie Stadt Chemnitz
12.9132,50.82771,schnell,1,75,2021,Chemnitz,Kreisfreie Stadt Chemnitz
12.91782,50.83373,normal,1,11,2023,Chemnitz,Kreisfreie Stadt Chemnitz
12.91784,50.83371,normal,1,11,2023,Chemnitz,Kreisfreie Stadt Chemnitz
12.91786,50.83373,normal,1,11,2023,Chemnitz,Kreisfreie Stadt Chemnitz
12.89222,50.81056,normal,2,44,2021,Chemnitz,Kreisfreie Stadt Chemnitz
12.89222,50.81056,normal,2,44,2021,Chemnitz,Kreisfreie Stadt Chemnitz
12.89222,50.81056,schnell,2,150,2021,Chemnitz,Kreisfreie Stadt Chemnitz
12.92504,50.83669,normal,2,44,2015,Chemnitz,Kreisfreie Stadt Chemnitz
12.93241,50.8287,normal,2,44,2019,Chemnitz,Kreisfreie Stadt Chemnitz
12.92282,50.84635,normal,1,11,2022,Chemnitz,Kreisfreie Stadt Chemnitz
12.92282,50.84635,normal,1,11,2022,Chemnitz,Kreisfreie Stadt Chemnitz
12.92282,50.84635,normal,1,11,2022,Chemnitz,Kreisfreie Stadt Chemnitz
12.92282,50.84635,normal,1,11,2022,Chemnitz,Kreisfreie Stadt Chemnitz
12.92643,50.83736,normal,2,11,2023,Chemnitz,Kreisfreie Stadt Chemnitz
12.92643,50.83736,normal,2,11,2023,Chemnitz,Kreisfreie Stadt Chemnitz
12.91255,50.82733,schnell,2,150,2022,Chemnitz,Kreisfreie Stadt Chemnitz
12.90896,50.83718,normal,2,44,2019,Chemnitz,Kreisfreie Stadt Chemnitz
12.91084,50.83426,normal,2,44,2020,Chemnitz,Kreisfreie Stadt Chemnitz
12.91073,50.83426,schnell,1,175,2020,Chemnitz,Kreisfreie Stadt Chemnitz
12.91055,50.83429,normal,2,44,2020,Chemnitz,Kreisfreie Stadt Chemnitz
12.90275,50.83865,normal,2,43.5,2021,Chemnitz,Kreisfreie Stadt Chemnitz
12.89867,50.83386,normal,2,44,2019,Chemnitz,Kreisfreie Stadt Chemnitz
12.89619,50.8303,normal,2,44,2021,Chemnitz,Kreisfreie Stadt Chemnitz
12.89617,50.83034,schnell,2,93,2019,Chemnitz,Kreisfreie Stadt Chemnitz
12.90757,50.82598,schnell,2,150,2022,Chemnitz,Kreisfreie Stadt Chemnitz
12.89979,50.83869,normal,2,44,2021,Chemnitz,Kreisfreie Stadt Chemnitz
12.89991,50.83881,schnell,2,150,2025,Chemnitz,Kreisfreie Stadt Chemnitz
12.92112,50.85052,normal,2,44,2017,Chemnitz,Kreisfreie Stadt Chemnitz
12.92359,50.85061,normal,2,44,2026,Chemnitz,Kreisfreie Stadt Chemnitz
12.92359,50.85061,normal,2,44,2026,Chemnitz,Kreisfreie Stadt Chemnitz
12.92359,50.85061,normal,2,44,2026,Chemnitz,Kreisfreie Stadt Chemnitz
12.90042,50.84562,schnell,4,100,2019,Chemnitz,Kreisfreie Stadt Chemnitz
12.90871,50.84331,schnell,2,300,2025,Chemnitz,Kreisfreie Stadt Chemnitz
12.90871,50.84331,schnell,2,300,2025,Chemnitz,Kreisfreie Stadt Chemnitz
12.90871,50.84331,schnell,2,300,2025,Chemnitz,Kreisfreie Stadt Chemnitz
12.92638,50.84941,normal,2,44,2018,Chemnitz,Kreisfreie Stadt Chemnitz
12.92069,50.8454,normal,1,11,2023,Chemnitz,Kreisfreie Stadt Chemnitz
12.92072,50.84543,normal,1,11,2023,Chemnitz,Kreisfreie Stadt Chemnitz
12.92072,50.84539,schnell,2,50,2023,Chemnitz,Kreisfreie Stadt Chemnitz
12.91665,50.84704,normal,4,11,2022,Chemnitz,Kreisfreie Stadt Chemnitz
12.91665,50.84704,normal,2,11,2022,Chemnitz,Kreisfreie Stadt Chemnitz
12.93045,50.85367,normal,2,44,2022,Chemnitz,Kreisfreie Stadt Chemnitz
12.93045,50.85367,normal,1,22,2022,Chemnitz,Kreisfreie Stadt Chemnitz
12.89489,50.83617,schnell,2,180,2025,Chemnitz,Kreisfreie Stadt Chemnitz
12.89485,50.83626,schnell,2,180,2025,Chemnitz,Kreisfreie Stadt Chemnitz
12.93341,50.84951,normal,2,44,2019,Chemnitz,Kreisfreie Stadt Chemnitz
12.9178,50.8483,normal,1,11,2023,Chemnitz,Kreisfreie Stadt Chemnitz
12.92794,50.8581,normal,2,44,2015,Chemnitz,Kreisfreie Stadt Chemnitz
12.92709,50.85815,normal,2,44,2018,Chemnitz,Kreisfreie Stadt Chemnitz
12.92701,50.85811,schnell,2,200,2024,Chemnitz,Kreisfreie Stadt Chemnitz
12.88104,50.86545,normal,1,11,2025,Chemnitz,Kreisfreie Stadt Chemnitz
12.88071,50.86544,normal,1,22,2025,Chemnitz,Kreisfreie Stadt Chemnitz
12.94339,50.8793,normal,1,11,2023,Chemnitz,Kreisfreie Stadt Chemnitz
12.9022,50.8641,schnell,3,150,2025,Chemnitz,Kreisfreie Stadt Chemnitz
12.87492,50.85694,schnell,2,300,2024,Chemnitz,Kreisfreie Stadt Chemnitz
12.87492,50.85694,schnell,2,300,2024,Chemnitz,Kreisfreie Stadt Chemnitz
12.87492,50.85694,schnell,2,300,2024,Chemnitz,Kreisfreie Stadt Chemnitz
12.87273,50.85779,normal,2,22,2021,Chemnitz,Kreisfreie Stadt Chemnitz
12.87273,50.85779,normal,2,22,2021,Chemnitz,Kreisfreie Stadt Chemnitz
12.87273,50.85779,normal,2,33,2021,Chemnitz,Kreisfreie Stadt Chemnitz
12.8734,50.8573,normal,2,33,2020,Chemnitz,Kreisfreie Stadt Chemnitz
12.86917,50.85817,schnell,2,300,2024,Chemnitz,Kreisfreie Stadt Chemnitz
12.86917,50.85817,schnell,2,300,2024,Chemnitz,Kreisfreie Stadt Chemnitz
12.86917,50.85817,schnell,2,300,2024,Chemnitz,Kreisfreie Stadt Chemnitz
12.88579,50.81809,normal,2,33,2022,Chemnitz,Kreisfreie Stadt Chemnitz
12.8829,50.81778,normal,2,44,2015,Chemnitz,Kreisfreie Stadt Chemnitz
12.8867,50.84403,normal,2,44,2024,Chemnitz,Kreisfreie Stadt Chemnitz
12.86219,50.80619,normal,2,22,2021,Chemnitz,Kreisfreie Stadt Chemnitz
12.86213,50.80621,schnell,3,82,2025,Chemnitz,Kreisfreie Stadt Chemnitz
12.88408,50.81509,normal,2,44,2020,Chemnitz,Kreisfreie Stadt Chemnitz
12.88408,50.81509,normal,2,44,2020,Chemnitz,Kreisfreie Stadt Chemnitz
12.85908,50.80316,schnell,2,150,2025,Chemnitz,Kreisfreie Stadt Chemnitz
12.85908,50.80316,schnell,2,150,2025,Chemnitz,Kreisfreie Stadt Chemnitz
12.85908,50.80316,schnell,2,50,2026,Chemnitz,Kreisfreie Stadt Chemnitz
12.85908,50.80316,schnell,2,50,2026,Chemnitz,Kreisfreie Stadt Chemnitz
12.85908,50.80316,schnell,2,50,2026,Chemnitz,Kreisfreie Stadt Chemnitz
12.85908,50.80316,schnell,2,200,2026,Chemnitz,Kreisfreie Stadt Chemnitz
12.85908,50.80316,schnell,2,150,2026,Chemnitz,Kreisfreie Stadt Chemnitz
12.85908,50.80316,schnell,2,150,2026,Chemnitz,Kreisfreie Stadt Chemnitz
12.85908,50.80316,schnell,2,50,2026,Chemnitz,Kreisfreie Stadt Chemnitz
12.88104,50.8115,schnell,2,93,2018,Chemnitz,Kreisfreie Stadt Chemnitz
12.88175,50.84152,normal,2,44,2018,Chemnitz,Kreisfreie Stadt Chemnitz
12.88175,50.84152,normal,2,44,2018,Chemnitz,Kreisfreie Stadt Chemnitz
12.88121,50.83754,normal,2,44,2019,Chemnitz,Kreisfreie Stadt Chemnitz
12.88705,50.8194,normal,2,44,2014,Chemnitz,Kreisfreie Stadt Chemnitz
12.88646,50.81877,normal,1,22,2022,Chemnitz,Kreisfreie Stadt Chemnitz
12.88646,50.81877,normal,1,22,2022,Chemnitz,Kreisfreie Stadt Chemnitz
12.88646,50.81877,normal,1,22,2022,Chemnitz,Kreisfreie Stadt Chemnitz
12.89694,50.82219,normal,1,11,2026,Chemnitz,Kreisfreie Stadt Chemnitz
12.88371,50.81644,schnell,2,300,2024,Chemnitz,Kreisfreie Stadt Chemnitz
12.88371,50.81644,schnell,2,300,2024,Chemnitz,Kreisfreie Stadt Chemnitz
12.88283,50.81636,normal,2,44,2019,Chemnitz,Kreisfreie Stadt Chemnitz
12.87376,50.83208,normal,4,88,2016,Chemnitz,Kreisfreie Stadt Chemnitz
12.92137,50.82785,schnell,3,800,2020,Chemnitz,Kreisfreie Stadt Chemnitz
12.85716,50.80558,schnell,1,350,2020,Chemnitz,Kreisfreie Stadt Chemnitz
12.85716,50.80558,schnell,1,350,2020,Chemnitz,Kreisfreie Stadt Chemnitz
12.85716,50.80558,normal,1,22,2025,Chemnitz,Kreisfreie Stadt Chemnitz
12.85716,50.80558,normal,1,22,2025,Chemnitz,Kreisfreie Stadt Chemnitz
12.89074,50.83642,schnell,2,61,2021,Chemnitz,Kreisfreie Stadt Chemnitz
12.89074,50.83645,schnell,2,72,2023,Chemnitz,Kreisfreie Stadt Chemnitz
12.89068,50.83643,schnell,2,72,2023,Chemnitz,Kreisfreie Stadt Chemnitz
12.87634,50.8203,normal,1,11,2022,Chemnitz,Kreisfreie Stadt Chemnitz
12.86544,50.8159,normal,1,11,2024,Chemnitz,Kreisfreie Stadt Chemnitz
12.86544,50.8159,normal,1,11,2024,Chemnitz,Kreisfreie Stadt Chemnitz
12.86544,50.8159,normal,1,11,2024,Chemnitz,Kreisfreie Stadt Chemnitz
12.86544,50.8159,normal,1,11,2024,Chemnitz,Kreisfreie Stadt Chemnitz
12.86544,50.8159,normal,1,11,2024,Chemnitz,Kreisfreie Stadt Chemnitz
12.86544,50.8159,normal,1,11,2024,Chemnitz,Kreisfreie Stadt Chemnitz
12.88677,50.81911,normal,1,22,2022,Chemnitz,Kreisfreie Stadt Chemnitz
12.88677,50.81911,normal,1,22,2022,Chemnitz,Kreisfreie Stadt Chemnitz
12.85204,50.80262,schnell,2,93,2018,Chemnitz,Kreisfreie Stadt Chemnitz
12.85202,50.80243,normal,2,44,2018,Chemnitz,Kreisfreie Stadt Chemnitz
12.85203,50.8025,schnell,1,350,2019,Chemnitz,Kreisfreie Stadt Chemnitz
12.85203,50.80249,schnell,1,350,2019,Chemnitz,Kreisfreie Stadt Chemnitz
12.85203,50.8025,schnell,2,300,2022,Chemnitz,Kreisfreie Stadt Chemnitz
12.85203,50.8025,schnell,2,300,2022,Chemnitz,Kreisfreie Stadt Chemnitz
12.8515,50.80247,schnell,3,150,2023,Chemnitz,Kreisfreie Stadt Chemnitz
12.85202,50.80243,normal,2,44,2024,Chemnitz,Kreisfreie Stadt Chemnitz
12.84307,50.82275,normal,3,66,2022,Chemnitz,Kreisfreie Stadt Chemnitz
12.84307,50.82275,normal,2,22,2022,Chemnitz,Kreisfreie Stadt Chemnitz
12.84207,50.81268,schnell,2,300,2023,Chemnitz,Kreisfreie Stadt Chemnitz
12.84207,50.81268,schnell,2,300,2023,Chemnitz,Kreisfreie Stadt Chemnitz
12.84202,50.80951,normal,2,44,2019,Chemnitz,Kreisfreie Stadt Chemnitz
12.84248,50.81621,schnell,2,93,2023,Chemnitz,Kreisfreie Stadt Chemnitz
12.84044,50.82214,normal,4,22,2022,Chemnitz,Kreisfreie Stadt Chemnitz
12.84861,50.82477,normal,1,22,2024,Chemnitz,Kreisfreie Stadt Chemnitz
12.84861,50.82477,normal,1,22,2024,Chemnitz,Kreisfreie Stadt Chemnitz
12.84861,50.82477,normal,1,22,2024,Chemnitz,Kreisfreie Stadt Chemnitz
12.84861,50.82477,normal,1,22,2024,Chemnitz,Kreisfreie Stadt Chemnitz
12.92137,50.82785,normal,1,11,2018,Chemnitz,Kreisfreie Stadt Chemnitz
12.84341,50.81453,normal,2,22,2017,Chemnitz,Kreisfreie Stadt Chemnitz
12.89162,50.80919,schnell,2,400,2026,Chemnitz,Kreisfreie Stadt Chemnitz
12.89162,50.80919,schnell,2,400,2026,Chemnitz,Kreisfreie Stadt Chemnitz
12.89222,50.81056,normal,2,44,2021,Chemnitz,Kreisfreie Stadt Chemnitz
12.89222,50.81056,normal,2,44,2021,Chemnitz,Kreisfreie Stadt Chemnitz
12.89549,50.81391,normal,1,22,2024,Chemnitz,Kreisfreie Stadt Chemnitz
12.89267,50.81391,normal,1,22,2024,Chemnitz,Kreisfreie Stadt Chemnitz
12.90334,50.82084,normal,2,44,2019,Chemnitz,Kreisfreie Stadt Chemnitz
12.89235,50.82063,normal,1,22,2022,Chemnitz,Kreisfreie Stadt Chemnitz
12.89235,50.82063,normal,1,22,2022,Chemnitz,Kreisfreie Stadt Chemnitz
12.89235,50.82063,normal,1,22,2022,Chemnitz,Kreisfreie Stadt Chemnitz
12.89117,50.82012,normal,1,22,2022,Chemnitz,Kreisfreie Stadt Chemnitz
12.89117,50.82012,normal,1,22,2022,Chemnitz,Kreisfreie Stadt Chemnitz
12.89117,50.82012,normal,1,22,2022,Chemnitz,Kreisfreie Stadt Chemnitz
12.89381,50.81435,normal,2,44,2019,Chemnitz,Kreisfreie Stadt Chemnitz
12.89267,50.81484,normal,1,22,2024,Chemnitz,Kreisfreie Stadt Chemnitz
12.89267,50.81484,normal,1,22,2024,Chemnitz,Kreisfreie Stadt Chemnitz
12.90549,50.87337,normal,1,11,2023,Chemnitz,Kreisfreie Stadt Chemnitz
12.90163,50.82227,schnell,2,72,2024,Chemnitz,Kreisfreie Stadt Chemnitz
12.92477,50.80512,normal,2,44,2021,Chemnitz,Kreisfreie Stadt Chemnitz
12.92583,50.80561,schnell,2,93,2022,Chemnitz,Kreisfreie Stadt Chemnitz
12.91227,50.80438,schnell,2,150,2021,Chemnitz,Kreisfreie Stadt Chemnitz
12.91227,50.80438,schnell,2,300,2021,Chemnitz,Kreisfreie Stadt Chemnitz
12.91043,50.81429,schnell,2,300,2026,Chemnitz,Kreisfreie Stadt Chemnitz
12.88654,50.80243,schnell,2,72,2021,Chemnitz,Kreisfreie Stadt Chemnitz
12.9175,50.82391,normal,2,11,2023,Chemnitz,Kreisfreie Stadt Chemnitz
12.92361,50.80492,normal,2,44,2018,Chemnitz,Kreisfreie Stadt Chemnitz
12.92369,50.80523,normal,2,44,2025,Chemnitz,Kreisfreie Stadt Chemnitz
12.91614,50.82207,normal,2,22,2026,Chemnitz,Kreisfreie Stadt Chemnitz
12.91614,50.82207,normal,2,44,2026,Chemnitz,Kreisfreie Stadt Chemnitz
12.91005,50.80935,normal,2,44,2017,Chemnitz,Kreisfreie Stadt Chemnitz
12.91411,50.81461,schnell,2,93,2019,Chemnitz,Kreisfreie Stadt Chemnitz
12.91424,50.81459,schnell,2,93,2020,Chemnitz,Kreisfreie Stadt Chemnitz
12.89013,50.80517,normal,2,44,2017,Chemnitz,Kreisfreie Stadt Chemnitz
12.92176,50.80565,normal,2,44,2015,Chemnitz,Kreisfreie Stadt Chemnitz
12.92176,50.80565,normal,2,44,2019,Chemnitz,Kreisfreie Stadt Chemnitz
12.92176,50.80565,normal,2,44,2019,Chemnitz,Kreisfreie Stadt Chemnitz
12.88042,50.79527,schnell,2,150,2021,Chemnitz,Kreisfreie Stadt Chemnitz
12.89737,50.79688,normal,4,88,2019,Chemnitz,Kreisfreie Stadt Chemnitz
12.89867,50.83386,normal,2,44,2024,Chemnitz,Kreisfreie Stadt Chemnitz
12.88208,50.79138,normal,2,44,2025,Chemnitz,Kreisfreie Stadt Chemnitz
12.88604,50.79494,normal,2,44,2019,Chemnitz,Kreisfreie Stadt Chemnitz
12.88042,50.79527,normal,2,22,2022,Chemnitz,Kreisfreie Stadt Chemnitz
12.90331,50.79112,schnell,4,150,2019,Chemnitz,Kreisfreie Stadt Chemnitz
12.97633,50.77196,normal,2,22,2023,Chemnitz,Kreisfreie Stadt Chemnitz
12.90267,50.78637,normal,2,44,2017,Chemnitz,Kreisfreie Stadt Chemnitz
12.89677,50.78319,schnell,2,150,2022,Chemnitz,Kreisfreie Stadt Chemnitz
12.89677,50.78319,schnell,2,300,2022,Chemnitz,Kreisfreie Stadt Chemnitz
12.89536,50.78372,schnell,2,93,2017,Chemnitz,Kreisfreie Stadt Chemnitz
12.93703,50.7619,normal,1,22,2026,Chemnitz,Kreisfreie Stadt Chemnitz
12.87729,50.78326,normal,2,44,2019,Chemnitz,Kreisfreie Stadt Chemnitz
12.88983,50.76985,normal,2,44,2019,Chemnitz,Kreisfreie Stadt Chemnitz
12.933,50.78939,normal,2,44,2019,Chemnitz,Kreisfreie Stadt Chemnitz
12.91833,50.79554,normal,2,44,2024,Chemnitz,Kreisfreie Stadt Chemnitz
12.94716,50.80068,normal,2,22,2025,Chemnitz,Kreisfreie Stadt Chemnitz
12.94716,50.80068,normal,2,22,2025,Chemnitz,Kreisfreie Stadt Chemnitz
12.92507,50.81584,normal,2,44,2021,Chemnitz,Kreisfreie Stadt Chemnitz
12.95037,50.80949,normal,2,44,2018,Chemnitz,Kreisfreie Stadt Chemnitz
12.93564,50.82399,normal,2,44,2019,Chemnitz,Kreisfreie Stadt Chemnitz
12.93949,50.81774,normal,2,44,2022,Chemnitz,Kreisfreie Stadt Chemnitz
12.92642,50.81351,normal,1,22,2021,Chemnitz,Kreisfreie Stadt Chemnitz
12.92642,50.81351,normal,1,22,2021,Chemnitz,Kreisfreie Stadt Chemnitz
12.92642,50.81351,normal,1,22,2023,Chemnitz,Kreisfreie Stadt Chemnitz
12.92642,50.81351,normal,1,22,2023,Chemnitz,Kreisfreie Stadt Chemnitz
12.92573,50.81342,normal,1,22,2023,Chemnitz,Kreisfreie Stadt Chemnitz
12.92573,50.81342,normal,1,22,2023,Chemnitz,Kreisfreie Stadt Chemnitz
12.92584,50.81344,normal,1,22,2023,Chemnitz,Kreisfreie Stadt Chemnitz
12.92584,50.81344,normal,1,22,2023,Chemnitz,Kreisfreie Stadt Chemnitz
12.94354,50.81514,normal,2,44,2019,Chemnitz,Kreisfreie Stadt Chemnitz
12.94511,50.81801,schnell,3,71,2022,Chemnitz,Kreisfreie Stadt Chemnitz
12.95133,50.81545,normal,2,44,2022,Chemnitz,Kreisfreie Stadt Chemnitz
12.95133,50.81545,normal,1,22,2022,Chemnitz,Kreisfreie Stadt Chemnitz
12.95233,50.80968,normal,2,22,2024,Chemnitz,Kreisfreie Stadt Chemnitz
12.95233,50.80968,normal,2,22,2024,Chemnitz,Kreisfreie Stadt Chemnitz
12.95485,50.81423,schnell,2,300,2024,Chemnitz,Kreisfreie Stadt Chemnitz
12.95485,50.81423,schnell,2,300,2024,Chemnitz,Kreisfreie Stadt Chemnitz
12.95485,50.81423,schnell,2,300,2024,Chemnitz,Kreisfreie Stadt Chemnitz
12.95784,50.81278,normal,2,22,2019,Chemnitz,Kreisfreie Stadt Chemnitz
12.95787,50.81276,schnell,3,50,2019,Chemnitz,Kreisfreie Stadt Chemnitz
12.9579,50.81305,normal,1,11,2023,Chemnitz,Kreisfreie Stadt Chemnitz
12.9579,50.81305,normal,1,11,2023,Chemnitz,Kreisfreie Stadt Chemnitz
12.9542,50.81496,schnell,2,150,2021,Chemnitz,Kreisfreie Stadt Chemnitz
12.9542,50.81496,schnell,2,300,2021,Chemnitz,Kreisfreie Stadt Chemnitz
12.9542,50.81496,schnell,2,150,2022,Chemnitz,Kreisfreie Stadt Chemnitz
12.9542,50.81496,schnell,2,300,2022,Chemnitz,Kreisfreie Stadt Chemnitz
12.95708,50.81487,schnell,2,400,2025,Chemnitz,Kreisfreie Stadt Chemnitz
12.95708,50.81487,schnell,2,400,2025,Chemnitz,Kreisfreie Stadt Chemnitz
12.95708,50.81487,schnell,2,400,2025,Chemnitz,Kreisfreie Stadt Chemnitz
12.95708,50.81487,schnell,2,400,2025,Chemnitz,Kreisfreie Stadt Chemnitz
12.92942,50.8184,normal,1,22,2023,Chemnitz,Kreisfreie Stadt Chemnitz
12.92942,50.8184,normal,1,22,2023,Chemnitz,Kreisfreie Stadt Chemnitz
12.92942,50.8184,normal,1,22,2023,Chemnitz,Kreisfreie Stadt Chemnitz
12.92942,50.8184,normal,1,22,2023,Chemnitz,Kreisfreie Stadt Chemnitz
12.9698,50.80837,schnell,2,150,2023,Chemnitz,Kreisfreie Stadt Chemnitz
13.00901,50.8184,normal,1,11,2022,Chemnitz,Kreisfreie Stadt Chemnitz
12.89867,50.83386,normal,2,44,2024,Chemnitz,Kreisfreie Stadt Chemnitz
12.95334,50.82392,normal,1,11,2022,Chemnitz,Kreisfreie Stadt Chemnitz
12.97547,50.81595,normal,1,11,2023,Chemnitz,Kreisfreie Stadt Chemnitz
12.9599,50.8224,schnell,3,150,2024,Chemnitz,Kreisfreie Stadt Chemnitz
12.9599,50.8224,schnell,2,150,2024,Chemnitz,Kreisfreie Stadt Chemnitz
12.9599,50.8224,schnell,2,300,2024,Chemnitz,Kreisfreie Stadt Chemnitz
12.9599,50.8224,schnell,2,150,2024,Chemnitz,Kreisfreie Stadt Chemnitz
12.95639,50.83217,normal,2,44,2019,Chemnitz,Kreisfreie Stadt Chemnitz
12.96072,50.82197,normal,2,44,2019,Chemnitz,Kreisfreie Stadt Chemnitz
13.02233,50.84079,normal,1,5,2023,Chemnitz,Kreisfreie Stadt Chemnitz
13.02213,50.84076,normal,1,6,2023,Chemnitz,Kreisfreie Stadt Chemnitz
12.93577,50.83751,normal,2,44,2019,Chemnitz,Kreisfreie Stadt Chemnitz
12.93819,50.83742,normal,1,22,2022,Chemnitz,Kreisfreie Stadt Chemnitz
12.94366,50.84155,normal,4,88,2016,Chemnitz,Kreisfreie Stadt Chemnitz
12.97071,50.83263,normal,2,44,2024,Chemnitz,Kreisfreie Stadt Chemnitz
12.9403,50.84651,schnell,2,300,2024,Chemnitz,Kreisfreie Stadt Chemnitz
12.93066,50.83732,normal,2,44,2024,Chemnitz,Kreisfreie Stadt Chemnitz
12.93066,50.83732,normal,2,44,2024,Chemnitz,Kreisfreie Stadt Chemnitz
12.93066,50.83732,normal,2,44,2024,Chemnitz,Kreisfreie Stadt Chemnitz
12.93775,50.84387,normal,1,11,2023,Chemnitz,Kreisfreie Stadt Chemnitz
12.93775,50.84387,normal,1,11,2023,Chemnitz,Kreisfreie Stadt Chemnitz
12.9413,50.84531,normal,1,22,2021,Chemnitz,Kreisfreie Stadt Chemnitz
12.9512,50.8406,schnell,2,300,2024,Chemnitz,Kreisfreie Stadt Chemnitz
12.9512,50.8406,schnell,2,150,2024,Chemnitz,Kreisfreie Stadt Chemnitz
12.9512,50.8406,schnell,3,150,2024,Chemnitz,Kreisfreie Stadt Chemnitz
12.9512,50.8406,schnell,2,150,2024,Chemnitz,Kreisfreie Stadt Chemnitz
12.93813,50.84832,schnell,2,150,2025,Chemnitz,Kreisfreie Stadt Chemnitz
12.93813,50.84832,schnell,2,150,2025,Chemnitz,Kreisfreie Stadt Chemnitz
12.93813,50.84832,schnell,2,150,2025,Chemnitz,Kreisfreie Stadt Chemnitz
12.93813,50.84832,schnell,2,150,2025,Chemnitz,Kreisfreie Stadt Chemnitz
12.93608,50.84582,normal,2,44,2018,Chemnitz,Kreisfreie Stadt Chemnitz
12.94489,50.85242,normal,2,44,2019,Chemnitz,Kreisfreie Stadt Chemnitz
12.9382,50.84664,schnell,2,50,2024,Chemnitz,Kreisfreie Stadt Chemnitz
12.9382,50.84664,schnell,2,50,2024,Chemnitz,Kreisfreie Stadt Chemnitz
12.95907,50.86984,normal,2,44,2019,Chemnitz,Kreisfreie Stadt Chemnitz
12.94436,50.84792,schnell,2,150,2025,Chemnitz,Kreisfreie Stadt Chemnitz
12.94432,50.84795,schnell,2,150,2025,Chemnitz,Kreisfreie Stadt Chemnitz
12.94632,50.85284,normal,2,44,2023,Chemnitz,Kreisfreie Stadt Chemnitz
12.94622,50.85287,normal,2,44,2023,Chemnitz,Kreisfreie Stadt Chemnitz
12.94681,50.84846,normal,1,22,2020,Chemnitz,Kreisfreie Stadt Chemnitz
12.79515,50.81638,normal,1,11,2016,Chemnitz,Kreisfreie Stadt Chemnitz
12.92085,50.82822,normal,1,11,2024,Chemnitz,Kreisfreie Stadt Chemnitz
12.83346,50.80916,normal,2,22,2024,Chemnitz,Kreisfreie Stadt Chemnitz
12.76501,50.82158,schnell,2,50,2017,Chemnitz/Grüna,Kreisfreie Stadt Chemnitz
12.78717,50.81093,schnell,2,72,2023,Grüna,Kreisfreie Stadt Chemnitz
12.85915,50.86597,normal,2,44,2019,Chemnitz,Kreisfreie Stadt Chemnitz
12.85677,50.86665,normal,2,44,2023,Chemnitz,Kreisfreie Stadt Chemnitz
12.85677,50.86665,normal,2,44,2023,Chemnitz,Kreisfreie Stadt Chemnitz
12.83627,50.86091,normal,2,22,2023,Chemnitz,Kreisfreie Stadt Chemnitz
12.85693,50.86718,normal,1,11,2023,Chemnitz,Kreisfreie Stadt Chemnitz
12.85691,50.86717,schnell,2,50,2023,Chemnitz,Kreisfreie Stadt Chemnitz
12.86766,50.86413,schnell,1,250,2025,Chemnitz,Kreisfreie Stadt Chemnitz
12.86766,50.86413,schnell,1,250,2025,Chemnitz,Kreisfreie Stadt Chemnitz
12.86766,50.86413,schnell,1,250,2025,Chemnitz,Kreisfreie Stadt Chemnitz
12.86766,50.86413,schnell,1,250,2025,Chemnitz,Kreisfreie Stadt Chemnitz
12.86766,50.86413,schnell,1,250,2025,Chemnitz,Kreisfreie Stadt Chemnitz
12.86766,50.86413,schnell,1,250,2025,Chemnitz,Kreisfreie Stadt Chemnitz
12.86766,50.86413,schnell,1,250,2025,Chemnitz,Kreisfreie Stadt Chemnitz
12.86766,50.86413,schnell,1,250,2025,Chemnitz,Kreisfreie Stadt Chemnitz
12.86783,50.86422,schnell,2,200,2026,Chemnitz,Kreisfreie Stadt Chemnitz
12.86783,50.86422,schnell,2,200,2026,Chemnitz,Kreisfreie Stadt Chemnitz
12.86492,50.865,schnell,2,72,2019,Chemnitz,Kreisfreie Stadt Chemnitz
13.73928,51.05019,normal,1,11,2023,Dresden,Kreisfreie Stadt Dresden
13.73928,51.05019,normal,1,11,2023,Dresden,Kreisfreie Stadt Dresden
13.73928,51.05019,normal,1,11,2023,Dresden,Kreisfreie Stadt Dresden
13.73928,51.05019,normal,1,11,2023,Dresden,Kreisfreie Stadt Dresden
13.73928,51.05019,normal,1,11,2023,Dresden,Kreisfreie Stadt Dresden
13.73928,51.05019,normal,1,11,2023,Dresden,Kreisfreie Stadt Dresden
13.73928,51.05019,normal,1,11,2023,Dresden,Kreisfreie Stadt Dresden
13.73928,51.05019,normal,1,11,2023,Dresden,Kreisfreie Stadt Dresden
13.73083,51.0515,normal,2,22,2023,Dresden,Kreisfreie Stadt Dresden
13.73083,51.0515,normal,2,22,2023,Dresden,Kreisfreie Stadt Dresden
13.74154,51.05094,normal,1,11,2023,Dresden,Kreisfreie Stadt Dresden
13.74154,51.05094,normal,1,11,2023,Dresden,Kreisfreie Stadt Dresden
13.74154,51.05094,normal,1,11,2023,Dresden,Kreisfreie Stadt Dresden
13.74154,51.05094,normal,1,11,2023,Dresden,Kreisfreie Stadt Dresden
13.74154,51.05094,normal,1,11,2023,Dresden,Kreisfreie Stadt Dresden
13.74154,51.05094,normal,1,11,2023,Dresden,Kreisfreie Stadt Dresden
13.74154,51.05094,normal,1,11,2023,Dresden,Kreisfreie Stadt Dresden
13.74154,51.05094,normal,1,11,2023,Dresden,Kreisfreie Stadt Dresden
13.74154,51.05094,normal,1,11,2023,Dresden,Kreisfreie Stadt Dresden
13.74154,51.05094,normal,1,11,2023,Dresden,Kreisfreie Stadt Dresden
13.74154,51.05094,normal,1,11,2023,Dresden,Kreisfreie Stadt Dresden
13.74154,51.05094,normal,1,11,2023,Dresden,Kreisfreie Stadt Dresden
13.74154,51.05094,normal,1,11,2023,Dresden,Kreisfreie Stadt Dresden
13.74154,51.05094,normal,1,11,2023,Dresden,Kreisfreie Stadt Dresden
13.74154,51.05094,normal,1,11,2023,Dresden,Kreisfreie Stadt Dresden
13.72487,51.05958,normal,2,44,2024,Dresden,Kreisfreie Stadt Dresden
13.71645,51.06883,normal,2,22,2020,Dresden,Kreisfreie Stadt Dresden
13.71214,51.06025,normal,2,30,2019,Dresden,Kreisfreie Stadt Dresden
13.72309,51.05068,normal,2,22,2022,Dresden,Kreisfreie Stadt Dresden
13.72467,51.05796,normal,4,11,2023,Dresden,Kreisfreie Stadt Dresden
13.72467,51.05796,normal,4,11,2023,Dresden,Kreisfreie Stadt Dresden
13.72467,51.05796,normal,2,11,2023,Dresden,Kreisfreie Stadt Dresden
13.72467,51.05796,normal,4,11,2023,Dresden,Kreisfreie Stadt Dresden
13.72467,51.05796,normal,4,11,2023,Dresden,Kreisfreie Stadt Dresden
13.72467,51.05796,normal,2,11,2023,Dresden,Kreisfreie Stadt Dresden
13.72467,51.05796,normal,4,11,2023,Dresden,Kreisfreie Stadt Dresden
13.72467,51.05796,normal,2,11,2023,Dresden,Kreisfreie Stadt Dresden
13.72467,51.05796,normal,2,11,2023,Dresden,Kreisfreie Stadt Dresden
13.72467,51.05796,normal,4,11,2023,Dresden,Kreisfreie Stadt Dresden
13.72051,51.06242,normal,2,44,2020,Dresden,Kreisfreie Stadt Dresden
13.73998,51.04639,schnell,2,50,2025,Dresden,Kreisfreie Stadt Dresden
13.73998,51.04639,schnell,2,50,2025,Dresden,Kreisfreie Stadt Dresden
13.73998,51.04639,schnell,2,50,2025,Dresden,Kreisfreie Stadt Dresden
13.73998,51.04639,schnell,2,50,2025,Dresden,Kreisfreie Stadt Dresden
13.71048,51.06022,normal,3,11,2023,Dresden,Kreisfreie Stadt Dresden
13.70223,51.05952,normal,2,33,2020,Dresden,Kreisfreie Stadt Dresden
13.70082,51.0601,schnell,2,50,2024,Dresden,Kreisfreie Stadt Dresden
13.69889,51.05987,normal,2,44,2019,Dresden,Kreisfreie Stadt Dresden
13.72266,51.04971,schnell,3,100,2021,Dresden,Kreisfreie Stadt Dresden
13.72266,51.04971,schnell,3,100,2021,Dresden,Kreisfreie Stadt Dresden
13.70487,51.06107,schnell,2,50,2024,Dresden,Kreisfreie Stadt Dresden
13.70487,51.06107,schnell,2,50,2024,Dresden,Kreisfreie Stadt Dresden
13.70487,51.06107,normal,2,22,2024,Dresden,Kreisfreie Stadt Dresden
13.70487,51.06107,schnell,2,50,2024,Dresden,Kreisfreie Stadt Dresden
13.70487,51.06107,schnell,2,50,2024,Dresden,Kreisfreie Stadt Dresden
13.71658,51.0603,schnell,3,175,2021,Dresden,Kreisfreie Stadt Dresden
13.71652,51.06033,schnell,3,175,2021,Dresden,Kreisfreie Stadt Dresden
13.71691,51.05919,normal,2,30,2022,Dresden,Kreisfreie Stadt Dresden
13.71676,51.0592,normal,2,30,2022,Dresden,Kreisfreie Stadt Dresden
13.71662,51.05925,normal,2,30,2022,Dresden,Kreisfreie Stadt Dresden
13.71713,51.05914,normal,2,30,2022,Dresden,Kreisfreie Stadt Dresden
13.7316,51.05773,normal,4,44,2024,Dresden,Kreisfreie Stadt Dresden
13.70245,51.06183,normal,2,44,2022,Dresden,Kreisfreie Stadt Dresden
13.70245,51.06183,normal,1,22,2022,Dresden,Kreisfreie Stadt Dresden
13.72542,51.0577,normal,2,22,2024,Dresden,Kreisfreie Stadt Dresden
13.744,51.04874,schnell,3,175,2018,Dresden,Kreisfreie Stadt Dresden
13.72326,51.05638,schnell,3,175,2020,Dresden,Kreisfreie Stadt Dresden
13.744,51.0487,schnell,3,175,2020,Dresden,Kreisfreie Stadt Dresden
13.74398,51.04872,schnell,3,175,2020,Dresden,Kreisfreie Stadt Dresden
13.74417,51.0486,schnell,3,175,2020,Dresden,Kreisfreie Stadt Dresden
13.73133,51.05036,schnell,3,175,2022,Dresden,Kreisfreie Stadt Dresden
13.73103,51.05025,schnell,3,175,2022,Dresden,Kreisfreie Stadt Dresden
13.7316,51.05773,normal,4,44,2024,Dresden,Kreisfreie Stadt Dresden
13.75423,51.04365,schnell,2,110,2022,Dresden,Kreisfreie Stadt Dresden
13.75427,51.04368,schnell,2,110,2023,Dresden,Kreisfreie Stadt Dresden
13.75389,51.0438,schnell,2,46,2020,Dresden,Kreisfreie Stadt Dresden
13.75465,51.04334,schnell,2,46,2020,Dresden,Kreisfreie Stadt Dresden
13.75458,51.04337,schnell,2,46,2020,Dresden,Kreisfreie Stadt Dresden
13.7545,51.0434,schnell,2,46,2020,Dresden,Kreisfreie Stadt Dresden
13.75413,51.0437,normal,2,22,2020,Dresden,Kreisfreie Stadt Dresden
13.75411,51.04368,normal,2,22,2020,Dresden,Kreisfreie Stadt Dresden
13.75434,51.04364,normal,2,22,2020,Dresden,Kreisfreie Stadt Dresden
13.75431,51.04361,normal,2,22,2020,Dresden,Kreisfreie Stadt Dresden
13.75437,51.04363,normal,2,22,2020,Dresden,Kreisfreie Stadt Dresden
13.75435,51.04359,normal,2,22,2020,Dresden,Kreisfreie Stadt Dresden
13.75455,51.04351,normal,2,22,2020,Dresden,Kreisfreie Stadt Dresden
13.7546,51.04353,normal,2,22,2020,Dresden,Kreisfreie Stadt Dresden
13.75457,51.04351,normal,2,22,2020,Dresden,Kreisfreie Stadt Dresden
13.75482,51.04344,normal,2,22,2020,Dresden,Kreisfreie Stadt Dresden
13.72953,51.03242,normal,2,44,2022,Dresden,Kreisfreie Stadt Dresden
13.72953,51.03242,normal,2,44,2022,Dresden,Kreisfreie Stadt Dresden
13.719,51.03852,normal,2,22,2021,Dresden,Kreisfreie Stadt Dresden
13.72079,51.03986,normal,2,44,2025,Dresden,Kreisfreie Stadt Dresden
13.72079,51.03986,normal,2,44,2025,Dresden,Kreisfreie Stadt Dresden
13.75133,51.05102,schnell,2,300,2026,Dresden,Kreisfreie Stadt Dresden
13.75133,51.05102,schnell,2,300,2026,Dresden,Kreisfreie Stadt Dresden
13.75133,51.05102,schnell,2,300,2026,Dresden,Kreisfreie Stadt Dresden
13.73264,51.03908,schnell,2,200,2025,Dresden,Kreisfreie Stadt Dresden
13.71958,51.03911,normal,2,44,2025,Dresden,Kreisfreie Stadt Dresden
13.71958,51.03911,normal,2,44,2025,Dresden,Kreisfreie Stadt Dresden
13.72936,51.04278,normal,4,88,2022,Dresden,Kreisfreie Stadt Dresden
13.74042,51.04182,schnell,2,360,2025,Dresden,Kreisfreie Stadt Dresden
13.74047,51.04178,schnell,2,360,2025,Dresden,Kreisfreie Stadt Dresden
13.74058,51.04171,schnell,2,360,2025,Dresden,Kreisfreie Stadt Dresden
13.73333,51.037,normal,2,22,2021,Dresden,Kreisfreie Stadt Dresden
13.73438,51.03639,normal,2,22,2021,Dresden,Kreisfreie Stadt Dresden
13.73386,51.04549,normal,1,11,2023,Dresden,Kreisfreie Stadt Dresden
13.73386,51.04549,normal,1,11,2023,Dresden,Kreisfreie Stadt Dresden
13.73386,51.04549,normal,1,11,2023,Dresden,Kreisfreie Stadt Dresden
13.73386,51.04549,normal,1,11,2023,Dresden,Kreisfreie Stadt Dresden
13.73793,51.02751,schnell,3,250,2022,Dresden,Kreisfreie Stadt Dresden
13.73793,51.02751,normal,2,22,2022,Dresden,Kreisfreie Stadt Dresden
13.73793,51.02751,normal,2,22,2022,Dresden,Kreisfreie Stadt Dresden
13.72078,51.04089,normal,2,44,2025,Dresden,Kreisfreie Stadt Dresden
13.72078,51.04089,normal,2,44,2025,Dresden,Kreisfreie Stadt Dresden
13.7177,51.03776,normal,2,44,2025,Dresden,Kreisfreie Stadt Dresden
13.7177,51.03776,normal,2,44,2025,Dresden,Kreisfreie Stadt Dresden
13.71895,51.03898,normal,2,22,2021,Dresden,Kreisfreie Stadt Dresden
13.7316,51.05773,normal,4,44,2024,Dresden,Kreisfreie Stadt Dresden
13.7272,51.03125,schnell,3,175,2019,Dresden,Kreisfreie Stadt Dresden
13.7272,51.0313,schnell,3,175,2019,Dresden,Kreisfreie Stadt Dresden
13.72722,51.03122,schnell,3,175,2019,Dresden,Kreisfreie Stadt Dresden
13.75729,51.05393,normal,2,13,2021,Dresden,Kreisfreie Stadt Dresden
13.75727,51.05394,normal,2,13,2021,Dresden,Kreisfreie Stadt Dresden
13.75718,51.05391,normal,2,30,2021,Dresden,Kreisfreie Stadt Dresden
13.72952,51.04614,normal,2,30,2022,Dresden,Kreisfreie Stadt Dresden
13.72958,51.04616,normal,2,30,2022,Dresden,Kreisfreie Stadt Dresden
13.72963,51.04618,normal,2,30,2022,Dresden,Kreisfreie Stadt Dresden
13.72969,51.04621,normal,2,30,2022,Dresden,Kreisfreie Stadt Dresden
13.72977,51.04623,normal,2,30,2022,Dresden,Kreisfreie Stadt Dresden
13.74774,51.03457,normal,2,22,2022,Dresden,Kreisfreie Stadt Dresden
13.74774,51.03459,normal,2,22,2022,Dresden,Kreisfreie Stadt Dresden
13.74766,51.03459,normal,2,22,2022,Dresden,Kreisfreie Stadt Dresden
13.74767,51.03461,normal,2,22,2022,Dresden,Kreisfreie Stadt Dresden
13.72742,51.02693,normal,2,16,2021,Dresden,Kreisfreie Stadt Dresden
13.72727,51.02674,normal,2,16,2021,Dresden,Kreisfreie Stadt Dresden
13.72718,51.02684,normal,2,16,2021,Dresden,Kreisfreie Stadt Dresden
13.72037,51.0416,normal,2,44,2020,Dresden,Kreisfreie Stadt Dresden
13.7316,51.05773,normal,4,44,2024,Dresden,Kreisfreie Stadt Dresden
13.7316,51.05773,normal,2,22,2024,Dresden,Kreisfreie Stadt Dresden
13.74823,51.05866,normal,2,44,2026,Dresden,Kreisfreie Stadt Dresden
13.74823,51.05866,normal,2,44,2026,Dresden,Kreisfreie Stadt Dresden
13.73809,51.0621,normal,2,22,2024,Dresden,Kreisfreie Stadt Dresden
13.73809,51.0621,normal,2,22,2024,Dresden,Kreisfreie Stadt Dresden
13.73503,51.07295,normal,2,22,2024,Dresden,Kreisfreie Stadt Dresden
13.73948,51.06403,normal,1,11,2026,Dresden,Kreisfreie Stadt Dresden
13.73948,51.06403,normal,1,11,2026,Dresden,Kreisfreie Stadt Dresden
13.74546,51.06058,normal,2,22,2021,Dresden,Kreisfreie Stadt Dresden
13.74574,51.06041,normal,2,22,2021,Dresden,Kreisfreie Stadt Dresden
13.73999,51.06021,normal,2,30,2019,Dresden,Kreisfreie Stadt Dresden
13.74053,51.07191,normal,2,44,2019,Dresden,Kreisfreie Stadt Dresden
13.73966,51.0808,schnell,1,175,2022,Dresden,Kreisfreie Stadt Dresden
13.73966,51.0808,schnell,1,175,2022,Dresden,Kreisfreie Stadt Dresden
13.73946,51.08372,schnell,2,300,2023,Dresden,Kreisfreie Stadt Dresden
13.73946,51.08372,schnell,2,300,2023,Dresden,Kreisfreie Stadt Dresden
13.73946,51.08372,schnell,2,300,2023,Dresden,Kreisfreie Stadt Dresden
13.74511,51.05778,schnell,3,175,2019,Dresden,Kreisfreie Stadt Dresden
13.74518,51.05778,schnell,3,175,2019,Dresden,Kreisfreie Stadt Dresden
13.74504,51.05778,schnell,3,175,2019,Dresden,Kreisfreie Stadt Dresden
13.73959,51.06479,schnell,3,175,2020,Dresden,Kreisfreie Stadt Dresden
13.73964,51.06483,schnell,3,175,2020,Dresden,Kreisfreie Stadt Dresden
13.73973,51.06488,schnell,3,175,2020,Dresden,Kreisfreie Stadt Dresden
13.74555,51.07184,normal,2,13,2021,Dresden,Kreisfreie Stadt Dresden
13.7453,51.07183,normal,2,13,2021,Dresden,Kreisfreie Stadt Dresden
13.74982,51.05774,normal,2,44,2025,Dresden,Kreisfreie Stadt Dresden
13.74544,51.06449,normal,2,22,2022,Dresden,Kreisfreie Stadt Dresden
13.73533,51.06513,schnell,2,300,2024,Dresden,Kreisfreie Stadt Dresden
13.75886,51.07244,normal,2,22,2022,Dresden,Kreisfreie Stadt Dresden
13.75886,51.07244,normal,2,22,2022,Dresden,Kreisfreie Stadt Dresden
13.75886,51.07244,normal,4,22,2022,Dresden,Kreisfreie Stadt Dresden
13.75901,51.08255,schnell,3,175,2023,Dresden,Kreisfreie Stadt Dresden
13.75906,51.08256,schnell,3,175,2023,Dresden,Kreisfreie Stadt Dresden
13.77928,51.06927,normal,2,22,2023,Dresden,Kreisfreie Stadt Dresden
13.77928,51.06927,normal,2,22,2023,Dresden,Kreisfreie Stadt Dresden
13.77928,51.06927,normal,2,22,2023,Dresden,Kreisfreie Stadt Dresden
13.77928,51.06927,normal,2,22,2023,Dresden,Kreisfreie Stadt Dresden
13.77928,51.06927,normal,2,22,2023,Dresden,Kreisfreie Stadt Dresden
13.77928,51.06927,normal,2,22,2023,Dresden,Kreisfreie Stadt Dresden
13.76491,51.07325,normal,2,22,2022,Dresden,Kreisfreie Stadt Dresden
13.76672,51.08312,normal,2,30,2021,Dresden,Kreisfreie Stadt Dresden
13.76872,51.08281,normal,2,22,2019,Dresden,Kreisfreie Stadt Dresden
13.75925,51.06268,normal,4,22,2023,Dresden,Kreisfreie Stadt Dresden
13.75925,51.06268,normal,2,22,2023,Dresden,Kreisfreie Stadt Dresden
13.76188,51.08128,normal,2,22,2024,Dresden,Kreisfreie Stadt Dresden
13.76198,51.07961,normal,2,22,2024,Dresden,Kreisfreie Stadt Dresden
13.78333,51.07104,normal,2,22,2022,Dresden,Kreisfreie Stadt Dresden
13.75529,51.06359,normal,2,13,2021,Dresden,Kreisfreie Stadt Dresden
13.75523,51.0635,normal,2,13,2021,Dresden,Kreisfreie Stadt Dresden
13.75516,51.06341,normal,2,13,2021,Dresden,Kreisfreie Stadt Dresden
13.75832,51.06916,normal,2,13,2021,Dresden,Kreisfreie Stadt Dresden
13.75822,51.06918,normal,2,13,2021,Dresden,Kreisfreie Stadt Dresden
13.75814,51.0692,normal,2,13,2021,Dresden,Kreisfreie Stadt Dresden
13.77633,51.06839,normal,2,30,2022,Dresden,Kreisfreie Stadt Dresden
13.75087,51.07774,normal,2,7,2023,Dresden,Kreisfreie Stadt Dresden
13.75087,51.07774,normal,2,7,2023,Dresden,Kreisfreie Stadt Dresden
13.75087,51.07774,normal,2,7,2023,Dresden,Kreisfreie Stadt Dresden
13.75087,51.07774,normal,2,7,2023,Dresden,Kreisfreie Stadt Dresden
13.75087,51.07774,normal,1,7,2023,Dresden,Kreisfreie Stadt Dresden
13.80527,51.14864,normal,1,22,2022,Dresden,Kreisfreie Stadt Dresden
13.80527,51.14864,normal,4,66,2022,Dresden,Kreisfreie Stadt Dresden
13.79697,51.14901,normal,2,33,2021,Dresden,Kreisfreie Stadt Dresden
13.80137,51.14008,normal,1,22,2019,Dresden,Kreisfreie Stadt Dresden
13.7619,51.1211,schnell,2,400,2025,Dresden,Kreisfreie Stadt Dresden
13.7619,51.1211,schnell,2,400,2025,Dresden,Kreisfreie Stadt Dresden
13.7619,51.1211,schnell,2,400,2025,Dresden,Kreisfreie Stadt Dresden
13.7619,51.1211,schnell,2,200,2025,Dresden,Kreisfreie Stadt Dresden
13.7619,51.1211,schnell,2,200,2025,Dresden,Kreisfreie Stadt Dresden
13.7619,51.1211,schnell,2,200,2025,Dresden,Kreisfreie Stadt Dresden
13.77453,51.10667,normal,2,40,2026,Dresden,Kreisfreie Stadt Dresden
13.77453,51.10667,normal,2,40,2026,Dresden,Kreisfreie Stadt Dresden
13.7646,51.12378,schnell,2,36,2019,Dresden,Kreisfreie Stadt Dresden
13.7711,51.12881,normal,2,44,2020,Dresden,Kreisfreie Stadt Dresden
13.7711,51.12881,normal,2,44,2022,Dresden,Kreisfreie Stadt Dresden
13.7711,51.12881,normal,2,44,2022,Dresden,Kreisfreie Stadt Dresden
13.7711,51.12881,normal,2,44,2022,Dresden,Kreisfreie Stadt Dresden
13.74053,51.12974,normal,2,22,2026,Dresden,Kreisfreie Stadt Dresden
13.74053,51.12974,normal,2,22,2026,Dresden,Kreisfreie Stadt Dresden
13.74053,51.12974,normal,2,22,2026,Dresden,Kreisfreie Stadt Dresden
13.74053,51.12974,normal,2,22,2026,Dresden,Kreisfreie Stadt Dresden
13.74053,51.12974,normal,2,22,2026,Dresden,Kreisfreie Stadt Dresden
13.74053,51.12974,normal,2,44,2026,Dresden,Kreisfreie Stadt Dresden
13.74053,51.12974,normal,2,44,2026,Dresden,Kreisfreie Stadt Dresden
13.74053,51.12974,normal,2,44,2026,Dresden,Kreisfreie Stadt Dresden
13.74618,51.12625,schnell,2,300,2023,Dresden,Kreisfreie Stadt Dresden
13.74618,51.12625,schnell,2,300,2023,Dresden,Kreisfreie Stadt Dresden
13.74618,51.12625,schnell,2,300,2023,Dresden,Kreisfreie Stadt Dresden
13.78249,51.13237,normal,2,44,2022,Dresden,Kreisfreie Stadt Dresden
13.78249,51.13237,normal,2,44,2022,Dresden,Kreisfreie Stadt Dresden
13.78877,51.11517,normal,2,22,2019,Dresden,Kreisfreie Stadt Dresden
13.78962,51.11573,normal,2,22,2019,Dresden,Kreisfreie Stadt Dresden
13.78965,51.11577,normal,2,22,2019,Dresden,Kreisfreie Stadt Dresden
13.78969,51.11581,normal,2,22,2019,Dresden,Kreisfreie Stadt Dresden
13.74236,51.11706,normal,2,44,2019,Dresden-Hellerau,Kreisfreie Stadt Dresden
13.72638,51.08206,schnell,2,300,2024,Dresden,Kreisfreie Stadt Dresden
13.71691,51.08125,schnell,4,150,2021,Dresden,Kreisfreie Stadt Dresden
13.72036,51.07846,normal,2,22,2022,Dresden,Kreisfreie Stadt Dresden
13.72413,51.0743,schnell,3,71,2025,Dresden,Kreisfreie Stadt Dresden
13.7309,51.081,schnell,2,400,2026,Dresden,Kreisfreie Stadt Dresden
13.7309,51.081,schnell,2,400,2026,Dresden,Kreisfreie Stadt Dresden
13.71444,51.07845,schnell,2,300,2025,Dresden,Kreisfreie Stadt Dresden
13.71444,51.07845,schnell,2,300,2025,Dresden,Kreisfreie Stadt Dresden
13.71712,51.0778,schnell,3,175,2019,Dresden,Kreisfreie Stadt Dresden
13.7331,51.0777,normal,2,30,2022,Dresden,Kreisfreie Stadt Dresden
13.73309,51.07762,schnell,2,150,2022,Dresden,Kreisfreie Stadt Dresden
13.71521,51.08054,normal,2,30,2023,Dresden,Kreisfreie Stadt Dresden
13.71491,51.0805,normal,2,30,2023,Dresden,Kreisfreie Stadt Dresden
13.73094,51.0803,normal,2,33,2021,Dresden,Kreisfreie Stadt Dresden
13.73614,51.09453,schnell,2,300,2022,Dresden,Kreisfreie Stadt Dresden
13.73614,51.09453,schnell,2,300,2022,Dresden,Kreisfreie Stadt Dresden
13.73235,51.09839,schnell,2,550,2020,Dresden,Kreisfreie Stadt Dresden
13.71958,51.09588,normal,1,11,2022,Dresden,Kreisfreie Stadt Dresden
13.70946,51.08949,normal,2,30,2022,Dresden,Kreisfreie Stadt Dresden
13.70952,51.08947,normal,2,30,2022,Dresden,Kreisfreie Stadt Dresden
13.72971,51.08718,normal,2,30,2019,Dresden,Kreisfreie Stadt Dresden
13.70675,51.09016,schnell,2,180,2025,Dresden,Kreisfreie Stadt Dresden
13.7067,51.09017,schnell,2,180,2025,Dresden,Kreisfreie Stadt Dresden
13.72818,51.08458,schnell,2,69,2024,Dresden,Kreisfreie Stadt Dresden
13.72279,51.09068,normal,2,44,2020,Dresden,Kreisfreie Stadt Dresden
13.71953,51.09648,schnell,3,175,2019,Dresden,Kreisfreie Stadt Dresden
13.71974,51.09649,schnell,3,175,2019,Dresden,Kreisfreie Stadt Dresden
13.71939,51.0965,schnell,3,175,2019,Dresden,Kreisfreie Stadt Dresden
13.69829,51.09396,schnell,2,300,2024,Dresden,Kreisfreie Stadt Dresden
13.69099,51.07914,schnell,2,93,2018,Dresden,Kreisfreie Stadt Dresden
13.6906,51.07902,schnell,2,300,2024,Dresden,Kreisfreie Stadt Dresden
13.68998,51.06899,schnell,2,300,2023,Dresden,Kreisfreie Stadt Dresden
13.68998,51.06899,schnell,2,300,2023,Dresden,Kreisfreie Stadt Dresden
13.68998,51.06899,schnell,2,300,2023,Dresden,Kreisfreie Stadt Dresden
13.69008,51.07846,schnell,2,300,2022,Dresden,Kreisfreie Stadt Dresden
13.69008,51.07846,schnell,2,150,2022,Dresden,Kreisfreie Stadt Dresden
13.69008,51.07846,normal,2,22,2022,Dresden,Kreisfreie Stadt Dresden
13.69507,51.08666,normal,2,42,2019,Dresden,Kreisfreie Stadt Dresden
13.69507,51.08666,normal,2,42,2019,Dresden,Kreisfreie Stadt Dresden
13.69334,51.08499,schnell,3,175,2019,Dresden,Kreisfreie Stadt Dresden
13.69334,51.08499,schnell,3,175,2019,Dresden,Kreisfreie Stadt Dresden
13.69334,51.08499,schnell,3,175,2019,Dresden,Kreisfreie Stadt Dresden
13.69333,51.08523,schnell,1,250,2025,Dresden,Kreisfreie Stadt Dresden
13.69333,51.08523,schnell,1,250,2025,Dresden,Kreisfreie Stadt Dresden
13.69333,51.08523,schnell,1,250,2025,Dresden,Kreisfreie Stadt Dresden
13.69333,51.08523,schnell,1,250,2025,Dresden,Kreisfreie Stadt Dresden
13.69333,51.08523,schnell,1,250,2025,Dresden,Kreisfreie Stadt Dresden
13.69333,51.08523,schnell,1,250,2025,Dresden,Kreisfreie Stadt Dresden
13.69333,51.08523,schnell,1,250,2025,Dresden,Kreisfreie Stadt Dresden
13.69333,51.08523,schnell,1,250,2025,Dresden,Kreisfreie Stadt Dresden
13.6962,51.0835,schnell,2,200,2026,Dresden,Kreisfreie Stadt Dresden
13.6962,51.0835,schnell,2,200,2026,Dresden,Kreisfreie Stadt Dresden
13.6962,51.0835,schnell,2,200,2026,Dresden,Kreisfreie Stadt Dresden
13.6962,51.0835,schnell,2,200,2026,Dresden,Kreisfreie Stadt Dresden
13.6962,51.0835,schnell,2,200,2026,Dresden,Kreisfreie Stadt Dresden
13.6962,51.0835,schnell,2,400,2026,Dresden,Kreisfreie Stadt Dresden
13.6962,51.0835,schnell,2,400,2026,Dresden,Kreisfreie Stadt Dresden
13.6962,51.0835,schnell,2,400,2026,Dresden,Kreisfreie Stadt Dresden
13.6962,51.0835,schnell,2,400,2026,Dresden,Kreisfreie Stadt Dresden
13.6962,51.0835,schnell,2,400,2026,Dresden,Kreisfreie Stadt Dresden
13.68845,51.06748,schnell,1,175,2022,Dresden,Kreisfreie Stadt Dresden
13.68845,51.06748,schnell,1,175,2022,Dresden,Kreisfreie Stadt Dresden
13.69013,51.06789,normal,4,11,2023,Dresden,Kreisfreie Stadt Dresden
13.68997,51.06732,normal,4,11,2023,Dresden,Kreisfreie Stadt Dresden
13.68833,51.07241,schnell,2,50,2024,Dresden,Kreisfreie Stadt Dresden
13.69841,51.07472,schnell,1,50,2024,Dresden,Kreisfreie Stadt Dresden
13.67857,51.08765,normal,2,44,2022,Dresden,Kreisfreie Stadt Dresden
13.67857,51.08765,normal,2,44,2022,Dresden,Kreisfreie Stadt Dresden
13.68133,51.06976,normal,2,30,2021,Dresden,Kreisfreie Stadt Dresden
13.7108,51.08374,normal,1,11,2022,Dresden,Kreisfreie Stadt Dresden
13.68827,51.08263,normal,2,33,2023,Dresden,Kreisfreie Stadt Dresden
13.69087,51.08154,normal,2,11,2019,Dresden,Kreisfreie Stadt Dresden
13.69087,51.08154,normal,2,11,2019,Dresden,Kreisfreie Stadt Dresden
13.69096,51.0816,normal,2,11,2019,Dresden,Kreisfreie Stadt Dresden
13.69102,51.08164,normal,2,11,2019,Dresden,Kreisfreie Stadt Dresden
13.69105,51.08167,normal,2,11,2019,Dresden,Kreisfreie Stadt Dresden
13.70144,51.07819,normal,2,30,2022,Dresden,Kreisfreie Stadt Dresden
13.70153,51.07819,normal,2,30,2022,Dresden,Kreisfreie Stadt Dresden
13.67106,51.09235,normal,2,44,2023,Dresden-Radebeul,Kreisfreie Stadt Dresden
13.66957,51.09264,normal,2,44,2022,Dresden-Radebeul,Kreisfreie Stadt Dresden
13.63141,51.04006,schnell,2,80,2018,Dresden,Kreisfreie Stadt Dresden
13.63116,51.03946,normal,2,44,2021,Dresden,Kreisfreie Stadt Dresden
13.63123,51.03946,normal,2,44,2021,Dresden,Kreisfreie Stadt Dresden
13.63101,51.03944,schnell,3,175,2021,Dresden,Kreisfreie Stadt Dresden
13.63108,51.03945,schnell,3,175,2021,Dresden,Kreisfreie Stadt Dresden
13.64753,51.05893,schnell,2,50,2025,Dresden,Kreisfreie Stadt Dresden
13.73726,51.05041,normal,1,11,2023,Dresden,Kreisfreie Stadt Dresden
13.6303,51.0384,schnell,2,400,2026,Dresden,Kreisfreie Stadt Dresden
13.6303,51.0384,schnell,2,400,2026,Dresden,Kreisfreie Stadt Dresden
13.6303,51.0384,schnell,2,200,2026,Dresden,Kreisfreie Stadt Dresden
13.6303,51.0384,schnell,2,200,2026,Dresden,Kreisfreie Stadt Dresden
13.64322,51.0802,normal,2,22,2022,Dresden,Kreisfreie Stadt Dresden
13.64686,51.0346,normal,1,11,2023,Dresden,Kreisfreie Stadt Dresden
13.63257,51.08524,normal,2,30,2019,Dresden,Kreisfreie Stadt Dresden
13.63264,51.08523,normal,2,30,2019,Dresden,Kreisfreie Stadt Dresden
13.65536,51.05852,normal,1,22,2022,Dresden,Kreisfreie Stadt Dresden
13.68556,51.04995,normal,2,22,2022,Dresden,Kreisfreie Stadt Dresden
13.68992,51.06156,normal,2,11,2022,Dresden,Kreisfreie Stadt Dresden
13.68992,51.06156,normal,2,11,2022,Dresden,Kreisfreie Stadt Dresden
13.68992,51.06156,normal,2,11,2022,Dresden,Kreisfreie Stadt Dresden
13.68004,51.06266,schnell,2,300,2022,Dresden,Kreisfreie Stadt Dresden
13.68004,51.06266,schnell,2,300,2022,Dresden,Kreisfreie Stadt Dresden
13.65978,51.07966,schnell,2,300,2024,Dresden,Kreisfreie Stadt Dresden
13.68697,51.05668,normal,2,30,2022,Dresden,Kreisfreie Stadt Dresden
13.68683,51.05668,normal,2,30,2022,Dresden,Kreisfreie Stadt Dresden
13.6833,51.05294,normal,1,11,2021,Dresden,Kreisfreie Stadt Dresden
13.68004,51.06266,schnell,2,300,2022,Dresden,Kreisfreie Stadt Dresden
13.68004,51.06266,schnell,2,300,2022,Dresden,Kreisfreie Stadt Dresden
13.70916,51.04116,normal,2,30,2026,Dresden,Kreisfreie Stadt Dresden
13.70013,51.03492,normal,2,22,2023,Dresden,Kreisfreie Stadt Dresden
13.71865,51.05288,normal,2,44,2018,Dresden,Kreisfreie Stadt Dresden
13.69104,51.04677,normal,2,22,2022,Dresden,Kreisfreie Stadt Dresden
13.7045,51.0375,schnell,2,50,2025,Dresden,Kreisfreie Stadt Dresden
13.7045,51.0375,schnell,2,50,2025,Dresden,Kreisfreie Stadt Dresden
13.7045,51.0375,schnell,2,50,2025,Dresden,Kreisfreie Stadt Dresden
13.7045,51.0375,schnell,2,50,2025,Dresden,Kreisfreie Stadt Dresden
13.68057,51.0438,normal,2,22,2025,Dresden,Kreisfreie Stadt Dresden
13.68057,51.0438,normal,2,44,2025,Dresden,Kreisfreie Stadt Dresden
13.70107,51.04313,schnell,2,200,2025,Dresden,Kreisfreie Stadt Dresden
13.70108,51.04308,schnell,2,200,2025,Dresden,Kreisfreie Stadt Dresden
13.67347,51.04149,normal,2,22,2025,Dresden,Kreisfreie Stadt Dresden
13.67347,51.04149,normal,2,44,2025,Dresden,Kreisfreie Stadt Dresden
13.66124,51.04965,schnell,2,400,2026,Dresden,Kreisfreie Stadt Dresden
13.66124,51.04965,schnell,2,400,2026,Dresden,Kreisfreie Stadt Dresden
13.66417,51.04632,schnell,3,175,2023,Dresden,Kreisfreie Stadt Dresden
13.66419,51.04626,schnell,3,175,2023,Dresden,Kreisfreie Stadt Dresden
13.66425,51.04642,schnell,3,175,2023,Dresden,Kreisfreie Stadt Dresden
13.66422,51.04648,schnell,3,175,2023,Dresden,Kreisfreie Stadt Dresden
13.65626,51.04794,normal,2,22,2023,Dresden,Kreisfreie Stadt Dresden
13.67546,51.04176,normal,2,44,2025,Dresden,Kreisfreie Stadt Dresden
13.67546,51.04176,normal,2,44,2025,Dresden,Kreisfreie Stadt Dresden
13.67546,51.04176,normal,2,44,2025,Dresden,Kreisfreie Stadt Dresden
13.67546,51.04176,normal,2,44,2025,Dresden,Kreisfreie Stadt Dresden
13.66776,51.03926,normal,2,22,2023,Dresden,Kreisfreie Stadt Dresden
13.64486,51.04053,normal,2,22,2023,Dresden,Kreisfreie Stadt Dresden
13.64486,51.04053,schnell,2,72,2023,Dresden,Kreisfreie Stadt Dresden
13.67684,51.04607,normal,2,22,2021,Dresden,Kreisfreie Stadt Dresden
13.67694,51.04608,normal,2,22,2021,Dresden,Kreisfreie Stadt Dresden
13.67703,51.04609,normal,2,22,2021,Dresden,Kreisfreie Stadt Dresden
13.66324,51.04913,normal,2,44,2020,Dresden Gabitz,Kreisfreie Stadt Dresden
13.7159,51.06653,normal,1,11,2024,Dresden,Kreisfreie Stadt Dresden
13.71018,51.03552,normal,1,11,2024,Dresden,Kreisfreie Stadt Dresden
13.70561,51.035,schnell,2,72,2023,Dresden,Kreisfreie Stadt Dresden
13.70543,51.03482,normal,2,22,2023,Dresden,Kreisfreie Stadt Dresden
13.72071,51.02606,normal,2,22,2023,Dresden,Kreisfreie Stadt Dresden
13.7208,51.02604,normal,2,22,2023,Dresden,Kreisfreie Stadt Dresden
13.71798,51.01926,normal,2,22,2022,Dresden,Kreisfreie Stadt Dresden
13.71788,51.01925,normal,2,22,2022,Dresden,Kreisfreie Stadt Dresden
13.70025,51.02275,normal,2,44,2020,Dresden,Kreisfreie Stadt Dresden
13.722,51.01933,schnell,2,72,2022,Dresden,Kreisfreie Stadt Dresden
13.71833,51.0179,schnell,3,100,2019,Dresden,Kreisfreie Stadt Dresden
13.71815,51.01781,schnell,2,49,2024,Dresden,Kreisfreie Stadt Dresden
13.73626,51.01969,schnell,2,50,2026,Dresden,Kreisfreie Stadt Dresden
13.72488,51.01486,normal,2,44,2022,Dresden,Kreisfreie Stadt Dresden
13.73765,51.0193,normal,2,44,2020,Dresden,Kreisfreie Stadt Dresden
13.73029,51.01982,schnell,2,300,2021,Dresden,Kreisfreie Stadt Dresden
13.73029,51.01982,schnell,2,300,2021,Dresden,Kreisfreie Stadt Dresden
13.73029,51.01982,schnell,2,300,2022,Dresden,Kreisfreie Stadt Dresden
13.73408,51.01962,normal,2,22,2022,Dresden,Kreisfreie Stadt Dresden
13.72627,51.01262,normal,2,44,2022,Dresden,Kreisfreie Stadt Dresden
13.72627,51.01262,normal,2,44,2024,Dresden,Kreisfreie Stadt Dresden
13.72627,51.01262,normal,2,44,2022,Dresden,Kreisfreie Stadt Dresden
13.72627,51.01262,normal,2,44,2022,Dresden,Kreisfreie Stadt Dresden
13.76389,51.01548,normal,2,30,2021,Dresden,Kreisfreie Stadt Dresden
13.77798,51.02735,normal,2,44,2024,Dresden,Kreisfreie Stadt Dresden
13.7779,51.02727,normal,2,44,2024,Dresden,Kreisfreie Stadt Dresden
13.77541,51.01431,normal,2,33,2021,Dresden,Kreisfreie Stadt Dresden
13.75967,51.02828,schnell,3,175,2019,Dresden,Kreisfreie Stadt Dresden
13.75974,51.02828,schnell,3,175,2019,Dresden,Kreisfreie Stadt Dresden
13.76137,51.01706,normal,2,22,2022,Dresden,Kreisfreie Stadt Dresden
13.75724,51.03425,normal,2,22,2022,Dresden,Kreisfreie Stadt Dresden
13.77408,51.02217,normal,2,44,2022,Dresden,Kreisfreie Stadt Dresden
13.773,51.01486,normal,2,44,2019,Dresden,Kreisfreie Stadt Dresden
13.79025,51.0211,normal,2,44,2020,Dresden,Kreisfreie Stadt Dresden
13.79025,51.0211,normal,2,44,2020,Dresden,Kreisfreie Stadt Dresden
13.79418,51.01615,normal,1,11,2022,Dresden,Kreisfreie Stadt Dresden
13.79418,51.01615,normal,2,22,2022,Dresden,Kreisfreie Stadt Dresden
13.79418,51.01615,normal,2,22,2022,Dresden,Kreisfreie Stadt Dresden
13.80992,51.01399,normal,2,11,2023,Dresden,Kreisfreie Stadt Dresden
13.80992,51.01399,normal,2,22,2023,Dresden,Kreisfreie Stadt Dresden
13.80992,51.01399,normal,2,22,2023,Dresden,Kreisfreie Stadt Dresden
13.784,51.015,normal,2,22,2022,Dresden,Kreisfreie Stadt Dresden
13.79751,50.99719,schnell,2,300,2024,Dresden,Kreisfreie Stadt Dresden
13.79751,50.99719,schnell,2,150,2024,Dresden,Kreisfreie Stadt Dresden
13.80231,51.00789,schnell,2,180,2025,Dresden,Kreisfreie Stadt Dresden
13.80231,51.00789,schnell,2,180,2025,Dresden,Kreisfreie Stadt Dresden
13.80084,51.00968,schnell,3,150,2019,Dresden,Kreisfreie Stadt Dresden
13.78232,50.99371,normal,2,22,2023,Dresden,Kreisfreie Stadt Dresden
13.78232,50.99371,normal,2,22,2023,Dresden,Kreisfreie Stadt Dresden
13.78421,51.00837,schnell,2,72,2024,Dresden,Kreisfreie Stadt Dresden
13.78421,51.00837,schnell,2,72,2024,Dresden,Kreisfreie Stadt Dresden
13.78515,51.00659,schnell,2,300,2022,Dresden,Kreisfreie Stadt Dresden
13.78515,51.00659,schnell,2,150,2022,Dresden,Kreisfreie Stadt Dresden
13.78515,51.00659,normal,2,22,2022,Dresden,Kreisfreie Stadt Dresden
13.79934,50.99932,schnell,3,175,2019,Dresden,Kreisfreie Stadt Dresden
13.79938,50.99937,schnell,3,175,2019,Dresden,Kreisfreie Stadt Dresden
13.79939,50.99936,schnell,3,175,2019,Dresden,Kreisfreie Stadt Dresden
13.79936,50.99932,normal,2,22,2019,Dresden,Kreisfreie Stadt Dresden
13.79912,51.00548,normal,2,30,2022,Dresden,Kreisfreie Stadt Dresden
13.79917,51.00552,normal,2,30,2022,Dresden,Kreisfreie Stadt Dresden
13.79926,51.00559,normal,2,30,2022,Dresden,Kreisfreie Stadt Dresden
13.84042,51.00854,normal,2,22,2023,Dresden,Kreisfreie Stadt Dresden
13.79635,50.98981,normal,2,22,2025,Dresden,Kreisfreie Stadt Dresden
13.79635,50.98981,normal,2,44,2025,Dresden,Kreisfreie Stadt Dresden
13.81926,51.00651,schnell,2,400,2025,Dresden,Kreisfreie Stadt Dresden
13.81926,51.00651,schnell,2,400,2025,Dresden,Kreisfreie Stadt Dresden
13.81926,51.00651,schnell,2,400,2025,Dresden,Kreisfreie Stadt Dresden
13.81761,51.01303,normal,2,44,2025,Dresden,Kreisfreie Stadt Dresden
13.81761,51.01303,normal,2,44,2025,Dresden,Kreisfreie Stadt Dresden
13.81761,51.01303,normal,2,44,2025,Dresden,Kreisfreie Stadt Dresden
13.81761,51.01303,normal,2,44,2025,Dresden,Kreisfreie Stadt Dresden
13.82821,51.01171,normal,2,44,2021,Dresden,Kreisfreie Stadt Dresden
13.8279,51.01148,schnell,2,150,2026,Dresden,Kreisfreie Stadt Dresden
13.8296,51.00968,schnell,2,180,2025,Dresden,Kreisfreie Stadt Dresden
13.79827,50.99651,schnell,1,250,2025,Dresden,Kreisfreie Stadt Dresden
13.79827,50.99651,schnell,1,250,2025,Dresden,Kreisfreie Stadt Dresden
13.79827,50.99651,schnell,1,250,2025,Dresden,Kreisfreie Stadt Dresden
13.79827,50.99651,schnell,1,250,2025,Dresden,Kreisfreie Stadt Dresden
13.79827,50.99651,schnell,1,250,2025,Dresden,Kreisfreie Stadt Dresden
13.79827,50.99651,schnell,1,250,2025,Dresden,Kreisfreie Stadt Dresden
13.79827,50.99651,schnell,1,250,2025,Dresden,Kreisfreie Stadt Dresden
13.79827,50.99651,schnell,1,250,2025,Dresden,Kreisfreie Stadt Dresden
13.82663,51.01194,schnell,3,175,2021,Dresden,Kreisfreie Stadt Dresden
13.82668,51.01198,schnell,3,175,2021,Dresden,Kreisfreie Stadt Dresden
13.79687,50.99565,schnell,2,400,2025,Dresden,Kreisfreie Stadt Dresden
13.79687,50.99565,schnell,2,400,2025,Dresden,Kreisfreie Stadt Dresden
13.84321,51.00138,schnell,2,150,2019,Dresden,Kreisfreie Stadt Dresden
13.82853,50.99914,normal,2,30,2022,Dresden,Kreisfreie Stadt Dresden
13.82859,50.99917,normal,2,30,2022,Dresden,Kreisfreie Stadt Dresden
13.79433,51.00279,normal,2,44,2020,Dresden-Prohlis,Kreisfreie Stadt Dresden
13.78847,51.03337,normal,2,22,2023,Dresden,Kreisfreie Stadt Dresden
13.78271,51.02678,normal,2,33,2021,Dresden,Kreisfreie Stadt Dresden
13.78794,51.03269,normal,2,22,2023,Dresden,Kreisfreie Stadt Dresden
13.77391,51.02715,normal,2,11,2023,Dresden,Kreisfreie Stadt Dresden
13.7831,51.02954,normal,1,22,2021,Dresden,Kreisfreie Stadt Dresden
13.7831,51.02954,normal,1,22,2021,Dresden,Kreisfreie Stadt Dresden
13.7831,51.02954,normal,1,22,2021,Dresden,Kreisfreie Stadt Dresden
13.7831,51.02954,normal,1,22,2021,Dresden,Kreisfreie Stadt Dresden
13.7831,51.02954,normal,1,22,2021,Dresden,Kreisfreie Stadt Dresden
13.7831,51.02954,normal,1,22,2021,Dresden,Kreisfreie Stadt Dresden
13.7831,51.02954,normal,1,22,2021,Dresden,Kreisfreie Stadt Dresden
13.7831,51.02954,normal,1,22,2021,Dresden,Kreisfreie Stadt Dresden
13.7831,51.02954,normal,1,22,2021,Dresden,Kreisfreie Stadt Dresden
13.7831,51.02954,normal,1,22,2021,Dresden,Kreisfreie Stadt Dresden
13.7831,51.02954,normal,1,22,2021,Dresden,Kreisfreie Stadt Dresden
13.78312,51.02944,normal,1,22,2021,Dresden,Kreisfreie Stadt Dresden
13.78312,51.02944,normal,1,22,2021,Dresden,Kreisfreie Stadt Dresden
13.7831,51.02954,schnell,3,50,2021,Dresden,Kreisfreie Stadt Dresden
13.78312,51.02944,normal,1,22,2023,Dresden,Kreisfreie Stadt Dresden
13.78312,51.02944,normal,1,22,2023,Dresden,Kreisfreie Stadt Dresden
13.78312,51.02944,normal,1,22,2023,Dresden,Kreisfreie Stadt Dresden
13.78316,51.03322,normal,2,30,2019,Dresden,Kreisfreie Stadt Dresden
13.8055,51.03922,schnell,3,175,2021,Dresden,Kreisfreie Stadt Dresden
13.80243,51.04674,normal,2,18,2022,Dresden,Kreisfreie Stadt Dresden
13.80251,51.04681,normal,2,18,2022,Dresden,Kreisfreie Stadt Dresden
13.78315,51.03323,normal,2,30,2019,Dresden,Kreisfreie Stadt Dresden
13.83811,51.01855,normal,2,22,2023,Dresden,Kreisfreie Stadt Dresden
13.84073,51.02099,normal,1,11,2022,Dresden,Kreisfreie Stadt Dresden
13.83934,51.02251,normal,2,30,2022,Dresden,Kreisfreie Stadt Dresden
13.8395,51.02233,normal,2,30,2022,Dresden,Kreisfreie Stadt Dresden
13.81476,51.02943,normal,2,22,2022,Dresden,Kreisfreie Stadt Dresden
13.7636,51.05606,normal,2,44,2021,Dresden,Kreisfreie Stadt Dresden
13.76365,51.05595,normal,2,44,2021,Dresden,Kreisfreie Stadt Dresden
13.75673,51.04683,normal,1,11,2025,Dresden,Kreisfreie Stadt Dresden
13.75673,51.04683,normal,1,11,2025,Dresden,Kreisfreie Stadt Dresden
13.75673,51.04683,normal,1,11,2025,Dresden,Kreisfreie Stadt Dresden
13.75673,51.04683,normal,1,11,2025,Dresden,Kreisfreie Stadt Dresden
13.75673,51.04683,normal,1,11,2025,Dresden,Kreisfreie Stadt Dresden
13.75673,51.04683,normal,1,11,2025,Dresden,Kreisfreie Stadt Dresden
13.75673,51.04683,normal,1,11,2025,Dresden,Kreisfreie Stadt Dresden
13.76785,51.04841,normal,2,22,2022,Dresden,Kreisfreie Stadt Dresden
13.78187,51.05474,normal,1,22,2023,Dresden,Kreisfreie Stadt Dresden
13.78187,51.05474,normal,1,22,2023,Dresden,Kreisfreie Stadt Dresden
13.78187,51.05474,normal,1,22,2023,Dresden,Kreisfreie Stadt Dresden
13.78187,51.05474,normal,1,22,2023,Dresden,Kreisfreie Stadt Dresden
13.78187,51.05474,normal,1,22,2023,Dresden,Kreisfreie Stadt Dresden
13.78187,51.05474,normal,1,22,2023,Dresden,Kreisfreie Stadt Dresden
13.76388,51.05824,normal,2,22,2022,Dresden,Kreisfreie Stadt Dresden
13.77279,51.05056,normal,2,22,2022,Dresden,Kreisfreie Stadt Dresden
13.76125,51.0538,normal,2,44,2021,Dresden,Kreisfreie Stadt Dresden
13.76125,51.0538,normal,2,44,2021,Dresden,Kreisfreie Stadt Dresden
13.76067,51.05578,normal,2,22,2023,Dresden,Kreisfreie Stadt Dresden
13.77034,51.04861,schnell,2,72,2023,Dresden,Kreisfreie Stadt Dresden
13.77045,51.04862,normal,2,22,2023,Dresden,Kreisfreie Stadt Dresden
13.77136,51.04599,schnell,3,175,2020,Dresden,Kreisfreie Stadt Dresden
13.77143,51.04596,schnell,3,175,2020,Dresden,Kreisfreie Stadt Dresden
13.77148,51.04594,schnell,3,175,2020,Dresden,Kreisfreie Stadt Dresden
13.77632,51.0602,normal,2,30,2021,Dresden,Kreisfreie Stadt Dresden
13.77627,51.0602,normal,2,30,2021,Dresden,Kreisfreie Stadt Dresden
13.77638,51.06019,normal,2,30,2021,Dresden,Kreisfreie Stadt Dresden
13.77674,51.06025,schnell,2,175,2021,Dresden,Kreisfreie Stadt Dresden
13.7766,51.06024,schnell,2,175,2021,Dresden,Kreisfreie Stadt Dresden
13.79496,51.04333,schnell,3,175,2021,Dresden,Kreisfreie Stadt Dresden
13.80323,51.05183,normal,1,11,2020,Dresden,Kreisfreie Stadt Dresden
13.77221,51.04186,normal,2,22,2022,Dresden,Kreisfreie Stadt Dresden
13.78058,51.04102,normal,2,44,2018,Dresden,Kreisfreie Stadt Dresden
13.786,51.05105,normal,2,22,2022,Dresden,Kreisfreie Stadt Dresden
13.78111,51.04445,schnell,2,93,2019,Dresden,Kreisfreie Stadt Dresden
13.78529,51.04571,normal,2,22,2022,Dresden,Kreisfreie Stadt Dresden
13.80465,51.0514,schnell,3,175,2019,Dresden,Kreisfreie Stadt Dresden
13.77955,51.03802,normal,2,30,2021,Dresden,Kreisfreie Stadt Dresden
13.77957,51.03803,normal,2,30,2021,Dresden,Kreisfreie Stadt Dresden
13.78048,51.04814,normal,2,22,2022,Dresden,Kreisfreie Stadt Dresden
13.78286,51.0492,normal,2,22,2022,Dresden,Kreisfreie Stadt Dresden
13.78645,51.04318,normal,2,44,2020,Dresden Striesen,Kreisfreie Stadt Dresden
13.82199,51.06385,normal,2,11,2023,Dresden,Kreisfreie Stadt Dresden
13.82199,51.06385,normal,2,11,2023,Dresden,Kreisfreie Stadt Dresden
13.82199,51.06385,normal,2,11,2023,Dresden,Kreisfreie Stadt Dresden
13.82199,51.06385,normal,2,11,2023,Dresden,Kreisfreie Stadt Dresden
13.82199,51.06385,normal,2,11,2023,Dresden,Kreisfreie Stadt Dresden
13.82199,51.06385,normal,2,11,2023,Dresden,Kreisfreie Stadt Dresden
13.82199,51.06385,normal,2,11,2023,Dresden,Kreisfreie Stadt Dresden
13.82199,51.06385,normal,2,11,2023,Dresden,Kreisfreie Stadt Dresden
13.82199,51.06385,normal,2,11,2023,Dresden,Kreisfreie Stadt Dresden
13.82199,51.06385,normal,2,11,2023,Dresden,Kreisfreie Stadt Dresden
13.82199,51.06385,normal,2,11,2023,Dresden,Kreisfreie Stadt Dresden
13.84859,51.0614,normal,2,30,2022,Dresden,Kreisfreie Stadt Dresden
13.87272,51.00766,normal,2,22,2024,Dresden,Kreisfreie Stadt Dresden
13.87272,51.00766,normal,2,22,2024,Dresden,Kreisfreie Stadt Dresden
13.87272,51.00766,normal,2,22,2024,Dresden,Kreisfreie Stadt Dresden
13.82747,51.03925,normal,1,11,2023,Dresden,Kreisfreie Stadt Dresden
13.86473,51.01305,normal,2,30,2016,Dresden,Kreisfreie Stadt Dresden
13.86368,51.01391,schnell,3,175,2020,Dresden,Kreisfreie Stadt Dresden
13.86361,51.01393,normal,2,22,2020,Dresden,Kreisfreie Stadt Dresden
13.81452,51.05324,normal,2,22,2022,Dresden,Kreisfreie Stadt Dresden
13.81434,51.0534,normal,2,30,2022,Dresden,Kreisfreie Stadt Dresden
13.87988,50.99678,normal,1,11,2024,Dresden,Kreisfreie Stadt Dresden
13.87988,50.99678,normal,1,11,2024,Dresden,Kreisfreie Stadt Dresden
13.88184,50.99173,normal,1,22,2024,Dresden,Kreisfreie Stadt Dresden
13.89118,51.05756,normal,1,11,2023,Dresden,Kreisfreie Stadt Dresden
13.94845,51.0594,normal,1,22,2023,Dresden,Kreisfreie Stadt Dresden
13.88524,51.06123,schnell,3,175,2019,Dresden,Kreisfreie Stadt Dresden
13.88529,51.06126,schnell,3,175,2019,Dresden,Kreisfreie Stadt Dresden
13.88519,51.06119,normal,2,30,2019,Dresden,Kreisfreie Stadt Dresden
13.88971,51.06807,normal,2,22,2020,Dresden-Weißig,Kreisfreie Stadt Dresden
13.84571,51.12896,schnell,2,100,2026,Langebrück,Kreisfreie Stadt Dresden
13.8421,51.12721,normal,2,30,2022,Langebrück,Kreisfreie Stadt Dresden
13.84229,51.12732,normal,2,30,2022,Langebrück,Kreisfreie Stadt Dresden
12.39617,51.3196,normal,1,22,2021,Leipzig,Kreisfreie Stadt Leipzig
12.39617,51.3196,normal,1,22,2021,Leipzig,Kreisfreie Stadt Leipzig
12.39617,51.3196,schnell,3,50,2021,Leipzig,Kreisfreie Stadt Leipzig
12.38094,51.3286,normal,2,30,2020,Leipzig,Kreisfreie Stadt Leipzig
12.38601,51.32437,normal,2,30,2023,Leipzig,Kreisfreie Stadt Leipzig
12.38607,51.3244,normal,2,30,2023,Leipzig,Kreisfreie Stadt Leipzig
12.39443,51.33877,normal,2,30,2024,Leipzig,Kreisfreie Stadt Leipzig
12.39452,51.33875,normal,2,30,2024,Leipzig,Kreisfreie Stadt Leipzig
12.38708,51.32604,schnell,2,300,2025,Leipzig,Kreisfreie Stadt Leipzig
12.38708,51.32604,schnell,2,300,2025,Leipzig,Kreisfreie Stadt Leipzig
12.38692,51.34089,normal,2,22,2025,Leipzig,Kreisfreie Stadt Leipzig
12.38692,51.34089,normal,2,22,2025,Leipzig,Kreisfreie Stadt Leipzig
12.38692,51.34089,normal,2,22,2025,Leipzig,Kreisfreie Stadt Leipzig
12.38692,51.34089,normal,2,22,2025,Leipzig,Kreisfreie Stadt Leipzig
12.38692,51.34089,normal,2,22,2025,Leipzig,Kreisfreie Stadt Leipzig
12.38692,51.34089,normal,2,22,2025,Leipzig,Kreisfreie Stadt Leipzig
12.38692,51.34089,normal,2,22,2025,Leipzig,Kreisfreie Stadt Leipzig
12.38692,51.34089,normal,2,22,2025,Leipzig,Kreisfreie Stadt Leipzig
12.39803,51.32037,schnell,2,180,2023,Leipzig,Kreisfreie Stadt Leipzig
12.39809,51.32035,schnell,2,180,2023,Leipzig,Kreisfreie Stadt Leipzig
12.39814,51.32032,schnell,2,180,2023,Leipzig,Kreisfreie Stadt Leipzig
12.3981,51.32031,normal,2,44,2023,Leipzig,Kreisfreie Stadt Leipzig
12.38803,51.33875,normal,2,30,2023,Leipzig,Kreisfreie Stadt Leipzig
12.3824,51.33657,normal,2,30,2025,Leipzig,Kreisfreie Stadt Leipzig
12.38224,51.3366,normal,2,30,2025,Leipzig,Kreisfreie Stadt Leipzig
12.37963,51.3342,normal,2,30,2021,Leipzig,Kreisfreie Stadt Leipzig
12.37959,51.33417,normal,2,30,2026,Leipzig,Kreisfreie Stadt Leipzig
12.37951,51.3342,normal,2,30,2026,Leipzig,Kreisfreie Stadt Leipzig
12.38718,51.34431,normal,2,30,2026,Leipzig,Kreisfreie Stadt Leipzig
12.38722,51.34445,normal,2,30,2026,Leipzig,Kreisfreie Stadt Leipzig
12.38614,51.34334,normal,2,30,2024,Leipzig,Kreisfreie Stadt Leipzig
12.38606,51.3433,normal,2,30,2024,Leipzig,Kreisfreie Stadt Leipzig
12.3858,51.3412,normal,1,15,2026,Leipzig,Kreisfreie Stadt Leipzig
12.38564,51.34117,normal,1,15,2026,Leipzig,Kreisfreie Stadt Leipzig
12.385,51.33178,normal,2,30,2021,Leipzig,Kreisfreie Stadt Leipzig
12.38501,51.33183,normal,2,30,2025,Leipzig,Kreisfreie Stadt Leipzig
12.38956,51.32137,normal,2,44,2020,Leipzig,Kreisfreie Stadt Leipzig
12.38888,51.33511,normal,2,30,2023,Leipzig,Kreisfreie Stadt Leipzig
12.39391,51.3225,normal,2,30,2021,Leipzig,Kreisfreie Stadt Leipzig
12.39807,51.32005,normal,2,30,2023,Leipzig,Kreisfreie Stadt Leipzig
12.40216,51.31789,normal,2,30,2023,Leipzig,Kreisfreie Stadt Leipzig
12.39479,51.31534,normal,2,44,2019,Leipzig,Kreisfreie Stadt Leipzig
12.39243,51.31345,schnell,2,150,2020,Leipzig,Kreisfreie Stadt Leipzig
12.38621,51.33278,normal,4,44,2017,Leipzig,Kreisfreie Stadt Leipzig
12.38612,51.33272,normal,1,11,2025,Leipzig,Kreisfreie Stadt Leipzig
12.38612,51.33272,normal,1,11,2025,Leipzig,Kreisfreie Stadt Leipzig
12.38612,51.33272,normal,1,11,2025,Leipzig,Kreisfreie Stadt Leipzig
12.38612,51.33272,normal,1,11,2025,Leipzig,Kreisfreie Stadt Leipzig
12.39673,51.31632,schnell,2,300,2023,Leipzig,Kreisfreie Stadt Leipzig
12.38848,51.34085,normal,2,30,2021,Leipzig,Kreisfreie Stadt Leipzig
12.3905,51.34466,normal,2,22,2025,Leipzig,Kreisfreie Stadt Leipzig
12.3905,51.34466,normal,2,22,2025,Leipzig,Kreisfreie Stadt Leipzig
12.39326,51.31423,normal,3,33,2026,Leipzig,Kreisfreie Stadt Leipzig
12.3967,51.31631,schnell,2,300,2023,Leipzig,Kreisfreie Stadt Leipzig
12.37475,51.35483,normal,2,30,2022,Leipzig,Kreisfreie Stadt Leipzig
12.37707,51.35746,normal,2,30,2016,Leipzig,Kreisfreie Stadt Leipzig
12.35327,51.34212,normal,2,30,2024,Leipzig,Kreisfreie Stadt Leipzig
12.35299,51.34376,schnell,2,180,2024,Leipzig,Kreisfreie Stadt Leipzig
12.35314,51.34364,normal,2,33,2024,Leipzig,Kreisfreie Stadt Leipzig
12.35307,51.34362,normal,2,33,2024,Leipzig,Kreisfreie Stadt Leipzig
12.353,51.3436,normal,2,33,2024,Leipzig,Kreisfreie Stadt Leipzig
12.35294,51.34359,normal,2,33,2024,Leipzig,Kreisfreie Stadt Leipzig
12.35286,51.34358,normal,2,33,2024,Leipzig,Kreisfreie Stadt Leipzig
12.35492,51.34481,normal,2,30,2025,Leipzig,Kreisfreie Stadt Leipzig
12.3549,51.34484,normal,2,30,2025,Leipzig,Kreisfreie Stadt Leipzig
12.37317,51.35171,normal,2,30,2016,Leipzig,Kreisfreie Stadt Leipzig
12.37476,51.34501,normal,2,30,2023,Leipzig,Kreisfreie Stadt Leipzig
12.37089,51.34456,normal,2,22,2025,Leipzig,Kreisfreie Stadt Leipzig
12.37092,51.3446,normal,2,22,2025,Leipzig,Kreisfreie Stadt Leipzig
12.37341,51.34799,normal,2,30,2019,Leipzig,Kreisfreie Stadt Leipzig
12.36183,51.34309,normal,2,30,2026,Leipzig,Kreisfreie Stadt Leipzig
12.3692,51.35381,normal,2,30,2023,Leipzig,Kreisfreie Stadt Leipzig
12.36624,51.34484,normal,2,30,2024,Leipzig,Kreisfreie Stadt Leipzig
12.37001,51.35379,normal,2,30,2026,Leipzig,Kreisfreie Stadt Leipzig
12.3817,51.34797,normal,2,22,2025,Leipzig,Kreisfreie Stadt Leipzig
12.3819,51.34787,normal,2,22,2025,Leipzig,Kreisfreie Stadt Leipzig
12.38364,51.34949,normal,2,22,2025,Leipzig,Kreisfreie Stadt Leipzig
12.38371,51.34955,normal,2,22,2025,Leipzig,Kreisfreie Stadt Leipzig
12.38378,51.34963,normal,2,22,2025,Leipzig,Kreisfreie Stadt Leipzig
12.38084,51.3469,normal,2,30,2025,Leipzig,Kreisfreie Stadt Leipzig
12.38123,51.34726,normal,2,30,2025,Leipzig,Kreisfreie Stadt Leipzig
12.38132,51.34736,normal,2,30,2025,Leipzig,Kreisfreie Stadt Leipzig
12.38106,51.34741,normal,2,30,2025,Leipzig,Kreisfreie Stadt Leipzig
12.37463,51.35286,normal,2,30,2026,Leipzig,Kreisfreie Stadt Leipzig
12.36716,51.34584,normal,2,30,2026,Leipzig,Kreisfreie Stadt Leipzig
12.36732,51.34572,normal,2,30,2026,Leipzig,Kreisfreie Stadt Leipzig
12.37835,51.34901,normal,1,11,2024,Leipzig,Kreisfreie Stadt Leipzig
12.37835,51.34901,normal,1,11,2024,Leipzig,Kreisfreie Stadt Leipzig
12.37835,51.34901,normal,1,11,2024,Leipzig,Kreisfreie Stadt Leipzig
12.36033,51.34548,normal,2,30,2021,Leipzig,Kreisfreie Stadt Leipzig
12.35293,51.3462,normal,2,30,2022,Leipzig,Kreisfreie Stadt Leipzig
12.37368,51.35758,normal,2,30,2021,Leipzig,Kreisfreie Stadt Leipzig
12.37421,51.34915,schnell,2,70,2026,Leipzig,Kreisfreie Stadt Leipzig
12.37439,51.35077,normal,2,30,2025,Leipzig,Kreisfreie Stadt Leipzig
12.35506,51.34878,normal,2,30,2022,Leipzig,Kreisfreie Stadt Leipzig
12.35316,51.34985,normal,2,44,2023,Leipzig,Kreisfreie Stadt Leipzig
12.35316,51.34985,normal,1,22,2023,Leipzig,Kreisfreie Stadt Leipzig
12.39677,51.31633,schnell,2,300,2023,Leipzig,Kreisfreie Stadt Leipzig
12.3573,51.34607,normal,2,30,2022,Leipzig,Kreisfreie Stadt Leipzig
12.39674,51.31629,normal,2,22,2023,Leipzig,Kreisfreie Stadt Leipzig
12.36862,51.33174,normal,1,11,2016,Leipzig,Kreisfreie Stadt Leipzig
12.36843,51.32884,normal,2,30,2021,Leipzig,Kreisfreie Stadt Leipzig
12.37459,51.33669,normal,2,30,2016,Leipzig,Kreisfreie Stadt Leipzig
12.36828,51.33168,normal,1,11,2016,Leipzig,Kreisfreie Stadt Leipzig
12.36781,51.3316,normal,1,11,2016,Leipzig,Kreisfreie Stadt Leipzig
12.36736,51.33152,normal,1,11,2016,Leipzig,Kreisfreie Stadt Leipzig
12.3799,51.33038,normal,2,30,2016,Leipzig,Kreisfreie Stadt Leipzig
12.38175,51.32428,normal,2,30,2022,Leipzig,Kreisfreie Stadt Leipzig
12.36963,51.33223,normal,4,11,2023,Leipzig,Kreisfreie Stadt Leipzig
12.3668,51.3332,normal,2,30,2019,Leipzig,Kreisfreie Stadt Leipzig
12.374,51.3323,normal,2,30,2016,Leipzig,Kreisfreie Stadt Leipzig
12.36318,51.33075,normal,2,30,2022,Leipzig,Kreisfreie Stadt Leipzig
12.37263,51.32974,normal,2,30,2021,Leipzig,Kreisfreie Stadt Leipzig
12.37899,51.32658,normal,2,30,2023,Leipzig,Kreisfreie Stadt Leipzig
12.3789,51.32659,normal,2,30,2023,Leipzig,Kreisfreie Stadt Leipzig
12.37669,51.34051,normal,2,30,2016,Leipzig,Kreisfreie Stadt Leipzig
12.37669,51.34376,normal,2,30,2013,Leipzig,Kreisfreie Stadt Leipzig
12.37669,51.34371,normal,2,30,2013,Leipzig,Kreisfreie Stadt Leipzig
12.37081,51.33974,normal,1,22,2025,Leipzig,Kreisfreie Stadt Leipzig
12.37081,51.33974,normal,1,22,2025,Leipzig,Kreisfreie Stadt Leipzig
12.37081,51.33974,normal,1,22,2025,Leipzig,Kreisfreie Stadt Leipzig
12.37081,51.33974,normal,1,22,2025,Leipzig,Kreisfreie Stadt Leipzig
12.37081,51.33974,normal,1,22,2025,Leipzig,Kreisfreie Stadt Leipzig
12.37081,51.33974,normal,1,22,2025,Leipzig,Kreisfreie Stadt Leipzig
12.36821,51.34222,normal,2,30,2026,Leipzig,Kreisfreie Stadt Leipzig
12.36834,51.34222,normal,2,30,2026,Leipzig,Kreisfreie Stadt Leipzig
12.3685,51.34222,normal,2,30,2026,Leipzig,Kreisfreie Stadt Leipzig
12.37671,51.34381,normal,4,11,2023,Leipzig,Kreisfreie Stadt Leipzig
12.36936,51.33732,normal,1,15,2026,Leipzig,Kreisfreie Stadt Leipzig
12.36946,51.33733,normal,1,15,2026,Leipzig,Kreisfreie Stadt Leipzig
12.38277,51.34018,normal,2,30,2016,Leipzig,Kreisfreie Stadt Leipzig
12.3737,51.33621,normal,2,30,2019,Leipzig,Kreisfreie Stadt Leipzig
12.35786,51.3417,normal,2,30,2016,Leipzig,Kreisfreie Stadt Leipzig
12.37116,51.33807,normal,2,30,2019,Leipzig,Kreisfreie Stadt Leipzig
12.37229,51.3367,normal,1,11,2022,Leipzig,Kreisfreie Stadt Leipzig
12.37229,51.3367,normal,1,11,2022,Leipzig,Kreisfreie Stadt Leipzig
12.37229,51.3367,normal,1,11,2022,Leipzig,Kreisfreie Stadt Leipzig
12.37229,51.3367,normal,1,11,2022,Leipzig,Kreisfreie Stadt Leipzig
12.37229,51.3367,normal,1,11,2022,Leipzig,Kreisfreie Stadt Leipzig
12.37229,51.3367,normal,1,11,2022,Leipzig,Kreisfreie Stadt Leipzig
12.37229,51.3367,normal,1,11,2022,Leipzig,Kreisfreie Stadt Leipzig
12.37771,51.34061,normal,2,22,2024,Leipzig,Kreisfreie Stadt Leipzig
12.36005,51.33587,schnell,2,150,2025,Leipzig,Kreisfreie Stadt Leipzig
12.38176,51.33789,normal,2,30,2016,Leipzig,Kreisfreie Stadt Leipzig
12.37922,51.3448,normal,2,22,2016,Leipzig,Kreisfreie Stadt Leipzig
12.38219,51.34523,normal,1,22,2024,Leipzig,Kreisfreie Stadt Leipzig
12.38417,51.34521,normal,1,22,2024,Leipzig,Kreisfreie Stadt Leipzig
12.37921,51.34496,schnell,2,50,2025,Leipzig,Kreisfreie Stadt Leipzig
12.37929,51.34475,normal,2,22,2025,Leipzig,Kreisfreie Stadt Leipzig
12.37781,51.34389,normal,2,30,2016,Leipzig,Kreisfreie Stadt Leipzig
12.35905,51.33587,normal,2,30,2022,Leipzig,Kreisfreie Stadt Leipzig
12.37186,51.34088,normal,2,30,2016,Leipzig,Kreisfreie Stadt Leipzig
12.36037,51.33869,normal,2,22,2026,Leipzig,Kreisfreie Stadt Leipzig
12.36037,51.33869,normal,2,22,2026,Leipzig,Kreisfreie Stadt Leipzig
12.36037,51.33869,normal,2,22,2026,Leipzig,Kreisfreie Stadt Leipzig
12.36037,51.33869,normal,2,22,2026,Leipzig,Kreisfreie Stadt Leipzig
12.36446,51.34027,normal,2,44,2021,Leipzig,Kreisfreie Stadt Leipzig
12.36706,51.34032,normal,2,30,2022,Leipzig,Kreisfreie Stadt Leipzig
12.38043,51.3413,normal,2,30,2016,Leipzig,Kreisfreie Stadt Leipzig
12.37547,51.3379,normal,2,22,2024,Leipzig,Kreisfreie Stadt Leipzig
12.37547,51.3379,normal,2,22,2024,Leipzig,Kreisfreie Stadt Leipzig
12.37547,51.3379,normal,2,22,2024,Leipzig,Kreisfreie Stadt Leipzig
12.37547,51.3379,normal,2,22,2024,Leipzig,Kreisfreie Stadt Leipzig
12.37547,51.3379,normal,2,22,2024,Leipzig,Kreisfreie Stadt Leipzig
12.37547,51.3379,normal,2,22,2024,Leipzig,Kreisfreie Stadt Leipzig
12.37547,51.3379,normal,2,22,2024,Leipzig,Kreisfreie Stadt Leipzig
12.37547,51.3379,normal,2,22,2024,Leipzig,Kreisfreie Stadt Leipzig
12.37547,51.3379,normal,2,22,2024,Leipzig,Kreisfreie Stadt Leipzig
12.37547,51.3379,normal,2,22,2024,Leipzig,Kreisfreie Stadt Leipzig
12.37547,51.3379,normal,2,22,2024,Leipzig,Kreisfreie Stadt Leipzig
12.37547,51.3379,normal,2,22,2024,Leipzig,Kreisfreie Stadt Leipzig
12.37547,51.3379,normal,2,22,2024,Leipzig,Kreisfreie Stadt Leipzig
12.37547,51.3379,normal,2,22,2024,Leipzig,Kreisfreie Stadt Leipzig
12.37547,51.3379,normal,2,22,2024,Leipzig,Kreisfreie Stadt Leipzig
12.37547,51.3379,normal,2,22,2024,Leipzig,Kreisfreie Stadt Leipzig
12.37547,51.3379,normal,2,22,2024,Leipzig,Kreisfreie Stadt Leipzig
12.37547,51.3379,normal,2,22,2024,Leipzig,Kreisfreie Stadt Leipzig
12.37547,51.3379,normal,2,22,2024,Leipzig,Kreisfreie Stadt Leipzig
12.37547,51.3379,normal,2,22,2024,Leipzig,Kreisfreie Stadt Leipzig
12.37547,51.3379,normal,2,22,2024,Leipzig,Kreisfreie Stadt Leipzig
12.37547,51.3379,normal,2,22,2024,Leipzig,Kreisfreie Stadt Leipzig
12.37547,51.3379,normal,2,22,2024,Leipzig,Kreisfreie Stadt Leipzig
12.37547,51.3379,normal,2,22,2024,Leipzig,Kreisfreie Stadt Leipzig
12.37547,51.3379,normal,2,22,2024,Leipzig,Kreisfreie Stadt Leipzig
12.37547,51.3379,normal,2,22,2024,Leipzig,Kreisfreie Stadt Leipzig
12.37547,51.3379,normal,2,22,2024,Leipzig,Kreisfreie Stadt Leipzig
12.37547,51.3379,normal,2,22,2024,Leipzig,Kreisfreie Stadt Leipzig
12.37547,51.3379,normal,2,22,2024,Leipzig,Kreisfreie Stadt Leipzig
12.37547,51.3379,normal,2,22,2024,Leipzig,Kreisfreie Stadt Leipzig
12.35474,51.34064,schnell,2,300,2024,Leipzig,Kreisfreie Stadt Leipzig
12.35474,51.34064,schnell,2,300,2024,Leipzig,Kreisfreie Stadt Leipzig
12.35474,51.34064,schnell,2,300,2024,Leipzig,Kreisfreie Stadt Leipzig
12.36243,51.33871,normal,2,34,2025,Leipzig,Kreisfreie Stadt Leipzig
12.36236,51.33868,normal,2,34,2025,Leipzig,Kreisfreie Stadt Leipzig
12.36229,51.33864,schnell,2,170,2025,Leipzig,Kreisfreie Stadt Leipzig
12.33978,51.33795,normal,2,30,2016,Leipzig,Kreisfreie Stadt Leipzig
12.35383,51.3349,normal,2,30,2022,Leipzig,Kreisfreie Stadt Leipzig
12.37229,51.3367,normal,1,11,2021,Leipzig,Kreisfreie Stadt Leipzig
12.37229,51.3367,normal,1,11,2021,Leipzig,Kreisfreie Stadt Leipzig
12.38642,51.36827,normal,2,30,2016,Leipzig,Kreisfreie Stadt Leipzig
12.38092,51.38524,normal,2,30,2025,Leipzig,Kreisfreie Stadt Leipzig
12.38087,51.38531,normal,2,30,2025,Leipzig,Kreisfreie Stadt Leipzig
12.38986,51.36285,normal,2,30,2021,Leipzig,Kreisfreie Stadt Leipzig
12.38616,51.36482,normal,2,30,2024,Leipzig,Kreisfreie Stadt Leipzig
12.38198,51.36033,schnell,2,72,2021,Leipzig,Kreisfreie Stadt Leipzig
12.39675,51.36518,schnell,2,300,2024,Leipzig,Kreisfreie Stadt Leipzig
12.38713,51.38136,schnell,2,300,2022,Leipzig,Kreisfreie Stadt Leipzig
12.38706,51.38135,schnell,2,150,2022,Leipzig,Kreisfreie Stadt Leipzig
12.38719,51.38137,normal,2,22,2022,Leipzig,Kreisfreie Stadt Leipzig
12.37108,51.35646,normal,2,44,2025,Leipzig,Kreisfreie Stadt Leipzig
12.37108,51.35646,normal,2,44,2025,Leipzig,Kreisfreie Stadt Leipzig
12.37977,51.36281,normal,2,44,2025,Leipzig,Kreisfreie Stadt Leipzig
12.37977,51.36281,normal,2,44,2025,Leipzig,Kreisfreie Stadt Leipzig
12.3947,51.36091,normal,2,30,2023,Leipzig,Kreisfreie Stadt Leipzig
12.40817,51.33649,normal,2,22,2020,Leipzig,Kreisfreie Stadt Leipzig
12.38622,51.35994,schnell,2,300,2026,Leipzig,Kreisfreie Stadt Leipzig
12.38622,51.35994,schnell,2,300,2026,Leipzig,Kreisfreie Stadt Leipzig
12.39544,51.37705,normal,1,22,2014,Leipzig,Kreisfreie Stadt Leipzig
12.39497,51.36454,normal,2,30,2023,Leipzig,Kreisfreie Stadt Leipzig
12.3899,51.38555,schnell,2,300,2022,Leipzig,Kreisfreie Stadt Leipzig
12.3899,51.38555,schnell,2,300,2022,Leipzig,Kreisfreie Stadt Leipzig
12.3899,51.38555,schnell,2,300,2021,Leipzig,Kreisfreie Stadt Leipzig
12.39809,51.36776,schnell,2,150,2021,Leipzig,Kreisfreie Stadt Leipzig
12.36087,51.36137,normal,2,44,2021,Leipzig,Kreisfreie Stadt Leipzig
12.36946,51.36437,normal,2,44,2025,Leipzig,Kreisfreie Stadt Leipzig
12.36946,51.36437,normal,2,44,2025,Leipzig,Kreisfreie Stadt Leipzig
12.36841,51.35721,normal,2,30,2024,Leipzig,Kreisfreie Stadt Leipzig
12.36585,51.36113,normal,2,30,2024,Leipzig,Kreisfreie Stadt Leipzig
12.36654,51.36084,normal,2,44,2025,Leipzig,Kreisfreie Stadt Leipzig
12.36654,51.36084,normal,2,44,2025,Leipzig,Kreisfreie Stadt Leipzig
12.366,51.36337,normal,2,30,2024,Leipzig,Kreisfreie Stadt Leipzig
12.35404,51.36353,normal,2,30,2024,Leipzig,Kreisfreie Stadt Leipzig
12.36186,51.36475,normal,2,30,2021,Leipzig,Kreisfreie Stadt Leipzig
12.36243,51.35683,normal,2,30,2020,Leipzig,Kreisfreie Stadt Leipzig
12.37635,51.3616,normal,2,22,2024,Leipzig,Kreisfreie Stadt Leipzig
12.37639,51.36158,normal,2,22,2024,Leipzig,Kreisfreie Stadt Leipzig
12.37643,51.36156,normal,2,22,2024,Leipzig,Kreisfreie Stadt Leipzig
12.37621,51.3617,schnell,2,180,2024,Leipzig,Kreisfreie Stadt Leipzig
12.35426,51.36133,normal,2,30,2023,Leipzig,Kreisfreie Stadt Leipzig
12.37362,51.36297,normal,2,30,2016,Leipzig,Kreisfreie Stadt Leipzig
12.35876,51.36215,normal,2,30,2021,Leipzig,Kreisfreie Stadt Leipzig
12.35399,51.36238,normal,2,30,2025,Leipzig,Kreisfreie Stadt Leipzig
12.36236,51.36243,schnell,2,71,2019,Leipzig,Kreisfreie Stadt Leipzig
12.35672,51.36186,normal,2,30,2021,Leipzig,Kreisfreie Stadt Leipzig
12.36539,51.35907,normal,2,30,2022,Leipzig,Kreisfreie Stadt Leipzig
12.40029,51.40067,normal,2,30,2021,Leipzig,Kreisfreie Stadt Leipzig
12.3676,51.36724,normal,2,30,2022,Leipzig,Kreisfreie Stadt Leipzig
12.359,51.38003,normal,2,30,2024,Leipzig,Kreisfreie Stadt Leipzig
12.35899,51.38009,normal,2,30,2024,Leipzig,Kreisfreie Stadt Leipzig
12.36489,51.3768,normal,2,30,2022,Leipzig,Kreisfreie Stadt Leipzig
12.36491,51.37671,normal,2,30,2022,Leipzig,Kreisfreie Stadt Leipzig
12.37518,51.37013,normal,2,30,2024,Leipzig,Kreisfreie Stadt Leipzig
12.37202,51.36847,normal,2,44,2025,Leipzig,Kreisfreie Stadt Leipzig
12.37202,51.36847,normal,2,44,2025,Leipzig,Kreisfreie Stadt Leipzig
12.36018,51.37003,normal,2,30,2022,Leipzig,Kreisfreie Stadt Leipzig
12.37371,51.36946,normal,2,44,2025,Leipzig,Kreisfreie Stadt Leipzig
12.37371,51.36946,normal,2,44,2025,Leipzig,Kreisfreie Stadt Leipzig
12.37594,51.37282,normal,2,30,2025,Leipzig,Kreisfreie Stadt Leipzig
12.37595,51.37286,normal,2,30,2025,Leipzig,Kreisfreie Stadt Leipzig
12.37032,51.36903,normal,2,30,2021,Leipzig,Kreisfreie Stadt Leipzig
12.37332,51.36749,normal,2,30,2024,Leipzig,Kreisfreie Stadt Leipzig
12.36124,51.37454,normal,2,30,2025,Leipzig,Kreisfreie Stadt Leipzig
12.37475,51.36807,normal,2,44,2025,Leipzig,Kreisfreie Stadt Leipzig
12.37475,51.36807,normal,2,44,2025,Leipzig,Kreisfreie Stadt Leipzig
12.37813,51.36645,normal,2,30,2022,Leipzig,Kreisfreie Stadt Leipzig
12.37491,51.36752,schnell,2,50,2025,Leipzig,Kreisfreie Stadt Leipzig
12.36907,51.3755,normal,2,30,2025,Leipzig,Kreisfreie Stadt Leipzig
12.37867,51.37548,normal,2,30,2016,Leipzig,Kreisfreie Stadt Leipzig
12.37833,51.37672,schnell,2,60,2026,Leipzig,Kreisfreie Stadt Leipzig
12.35736,51.38004,normal,2,30,2023,Leipzig,Kreisfreie Stadt Leipzig
12.35628,51.38081,normal,2,30,2023,Leipzig,Kreisfreie Stadt Leipzig
12.34012,51.39286,schnell,2,180,2026,Leipzig,Kreisfreie Stadt Leipzig
12.34158,51.39349,normal,2,30,2020,Leipzig,Kreisfreie Stadt Leipzig
12.38437,51.3945,schnell,4,400,2026,Leipzig,Kreisfreie Stadt Leipzig
12.38441,51.39443,normal,2,22,2026,Leipzig,Kreisfreie Stadt Leipzig
12.38442,51.39441,normal,2,22,2026,Leipzig,Kreisfreie Stadt Leipzig
12.38444,51.39437,normal,2,22,2026,Leipzig,Kreisfreie Stadt Leipzig
12.38446,51.39435,normal,2,22,2026,Leipzig,Kreisfreie Stadt Leipzig
12.30356,51.41335,normal,4,75,2020,Leipzig,Kreisfreie Stadt Leipzig
12.36672,51.39144,normal,1,22,2025,Leipzig,Kreisfreie Stadt Leipzig
12.33801,51.38939,normal,2,44,2025,Leipzig,Kreisfreie Stadt Leipzig
12.33801,51.38939,normal,2,44,2025,Leipzig,Kreisfreie Stadt Leipzig
12.33801,51.38939,normal,2,44,2025,Leipzig,Kreisfreie Stadt Leipzig
12.33801,51.38939,normal,2,44,2025,Leipzig,Kreisfreie Stadt Leipzig
12.38481,51.39051,normal,1,11,2024,Leipzig,Kreisfreie Stadt Leipzig
12.33387,51.39126,normal,2,30,2024,Leipzig,Kreisfreie Stadt Leipzig
12.37165,51.39543,normal,2,30,2026,Leipzig,Kreisfreie Stadt Leipzig
12.32809,51.39029,schnell,2,72,2023,Leipzig,Kreisfreie Stadt Leipzig
12.33124,51.37224,normal,2,30,2023,Leipzig,Kreisfreie Stadt Leipzig
12.34414,51.37082,normal,2,30,2025,Leipzig,Kreisfreie Stadt Leipzig
12.34411,51.37079,normal,2,30,2025,Leipzig,Kreisfreie Stadt Leipzig
12.34994,51.36672,normal,2,30,2025,Leipzig,Kreisfreie Stadt Leipzig
12.34083,51.36819,normal,2,30,2021,Leipzig,Kreisfreie Stadt Leipzig
12.34991,51.36678,normal,2,30,2025,Leipzig,Kreisfreie Stadt Leipzig
12.32238,51.37359,normal,2,30,2024,Leipzig,Kreisfreie Stadt Leipzig
12.34573,51.36849,normal,2,30,2022,Leipzig,Kreisfreie Stadt Leipzig
12.33661,51.36885,normal,1,11,2024,Leipzig,Kreisfreie Stadt Leipzig
12.33503,51.37291,normal,2,30,2025,Leipzig,Kreisfreie Stadt Leipzig
12.33515,51.37289,normal,2,30,2025,Leipzig,Kreisfreie Stadt Leipzig
12.34038,51.36976,normal,2,30,2025,Leipzig,Kreisfreie Stadt Leipzig
12.34025,51.36981,normal,2,30,2025,Leipzig,Kreisfreie Stadt Leipzig
12.35049,51.3757,normal,2,30,2024,Leipzig,Kreisfreie Stadt Leipzig
12.33502,51.36902,normal,1,11,2022,Leipzig,Kreisfreie Stadt Leipzig
12.3499,51.36644,normal,2,30,2016,Leipzig,Kreisfreie Stadt Leipzig
12.26473,51.38552,schnell,2,150,2021,Leipzig,Kreisfreie Stadt Leipzig
12.32915,51.37381,schnell,3,71,2023,Leipzig,Kreisfreie Stadt Leipzig
12.32321,51.3385,schnell,2,72,2021,Leipzig,Kreisfreie Stadt Leipzig
12.32587,51.33245,normal,2,30,2023,Leipzig,Kreisfreie Stadt Leipzig
12.33547,51.33696,schnell,2,93,2018,Leipzig,Kreisfreie Stadt Leipzig
12.33128,51.33532,normal,2,30,2024,Leipzig,Kreisfreie Stadt Leipzig
12.32448,51.33649,normal,2,30,2024,Leipzig,Kreisfreie Stadt Leipzig
12.3218,51.34338,normal,2,30,2024,Leipzig,Kreisfreie Stadt Leipzig
12.32956,51.33243,normal,2,30,2021,Leipzig,Kreisfreie Stadt Leipzig
12.32941,51.33256,normal,2,30,2022,Leipzig,Kreisfreie Stadt Leipzig
12.33371,51.33746,normal,2,30,2016,Leipzig,Kreisfreie Stadt Leipzig
12.33327,51.33897,normal,2,30,2023,Leipzig,Kreisfreie Stadt Leipzig
12.33584,51.33417,schnell,4,100,2020,Leipzig,Kreisfreie Stadt Leipzig
12.33586,51.33379,normal,2,30,2021,Leipzig,Kreisfreie Stadt Leipzig
12.32815,51.34111,normal,2,30,2022,Leipzig,Kreisfreie Stadt Leipzig
12.32401,51.34123,normal,2,30,2021,Leipzig,Kreisfreie Stadt Leipzig
12.30143,51.35484,schnell,2,180,2025,Leipzig,Kreisfreie Stadt Leipzig
12.2633,51.34769,schnell,2,300,2022,Leipzig,Kreisfreie Stadt Leipzig
12.26337,51.34768,schnell,2,300,2025,Leipzig,Kreisfreie Stadt Leipzig
12.29233,51.35504,normal,2,30,2024,Leipzig,Kreisfreie Stadt Leipzig
12.29145,51.36092,normal,1,11,2022,Leipzig,Kreisfreie Stadt Leipzig
12.29145,51.36092,normal,1,11,2022,Leipzig,Kreisfreie Stadt Leipzig
12.3087,51.33405,schnell,1,50,2025,Leipzig,Kreisfreie Stadt Leipzig
12.29878,51.34407,normal,1,11,2023,leipzig,Kreisfreie Stadt Leipzig
12.29863,51.3441,schnell,2,50,2023,leipzig,Kreisfreie Stadt Leipzig
12.29096,51.35672,normal,1,11,2022,Leipzig - Alt-West,Kreisfreie Stadt Leipzig
12.31379,51.34453,schnell,3,150,2019,Leipzig,Kreisfreie Stadt Leipzig
12.31447,51.32583,schnell,2,50,2023,Leipzig,Kreisfreie Stadt Leipzig
12.31436,51.32584,normal,2,30,2023,Leipzig,Kreisfreie Stadt Leipzig
12.32066,51.32929,normal,2,44,2023,Leipzig,Kreisfreie Stadt Leipzig
12.31123,51.33502,normal,2,30,2025,Leipzig,Kreisfreie Stadt Leipzig
12.31108,51.33499,normal,2,30,2025,Leipzig,Kreisfreie Stadt Leipzig
12.31189,51.32644,normal,2,33,2021,Leipzig,Kreisfreie Stadt Leipzig
12.31189,51.32645,normal,2,33,2021,Leipzig,Kreisfreie Stadt Leipzig
12.30982,51.33007,normal,2,30,2021,Leipzig,Kreisfreie Stadt Leipzig
12.31337,51.34573,normal,2,30,2026,Leipzig,Kreisfreie Stadt Leipzig
12.30964,51.35016,normal,2,30,2024,Leipzig,Kreisfreie Stadt Leipzig
12.31322,51.34759,normal,2,30,2016,Leipzig,Kreisfreie Stadt Leipzig
12.30033,51.33655,normal,2,22,2024,Leipzig,Kreisfreie Stadt Leipzig
12.30038,51.33658,normal,2,22,2024,Leipzig,Kreisfreie Stadt Leipzig
12.30047,51.33645,normal,2,22,2024,Leipzig,Kreisfreie Stadt Leipzig
12.31237,51.33269,normal,2,30,2023,Leipzig,Kreisfreie Stadt Leipzig
12.31232,51.33265,normal,2,30,2023,Leipzig,Kreisfreie Stadt Leipzig
12.31555,51.33041,normal,2,30,2021,Leipzig,Kreisfreie Stadt Leipzig
12.3073,51.34255,schnell,2,300,2025,Leipzig,Kreisfreie Stadt Leipzig
12.30743,51.3425,schnell,2,300,2025,Leipzig,Kreisfreie Stadt Leipzig
12.30917,51.32755,normal,1,11,2023,Leipzig,Kreisfreie Stadt Leipzig
12.31946,51.32965,normal,2,44,2022,Leipzig,Kreisfreie Stadt Leipzig
12.31946,51.32965,normal,2,44,2022,Leipzig,Kreisfreie Stadt Leipzig
12.30915,51.32739,normal,1,11,2022,Leipzig,Kreisfreie Stadt Leipzig
12.31038,51.33072,normal,2,30,2026,Leipzig,Kreisfreie Stadt Leipzig
12.31903,51.34574,schnell,2,180,2025,Leipzig,Kreisfreie Stadt Leipzig
12.30379,51.33482,normal,2,30,2018,Leipzig,Kreisfreie Stadt Leipzig
12.27694,51.32139,normal,2,44,2022,Leipzig,Kreisfreie Stadt Leipzig
12.27694,51.32139,normal,2,44,2022,Leipzig,Kreisfreie Stadt Leipzig
12.27638,51.32367,schnell,2,72,2020,Leipzig,Kreisfreie Stadt Leipzig
12.27638,51.32367,normal,2,44,2020,Leipzig,Kreisfreie Stadt Leipzig
12.27638,51.32367,normal,2,44,2020,Leipzig,Kreisfreie Stadt Leipzig
12.27638,51.32367,normal,2,44,2020,Leipzig,Kreisfreie Stadt Leipzig
12.27638,51.32367,normal,2,44,2020,Leipzig,Kreisfreie Stadt Leipzig
12.2713,51.3215,schnell,2,50,2025,Leipzig,Kreisfreie Stadt Leipzig
12.27044,51.32124,normal,2,30,2023,Leipzig,Kreisfreie Stadt Leipzig
12.26666,51.31707,schnell,2,360,2025,Leipzig,Kreisfreie Stadt Leipzig
12.26651,51.31718,schnell,2,360,2025,Leipzig,Kreisfreie Stadt Leipzig
12.26654,51.31711,schnell,2,360,2025,Leipzig,Kreisfreie Stadt Leipzig
12.28719,51.323,normal,2,30,2016,Leipzig,Kreisfreie Stadt Leipzig
12.26686,51.30831,normal,2,44,2021,Leipzig,Kreisfreie Stadt Leipzig
12.30765,51.316,normal,2,30,2024,Leipzig,Kreisfreie Stadt Leipzig
12.30125,51.31376,normal,2,30,2024,Leipzig,Kreisfreie Stadt Leipzig
12.31422,51.31642,normal,1,22,2023,Leipzig,Kreisfreie Stadt Leipzig
12.30721,51.31594,normal,2,30,2024,Leipzig,Kreisfreie Stadt Leipzig
12.2608,51.29982,schnell,2,180,2025,Leipzig,Kreisfreie Stadt Leipzig
12.26087,51.29983,normal,2,32,2025,Leipzig,Kreisfreie Stadt Leipzig
12.26351,51.31327,normal,2,30,2023,Leipzig,Kreisfreie Stadt Leipzig
12.30992,51.31513,normal,2,30,2025,Leipzig,Kreisfreie Stadt Leipzig
12.29417,51.31447,normal,2,30,2022,Leipzig,Kreisfreie Stadt Leipzig
12.29033,51.32055,normal,2,30,2024,Leipzig,Kreisfreie Stadt Leipzig
12.2904,51.3204,schnell,2,180,2024,Leipzig,Kreisfreie Stadt Leipzig
12.29037,51.32049,schnell,2,180,2024,Leipzig,Kreisfreie Stadt Leipzig
12.28222,51.3121,normal,2,44,2022,Leipzig,Kreisfreie Stadt Leipzig
12.30445,51.32164,schnell,2,240,2024,Leipzig,Kreisfreie Stadt Leipzig
12.28679,51.32215,schnell,2,50,2024,Leipzig,Kreisfreie Stadt Leipzig
12.28673,51.32213,schnell,2,50,2024,Leipzig,Kreisfreie Stadt Leipzig
12.28687,51.32218,schnell,2,180,2024,Leipzig,Kreisfreie Stadt Leipzig
12.30524,51.32014,normal,2,44,2021,Leipzig,Kreisfreie Stadt Leipzig
12.29825,51.32358,normal,2,30,2023,Leipzig,Kreisfreie Stadt Leipzig
12.28341,51.31739,normal,2,30,2024,Leipzig,Kreisfreie Stadt Leipzig
12.32539,51.31178,normal,2,30,2024,Leipzig,Kreisfreie Stadt Leipzig
12.34533,51.32774,normal,2,30,2020,Leipzig,Kreisfreie Stadt Leipzig
12.3303,51.31968,normal,2,30,2024,Leipzig,Kreisfreie Stadt Leipzig
12.33602,51.31952,schnell,2,50,2025,Leipzig,Kreisfreie Stadt Leipzig
12.3361,51.31951,schnell,2,50,2025,Leipzig,Kreisfreie Stadt Leipzig
12.3409,51.33021,normal,2,30,2021,Leipzig,Kreisfreie Stadt Leipzig
12.324,51.31764,normal,2,30,2023,Leipzig,Kreisfreie Stadt Leipzig
12.34089,51.31945,normal,2,30,2024,Leipzig,Kreisfreie Stadt Leipzig
12.32732,51.32456,normal,2,44,2026,Leipzig,Kreisfreie Stadt Leipzig
12.32695,51.32386,normal,2,30,2023,Leipzig,Kreisfreie Stadt Leipzig
12.33833,51.32723,normal,2,30,2023,Leipzig,Kreisfreie Stadt Leipzig
12.33638,51.33204,normal,2,30,2023,Leipzig,Kreisfreie Stadt Leipzig
12.32637,51.32186,normal,2,30,2021,Leipzig,Kreisfreie Stadt Leipzig
12.33126,51.33082,normal,2,30,2026,Leipzig,Kreisfreie Stadt Leipzig
12.33075,51.32332,schnell,2,180,2023,Leipzig,Kreisfreie Stadt Leipzig
12.33075,51.32335,schnell,2,180,2023,Leipzig,Kreisfreie Stadt Leipzig
12.33076,51.32337,schnell,2,180,2023,Leipzig,Kreisfreie Stadt Leipzig
12.33077,51.32339,normal,4,50,2023,Leipzig,Kreisfreie Stadt Leipzig
12.34184,51.32307,normal,2,30,2022,Leipzig,Kreisfreie Stadt Leipzig
12.34003,51.32462,normal,2,25,2025,Leipzig,Kreisfreie Stadt Leipzig
12.34,51.32458,normal,2,25,2025,Leipzig,Kreisfreie Stadt Leipzig
12.33417,51.32397,normal,2,22,2024,Leipzig,Kreisfreie Stadt Leipzig
12.33509,51.32553,schnell,3,93,2021,Leipzig-Plagwitz,Kreisfreie Stadt Leipzig
12.31471,51.25135,normal,2,30,2013,Leipzig,Kreisfreie Stadt Leipzig
12.32212,51.30754,normal,2,30,2022,Leipzig,Kreisfreie Stadt Leipzig
12.3202,51.29828,normal,2,22,2023,Leipzig,Kreisfreie Stadt Leipzig
12.3202,51.29828,normal,2,22,2023,Leipzig,Kreisfreie Stadt Leipzig
12.30549,51.27113,normal,2,30,2023,Leipzig,Kreisfreie Stadt Leipzig
12.31004,51.27548,normal,2,30,2023,Leipzig,Kreisfreie Stadt Leipzig
12.32446,51.30464,normal,2,30,2025,Leipzig,Kreisfreie Stadt Leipzig
12.32439,51.30464,normal,2,30,2025,Leipzig,Kreisfreie Stadt Leipzig
12.32276,51.30258,normal,2,30,2024,Leipzig,Kreisfreie Stadt Leipzig
12.32305,51.3037,schnell,3,71,2023,Leipzig,Kreisfreie Stadt Leipzig
12.32199,51.29761,normal,2,30,2025,Leipzig,Kreisfreie Stadt Leipzig
12.31125,51.28321,normal,2,30,2022,Leipzig,Kreisfreie Stadt Leipzig
12.36546,51.3234,normal,2,30,2023,Leipzig,Kreisfreie Stadt Leipzig
12.36663,51.31609,normal,2,30,2026,Leipzig,Kreisfreie Stadt Leipzig
12.36577,51.32056,normal,2,30,2023,Leipzig,Kreisfreie Stadt Leipzig
12.36579,51.32121,normal,2,30,2023,Leipzig,Kreisfreie Stadt Leipzig
12.37399,51.31867,normal,2,30,2021,Leipzig,Kreisfreie Stadt Leipzig
12.3734,51.3246,normal,2,30,2016,Leipzig,Kreisfreie Stadt Leipzig
12.38126,51.31858,normal,2,30,2023,Leipzig,Kreisfreie Stadt Leipzig
12.36878,51.31807,normal,2,30,2021,Leipzig,Kreisfreie Stadt Leipzig
12.37446,51.3206,normal,2,30,2021,Leipzig,Kreisfreie Stadt Leipzig
12.383,51.3174,normal,2,30,2021,Leipzig,Kreisfreie Stadt Leipzig
12.383,51.3174,normal,2,30,2021,Leipzig,Kreisfreie Stadt Leipzig
12.383,51.3174,normal,2,30,2021,Leipzig,Kreisfreie Stadt Leipzig
12.38149,51.32058,normal,2,30,2025,Leipzig,Kreisfreie Stadt Leipzig
12.3815,51.32053,normal,2,30,2025,Leipzig,Kreisfreie Stadt Leipzig
12.37809,51.31668,normal,2,30,2021,Leipzig,Kreisfreie Stadt Leipzig
12.36921,51.31405,schnell,2,72,2021,Leipzig,Kreisfreie Stadt Leipzig
12.39599,51.30897,normal,2,44,2025,Leipzig,Kreisfreie Stadt Leipzig
12.39599,51.30897,normal,2,44,2025,Leipzig,Kreisfreie Stadt Leipzig
12.3721,51.30627,normal,2,30,2022,Leipzig,Kreisfreie Stadt Leipzig
12.37743,51.30939,normal,2,30,2023,Leipzig,Kreisfreie Stadt Leipzig
12.37475,51.31436,normal,2,22,2022,Leipzig,Kreisfreie Stadt Leipzig
12.37475,51.31436,normal,2,22,2022,Leipzig,Kreisfreie Stadt Leipzig
12.37475,51.31436,normal,2,22,2022,Leipzig,Kreisfreie Stadt Leipzig
12.40461,51.31358,schnell,2,300,2022,Leipzig,Kreisfreie Stadt Leipzig
12.40461,51.31358,schnell,2,300,2022,Leipzig,Kreisfreie Stadt Leipzig
12.36923,51.31259,normal,2,30,2026,Leipzig,Kreisfreie Stadt Leipzig
12.37291,51.3117,normal,2,30,2016,Leipzig,Kreisfreie Stadt Leipzig
12.38249,51.30505,normal,2,30,2018,Leipzig,Kreisfreie Stadt Leipzig
12.38457,51.30123,normal,2,30,2016,Leipzig,Kreisfreie Stadt Leipzig
12.39621,51.31425,schnell,2,50,2022,leipzig,Kreisfreie Stadt Leipzig
12.39721,51.31432,normal,2,30,2019,Leipzig,Kreisfreie Stadt Leipzig
12.39731,51.31433,normal,2,30,2019,Leipzig,Kreisfreie Stadt Leipzig
12.3974,51.31432,normal,2,30,2019,Leipzig,Kreisfreie Stadt Leipzig
12.37319,51.31451,normal,2,30,2019,Leipzig,Kreisfreie Stadt Leipzig
12.39583,51.30622,schnell,2,61,2026,Leipzig,Kreisfreie Stadt Leipzig
12.38432,51.31069,normal,2,30,2021,Leipzig,Kreisfreie Stadt Leipzig
12.38432,51.31069,normal,2,30,2021,Leipzig,Kreisfreie Stadt Leipzig
12.39414,51.3137,schnell,2,60,2020,Leipzig,Kreisfreie Stadt Leipzig
12.39414,51.3137,schnell,2,60,2020,Leipzig,Kreisfreie Stadt Leipzig
12.3949,51.31074,schnell,3,75,2021,Leipzig-Marienbrunn,Kreisfreie Stadt Leipzig
12.39009,51.29662,normal,2,30,2025,Leipzig,Kreisfreie Stadt Leipzig
12.39001,51.29653,normal,2,30,2025,Leipzig,Kreisfreie Stadt Leipzig
12.40075,51.30163,normal,2,44,2026,Leipzig,Kreisfreie Stadt Leipzig
12.40075,51.30163,normal,2,44,2026,Leipzig,Kreisfreie Stadt Leipzig
12.40461,51.29966,normal,2,44,2026,Leipzig,Kreisfreie Stadt Leipzig
12.40461,51.29966,normal,2,44,2026,Leipzig,Kreisfreie Stadt Leipzig
12.39429,51.30114,normal,2,44,2026,Leipzig,Kreisfreie Stadt Leipzig
12.39429,51.30114,normal,2,44,2026,Leipzig,Kreisfreie Stadt Leipzig
12.39604,51.30108,normal,2,30,2021,Leipzig,Kreisfreie Stadt Leipzig
12.38641,51.29536,normal,2,44,2021,Leipzig,Kreisfreie Stadt Leipzig
12.38514,51.29685,schnell,2,180,2023,Leipzig,Kreisfreie Stadt Leipzig
12.38508,51.29685,schnell,2,180,2023,Leipzig,Kreisfreie Stadt Leipzig
12.38501,51.29684,schnell,2,180,2023,Leipzig,Kreisfreie Stadt Leipzig
12.3849,51.29682,schnell,2,180,2023,Leipzig,Kreisfreie Stadt Leipzig
12.39858,51.29989,normal,2,44,2026,Leipzig,Kreisfreie Stadt Leipzig
12.39858,51.29989,normal,2,44,2026,Leipzig,Kreisfreie Stadt Leipzig
12.47992,51.27254,normal,2,33,2022,Leipzig,Kreisfreie Stadt Leipzig
12.47992,51.27254,normal,2,33,2024,Leipzig,Kreisfreie Stadt Leipzig
12.46746,51.2851,schnell,4,150,2019,Leipzig,Kreisfreie Stadt Leipzig
12.4534,51.31476,normal,1,5,2024,Leipzig,Kreisfreie Stadt Leipzig
12.47926,51.27376,normal,1,22,2024,Leipzig,Kreisfreie Stadt Leipzig
12.4262,51.30198,schnell,2,300,2023,Leipzig,Kreisfreie Stadt Leipzig
12.42619,51.30202,schnell,2,300,2023,Leipzig,Kreisfreie Stadt Leipzig
12.4261,51.30202,schnell,2,150,2023,Leipzig,Kreisfreie Stadt Leipzig
12.4261,51.30198,normal,2,22,2023,Leipzig,Kreisfreie Stadt Leipzig
12.42837,51.29096,schnell,3,71,2023,Leipzig,Kreisfreie Stadt Leipzig
12.43412,51.3006,normal,2,40,2021,Leipzig,Kreisfreie Stadt Leipzig
12.43412,51.30054,schnell,2,72,2023,Leipzig,Kreisfreie Stadt Leipzig
12.43408,51.30061,schnell,2,72,2023,Leipzig,Kreisfreie Stadt Leipzig
12.41906,51.32189,normal,2,30,2020,Leipzig,Kreisfreie Stadt Leipzig
12.4075,51.31901,normal,2,30,2021,Leipzig,Kreisfreie Stadt Leipzig
12.42141,51.31397,normal,2,30,2022,Leipzig,Kreisfreie Stadt Leipzig
12.42231,51.32117,normal,2,30,2023,Leipzig,Kreisfreie Stadt Leipzig
12.4249,51.3189,schnell,2,50,2025,Leipzig,Kreisfreie Stadt Leipzig
12.42228,51.31813,normal,2,30,2022,Leipzig,Kreisfreie Stadt Leipzig
12.41873,51.31929,normal,2,30,2022,Leipzig,Kreisfreie Stadt Leipzig
12.39871,51.34615,normal,2,30,2022,Leipzig,Kreisfreie Stadt Leipzig
12.40883,51.34248,normal,2,30,2022,Leipzig,Kreisfreie Stadt Leipzig
12.40958,51.33849,normal,1,11,2021,Leipzig,Kreisfreie Stadt Leipzig
12.41822,51.34614,normal,2,30,2024,Leipzig,Kreisfreie Stadt Leipzig
12.40916,51.34467,normal,2,30,2021,Leipzig,Kreisfreie Stadt Leipzig
12.39577,51.34135,normal,2,44,2021,Leipzig,Kreisfreie Stadt Leipzig
12.39514,51.34662,schnell,1,250,2025,Leipzig,Kreisfreie Stadt Leipzig
12.39514,51.34662,schnell,1,250,2025,Leipzig,Kreisfreie Stadt Leipzig
12.39514,51.34662,schnell,1,250,2025,Leipzig,Kreisfreie Stadt Leipzig
12.39514,51.34662,schnell,1,250,2025,Leipzig,Kreisfreie Stadt Leipzig
12.39514,51.34662,schnell,1,250,2025,Leipzig,Kreisfreie Stadt Leipzig
12.39514,51.34662,schnell,1,250,2025,Leipzig,Kreisfreie Stadt Leipzig
12.39514,51.34662,schnell,1,250,2025,Leipzig,Kreisfreie Stadt Leipzig
12.39514,51.34662,schnell,1,250,2025,Leipzig,Kreisfreie Stadt Leipzig
12.39703,51.34102,normal,2,30,2022,Leipzig,Kreisfreie Stadt Leipzig
12.42079,51.34363,normal,1,22,2024,Leipzig,Kreisfreie Stadt Leipzig
12.4442,51.33267,normal,1,11,2023,Leipzig,Kreisfreie Stadt Leipzig
12.44527,51.33884,schnell,2,150,2025,Leipzig,Kreisfreie Stadt Leipzig
12.44527,51.33884,schnell,2,150,2025,Leipzig,Kreisfreie Stadt Leipzig
12.39813,51.3365,normal,2,30,2023,Leipzig,Kreisfreie Stadt Leipzig
12.3943,51.33311,normal,2,11,2024,Leipzig,Kreisfreie Stadt Leipzig
12.3943,51.33311,normal,2,11,2024,Leipzig,Kreisfreie Stadt Leipzig
12.41544,51.33175,normal,2,22,2021,Leipzig,Kreisfreie Stadt Leipzig
12.4155,51.3314,normal,2,22,2021,Leipzig,Kreisfreie Stadt Leipzig
12.40819,51.33028,normal,2,30,2024,Leipzig,Kreisfreie Stadt Leipzig
12.40251,51.33327,normal,2,30,2021,Leipzig,Kreisfreie Stadt Leipzig
12.39527,51.33249,normal,2,30,2024,Leipzig,Kreisfreie Stadt Leipzig
12.39525,51.33249,normal,2,30,2024,Leipzig,Kreisfreie Stadt Leipzig
12.39944,51.33626,normal,2,30,2021,Leipzig,Kreisfreie Stadt Leipzig
12.40041,51.32422,normal,2,22,2016,Leipzig,Kreisfreie Stadt Leipzig
12.40042,51.32423,normal,2,22,2025,Leipzig,Kreisfreie Stadt Leipzig
12.41249,51.32834,normal,2,30,2024,Leipzig,Kreisfreie Stadt Leipzig
12.40261,51.32746,normal,2,30,2023,Leipzig,Kreisfreie Stadt Leipzig
12.40255,51.32749,normal,2,30,2023,Leipzig,Kreisfreie Stadt Leipzig
12.4017,51.33222,normal,2,11,2024,Leipzig,Kreisfreie Stadt Leipzig
12.40823,51.32691,normal,2,30,2022,Leipzig,Kreisfreie Stadt Leipzig
12.40148,51.33944,normal,2,30,2023,Leipzig,Kreisfreie Stadt Leipzig
12.40479,51.33735,schnell,2,93,2018,Leipzig,Kreisfreie Stadt Leipzig
12.40767,51.33555,normal,2,30,2024,Leipzig,Kreisfreie Stadt Leipzig
12.41392,51.33067,normal,2,30,2021,Leipzig,Kreisfreie Stadt Leipzig
12.42977,51.34239,normal,2,30,2024,Leipzig,Kreisfreie Stadt Leipzig
12.42155,51.33619,normal,2,30,2024,Leipzig,Kreisfreie Stadt Leipzig
12.4258,51.35101,normal,2,44,2022,Leipzig,Kreisfreie Stadt Leipzig
12.4258,51.35101,normal,2,44,2022,Leipzig,Kreisfreie Stadt Leipzig
12.41611,51.33731,normal,2,30,2023,Leipzig,Kreisfreie Stadt Leipzig
12.48517,51.3427,schnell,2,200,2025,Leipzig,Kreisfreie Stadt Leipzig
12.48492,51.33752,normal,1,11,2023,Leipzig,Kreisfreie Stadt Leipzig
12.47613,51.33534,normal,2,30,2025,Leipzig,Kreisfreie Stadt Leipzig
12.48252,51.33653,normal,4,11,2022,Leipzig,Kreisfreie Stadt Leipzig
12.46946,51.34855,normal,2,22,2025,Leipzig,Kreisfreie Stadt Leipzig
12.46956,51.34855,normal,2,22,2025,Leipzig,Kreisfreie Stadt Leipzig
12.46967,51.34854,normal,2,22,2025,Leipzig,Kreisfreie Stadt Leipzig
12.46975,51.34855,normal,2,22,2025,Leipzig,Kreisfreie Stadt Leipzig
12.4715,51.34979,schnell,2,50,2022,Leipzig,Kreisfreie Stadt Leipzig
12.47115,51.34979,normal,2,44,2022,Leipzig,Kreisfreie Stadt Leipzig
12.47116,51.34981,normal,1,11,2024,Leipzig,Kreisfreie Stadt Leipzig
12.47116,51.34981,normal,1,11,2024,Leipzig,Kreisfreie Stadt Leipzig
12.4495,51.34535,normal,1,22,2021,Leipzig,Kreisfreie Stadt Leipzig
12.44016,51.34249,normal,2,25,2023,Leipzig,Kreisfreie Stadt Leipzig
12.44022,51.34249,normal,2,25,2023,Leipzig,Kreisfreie Stadt Leipzig
12.46119,51.34556,schnell,2,400,2025,Leipzig,Kreisfreie Stadt Leipzig
12.46119,51.34556,schnell,2,400,2025,Leipzig,Kreisfreie Stadt Leipzig
12.47694,51.34962,normal,2,30,2019,Leipzig,Kreisfreie Stadt Leipzig
12.47694,51.34955,normal,2,30,2019,Leipzig,Kreisfreie Stadt Leipzig
12.47694,51.34939,normal,2,30,2019,Leipzig,Kreisfreie Stadt Leipzig
12.47694,51.34939,normal,2,30,2019,Leipzig,Kreisfreie Stadt Leipzig
12.47554,51.34851,schnell,3,140,2022,Leipzig,Kreisfreie Stadt Leipzig
12.46953,51.36521,normal,2,11,2025,Leipzig,Kreisfreie Stadt Leipzig
12.46956,51.36518,normal,2,11,2025,Leipzig,Kreisfreie Stadt Leipzig
12.46962,51.36516,normal,2,11,2025,Leipzig,Kreisfreie Stadt Leipzig
12.46972,51.3651,normal,2,11,2025,Leipzig,Kreisfreie Stadt Leipzig
12.46972,51.3651,normal,2,11,2025,Leipzig,Kreisfreie Stadt Leipzig
12.46989,51.36501,normal,2,11,2025,Leipzig,Kreisfreie Stadt Leipzig
12.47562,51.34845,schnell,2,140,2025,Leipzig,Kreisfreie Stadt Leipzig
12.47572,51.34845,schnell,2,140,2025,Leipzig,Kreisfreie Stadt Leipzig
12.46656,51.36763,schnell,2,50,2021,Leipzig,Kreisfreie Stadt Leipzig
12.46656,51.36763,normal,2,30,2021,Leipzig,Kreisfreie Stadt Leipzig
12.46686,51.36779,normal,2,22,2023,Leipzig,Kreisfreie Stadt Leipzig
12.4609,51.35276,normal,2,30,2022,Leipzig,Kreisfreie Stadt Leipzig
12.46741,51.36601,normal,2,11,2023,Leipzig,Kreisfreie Stadt Leipzig
12.46741,51.36601,normal,2,11,2023,Leipzig,Kreisfreie Stadt Leipzig
12.46741,51.36601,normal,2,11,2023,Leipzig,Kreisfreie Stadt Leipzig
12.46741,51.36601,normal,2,11,2023,Leipzig,Kreisfreie Stadt Leipzig
12.46741,51.36601,normal,2,22,2023,Leipzig,Kreisfreie Stadt Leipzig
12.46741,51.36601,normal,2,22,2023,Leipzig,Kreisfreie Stadt Leipzig
12.46741,51.36601,normal,2,11,2023,Leipzig,Kreisfreie Stadt Leipzig
12.46741,51.36601,normal,2,11,2023,Leipzig,Kreisfreie Stadt Leipzig
12.45685,51.35374,normal,2,30,2024,Leipzig,Kreisfreie Stadt Leipzig
12.45689,51.35372,normal,2,30,2024,Leipzig,Kreisfreie Stadt Leipzig
12.46108,51.35793,normal,4,50,2022,Leipzig,Kreisfreie Stadt Leipzig
12.42133,51.35314,schnell,2,150,2024,Leipzig,Kreisfreie Stadt Leipzig
12.4148,51.35537,normal,2,30,2025,Leipzig,Kreisfreie Stadt Leipzig
12.40706,51.35159,normal,2,30,2016,Leipzig,Kreisfreie Stadt Leipzig
12.43032,51.36256,normal,2,30,2020,Leipzig,Kreisfreie Stadt Leipzig
12.43032,51.36256,normal,2,30,2020,Leipzig,Kreisfreie Stadt Leipzig
12.43032,51.36256,normal,2,30,2020,Leipzig,Kreisfreie Stadt Leipzig
12.43032,51.36256,normal,2,30,2020,Leipzig,Kreisfreie Stadt Leipzig
12.43032,51.36256,normal,2,30,2020,Leipzig,Kreisfreie Stadt Leipzig
12.43376,51.3676,normal,2,22,2025,Leipzig,Kreisfreie Stadt Leipzig
12.43376,51.3676,normal,2,22,2025,Leipzig,Kreisfreie Stadt Leipzig
12.42684,51.36559,normal,2,30,2024,Leipzig,Kreisfreie Stadt Leipzig
12.42225,51.35608,normal,2,30,2023,Leipzig,Kreisfreie Stadt Leipzig
12.42224,51.35612,normal,2,30,2023,Leipzig,Kreisfreie Stadt Leipzig
12.43285,51.36505,normal,2,30,2020,Leipzig,Kreisfreie Stadt Leipzig
12.43299,51.36504,schnell,2,50,2024,Leipzig,Kreisfreie Stadt Leipzig
12.40787,51.35626,normal,2,30,2024,Leipzig,Kreisfreie Stadt Leipzig
12.40793,51.35626,normal,2,30,2024,Leipzig,Kreisfreie Stadt Leipzig
12.408,51.35889,schnell,2,180,2025,Leipzig,Kreisfreie Stadt Leipzig
12.39469,51.35442,schnell,2,360,2026,Leipzig,Kreisfreie Stadt Leipzig
12.39469,51.35442,schnell,2,360,2026,Leipzig,Kreisfreie Stadt Leipzig
12.39469,51.35442,schnell,2,360,2026,Leipzig,Kreisfreie Stadt Leipzig
12.41497,51.35683,normal,2,30,2024,Leipzig,Kreisfreie Stadt Leipzig
12.41673,51.35652,normal,2,44,2021,Leipzig,Kreisfreie Stadt Leipzig
12.42705,51.35694,schnell,2,50,2024,Leipzig,Kreisfreie Stadt Leipzig
12.42712,51.35694,schnell,2,50,2024,Leipzig,Kreisfreie Stadt Leipzig
12.43737,51.35672,schnell,3,150,2020,Leipzig,Kreisfreie Stadt Leipzig
12.43776,51.35688,normal,1,22,2022,Leipzig,Kreisfreie Stadt Leipzig
12.45381,51.36623,schnell,2,300,2026,Leipzig,Kreisfreie Stadt Leipzig
12.45381,51.36623,schnell,2,300,2026,Leipzig,Kreisfreie Stadt Leipzig
12.45381,51.36623,schnell,2,300,2026,Leipzig,Kreisfreie Stadt Leipzig
12.45381,51.36623,schnell,2,300,2026,Leipzig,Kreisfreie Stadt Leipzig
12.45878,51.36845,schnell,2,72,2022,Leipzig,Kreisfreie Stadt Leipzig
12.45517,51.36495,schnell,4,300,2024,Leipzig,Kreisfreie Stadt Leipzig
12.45633,51.3655,schnell,1,180,2022,Leipzig,Kreisfreie Stadt Leipzig
12.45633,51.3655,schnell,1,180,2022,Leipzig,Kreisfreie Stadt Leipzig
12.46102,51.36841,normal,1,11,2023,Leipzig,Kreisfreie Stadt Leipzig
12.46102,51.36835,normal,2,22,2023,Leipzig,Kreisfreie Stadt Leipzig
12.46613,51.36966,normal,2,20,2021,Leipzig,Kreisfreie Stadt Leipzig
12.46613,51.36966,normal,2,20,2021,Leipzig,Kreisfreie Stadt Leipzig
12.46613,51.36966,normal,2,20,2021,Leipzig,Kreisfreie Stadt Leipzig
12.46613,51.36966,normal,2,20,2021,Leipzig,Kreisfreie Stadt Leipzig
12.46613,51.36966,normal,2,20,2021,Leipzig,Kreisfreie Stadt Leipzig
12.46613,51.36966,normal,2,20,2021,Leipzig,Kreisfreie Stadt Leipzig
12.4665,51.3697,schnell,2,50,2021,Leipzig,Kreisfreie Stadt Leipzig
12.39351,51.35337,schnell,2,50,2023,Leipzig,Kreisfreie Stadt Leipzig
12.39357,51.35335,normal,1,11,2023,Leipzig,Kreisfreie Stadt Leipzig
12.39358,51.35335,normal,1,11,2023,Leipzig,Kreisfreie Stadt Leipzig
12.42258,51.35285,normal,2,30,2022,Leipzig,Kreisfreie Stadt Leipzig
12.42842,51.36722,normal,2,30,2020,Leipzig,Kreisfreie Stadt Leipzig
12.43768,51.41146,normal,1,11,2019,Leipzig,Kreisfreie Stadt Leipzig
12.43766,51.41147,normal,1,11,2019,Leipzig,Kreisfreie Stadt Leipzig
12.4376,51.41145,normal,1,11,2019,Leipzig,Kreisfreie Stadt Leipzig
12.43755,51.4115,normal,1,11,2019,Leipzig,Kreisfreie Stadt Leipzig
12.43758,51.41149,normal,1,11,2019,Leipzig,Kreisfreie Stadt Leipzig
12.43754,51.41147,normal,1,11,2019,Leipzig,Kreisfreie Stadt Leipzig
12.43764,51.41145,normal,1,11,2019,Leipzig,Kreisfreie Stadt Leipzig
12.43766,51.41144,normal,1,11,2019,Leipzig,Kreisfreie Stadt Leipzig
12.43757,51.41146,normal,1,11,2019,Leipzig,Kreisfreie Stadt Leipzig
12.43754,51.41147,normal,1,11,2019,Leipzig,Kreisfreie Stadt Leipzig
12.43761,51.41148,normal,1,11,2019,Leipzig,Kreisfreie Stadt Leipzig
12.43757,51.41146,normal,1,11,2020,Leipzig,Kreisfreie Stadt Leipzig
12.45245,51.40142,normal,1,3.7,2020,Leipzig,Kreisfreie Stadt Leipzig
12.45245,51.40143,normal,1,3.7,2020,Leipzig,Kreisfreie Stadt Leipzig
12.43803,51.40214,normal,1,3.7,2020,Leipzig,Kreisfreie Stadt Leipzig
12.43803,51.40214,normal,1,3.7,2020,Leipzig,Kreisfreie Stadt Leipzig
12.43803,51.40215,normal,1,3.7,2020,Leipzig,Kreisfreie Stadt Leipzig
12.43802,51.40215,normal,1,3.7,2020,Leipzig,Kreisfreie Stadt Leipzig
12.44359,51.40904,normal,1,3.7,2020,Leipzig,Kreisfreie Stadt Leipzig
12.44358,51.40904,normal,1,3.7,2021,Leipzig,Kreisfreie Stadt Leipzig
12.44358,51.40904,normal,1,3.7,2020,Leipzig,Kreisfreie Stadt Leipzig
12.43766,51.41144,normal,1,3.7,2020,Leipzig,Kreisfreie Stadt Leipzig
12.43768,51.41146,normal,1,3.7,2020,Leipzig,Kreisfreie Stadt Leipzig
12.44351,51.40941,normal,1,3.7,2020,Leipzig,Kreisfreie Stadt Leipzig
12.44351,51.40941,normal,1,3.7,2020,Leipzig,Kreisfreie Stadt Leipzig
12.44351,51.40941,normal,1,3.7,2020,Leipzig,Kreisfreie Stadt Leipzig
12.44351,51.40941,normal,1,3.7,2020,Leipzig,Kreisfreie Stadt Leipzig
12.44351,51.40941,normal,1,3.7,2020,Leipzig,Kreisfreie Stadt Leipzig
12.44351,51.40941,normal,1,3.7,2020,Leipzig,Kreisfreie Stadt Leipzig
12.44351,51.40941,normal,1,3.7,2020,Leipzig,Kreisfreie Stadt Leipzig
12.44351,51.40941,normal,1,3.7,2020,Leipzig,Kreisfreie Stadt Leipzig
12.44351,51.40941,normal,1,3.7,2020,Leipzig,Kreisfreie Stadt Leipzig
12.44351,51.40941,normal,1,3.7,2020,Leipzig,Kreisfreie Stadt Leipzig
12.44351,51.40941,normal,1,3.7,2020,Leipzig,Kreisfreie Stadt Leipzig
12.44351,51.40941,normal,1,3.7,2020,Leipzig,Kreisfreie Stadt Leipzig
12.44351,51.40941,normal,1,3.7,2020,Leipzig,Kreisfreie Stadt Leipzig
12.44351,51.40941,normal,1,3.7,2020,Leipzig,Kreisfreie Stadt Leipzig
12.44351,51.40941,normal,1,3.7,2020,Leipzig,Kreisfreie Stadt Leipzig
12.44351,51.40941,normal,1,3.7,2020,Leipzig,Kreisfreie Stadt Leipzig
12.44351,51.40941,normal,1,3.7,2020,Leipzig,Kreisfreie Stadt Leipzig
12.44351,51.40941,normal,1,3.7,2020,Leipzig,Kreisfreie Stadt Leipzig
12.44351,51.40941,normal,1,3.7,2021,Leipzig,Kreisfreie Stadt Leipzig
12.44351,51.40941,normal,1,3.7,2021,Leipzig,Kreisfreie Stadt Leipzig
12.44351,51.40941,normal,1,3.7,2022,Leipzig,Kreisfreie Stadt Leipzig
12.43298,51.37848,schnell,2,300,2024,Leipzig,Kreisfreie Stadt Leipzig
12.43275,51.37569,normal,2,30,2024,Leipzig,Kreisfreie Stadt Leipzig
12.43275,51.37565,normal,2,30,2024,Leipzig,Kreisfreie Stadt Leipzig
12.4011,51.39976,schnell,2,150,2020,Leipzig,Kreisfreie Stadt Leipzig
12.39504,51.396,normal,2,30,2014,Leipzig,Kreisfreie Stadt Leipzig
12.39938,51.39844,normal,2,30,2014,Leipzig,Kreisfreie Stadt Leipzig
12.3966,51.40096,normal,2,44,2020,Leipzig,Kreisfreie Stadt Leipzig
12.39633,51.40111,schnell,2,150,2024,Leipzig,Kreisfreie Stadt Leipzig
12.39633,51.40111,schnell,2,150,2024,Leipzig,Kreisfreie Stadt Leipzig
12.39633,51.40111,schnell,2,300,2024,Leipzig,Kreisfreie Stadt Leipzig
12.39633,51.40111,schnell,2,300,2024,Leipzig,Kreisfreie Stadt Leipzig
12.39633,51.40111,schnell,2,300,2024,Leipzig,Kreisfreie Stadt Leipzig
12.39633,51.40111,schnell,2,150,2024,Leipzig,Kreisfreie Stadt Leipzig
12.39633,51.40111,schnell,2,150,2024,Leipzig,Kreisfreie Stadt Leipzig
12.39633,51.40111,schnell,2,150,2024,Leipzig,Kreisfreie Stadt Leipzig
12.39633,51.40111,schnell,2,300,2024,Leipzig,Kreisfreie Stadt Leipzig
12.39633,51.40111,schnell,2,300,2024,Leipzig,Kreisfreie Stadt Leipzig
12.39777,51.40099,schnell,1,250,2024,Leipzig,Kreisfreie Stadt Leipzig
12.39777,51.40099,schnell,1,250,2024,Leipzig,Kreisfreie Stadt Leipzig
12.39777,51.40099,schnell,1,250,2024,Leipzig,Kreisfreie Stadt Leipzig
12.39777,51.40099,schnell,1,250,2024,Leipzig,Kreisfreie Stadt Leipzig
12.39777,51.40099,schnell,1,250,2024,Leipzig,Kreisfreie Stadt Leipzig
12.39777,51.40099,schnell,1,250,2024,Leipzig,Kreisfreie Stadt Leipzig
12.39777,51.40099,schnell,1,250,2024,Leipzig,Kreisfreie Stadt Leipzig
12.39777,51.40099,schnell,1,250,2024,Leipzig,Kreisfreie Stadt Leipzig
12.39625,51.39425,normal,2,30,2023,Leipzig,Kreisfreie Stadt Leipzig
12.39625,51.39425,normal,2,30,2023,Leipzig,Kreisfreie Stadt Leipzig
12.39625,51.39425,normal,2,30,2023,Leipzig,Kreisfreie Stadt Leipzig
12.39828,51.40105,schnell,2,300,2022,Leipzig,Kreisfreie Stadt Leipzig
12.39828,51.40105,schnell,2,300,2022,Leipzig,Kreisfreie Stadt Leipzig
12.39828,51.40105,schnell,2,300,2022,Leipzig,Kreisfreie Stadt Leipzig
12.39828,51.40105,schnell,2,300,2022,Leipzig,Kreisfreie Stadt Leipzig
12.40186,51.36597,schnell,2,50,2019,Leipzig,Kreisfreie Stadt Leipzig
12.40137,51.379,normal,2,30,2024,Leipzig,Kreisfreie Stadt Leipzig
12.40134,51.37901,normal,2,30,2024,Leipzig,Kreisfreie Stadt Leipzig
12.41781,51.37827,normal,2,30,2024,Leipzig,Kreisfreie Stadt Leipzig
12.41783,51.37822,normal,2,30,2024,Leipzig,Kreisfreie Stadt Leipzig
12.4178,51.37833,schnell,2,180,2024,Leipzig,Kreisfreie Stadt Leipzig
12.41603,51.38058,normal,2,30,2026,Leipzig,Kreisfreie Stadt Leipzig
12.41606,51.38065,normal,2,30,2026,Leipzig,Kreisfreie Stadt Leipzig
12.40188,51.37642,normal,2,44,2021,Leipzig,Kreisfreie Stadt Leipzig
12.39889,51.37677,schnell,2,400,2025,Leipzig,Kreisfreie Stadt Leipzig
12.39889,51.37677,schnell,2,400,2025,Leipzig,Kreisfreie Stadt Leipzig
12.39889,51.37677,schnell,2,400,2025,Leipzig,Kreisfreie Stadt Leipzig
12.39889,51.37677,schnell,2,400,2025,Leipzig,Kreisfreie Stadt Leipzig
12.37766,51.37607,schnell,2,150,2023,Leipzig,Kreisfreie Stadt Leipzig
13.95672,51.14929,normal,1,22,2019,Leppersdorf,Landkreis Bautzen
13.92048,51.10653,schnell,2,50,2025,Radeberg,Landkreis Bautzen
13.92048,51.10653,schnell,2,50,2025,Radeberg,Landkreis Bautzen
13.91358,51.11179,normal,2,30,2019,Radeberg,Landkreis Bautzen
13.91626,51.12969,schnell,2,150,2023,Radeberg,Landkreis Bautzen
13.91626,51.12969,schnell,2,150,2023,Radeberg,Landkreis Bautzen
13.91626,51.12969,schnell,2,300,2023,Radeberg,Landkreis Bautzen
13.91626,51.12969,schnell,2,300,2023,Radeberg,Landkreis Bautzen
13.88568,51.13926,normal,1,22,2023,Radeberg,Landkreis Bautzen
13.9125,51.10215,normal,2,22,2023,Radeberg,Landkreis Bautzen
13.91507,51.12868,schnell,2,99,2023,Radeberg,Landkreis Bautzen
13.91504,51.12865,normal,2,44,2023,Radeberg,Landkreis Bautzen
13.91413,51.12934,normal,2,33,2022,Radeberg,Landkreis Bautzen
13.92297,51.11797,normal,2,30,2019,Radeberg,Landkreis Bautzen
13.91894,51.12125,normal,1,11,2022,Radeberg,Landkreis Bautzen
13.91145,51.10333,normal,2,22,2022,Radeberg,Landkreis Bautzen
13.91832,51.1058,normal,2,22,2023,Radeberg,Landkreis Bautzen
13.91691,51.1312,schnell,2,300,2022,Radeberg,Landkreis Bautzen
13.91691,51.1312,schnell,2,300,2022,Radeberg,Landkreis Bautzen
13.89819,51.1126,schnell,2,180,2024,Radeberg,Landkreis Bautzen
13.89819,51.1126,schnell,2,180,2024,Radeberg,Landkreis Bautzen
13.90296,51.15992,normal,2,30,2021,Wachau,Landkreis Bautzen
13.82563,51.17905,schnell,2,150,2025,Ottendorf-Okrilla,Landkreis Bautzen
13.82557,51.179,schnell,2,150,2025,Ottendorf-Okrilla,Landkreis Bautzen
13.85183,51.17396,schnell,1,175,2024,Ottendorf-Okrilla,Landkreis Bautzen
13.85183,51.17396,schnell,1,175,2024,Ottendorf-Okrilla,Landkreis Bautzen
13.78552,51.18114,schnell,2,72,2024,Ottendorf-Okrilla,Landkreis Bautzen
13.84521,51.17331,schnell,2,300,2023,Ottendorf-Okrilla,Landkreis Bautzen
13.84521,51.17331,schnell,2,300,2023,Ottendorf-Okrilla,Landkreis Bautzen
13.82085,51.18063,normal,2,44,2022,Ottendorf-Okrilla,Landkreis Bautzen
13.84217,51.16482,normal,1,11,2023,Ottendorf-Okrilla,Landkreis Bautzen
13.99434,51.09741,normal,2,44,2020,Arnsdorf,Landkreis Bautzen
14.18346,51.13713,schnell,2,150,2023,Bischofswerda,Landkreis Bautzen
14.18346,51.13713,schnell,3,150,2023,Bischofswerda,Landkreis Bautzen
14.18861,51.11753,normal,2,44,2020,Bischofswerda,Landkreis Bautzen
14.19202,51.13602,normal,4,22,2024,Bischofswerda,Landkreis Bautzen
14.17957,51.12493,schnell,2,72,2025,Bischofswerda,Landkreis Bautzen
14.17695,51.12471,schnell,2,400,2025,Bischofswerda,Landkreis Bautzen
14.17695,51.12471,schnell,2,400,2025,Bischofswerda,Landkreis Bautzen
14.17695,51.12471,schnell,2,400,2025,Bischofswerda,Landkreis Bautzen
14.17695,51.12471,schnell,2,400,2025,Bischofswerda,Landkreis Bautzen
14.18038,51.12765,normal,2,30,2017,Bischofswerda,Landkreis Bautzen
14.1844,51.12527,normal,2,33,2020,Bischofswerda,Landkreis Bautzen
14.16164,51.14462,normal,2,33,2021,Bischofswerda,Landkreis Bautzen
14.17941,51.1347,schnell,2,180,2025,Bischofswerda,Landkreis Bautzen
14.17926,51.13465,schnell,2,180,2025,Bischofswerda,Landkreis Bautzen
14.20401,51.14143,normal,2,22,2022,Bischofswerda,Landkreis Bautzen
14.19028,51.13609,schnell,2,72,2024,Bischofswerda,Landkreis Bautzen
14.17882,51.12929,normal,2,30,2022,Bischofswerda,Landkreis Bautzen
14.13606,51.15401,normal,2,44,2020,Rammenau,Landkreis Bautzen
14.01687,51.18981,normal,2,33,2022,Pulsnitz,Landkreis Bautzen
14.00324,51.17915,schnell,2,300,2024,Pulsnitz,Landkreis Bautzen
14.00563,51.19862,normal,2,22,2023,Pulsnitz,Landkreis Bautzen
14.01521,51.18733,schnell,3,150,2023,Pulsnitz,Landkreis Bautzen
14.01521,51.18733,schnell,2,300,2023,Pulsnitz,Landkreis Bautzen
14.01256,51.18195,normal,2,30,2019,Pulsnitz,Landkreis Bautzen
14.02273,51.14519,normal,2,44,2020,Großröhrsdorf,Landkreis Bautzen
14.02058,51.1546,schnell,2,100,2026,Großröhrsdorf,Landkreis Bautzen
14.02882,51.14533,schnell,2,180,2025,Großröhrsdorf,Landkreis Bautzen
14.02872,51.14533,schnell,2,180,2025,Großröhrsdorf,Landkreis Bautzen
14.02872,51.14533,schnell,2,180,2025,Großröhrsdorf,Landkreis Bautzen
14.02631,51.14613,schnell,2,50,2025,Großröhrsdorf,Landkreis Bautzen
14.3298,51.0931,normal,4,11,2022,Neukirch,Landkreis Bautzen
14.30669,51.09697,normal,1,11,2022,Neukirch,Landkreis Bautzen
14.31658,51.09377,normal,2,30,2019,Neukirch /Lausitz,Landkreis Bautzen
14.32034,51.09224,schnell,2,72,2022,Neukirch /Lausitz,Landkreis Bautzen
14.1053,51.10808,normal,1,11,2022,Frankenthal,Landkreis Bautzen
14.10949,51.10723,normal,1,11,2022,Großharthau,Landkreis Bautzen
14.09321,51.29534,normal,2,22,2018,Kamenz,Landkreis Bautzen
14.09836,51.29978,normal,2,44,2022,Kamenz,Landkreis Bautzen
14.09838,51.29973,normal,2,44,2022,Kamenz,Landkreis Bautzen
14.0984,51.29968,normal,2,44,2022,Kamenz,Landkreis Bautzen
14.09836,51.29978,normal,2,44,2022,Kamenz,Landkreis Bautzen
14.09838,51.29973,normal,2,44,2022,Kamenz,Landkreis Bautzen
14.0984,51.29968,normal,2,44,2022,Kamenz,Landkreis Bautzen
14.09834,51.29982,normal,2,44,2022,Kamenz,Landkreis Bautzen
14.09832,51.29985,normal,2,44,2022,Kamenz,Landkreis Bautzen
14.09831,51.2999,normal,2,44,2022,Kamenz,Landkreis Bautzen
14.09829,51.29995,normal,2,44,2022,Kamenz,Landkreis Bautzen
14.0952,51.26985,normal,2,33,2017,Kamenz,Landkreis Bautzen
14.10665,51.27245,normal,2,44,2019,Kamenz,Landkreis Bautzen
14.09387,51.27458,normal,1,11,2022,Kamenz,Landkreis Bautzen
14.09472,51.28441,normal,2,33,2021,Kamenz,Landkreis Bautzen
14.0941,51.27128,normal,2,33,2017,Kamenz,Landkreis Bautzen
14.1,51.28133,normal,1,11,2022,Kamenz,Landkreis Bautzen
14.0826,51.1848,normal,1,11,2023,Kamenz,Landkreis Bautzen
14.09965,51.27558,normal,2,44,2023,Kamenz,Landkreis Bautzen
14.09939,51.27601,normal,2,44,2023,Kamenz,Landkreis Bautzen
14.11171,51.26928,schnell,3,71,2023,Kamenz,Landkreis Bautzen
14.09924,51.27116,normal,1,11,2023,Kamenz,Landkreis Bautzen
14.10565,51.28258,normal,2,33,2017,Kamenz,Landkreis Bautzen
14.08418,51.27344,normal,2,44,2019,Kamenz,Landkreis Bautzen
14.09112,51.2991,normal,2,44,2022,Kamenz,Landkreis Bautzen
14.09114,51.29905,normal,2,44,2022,Kamenz,Landkreis Bautzen
14.09116,51.299,normal,2,44,2022,Kamenz,Landkreis Bautzen
14.09119,51.29895,normal,2,44,2022,Kamenz,Landkreis Bautzen
14.09121,51.29888,normal,2,44,2022,Kamenz,Landkreis Bautzen
14.09122,51.29883,normal,2,44,2022,Kamenz,Landkreis Bautzen
14.09116,51.29876,normal,2,44,2022,Kamenz,Landkreis Bautzen
14.09117,51.2987,normal,2,44,2022,Kamenz,Landkreis Bautzen
14.09112,51.2991,normal,2,44,2022,Kamenz,Landkreis Bautzen
14.09114,51.29905,normal,2,44,2022,Kamenz,Landkreis Bautzen
14.09116,51.299,normal,2,44,2022,Kamenz,Landkreis Bautzen
14.09119,51.29895,normal,2,44,2022,Kamenz,Landkreis Bautzen
14.09121,51.29888,normal,2,44,2022,Kamenz,Landkreis Bautzen
14.09122,51.29883,normal,2,44,2022,Kamenz,Landkreis Bautzen
14.09116,51.29876,normal,2,44,2022,Kamenz,Landkreis Bautzen
14.09117,51.2987,normal,2,44,2022,Kamenz,Landkreis Bautzen
14.09113,51.29915,normal,2,44,2023,Kamenz,Landkreis Bautzen
14.09113,51.29919,normal,2,44,2023,Kamenz,Landkreis Bautzen
14.09137,51.29928,normal,2,44,2023,Kamenz,Landkreis Bautzen
14.09147,51.29928,normal,2,44,2023,Kamenz,Landkreis Bautzen
14.09154,51.29929,normal,2,44,2023,Kamenz,Landkreis Bautzen
14.09162,51.29929,normal,2,44,2023,Kamenz,Landkreis Bautzen
14.09169,51.2993,normal,2,44,2023,Kamenz,Landkreis Bautzen
14.09175,51.2993,normal,2,44,2023,Kamenz,Landkreis Bautzen
14.09182,51.2993,normal,2,44,2023,Kamenz,Landkreis Bautzen
14.09188,51.2993,normal,2,44,2023,Kamenz,Landkreis Bautzen
14.09195,51.2993,normal,2,44,2023,Kamenz,Landkreis Bautzen
14.09195,51.29926,normal,2,44,2023,Kamenz,Landkreis Bautzen
14.09195,51.29922,normal,2,44,2023,Kamenz,Landkreis Bautzen
14.09194,51.29919,normal,2,44,2023,Kamenz,Landkreis Bautzen
14.09194,51.29916,normal,2,44,2023,Kamenz,Landkreis Bautzen
14.09193,51.29912,normal,2,44,2023,Kamenz,Landkreis Bautzen
14.09193,51.29907,normal,2,44,2023,Kamenz,Landkreis Bautzen
14.09036,51.31975,normal,2,44,2020,Kamenz OT Biehla,Landkreis Bautzen
14.13339,51.22134,normal,2,30,2019,Elstra,Landkreis Bautzen
13.88858,51.25663,normal,2,33,2021,Königsbrück,Landkreis Bautzen
13.90258,51.26388,normal,2,33,2019,Königsbrück,Landkreis Bautzen
13.87918,51.24777,schnell,2,72,2021,Laußnitz,Landkreis Bautzen
13.9136,51.29781,normal,1,22,2022,Neukirch,Landkreis Bautzen
13.96385,51.33037,normal,2,44,2021,Schwepnitz,Landkreis Bautzen
14.32991,51.20013,schnell,2,98,2023,Bautzen,Landkreis Bautzen
14.33023,51.19803,schnell,2,98,2023,Bautzen,Landkreis Bautzen
14.33199,51.19948,schnell,2,93,2017,Bautzen,Landkreis Bautzen
14.32869,51.19855,schnell,2,93,2017,Bautzen,Landkreis Bautzen
14.45341,51.18898,normal,2,33,2021,Bautzen,Landkreis Bautzen
14.45183,51.19015,schnell,2,300,2024,Bautzen,Landkreis Bautzen
14.45183,51.19015,schnell,2,300,2024,Bautzen,Landkreis Bautzen
14.45183,51.19015,schnell,2,300,2024,Bautzen,Landkreis Bautzen
14.45453,51.1906,schnell,2,300,2025,Bautzen,Landkreis Bautzen
14.45453,51.1906,schnell,2,300,2025,Bautzen,Landkreis Bautzen
14.42521,51.18499,schnell,2,50,2026,Bautzen,Landkreis Bautzen
14.42521,51.18499,schnell,2,50,2026,Bautzen,Landkreis Bautzen
14.42188,51.17863,normal,1,11,2025,Bautzen,Landkreis Bautzen
14.42188,51.17863,normal,1,11,2025,Bautzen,Landkreis Bautzen
14.46115,51.20003,normal,1,11,2022,Bautzen,Landkreis Bautzen
14.45458,51.1886,schnell,1,250,2025,Bautzen,Landkreis Bautzen
14.45458,51.1886,schnell,1,250,2025,Bautzen,Landkreis Bautzen
14.45458,51.1886,schnell,1,250,2025,Bautzen,Landkreis Bautzen
14.45458,51.1886,schnell,1,250,2025,Bautzen,Landkreis Bautzen
14.45458,51.1886,schnell,1,250,2025,Bautzen,Landkreis Bautzen
14.45458,51.1886,schnell,1,250,2025,Bautzen,Landkreis Bautzen
14.45458,51.1886,schnell,1,250,2025,Bautzen,Landkreis Bautzen
14.45458,51.1886,schnell,1,250,2025,Bautzen,Landkreis Bautzen
14.45458,51.1886,schnell,1,250,2025,Bautzen,Landkreis Bautzen
14.42962,51.18214,normal,2,30,2022,Bautzen,Landkreis Bautzen
14.42962,51.18214,normal,2,30,2022,Bautzen,Landkreis Bautzen
14.41492,51.18155,schnell,3,175,2019,Bautzen,Landkreis Bautzen
14.41487,51.18153,schnell,2,150,2024,Bautzen,Landkreis Bautzen
14.42399,51.17793,normal,2,22,2021,Bautzen,Landkreis Bautzen
14.43788,51.18594,normal,2,22,2018,Bautzen,Landkreis Bautzen
14.25,51.18,normal,1,22,2026,Bautzen,Landkreis Bautzen
14.43672,51.15728,normal,1,11,2022,Bautzen,Landkreis Bautzen
14.4116,51.18,schnell,2,100,2024,Bautzen,Landkreis Bautzen
14.4116,51.18,schnell,2,100,2024,Bautzen,Landkreis Bautzen
14.45213,51.1779,schnell,2,77,2024,Bautzen,Landkreis Bautzen
14.44523,51.19178,schnell,2,72,2025,Bautzen,Landkreis Bautzen
14.39909,51.18017,normal,2,33,2021,Bautzen,Landkreis Bautzen
14.40871,51.17922,schnell,2,300,2025,Bautzen,Landkreis Bautzen
14.40871,51.17922,schnell,2,300,2025,Bautzen,Landkreis Bautzen
14.39728,51.17968,normal,4,11,2022,Bautzen,Landkreis Bautzen
14.39728,51.17968,normal,2,11,2022,Bautzen,Landkreis Bautzen
14.39728,51.17968,normal,2,22,2022,Bautzen,Landkreis Bautzen
14.5655,51.14975,normal,2,33,2022,Hochkirch,Landkreis Bautzen
14.65914,51.19703,normal,2,30,2020,Weißenberg,Landkreis Bautzen
14.32377,51.17802,normal,2,44,2020,Göda,Landkreis Bautzen
14.42572,51.08447,normal,2,22,2022,Schirgiswalde- Kirschau,Landkreis Bautzen
14.43223,51.07764,normal,2,30,2018,Schirgiswalde-Kirschau,Landkreis Bautzen
14.45399,51.08239,normal,2,30,2024,Schirgiswalde-Kirschau,Landkreis Bautzen
14.38781,51.09538,normal,2,44,2020,Wilthen,Landkreis Bautzen
14.40026,51.09995,schnell,2,50,2025,Wilthen,Landkreis Bautzen
14.42931,51.04878,normal,2,44,2021,Sohland,Landkreis Bautzen
14.43108,51.05618,normal,2,33,2021,Sohland an der Spree,Landkreis Bautzen
14.4485,51.23332,normal,1,11,2021,Großdubrau,Landkreis Bautzen
14.47929,51.22662,normal,1,3,2024,Malschwitz,Landkreis Bautzen
14.32932,51.30987,schnell,2,72,2020,Königswartha,Landkreis Bautzen
14.1938,51.1617,normal,2,22,2022,Neschwitz,Landkreis Bautzen
14.4982,51.09898,normal,2,44,2019,Cunewalde,Landkreis Bautzen
14.2416,51.43509,normal,2,44,2018,Hoyerswerda,Landkreis Bautzen
14.23959,51.43967,normal,2,44,2018,Hoyerswerda,Landkreis Bautzen
14.24451,51.4345,normal,2,44,2019,Hoyerswerda,Landkreis Bautzen
14.26152,51.43735,normal,2,44,2021,Hoyerswerda,Landkreis Bautzen
14.24506,51.43887,normal,2,44,2018,Hoyerswerda,Landkreis Bautzen
14.2623,51.43923,normal,2,44,2018,Hoyerswerda,Landkreis Bautzen
14.25197,51.43276,normal,2,44,2021,Hoyerswerda,Landkreis Bautzen
14.23848,51.42989,normal,2,22,2021,Hoyerswerda,Landkreis Bautzen
14.2387,51.4287,schnell,3,150,2024,Hoyerswerda,Landkreis Bautzen
14.2387,51.4287,schnell,3,150,2024,Hoyerswerda,Landkreis Bautzen
14.2387,51.4287,schnell,2,150,2024,Hoyerswerda,Landkreis Bautzen
14.2387,51.4287,schnell,2,150,2024,Hoyerswerda,Landkreis Bautzen
14.2387,51.4287,schnell,2,300,2024,Hoyerswerda,Landkreis Bautzen
14.2387,51.4287,schnell,2,150,2024,Hoyerswerda,Landkreis Bautzen
14.22011,51.45055,normal,2,22,2018,Hoyerswerda,Landkreis Bautzen
14.25816,51.45095,normal,1,11,2024,Hoyerswerda,Landkreis Bautzen
14.27714,51.43077,normal,1,11,2025,Hoyerswerda,Landkreis Bautzen
14.2587,51.4468,schnell,2,400,2026,Hoyerswerda,Landkreis Bautzen
14.2587,51.4468,schnell,2,400,2026,Hoyerswerda,Landkreis Bautzen
14.23685,51.42831,schnell,3,150,2022,Hoyerswerda,Landkreis Bautzen
14.23854,51.42864,schnell,2,300,2023,HOYERSWERDA,Landkreis Bautzen
14.23854,51.42864,schnell,2,150,2023,HOYERSWERDA,Landkreis Bautzen
14.23854,51.42864,schnell,2,150,2023,HOYERSWERDA,Landkreis Bautzen
14.24467,51.43815,normal,1,11,2026,Hoyerswerda,Landkreis Bautzen
14.28617,51.43171,schnell,3,71,2023,Hoyerswerda,Landkreis Bautzen
14.28171,51.44627,normal,1,11,2023,Hoyerswerda,Landkreis Bautzen
14.236,51.42738,schnell,2,150,2024,Hoyerswerda,Landkreis Bautzen
14.28212,51.44626,normal,1,11,2023,Hoyerswerda,Landkreis Bautzen
14.28247,51.44624,normal,1,11,2026,Hoyerswerda,Landkreis Bautzen
14.32642,51.39555,normal,2,44,2021,Hoyerswerda,Landkreis Bautzen
14.2785,51.45024,normal,1,11,2024,Hoyerswerda,Landkreis Bautzen
14.27034,51.45132,normal,2,33,2024,Hoyerswerda,Landkreis Bautzen
14.26735,51.4423,normal,2,44,2021,Hoyerswerda,Landkreis Bautzen
14.28094,51.41897,normal,1,11,2023,Hoyerswerda,Landkreis Bautzen
14.26682,51.447,normal,1,11,2023,Hoyerswerda,Landkreis Bautzen
14.23837,51.43808,normal,2,44,2020,Hoyerswerda,Landkreis Bautzen
14.31968,51.40149,normal,1,11,2024,Hoyerswerda,Landkreis Bautzen
14.26084,51.45796,normal,2,22,2024,Elsterheide,Landkreis Bautzen
14.23252,51.45853,normal,1,11,2024,Elsterheide,Landkreis Bautzen
14.23203,51.4582,normal,1,11,2024,Elsterheide,Landkreis Bautzen
14.23289,51.45897,normal,1,11,2026,Elsterheide,Landkreis Bautzen
14.10775,51.49355,normal,2,44,2023,Elsterheide/OT Geierswalde,Landkreis Bautzen
14.10737,51.4937,normal,2,44,2023,Elsterheide/OT Geierswalde,Landkreis Bautzen
14.26127,51.45799,normal,2,22,2024,Seidewinkel,Landkreis Bautzen
14.09785,51.46084,normal,2,44,2020,Lauta,Landkreis Bautzen
14.10086,51.45683,normal,1,7,2023,Lauta,Landkreis Bautzen
14.0907,51.46159,normal,2,33,2022,Lauta,Landkreis Bautzen
14.13385,51.46677,normal,2,22,2024,Lauta,Landkreis Bautzen
14.13385,51.46677,normal,2,22,2024,Lauta,Landkreis Bautzen
14.06748,51.35295,normal,2,22,2022,Bernsdorf,Landkreis Bautzen
14.06657,51.35284,normal,2,22,2022,Bernsdorf,Landkreis Bautzen
14.06989,51.37539,normal,2,44,2019,Bernsdorf,Landkreis Bautzen
14.24136,51.38976,normal,1,11,2026,Wittichenau,Landkreis Bautzen
14.24156,51.3893,normal,1,11,2026,Wittichenau,Landkreis Bautzen
14.40054,51.39553,normal,2,44,2019,Lohsa,Landkreis Bautzen
14.40473,51.37343,normal,4,33,2018,Lohsa / Ortsteil Friedersdorf,Landkreis Bautzen
12.70078,50.58608,schnell,2,72,2022,Aue,Landkreis Erzgebirgskreis
12.67789,50.6155,normal,2,44,2025,Aue-Bad Schlema,Landkreis Erzgebirgskreis
12.70079,50.58602,schnell,1,49,2025,Aue-Bad Schlema,Landkreis Erzgebirgskreis
12.7033,50.59638,normal,2,44,2024,Aue-Bad Schlema,Landkreis Erzgebirgskreis
12.70428,50.61259,normal,2,33,2021,Aue-Bad Schlema,Landkreis Erzgebirgskreis
12.70961,50.59618,schnell,2,300,2022,Aue-Bad Schlema,Landkreis Erzgebirgskreis
12.67912,50.59651,schnell,3,72,2025,Aue-Bad Schlema,Landkreis Erzgebirgskreis
12.6125,50.57405,normal,2,44,2020,Schneeberg,Landkreis Erzgebirgskreis
12.6125,50.57405,normal,2,44,2020,Schneeberg,Landkreis Erzgebirgskreis
12.6417,50.59447,normal,2,44,2019,Schneeberg,Landkreis Erzgebirgskreis
12.63601,50.60562,normal,2,44,2022,Schneeberg,Landkreis Erzgebirgskreis
12.62939,50.60697,normal,2,44,2022,Schneeberg,Landkreis Erzgebirgskreis
12.63176,50.6022,normal,2,44,2022,Schneeberg,Landkreis Erzgebirgskreis
12.64002,50.59682,normal,1,11,2023,Schneeberg,Landkreis Erzgebirgskreis
12.63509,50.57511,schnell,2,72,2024,Schneeberg,Landkreis Erzgebirgskreis
12.63282,50.60701,normal,2,44,2022,Schneeberg,Landkreis Erzgebirgskreis
12.63508,50.60063,normal,2,44,2022,Schneeberg,Landkreis Erzgebirgskreis
12.6242,50.6002,schnell,2,400,2026,Schneeberg,Landkreis Erzgebirgskreis
12.6242,50.6002,schnell,2,400,2026,Schneeberg,Landkreis Erzgebirgskreis
12.63592,50.59872,schnell,2,150,2022,Schneeberg,Landkreis Erzgebirgskreis
12.6274,50.60457,normal,2,44,2022,Schneeberg,Landkreis Erzgebirgskreis
12.73244,50.62114,normal,2,44,2021,Lößnitz,Landkreis Erzgebirgskreis
12.71639,50.61199,normal,2,44,2021,Lößnitz,Landkreis Erzgebirgskreis
12.72938,50.62183,normal,2,44,2021,Lößnitz,Landkreis Erzgebirgskreis
12.81547,50.63383,schnell,2,150,2025,Zwönitz,Landkreis Erzgebirgskreis
12.80536,50.63612,normal,1,11,2026,Zwönitz,Landkreis Erzgebirgskreis
12.80536,50.63612,normal,1,11,2026,Zwönitz,Landkreis Erzgebirgskreis
12.80536,50.63612,normal,1,11,2026,Zwönitz,Landkreis Erzgebirgskreis
12.8133,50.63006,schnell,2,150,2024,Zwönitz,Landkreis Erzgebirgskreis
12.81546,50.63403,normal,1,22,2024,Zwönitz,Landkreis Erzgebirgskreis
12.81546,50.63403,normal,1,22,2024,Zwönitz,Landkreis Erzgebirgskreis
12.81546,50.63403,normal,1,22,2024,Zwönitz,Landkreis Erzgebirgskreis
12.81546,50.63403,normal,1,22,2024,Zwönitz,Landkreis Erzgebirgskreis
12.81546,50.63403,normal,1,22,2024,Zwönitz,Landkreis Erzgebirgskreis
12.81546,50.63403,normal,1,22,2024,Zwönitz,Landkreis Erzgebirgskreis
12.81546,50.63403,normal,1,22,2024,Zwönitz,Landkreis Erzgebirgskreis
12.81546,50.63403,normal,1,22,2024,Zwönitz,Landkreis Erzgebirgskreis
12.81546,50.63403,normal,1,22,2024,Zwönitz,Landkreis Erzgebirgskreis
12.81546,50.63403,normal,1,22,2024,Zwönitz,Landkreis Erzgebirgskreis
12.81546,50.63403,normal,1,22,2024,Zwönitz,Landkreis Erzgebirgskreis
12.81546,50.63403,normal,1,22,2024,Zwönitz,Landkreis Erzgebirgskreis
12.81546,50.63403,normal,1,22,2024,Zwönitz,Landkreis Erzgebirgskreis
12.81546,50.63403,normal,1,22,2024,Zwönitz,Landkreis Erzgebirgskreis
12.81546,50.63403,normal,1,22,2024,Zwönitz,Landkreis Erzgebirgskreis
12.81428,50.62775,normal,2,44,2019,Zwönitz,Landkreis Erzgebirgskreis
12.81565,50.63111,normal,1,22,2024,Zwönitz,Landkreis Erzgebirgskreis
12.65653,50.60077,normal,2,44,2020,Bad Schlema,Landkreis Erzgebirgskreis
12.68204,50.6148,normal,2,33,2021,Bad Schlema,Landkreis Erzgebirgskreis
12.53925,50.50655,normal,2,33,2021,Schönheide,Landkreis Erzgebirgskreis
12.51972,50.5007,normal,1,11,2022,Schönheide,Landkreis Erzgebirgskreis
12.51311,50.51459,normal,1,11,2021,Schönheide,Landkreis Erzgebirgskreis
12.59572,50.49551,normal,2,44,2020,Eibenstock,Landkreis Erzgebirgskreis
12.59661,50.50498,normal,2,44,2022,Eibenstock,Landkreis Erzgebirgskreis
12.59663,50.50495,normal,2,44,2022,Eibenstock,Landkreis Erzgebirgskreis
12.602,50.4928,schnell,2,93,2023,Eibenstock,Landkreis Erzgebirgskreis
12.60803,50.49262,normal,2,22,2019,Eibenstock,Landkreis Erzgebirgskreis
12.6001,50.50404,normal,2,44,2024,Eibenstock,Landkreis Erzgebirgskreis
12.6001,50.50404,normal,2,44,2024,Eibenstock,Landkreis Erzgebirgskreis
12.6001,50.50404,normal,2,44,2024,Eibenstock,Landkreis Erzgebirgskreis
12.6001,50.50404,normal,2,44,2024,Eibenstock,Landkreis Erzgebirgskreis
12.6001,50.50404,normal,2,44,2024,Eibenstock,Landkreis Erzgebirgskreis
12.74249,50.56044,normal,2,44,2022,Lauter-Bernsbach,Landkreis Erzgebirgskreis
12.772,50.57618,normal,2,30,2023,Lauter-Bernsbach,Landkreis Erzgebirgskreis
12.65604,50.54792,normal,2,22,2024,Zschorlau,Landkreis Erzgebirgskreis
12.65602,50.54793,normal,2,44,2024,Zschorlau,Landkreis Erzgebirgskreis
12.64536,50.56484,normal,2,44,2019,Zschorlau,Landkreis Erzgebirgskreis
12.78256,50.53632,normal,2,22,2022,Schwarzenberg,Landkreis Erzgebirgskreis
12.78708,50.53667,normal,2,44,2021,Schwarzenberg,Landkreis Erzgebirgskreis
12.779,50.53959,schnell,3,100,2020,Schwarzenberg,Landkreis Erzgebirgskreis
12.79262,50.54644,normal,2,44,2022,Schwarzenberg,Landkreis Erzgebirgskreis
12.78393,50.54727,normal,2,22,2023,Schwarzenberg,Landkreis Erzgebirgskreis
12.79941,50.54401,normal,1,11,2023,Schwarzenberg,Landkreis Erzgebirgskreis
12.78779,50.54715,normal,2,22,2023,Schwarzenberg,Landkreis Erzgebirgskreis
12.77908,50.52308,normal,2,22,2021,Schwarzenberg,Landkreis Erzgebirgskreis
12.78424,50.55695,normal,2,44,2021,Schwarzenberg,Landkreis Erzgebirgskreis
12.76701,50.54849,normal,1,22,2023,Schwarzenberg,Landkreis Erzgebirgskreis
12.7852,50.51915,normal,2,44,2021,Schwarzenberg,Landkreis Erzgebirgskreis
12.7724,50.5541,normal,2,11,2023,Schwarzenberg,Landkreis Erzgebirgskreis
12.7684,50.5319,normal,2,30,2024,Schwarzenberg,Landkreis Erzgebirgskreis
12.77415,50.53252,normal,2,44,2021,Schwarzenberg,Landkreis Erzgebirgskreis
12.77522,50.54753,normal,2,30,2024,Schwarzenberg,Landkreis Erzgebirgskreis
12.81965,50.52754,normal,1,22,2023,Schwarzenberg,Landkreis Erzgebirgskreis
12.772,50.57618,normal,2,30,2023,Schwarzenberg,Landkreis Erzgebirgskreis
12.76794,50.53461,normal,2,30,2024,Schwarzenberg,Landkreis Erzgebirgskreis
12.77904,50.52284,normal,2,22,2025,Schwarzenberg /Erzgeb.,Landkreis Erzgebirgskreis
12.77398,50.54934,schnell,2,400,2025,Schwarzenberg /Erzgeb.,Landkreis Erzgebirgskreis
12.77398,50.54934,schnell,2,400,2025,Schwarzenberg /Erzgeb.,Landkreis Erzgebirgskreis
12.77402,50.54934,schnell,2,400,2025,Schwarzenberg /Erzgeb.,Landkreis Erzgebirgskreis
12.77395,50.54935,schnell,2,400,2025,Schwarzenberg /Erzgeb.,Landkreis Erzgebirgskreis
12.75557,50.55592,schnell,2,150,2024,Schwarzenberg /Erzgeb.,Landkreis Erzgebirgskreis
12.78595,50.53952,schnell,3,71,2025,Schwarzenberg /Erzgeb.,Landkreis Erzgebirgskreis
12.78353,50.55878,normal,2,30,2026,Schwarzenberg /Erzgeb.,Landkreis Erzgebirgskreis
12.78573,50.54157,normal,1,11,2023,Schwarzenberg/Erzgebirge,Landkreis Erzgebirgskreis
12.81167,50.58587,normal,2,22,2023,Grünhain-Beierfeld,Landkreis Erzgebirgskreis
12.71859,50.43454,normal,1,11,2024,Johanngeorgenstadt,Landkreis Erzgebirgskreis
12.71859,50.43454,normal,1,11,2025,Johanngeorgenstadt,Landkreis Erzgebirgskreis
12.73114,50.42869,schnell,1,50,2025,Johanngeorgenstadt,Landkreis Erzgebirgskreis
12.71043,50.4335,schnell,1,50,2025,Johanngeorgenstadt,Landkreis Erzgebirgskreis
12.8765,50.53377,normal,1,11,2022,Raschau-Markersbach,Landkreis Erzgebirgskreis
12.84516,50.52892,normal,2,33,2022,Raschau-Markersbach,Landkreis Erzgebirgskreis
12.83366,50.53179,normal,2,22,2023,Raschau-Markersbach,Landkreis Erzgebirgskreis
12.74474,50.45578,normal,2,22,2023,Breitenbrunn,Landkreis Erzgebirgskreis
12.88877,50.78084,normal,1,11,2022,Neukirchen,Landkreis Erzgebirgskreis
12.846,50.77795,normal,1,11,2022,Neukirchen/Erzgebirge,Landkreis Erzgebirgskreis
12.88283,50.75577,normal,1,11,2022,Neukirchen/Erzgebirge,Landkreis Erzgebirgskreis
12.9195,50.73491,normal,4,34,2024,Burkhardtsdorf,Landkreis Erzgebirgskreis
12.91721,50.7334,normal,2,34,2024,Burkhardtsdorf,Landkreis Erzgebirgskreis
12.91479,50.73432,normal,1,11,2022,Burkhardtsdorf,Landkreis Erzgebirgskreis
12.78424,50.72214,schnell,2,72,2019,Niederdorf,Landkreis Erzgebirgskreis
12.78312,50.72302,normal,3,66,2023,Niederdorf,Landkreis Erzgebirgskreis
12.78381,50.72848,normal,2,22,2019,Niederdorf,Landkreis Erzgebirgskreis
12.7787,50.72487,schnell,2,300,2021,Niederdorf,Landkreis Erzgebirgskreis
12.7787,50.72487,schnell,2,300,2021,Niederdorf,Landkreis Erzgebirgskreis
12.77883,50.72449,schnell,2,300,2022,Niederdorf,Landkreis Erzgebirgskreis
12.77883,50.72449,schnell,2,300,2022,Niederdorf,Landkreis Erzgebirgskreis
12.77883,50.72449,schnell,2,300,2022,Niederdorf,Landkreis Erzgebirgskreis
12.76148,50.71249,schnell,1,180,2021,Stollberg,Landkreis Erzgebirgskreis
12.76148,50.71249,schnell,1,180,2021,Stollberg,Landkreis Erzgebirgskreis
12.76026,50.71165,normal,2,22,2021,Stollberg,Landkreis Erzgebirgskreis
12.77761,50.71013,schnell,2,72,2023,Stollberg,Landkreis Erzgebirgskreis
12.76642,50.69965,schnell,1,175,2022,Stollberg,Landkreis Erzgebirgskreis
12.76642,50.69965,schnell,1,175,2022,Stollberg,Landkreis Erzgebirgskreis
12.76642,50.69965,schnell,1,175,2022,Stollberg,Landkreis Erzgebirgskreis
12.76642,50.69965,schnell,1,175,2022,Stollberg,Landkreis Erzgebirgskreis
12.75932,50.70757,normal,2,22,2021,Stollberg,Landkreis Erzgebirgskreis
12.75784,50.70637,schnell,3,71,2022,Stollberg /Erzgeb.,Landkreis Erzgebirgskreis
12.76279,50.71284,schnell,2,150,2023,Stollberg /Erzgeb.,Landkreis Erzgebirgskreis
12.76791,50.71357,normal,2,44,2025,Stollberg /Erzgeb.,Landkreis Erzgebirgskreis
12.78484,50.71507,normal,1,11,2022,Stollberg/Erzgeb.,Landkreis Erzgebirgskreis
12.78484,50.71507,normal,1,11,2022,Stollberg/Erzgeb.,Landkreis Erzgebirgskreis
12.76535,50.7123,normal,2,22,2023,Stollberg/Erzgeb.,Landkreis Erzgebirgskreis
12.78522,50.70632,normal,2,33,2022,Stollberg/Erzgeb.,Landkreis Erzgebirgskreis
12.71912,50.7033,normal,2,22,2025,Oelsnitz /Erzgeb.,Landkreis Erzgebirgskreis
12.6988,50.72084,normal,2,44,2019,Oelsnitz /Erzgeb.,Landkreis Erzgebirgskreis
12.71482,50.70276,normal,2,22,2023,Oelsnitz/Erzgeb.,Landkreis Erzgebirgskreis
12.69811,50.72251,normal,2,22,2023,Oelsnitz/Erzgeb.,Landkreis Erzgebirgskreis
12.71875,50.7233,normal,2,33,2022,Oelsnitz/Erzgebirge,Landkreis Erzgebirgskreis
12.71494,50.7028,normal,2,22,2022,Oelsnitz/Erzgebirge,Landkreis Erzgebirgskreis
12.70569,50.72666,normal,2,22,2022,Oelsnitz/Erzgebirge,Landkreis Erzgebirgskreis
12.73504,50.72715,normal,1,22,2022,Oelsnitz/Erzgebirge,Landkreis Erzgebirgskreis
12.73139,50.72265,normal,1,7,2022,Oelsnitz/Erzgebirge,Landkreis Erzgebirgskreis
12.85154,50.70246,normal,1,22,2019,Thalheim,Landkreis Erzgebirgskreis
12.84843,50.7,normal,1,11,2023,Thalheim,Landkreis Erzgebirgskreis
12.84843,50.7,normal,1,11,2023,Thalheim,Landkreis Erzgebirgskreis
12.84611,50.70567,normal,1,22,2024,Thalheim,Landkreis Erzgebirgskreis
12.84611,50.70567,normal,1,22,2024,Thalheim,Landkreis Erzgebirgskreis
12.74884,50.74305,schnell,2,150,2024,Lugau,Landkreis Erzgebirgskreis
12.74884,50.74305,schnell,2,150,2024,Lugau,Landkreis Erzgebirgskreis
12.748,50.74318,schnell,2,300,2025,Lugau,Landkreis Erzgebirgskreis
12.748,50.74318,schnell,2,300,2025,Lugau,Landkreis Erzgebirgskreis
12.77056,50.76028,normal,1,11,2024,Lugau,Landkreis Erzgebirgskreis
12.73748,50.76225,normal,1,11,2022,Lugau,Landkreis Erzgebirgskreis
12.74862,50.73585,normal,2,44,2019,Lugau,Landkreis Erzgebirgskreis
12.74304,50.74066,normal,1,11,2024,Lugau/Erzgeb.,Landkreis Erzgebirgskreis
12.84128,50.73359,normal,1,11,2025,Jahnsdorf /Erzgeb.,Landkreis Erzgebirgskreis
12.84388,50.73637,normal,1,11,2022,Jahnsdorf/Erzgeb,Landkreis Erzgebirgskreis
12.91363,50.68677,normal,2,34,2023,Auerbach,Landkreis Erzgebirgskreis
12.75549,50.72071,schnell,3,71,2023,Niederwürschnitz,Landkreis Erzgebirgskreis
12.75634,50.71364,normal,2,22,2022,Niederwürschnitz,Landkreis Erzgebirgskreis
12.75634,50.71364,normal,2,22,2022,Niederwürschnitz,Landkreis Erzgebirgskreis
12.75634,50.71364,normal,2,22,2022,Niederwürschnitz,Landkreis Erzgebirgskreis
13.05326,50.75842,normal,2,33,2021,Gornau/Erzgeb.,Landkreis Erzgebirgskreis
13.07278,50.74782,normal,2,44,2019,Zschopau,Landkreis Erzgebirgskreis
13.06982,50.75683,normal,2,44,2021,Zschopau,Landkreis Erzgebirgskreis
13.06969,50.74724,normal,2,44,2026,Zschopau,Landkreis Erzgebirgskreis
13.06903,50.74741,normal,2,44,2014,Zschopau,Landkreis Erzgebirgskreis
13.07123,50.7466,normal,2,44,2026,Zschopau,Landkreis Erzgebirgskreis
13.06859,50.75472,normal,2,44,2020,Zschopau,Landkreis Erzgebirgskreis
13.07311,50.75608,normal,2,44,2020,Zschopau,Landkreis Erzgebirgskreis
13.07267,50.74812,schnell,2,50,2024,Zschopau,Landkreis Erzgebirgskreis
13.0686,50.75023,schnell,2,93,2023,Zschopau,Landkreis Erzgebirgskreis
12.98064,50.71325,normal,1,22,2018,Gelenau,Landkreis Erzgebirgskreis
12.9864,50.71588,normal,2,22,2026,Gelenau,Landkreis Erzgebirgskreis
12.9864,50.71588,normal,2,22,2026,Gelenau,Landkreis Erzgebirgskreis
12.95223,50.7049,schnell,2,50,2025,Gelenau,Landkreis Erzgebirgskreis
12.93806,50.70452,normal,2,33,2021,Gelenau/Erzgeb.,Landkreis Erzgebirgskreis
12.97462,50.71064,schnell,2,72,2022,Gelenau/Erzgebirge,Landkreis Erzgebirgskreis
12.94264,50.69348,schnell,2,72,2023,Gelenau/Erzgebirge,Landkreis Erzgebirgskreis
12.98035,50.71682,schnell,2,72,2022,Gelenau/Erzgebirge,Landkreis Erzgebirgskreis
12.98766,50.71353,schnell,2,50,2022,Gelenau/Erzgebirge,Landkreis Erzgebirgskreis
12.96641,50.64953,schnell,3,150,2023,Ehrenfriedersdorf,Landkreis Erzgebirgskreis
12.97028,50.64583,normal,1,22,2016,Ehrenfriedersdorf,Landkreis Erzgebirgskreis
12.96164,50.63483,schnell,3,150,2024,Ehrenfriedersdorf,Landkreis Erzgebirgskreis
12.96797,50.64478,normal,2,44,2017,Ehrenfriedersdorf,Landkreis Erzgebirgskreis
12.92836,50.64982,normal,2,44,2023,Ehrenfriedersdorf,Landkreis Erzgebirgskreis
12.97125,50.65243,schnell,2,150,2026,Ehrenfriedersdorf,Landkreis Erzgebirgskreis
13.12399,50.67446,schnell,2,72,2023,Wolkenstein,Landkreis Erzgebirgskreis
13.07769,50.66537,normal,4,69,2024,Wolkenstein,Landkreis Erzgebirgskreis
13.06547,50.658,normal,2,44,2019,Wolkenstein,Landkreis Erzgebirgskreis
13.04908,50.65385,normal,1,11,2020,Wolkenstein,Landkreis Erzgebirgskreis
13.01363,50.67479,normal,1,11,2023,Drebach,Landkreis Erzgebirgskreis
13.01363,50.67479,normal,1,11,2023,Drebach,Landkreis Erzgebirgskreis
13.02015,50.68359,normal,1,11,2022,Drebach,Landkreis Erzgebirgskreis
13.01825,50.69633,normal,2,11,2022,Drebach,Landkreis Erzgebirgskreis
13.01825,50.67322,schnell,2,50,2024,Drebach,Landkreis Erzgebirgskreis
13.05839,50.70027,normal,2,44,2024,Drebach,Landkreis Erzgebirgskreis
13.0563,50.70293,normal,1,22,2016,Drebach,Landkreis Erzgebirgskreis
13.05618,50.70302,normal,1,11,2022,Drebach,Landkreis Erzgebirgskreis
13.01742,50.69867,schnell,1,30,2025,Drebach,Landkreis Erzgebirgskreis
13.01895,50.67377,normal,1,11,2022,Drebach,Landkreis Erzgebirgskreis
13.00567,50.74231,normal,2,44,2019,Amtsberg,Landkreis Erzgebirgskreis
13.01449,50.58601,normal,2,44,2017,Annaberg-Buchholz,Landkreis Erzgebirgskreis
12.98208,50.57941,normal,2,44,2018,Annaberg-Buchholz,Landkreis Erzgebirgskreis
13.02032,50.59692,normal,2,33,2022,Annaberg-Buchholz,Landkreis Erzgebirgskreis
13.0192,50.59864,normal,2,44,2019,Annaberg-Buchholz,Landkreis Erzgebirgskreis
13.00245,50.57995,normal,2,22,2017,Annaberg-Buchholz,Landkreis Erzgebirgskreis
12.9987,50.5769,schnell,2,200,2025,Annaberg-Buchholz,Landkreis Erzgebirgskreis
12.9987,50.5769,schnell,2,200,2025,Annaberg-Buchholz,Landkreis Erzgebirgskreis
12.99563,50.59882,normal,2,44,2022,Annaberg-Buchholz,Landkreis Erzgebirgskreis
13.01075,50.56406,normal,1,11,2023,Annaberg-Buchholz,Landkreis Erzgebirgskreis
13.01073,50.56438,normal,1,11,2023,Annaberg-Buchholz,Landkreis Erzgebirgskreis
13.01073,50.56438,normal,1,11,2023,Annaberg-Buchholz,Landkreis Erzgebirgskreis
13.01106,50.59185,schnell,2,150,2022,Annaberg-Buchholz,Landkreis Erzgebirgskreis
13.01297,50.59264,normal,2,44,2018,Annaberg-Buchholzt,Landkreis Erzgebirgskreis
13.06269,50.59967,schnell,2,150,2024,Mildenau,Landkreis Erzgebirgskreis
12.97374,50.47998,normal,2,44,2021,Sehmatal,Landkreis Erzgebirgskreis
12.97279,50.4822,normal,2,22,2025,Sehmatal-Neudorf,Landkreis Erzgebirgskreis
12.97269,50.48227,normal,2,22,2025,Sehmatal-Neudorf,Landkreis Erzgebirgskreis
12.93773,50.62508,normal,2,22,2025,Geyer,Landkreis Erzgebirgskreis
12.93773,50.62508,normal,2,22,2025,Geyer,Landkreis Erzgebirgskreis
12.92823,50.62644,normal,2,44,2023,Geyer,Landkreis Erzgebirgskreis
12.94816,50.60546,normal,2,44,2022,Tannenberg,Landkreis Erzgebirgskreis
13.0281,50.49862,schnell,2,72,2023,Bärenstein,Landkreis Erzgebirgskreis
13.02524,50.49176,normal,1,11,2023,Bärenstein,Landkreis Erzgebirgskreis
13.02524,50.49176,normal,1,11,2024,Bärenstein,Landkreis Erzgebirgskreis
12.93999,50.51168,normal,1,11,2023,Crottendorf,Landkreis Erzgebirgskreis
13.10362,50.51442,normal,2,44,2022,Jöhstadt,Landkreis Erzgebirgskreis
13.09803,50.50822,normal,2,44,2022,Jöhstadt,Landkreis Erzgebirgskreis
13.08959,50.51408,normal,2,44,2022,Jöhstadt,Landkreis Erzgebirgskreis
13.14953,50.55697,normal,2,44,2022,Jöhstadt Steinbach,Landkreis Erzgebirgskreis
12.91365,50.5469,normal,2,22,2023,Scheibenberg,Landkreis Erzgebirgskreis
12.91315,50.53884,normal,2,44,2024,Scheibenberg,Landkreis Erzgebirgskreis
12.96897,50.41929,normal,2,44,2014,Kurort Oberwiesenthal,Landkreis Erzgebirgskreis
12.96888,50.42299,schnell,1,50,2025,Kurort Oberwiesenthal,Landkreis Erzgebirgskreis
12.97021,50.42466,normal,2,22,2019,Oberwiesenthal,Landkreis Erzgebirgskreis
12.96348,50.41945,normal,2,22,2019,Oberwiesenthal,Landkreis Erzgebirgskreis
12.97043,50.43647,normal,2,11,2022,Oberwiesenthal,Landkreis Erzgebirgskreis
12.95158,50.55938,normal,2,44,2023,Schlettau,Landkreis Erzgebirgskreis
12.94993,50.61152,normal,2,44,2023,Schlettau,Landkreis Erzgebirgskreis
12.95232,50.55859,normal,2,44,2023,Schlettau,Landkreis Erzgebirgskreis
12.95232,50.55859,normal,2,44,2023,Schlettau,Landkreis Erzgebirgskreis
12.94905,50.55514,normal,1,11,2023,Schlettau,Landkreis Erzgebirgskreis
12.9607,50.55862,schnell,3,300,2025,Schlettau,Landkreis Erzgebirgskreis
13.00856,50.63348,normal,2,44,2023,Neundorf,Landkreis Erzgebirgskreis
12.98245,50.61904,normal,2,22,2022,Schönfeld,Landkreis Erzgebirgskreis
13.04559,50.61995,normal,1,22,2016,Thermalbad Wiesenbad,Landkreis Erzgebirgskreis
13.04474,50.62046,normal,2,44,2022,Thermalbad Wiesenbad,Landkreis Erzgebirgskreis
13.04474,50.62046,normal,2,44,2022,Thermalbad Wiesenbad,Landkreis Erzgebirgskreis
13.1592,50.65271,normal,2,44,2016,Marienberg,Landkreis Erzgebirgskreis
13.29849,50.59855,normal,1,11,2022,Marienberg,Landkreis Erzgebirgskreis
13.15174,50.65984,normal,2,33,2021,Marienberg,Landkreis Erzgebirgskreis
13.16075,50.65104,normal,1,11,2024,Marienberg,Landkreis Erzgebirgskreis
13.16113,50.65234,normal,2,22,2021,Marienberg,Landkreis Erzgebirgskreis
13.23562,50.64071,normal,1,11,2021,Marienberg OT Pobershau,Landkreis Erzgebirgskreis
13.17538,50.71089,normal,4,88,2021,Pockau-Lengefeld,Landkreis Erzgebirgskreis
13.3522,50.65217,normal,2,33,2021,Olbernhau,Landkreis Erzgebirgskreis
13.3425,50.6587,normal,1,22,2020,Olbernhau,Landkreis Erzgebirgskreis
13.33325,50.66164,normal,1,22,2024,Olbernhau,Landkreis Erzgebirgskreis
13.33325,50.66164,schnell,2,50,2023,Olbernhau,Landkreis Erzgebirgskreis
13.35126,50.6511,schnell,2,50,2026,Olbernhau,Landkreis Erzgebirgskreis
13.36773,50.64927,normal,2,30,2018,Olbernhau,Landkreis Erzgebirgskreis
13.33013,50.66204,schnell,2,400,2025,Olbernhau,Landkreis Erzgebirgskreis
13.32624,50.66767,normal,1,11,2022,Olbernhau,Landkreis Erzgebirgskreis
13.35397,50.65204,schnell,2,180,2025,Olbernhau,Landkreis Erzgebirgskreis
13.35368,50.65178,schnell,2,60,2025,Olbernhau,Landkreis Erzgebirgskreis
13.33567,50.66021,normal,2,30,2020,Olbernhau,Landkreis Erzgebirgskreis
13.44825,50.64844,normal,2,44,2019,Kurort Seiffen,Landkreis Erzgebirgskreis
13.44501,50.6544,normal,2,22,2023,Kurort Seiffen,Landkreis Erzgebirgskreis
14.64693,51.07388,normal,2,22,2024,Großschweidnitz,Landkreis Görlitz
14.64693,51.07388,normal,2,22,2024,Großschweidnitz,Landkreis Görlitz
14.6758,51.0278,normal,2,44,2020,Kottmar OT Obercunnersdorf,Landkreis Görlitz
14.6758,51.0278,normal,2,44,2020,Kottmar OT Obercunnersdorf,Landkreis Görlitz
14.65527,51.10726,normal,2,22,2018,Löbau,Landkreis Görlitz
14.6638,51.09727,schnell,2,72,2023,Löbau,Landkreis Görlitz
14.66404,51.09558,normal,2,30,2021,Löbau,Landkreis Görlitz
14.66433,51.08635,schnell,1,44,2026,Löbau,Landkreis Görlitz
14.66115,51.08306,schnell,3,72,2025,Löbau,Landkreis Görlitz
14.67028,51.10303,schnell,1,175,2023,Löbau,Landkreis Görlitz
14.67028,51.10303,schnell,1,175,2023,Löbau,Landkreis Görlitz
14.67981,51.07535,normal,4,22,2023,Löbau,Landkreis Görlitz
14.66351,51.09372,schnell,1,44,2026,Löbau,Landkreis Görlitz
14.67804,51.10566,normal,2,22,2023,Löbau,Landkreis Görlitz
14.71,51.10341,normal,1,22,2024,Löbau,Landkreis Görlitz
14.71,51.10341,normal,1,22,2024,Löbau,Landkreis Görlitz
14.68763,51.10887,normal,2,30,2023,Löbau,Landkreis Görlitz
14.67173,51.08529,schnell,4,150,2019,Löbau,Landkreis Görlitz
14.61006,50.98181,schnell,2,72,2023,Ebersbach-Neugersdorf,Landkreis Görlitz
14.59785,50.97257,normal,1,11,2021,Neugersdorf,Landkreis Görlitz
14.61681,51.00099,schnell,3,175,2019,Ebersbach-Neugersdorf,Landkreis Görlitz
14.61599,50.99861,schnell,2,99,2023,Ebersbach-Neugersdorf,Landkreis Görlitz
14.58289,51.00965,normal,2,30,2022,Ebersbach-Neugersdorf,Landkreis Görlitz
14.60724,50.99002,normal,2,22,2023,Ebersbach-Neugersdorf,Landkreis Görlitz
14.59422,51.01003,normal,1,11,2023,Ebersbach-Neugersdorf,Landkreis Görlitz
14.59427,51.01012,normal,1,11,2023,Ebersbach-Neugersdorf,Landkreis Görlitz
14.6477,50.99255,normal,2,30,2021,Eibau,Landkreis Görlitz
14.53054,51.03753,normal,2,44,2016,Neusalza-Spremberg,Landkreis Görlitz
14.74766,51.0131,normal,2,22,2026,Herrnhut,Landkreis Görlitz
14.82419,51.04789,normal,2,30,2019,Bernstadt a. d. Eigen,Landkreis Görlitz
14.48,50.915,normal,1,22,2026,Eckartsberg,Landkreis Görlitz
14.80389,50.93634,normal,1,22,2022,Oberseifersdorf,Landkreis Görlitz
14.80493,50.89488,normal,2,44,2016,Zittau,Landkreis Görlitz
14.80373,50.89327,normal,1,22,2023,Zittau,Landkreis Görlitz
14.80373,50.89327,normal,1,22,2023,Zittau,Landkreis Görlitz
14.84384,50.90905,normal,1,11,2023,Zittau,Landkreis Görlitz
14.80833,50.89598,schnell,2,72,2023,Zittau,Landkreis Görlitz
14.79785,50.8942,normal,2,44,2024,Zittau,Landkreis Görlitz
14.80916,50.8878,normal,2,44,2022,Zittau,Landkreis Görlitz
14.80677,50.90253,normal,2,44,2023,Zittau,Landkreis Görlitz
14.80668,50.89311,normal,2,43,2019,Zittau,Landkreis Görlitz
14.79364,50.89419,normal,2,44,2023,Zittau,Landkreis Görlitz
14.8066,50.9084,schnell,2,150,2020,Zittau,Landkreis Görlitz
14.81009,50.89632,normal,2,44,2023,Zittau,Landkreis Görlitz
14.80773,50.89418,normal,2,44,2024,Zittau,Landkreis Görlitz
14.81219,50.90939,normal,2,44,2021,Zittau,Landkreis Görlitz
14.79373,50.89883,normal,2,22,2022,Zittau,Landkreis Görlitz
14.79584,50.8974,normal,2,33,2021,Zittau,Landkreis Görlitz
14.78493,50.89859,schnell,2,150,2023,Zittau,Landkreis Görlitz
14.7809,50.8988,schnell,2,150,2025,Zittau,Landkreis Görlitz
14.7809,50.8988,schnell,2,150,2025,Zittau,Landkreis Görlitz
14.79825,50.89806,normal,2,44,2023,Zittau,Landkreis Görlitz
14.65947,50.89679,normal,2,30,2019,Großschönau,Landkreis Görlitz
14.65865,50.88744,normal,2,33,2021,Großschönau,Landkreis Görlitz
14.6709,50.88081,normal,2,30,2019,Großschönau,Landkreis Görlitz
14.60744,50.93529,normal,1,11,2022,Seifhennersdorf,Landkreis Görlitz
14.61044,50.93467,normal,2,30,2022,Seifhennersdorf,Landkreis Görlitz
14.77144,50.89415,normal,2,22,2022,Olbersdorf,Landkreis Görlitz
14.76532,50.87125,normal,2,44,2023,Olbersdorf,Landkreis Görlitz
14.87672,50.97807,normal,1,11,2024,Zittau,Landkreis Görlitz
14.73194,50.95025,normal,2,30,2022,Oderwitz,Landkreis Görlitz
14.64977,50.96316,normal,1,22,2025,Leutersdorf,Landkreis Görlitz
14.69167,50.85053,normal,2,44,2021,Kurort Jonsdorf,Landkreis Görlitz
14.74434,50.84185,normal,2,33,2019,Kurort Oybin,Landkreis Görlitz
14.98972,51.15789,schnell,2,70,2020,Görlitz,Landkreis Görlitz
14.98543,51.15002,normal,2,44,2020,Görlitz,Landkreis Görlitz
14.97656,51.14133,normal,2,44,2020,Görlitz,Landkreis Görlitz
14.98863,51.14039,normal,2,44,2020,Görlitz,Landkreis Görlitz
14.96938,51.16286,normal,2,44,2022,Görlitz,Landkreis Görlitz
14.98961,51.15395,schnell,2,70,2022,Görlitz,Landkreis Görlitz
14.99743,51.14929,schnell,2,70,2022,Görlitz,Landkreis Görlitz
14.94336,51.14318,normal,2,44,2024,Görlitz,Landkreis Görlitz
14.98554,51.14992,normal,2,44,2024,Görlitz,Landkreis Görlitz
14.989,51.15845,normal,2,11,2023,Görlitz,Landkreis Görlitz
14.989,51.15845,normal,2,11,2023,Görlitz,Landkreis Görlitz
14.989,51.15845,normal,2,11,2023,Görlitz,Landkreis Görlitz
14.96837,51.15508,schnell,2,150,2022,Görlitz,Landkreis Görlitz
14.96837,51.15508,schnell,2,300,2022,Görlitz,Landkreis Görlitz
14.98915,51.15384,normal,2,44,2025,Görlitz,Landkreis Görlitz
14.98901,51.15383,normal,2,44,2025,Görlitz,Landkreis Görlitz
14.98446,51.15492,normal,2,44,2020,Görlitz,Landkreis Görlitz
14.98479,51.15506,normal,2,44,2024,Görlitz,Landkreis Görlitz
14.98387,51.14588,schnell,1,175,2023,Görlitz,Landkreis Görlitz
14.98387,51.14588,schnell,1,175,2023,Görlitz,Landkreis Görlitz
14.97964,51.12224,normal,2,44,2022,Görlitz,Landkreis Görlitz
14.95027,51.14732,normal,2,44,2022,Görlitz,Landkreis Görlitz
14.94692,51.14246,normal,2,44,2023,Görlitz,Landkreis Görlitz
14.9495,51.13979,normal,1,11,2024,Görlitz,Landkreis Görlitz
15.0,51.0,normal,1,22,2026,Görlitz,Landkreis Görlitz
14.94954,51.1506,normal,2,22,2024,Görlitz,Landkreis Görlitz
14.94954,51.1506,normal,2,22,2024,Görlitz,Landkreis Görlitz
14.9498,51.13954,normal,1,11,2022,Görlitz,Landkreis Görlitz
14.9498,51.13954,normal,1,11,2022,Görlitz,Landkreis Görlitz
14.9498,51.13954,normal,1,11,2022,Görlitz,Landkreis Görlitz
14.9596,51.07475,normal,3,22,2024,Görlitz,Landkreis Görlitz
14.98282,51.12689,schnell,3,77,2024,Görlitz,Landkreis Görlitz
14.95062,51.14784,schnell,3,71,2023,Görlitz,Landkreis Görlitz
14.97937,51.14753,schnell,2,172,2019,Görlitz,Landkreis Görlitz
14.96746,51.17358,normal,2,33,2022,Görlitz,Landkreis Görlitz
14.98373,51.17034,normal,2,44,2024,Görlitz,Landkreis Görlitz
14.96505,51.17735,normal,2,33,2021,Görlitz,Landkreis Görlitz
14.96261,51.18362,schnell,3,175,2019,Görlitz,Landkreis Görlitz
14.96203,51.18403,normal,2,22,2018,Görlitz,Landkreis Görlitz
14.96969,51.17017,schnell,2,93,2018,Görlitz,Landkreis Görlitz
14.99947,51.20285,schnell,2,100,2023,Görlitz,Landkreis Görlitz
14.95805,51.19086,schnell,2,300,2022,Görlitz,Landkreis Görlitz
14.95805,51.19086,schnell,2,150,2022,Görlitz,Landkreis Görlitz
14.95805,51.19086,normal,2,22,2022,Görlitz,Landkreis Görlitz
14.85013,51.12235,normal,1,11,2025,Markersdorf,Landkreis Görlitz
14.78053,51.11853,normal,1,11,2024,Sohland am Rotstein,Landkreis Görlitz
14.78053,51.11853,normal,1,11,2024,Sohland am Rotstein,Landkreis Görlitz
14.77553,51.20185,normal,1,11,2018,Vierkirchen,Landkreis Görlitz
14.9329,51.01517,schnell,2,72,2022,Ostritz,Landkreis Görlitz
14.92735,51.06923,normal,2,30,2020,Schönau-Berzdorf,Landkreis Görlitz
14.66173,51.25479,normal,1,22,2022,Hohendubrau,Landkreis Görlitz
14.82225,51.29339,schnell,3,150,2019,Niesky,Landkreis Görlitz
14.81856,51.28697,schnell,2,50,2024,Niesky,Landkreis Görlitz
14.81946,51.28671,schnell,2,150,2023,Niesky,Landkreis Görlitz
14.82883,51.29324,normal,2,44,2023,Niesky,Landkreis Görlitz
14.83856,51.34477,normal,1,22,2023,Hähnichen,Landkreis Görlitz
14.93376,51.29431,normal,1,11,2018,Horka,Landkreis Görlitz
14.90227,51.22582,schnell,2,300,2021,Kodersdorf,Landkreis Görlitz
14.90227,51.22582,schnell,2,300,2021,Kodersdorf,Landkreis Görlitz
14.88988,51.2444,normal,2,30,2024,Kodersdorf,Landkreis Görlitz
14.96378,51.33503,normal,2,30,2026,Rothenburg,Landkreis Görlitz
14.97013,51.33483,normal,2,22,2025,Rothenburg /O.L.,Landkreis Görlitz
14.96459,51.3561,normal,2,30,2024,Rothenburg /O.L.,Landkreis Görlitz
14.97055,51.3356,schnell,2,72,2020,Rothenburg /O.L.,Landkreis Görlitz
14.60277,51.4312,normal,2,44,2025,Boxberg /O.L.,Landkreis Görlitz
14.56278,51.36045,normal,2,30,2021,Boxberg /O.L.,Landkreis Görlitz
14.57341,51.39635,normal,2,44,2020,Boxberg /O.L.,Landkreis Görlitz
14.63474,51.49928,normal,2,44,2020,Weißwasser,Landkreis Görlitz
14.6386,51.49463,schnell,2,72,2023,Weißwasser,Landkreis Görlitz
14.63419,51.49877,schnell,2,400,2025,Weißwasser /O.L.,Landkreis Görlitz
14.63419,51.49877,schnell,2,400,2025,Weißwasser /O.L.,Landkreis Görlitz
14.4,51.3,normal,1,22,2026,Weißwasser /O.L.,Landkreis Görlitz
14.64087,51.50711,normal,2,44,2020,Weißwasser /O.L.,Landkreis Görlitz
14.64054,51.5061,normal,1,22,2025,Weißwasser /O.L.,Landkreis Görlitz
14.64578,51.50556,normal,2,44,2016,Weißwasser /O.L.,Landkreis Görlitz
14.63698,51.50331,schnell,3,150,2020,Weißwasser /O.L.,Landkreis Görlitz
14.63048,51.50179,normal,2,44,2021,Weißwasser /O.L.,Landkreis Görlitz
14.64976,51.51125,normal,2,44,2021,Weißwasser /O.L.,Landkreis Görlitz
14.62321,51.49821,schnell,2,160,2021,Weißwasser/O.L.,Landkreis Görlitz
14.62321,51.49821,schnell,2,300,2021,Weißwasser/O.L.,Landkreis Görlitz
14.63573,51.50064,normal,2,33,2022,Weißwasser/Oberlausitz,Landkreis Görlitz
14.64453,51.50833,normal,2,44,2023,Weißwasser/Oberlausitz,Landkreis Görlitz
14.70897,51.55629,normal,3,11,2023,Bad Muskai,Landkreis Görlitz
14.72241,51.54476,normal,2,44,2019,Bad Muskau,Landkreis Görlitz
14.63108,51.53745,normal,2,44,2023,Gablenz-Kromlau,Landkreis Görlitz
14.78842,51.40371,normal,2,30,2020,Rietschen,Landkreis Görlitz
14.71863,51.51256,normal,2,44,2020,Krauschwitz i.d. O.L.,Landkreis Görlitz
14.52873,51.53532,schnell,2,50,2026,Schleife,Landkreis Görlitz
12.72626,51.25595,schnell,2,300,2022,Grimma,Landkreis Leipzig
12.72626,51.25595,schnell,2,300,2022,Grimma,Landkreis Leipzig
12.35992,51.26274,normal,2,22,2025,Markkleeberg,Landkreis Leipzig
12.35992,51.26274,normal,2,22,2025,Markkleeberg,Landkreis Leipzig
12.39913,51.27147,normal,2,44,2019,Markkleeberg,Landkreis Leipzig
12.42555,51.25625,normal,2,44,2019,Markkleeberg,Landkreis Leipzig
12.37698,51.28019,normal,2,44,2018,Markkleeberg,Landkreis Leipzig
12.42885,51.2836,normal,2,44,2020,Markkleeberg,Landkreis Leipzig
12.36351,51.28348,normal,2,22,2021,Markkleeberg,Landkreis Leipzig
12.4272,51.28468,schnell,2,150,2025,Markkleeberg,Landkreis Leipzig
12.4272,51.28468,schnell,2,150,2025,Markkleeberg,Landkreis Leipzig
12.4272,51.28468,schnell,2,150,2025,Markkleeberg,Landkreis Leipzig
12.4272,51.28468,schnell,2,300,2025,Markkleeberg,Landkreis Leipzig
12.4272,51.28468,schnell,2,150,2025,Markkleeberg,Landkreis Leipzig
12.4272,51.28468,schnell,3,150,2025,Markkleeberg,Landkreis Leipzig
12.4272,51.28468,schnell,2,150,2025,Markkleeberg,Landkreis Leipzig
12.4272,51.28468,schnell,3,150,2025,Markkleeberg,Landkreis Leipzig
12.42885,51.2836,normal,2,22,2025,Markkleeberg,Landkreis Leipzig
12.42847,51.28482,schnell,2,150,2025,Markkleeberg,Landkreis Leipzig
12.42837,51.28481,schnell,2,300,2025,Markkleeberg,Landkreis Leipzig
12.42841,51.28482,schnell,2,300,2025,Markkleeberg,Landkreis Leipzig
12.42894,51.26042,normal,2,30,2022,Markkleeberg,Landkreis Leipzig
12.36959,51.28294,schnell,2,150,2024,Markkleeberg,Landkreis Leipzig
12.42527,51.28184,normal,2,44,2022,Markkleeberg,Landkreis Leipzig
12.42527,51.28184,normal,1,22,2022,Markkleeberg,Landkreis Leipzig
12.36646,51.27487,normal,1,11,2019,Markkleeberg,Landkreis Leipzig
12.42806,51.2813,normal,2,30,2012,Markkleeberg,Landkreis Leipzig
12.36933,51.28432,normal,2,44,2014,Markkleeberg,Landkreis Leipzig
12.37207,51.27853,normal,1,22,2017,Markkleeberg,Landkreis Leipzig
12.38271,51.25459,normal,1,11,2022,Markkleeberg,Landkreis Leipzig
12.36586,51.28606,schnell,2,400,2025,Markkleeberg,Landkreis Leipzig
12.36586,51.28606,schnell,2,400,2025,Markkleeberg,Landkreis Leipzig
12.36586,51.28606,schnell,2,300,2025,Markkleeberg,Landkreis Leipzig
12.43035,51.27654,normal,2,30,2022,Markkleeberg,Landkreis Leipzig
12.37699,51.2723,schnell,2,300,2024,Markkleeberg,Landkreis Leipzig
12.37692,51.27231,schnell,2,300,2024,Markkleeberg,Landkreis Leipzig
12.37688,51.27234,schnell,2,300,2024,Markkleeberg,Landkreis Leipzig
12.37679,51.27235,schnell,2,300,2024,Markkleeberg,Landkreis Leipzig
12.37675,51.27236,schnell,2,300,2024,Markkleeberg,Landkreis Leipzig
12.37856,51.27054,normal,2,33,2021,Markkleeberg,Landkreis Leipzig
12.3564,51.2731,schnell,3,150,2026,Markkleeberg,Landkreis Leipzig
12.3564,51.2731,schnell,2,50,2026,Markkleeberg,Landkreis Leipzig
12.42381,51.28469,normal,1,22,2019,Markkleeberg,Landkreis Leipzig
12.19462,51.28731,normal,2,33,2022,Markranstädt,Landkreis Leipzig
12.16918,51.32452,schnell,2,400,2026,Markranstädt,Landkreis Leipzig
12.16924,51.32459,schnell,2,400,2026,Markranstädt,Landkreis Leipzig
12.16929,51.32465,schnell,2,400,2026,Markranstädt,Landkreis Leipzig
12.22081,51.30206,schnell,2,72,2019,Markranstädt,Landkreis Leipzig
12.2148,51.31256,schnell,2,150,2023,Markranstädt,Landkreis Leipzig
12.21487,51.31257,schnell,2,150,2023,Markranstädt,Landkreis Leipzig
12.21499,51.31259,schnell,2,50,2023,Markranstädt,Landkreis Leipzig
12.21499,51.31259,schnell,2,50,2023,Markranstädt,Landkreis Leipzig
12.21499,51.31259,schnell,2,50,2023,Markranstädt,Landkreis Leipzig
12.22089,51.30202,schnell,2,72,2019,Markranstädt,Landkreis Leipzig
12.3344,51.2338,normal,2,44,2014,Zwenkau,Landkreis Leipzig
12.33453,51.23378,schnell,2,72,2020,Zwenkau,Landkreis Leipzig
12.3282,51.20513,normal,2,22,2023,Zwenkau,Landkreis Leipzig
12.3282,51.20513,normal,2,22,2023,Zwenkau,Landkreis Leipzig
12.33576,51.23373,normal,1,11,2024,Zwenkau,Landkreis Leipzig
12.33576,51.23373,normal,2,22,2024,Zwenkau,Landkreis Leipzig
12.33549,51.20809,normal,2,22,2026,Zwenkau,Landkreis Leipzig
12.54042,51.34683,normal,1,22,2016,Borsdorf,Landkreis Leipzig
12.54241,51.35446,schnell,2,72,2019,Borsdorf,Landkreis Leipzig
12.54494,51.34579,normal,1,22,2018,Borsdorf,Landkreis Leipzig
12.50887,51.35178,normal,1,11,2021,Borsdorf,Landkreis Leipzig
12.53979,51.34696,normal,2,22,2017,Borsdorf,Landkreis Leipzig
12.54509,51.35234,normal,2,22,2023,Borsdorf,Landkreis Leipzig
12.54161,51.34634,normal,1,22,2024,Borsdorf,Landkreis Leipzig
12.54161,51.34634,normal,1,22,2024,Borsdorf,Landkreis Leipzig
12.54161,51.34634,normal,1,22,2024,Borsdorf,Landkreis Leipzig
12.54161,51.34634,normal,1,22,2024,Borsdorf,Landkreis Leipzig
12.54161,51.34634,normal,1,22,2024,Borsdorf,Landkreis Leipzig
12.54161,51.34634,normal,1,22,2024,Borsdorf,Landkreis Leipzig
12.5444,51.3518,schnell,2,50,2025,Borsdorf,Landkreis Leipzig
12.49877,51.26725,schnell,2,150,2022,Großpösna,Landkreis Leipzig
12.49877,51.26725,schnell,2,150,2022,Großpösna,Landkreis Leipzig
12.49877,51.26725,schnell,2,300,2022,Großpösna,Landkreis Leipzig
12.49877,51.26725,schnell,2,300,2022,Großpösna,Landkreis Leipzig
12.47704,51.24547,normal,2,44,2025,Großpösna,Landkreis Leipzig
12.47028,51.24503,normal,2,44,2024,Großpösna,Landkreis Leipzig
12.23854,51.14816,normal,2,22,2025,Elstertrebnitz,Landkreis Leipzig
12.22978,51.13893,normal,2,20,2024,Elstertrebnitz,Landkreis Leipzig
12.26278,51.16466,normal,2,44,2019,Pegau,Landkreis Leipzig
12.24218,51.1673,normal,2,44,2025,Pegau,Landkreis Leipzig
12.24218,51.1673,normal,2,44,2025,Pegau,Landkreis Leipzig
12.24218,51.1673,normal,2,44,2025,Pegau,Landkreis Leipzig
12.24218,51.1673,normal,2,44,2025,Pegau,Landkreis Leipzig
12.24218,51.1673,normal,2,44,2025,Pegau,Landkreis Leipzig
12.26671,51.16587,schnell,2,72,2024,Pegau,Landkreis Leipzig
12.26768,51.16622,schnell,2,150,2024,Pegau,Landkreis Leipzig
12.26768,51.16622,schnell,2,150,2024,Pegau,Landkreis Leipzig
12.22541,51.22104,normal,2,30,2025,Pegau,Landkreis Leipzig
12.25362,51.16649,normal,2,44,2019,Pegau,Landkreis Leipzig
12.24704,51.16825,normal,3,33,2022,Pegau,Landkreis Leipzig
12.24704,51.16825,normal,3,33,2023,Pegau,Landkreis Leipzig
12.26408,51.16483,schnell,2,300,2023,Pegau,Landkreis Leipzig
12.26402,51.16489,schnell,2,300,2023,Pegau,Landkreis Leipzig
12.26452,51.16525,normal,2,33,2021,Pegau,Landkreis Leipzig
12.28605,51.15228,schnell,3,150,2020,Groitzsch,Landkreis Leipzig
12.28798,51.14661,schnell,2,150,2025,Groitzsch,Landkreis Leipzig
12.28798,51.14661,schnell,2,150,2025,Groitzsch,Landkreis Leipzig
12.48734,51.11801,normal,2,11,2018,Borna,Landkreis Leipzig
12.49777,51.1225,normal,2,11,2018,Borna,Landkreis Leipzig
12.49965,51.12817,normal,2,22,2018,Borna,Landkreis Leipzig
12.50387,51.1352,normal,2,22,2018,Borna,Landkreis Leipzig
12.48954,51.12572,normal,1,11,2025,Borna,Landkreis Leipzig
12.49467,51.11942,normal,2,44,2026,Borna,Landkreis Leipzig
12.48809,51.12224,schnell,3,71,2023,Borna,Landkreis Leipzig
12.51552,51.10808,normal,2,22,2022,Borna,Landkreis Leipzig
12.51534,51.10822,normal,2,22,2023,Borna,Landkreis Leipzig
12.48497,51.11474,normal,2,11,2018,Borna,Landkreis Leipzig
12.4861,51.11458,schnell,2,150,2023,Borna,Landkreis Leipzig
12.49269,51.12425,schnell,2,180,2025,Borna,Landkreis Leipzig
12.49259,51.12423,schnell,2,180,2025,Borna,Landkreis Leipzig
12.49402,51.1249,normal,2,22,2023,Borna,Landkreis Leipzig
12.48858,51.11186,schnell,2,93,2018,Borna,Landkreis Leipzig
12.48941,51.11129,normal,1,22,2021,Borna,Landkreis Leipzig
12.51603,51.10253,normal,2,44,2026,Borna,Landkreis Leipzig
12.49601,51.11676,normal,2,44,2026,Borna,Landkreis Leipzig
12.50655,51.12743,normal,2,33,2022,Borna,Landkreis Leipzig
12.50642,51.12722,normal,2,22,2025,Borna,Landkreis Leipzig
12.35228,51.18827,normal,2,22,2023,Böhlen,Landkreis Leipzig
12.35235,51.18827,normal,2,22,2023,Böhlen,Landkreis Leipzig
12.35244,51.18829,normal,2,22,2023,Böhlen,Landkreis Leipzig
12.35255,51.1883,normal,2,22,2023,Böhlen,Landkreis Leipzig
12.35266,51.18831,normal,2,22,2023,Böhlen,Landkreis Leipzig
12.38264,51.20303,normal,2,44,2026,Böhlen,Landkreis Leipzig
12.38633,51.20403,normal,2,44,2026,Böhlen,Landkreis Leipzig
12.38508,51.20391,normal,1,11,2022,Böhlen,Landkreis Leipzig
12.38232,51.2289,normal,1,11,2022,Böhlen,Landkreis Leipzig
12.39605,51.19814,normal,2,33,2022,Böhlen,Landkreis Leipzig
12.39053,51.19905,schnell,2,150,2026,Böhlen,Landkreis Leipzig
12.44402,51.09086,normal,2,33,2023,Regis-Breitingen,Landkreis Leipzig
12.55062,51.16354,normal,2,44,2014,Kitzscher,Landkreis Leipzig
12.4526,51.17633,normal,1,11,2024,Neukieritzsch,Landkreis Leipzig
12.46461,51.19163,normal,1,11,2025,Rötha,Landkreis Leipzig
12.41148,51.15196,normal,2,44,2014,Neukieritzsch,Landkreis Leipzig
12.44336,51.15754,schnell,1,50,2026,Neukieritzsch,Landkreis Leipzig
12.68834,51.05485,normal,2,22,2024,Geithain,Landkreis Leipzig
12.68834,51.05485,schnell,2,72,2024,Geithain,Landkreis Leipzig
12.67339,51.05224,normal,2,22,2024,Geithain,Landkreis Leipzig
12.68034,51.05895,normal,2,30,2024,Geithain,Landkreis Leipzig
12.68037,51.05888,normal,2,22,2024,Geithain,Landkreis Leipzig
12.69577,51.05854,normal,2,22,2024,Geithain,Landkreis Leipzig
12.69577,51.05854,normal,2,22,2024,Geithain,Landkreis Leipzig
12.69577,51.05854,schnell,2,72,2024,Geithain,Landkreis Leipzig
12.6545,51.14352,normal,2,44,2019,Bad Lausick,Landkreis Leipzig
12.6576,51.14981,normal,2,11,2026,Bad Lausick,Landkreis Leipzig
12.66221,51.15998,normal,1,11,2023,Bad Lausick,Landkreis Leipzig
12.55958,51.01585,normal,2,44,2021,Frohburg,Landkreis Leipzig
12.60044,51.0078,normal,1,11,2023,Frohburg,Landkreis Leipzig
12.70525,51.26075,schnell,2,98,2023,Grimma,Landkreis Leipzig
12.70811,51.26194,schnell,2,98,2023,Grimma,Landkreis Leipzig
12.70789,51.26195,schnell,2,93,2017,Grimma,Landkreis Leipzig
12.7058,51.26067,schnell,2,93,2017,Grimma,Landkreis Leipzig
12.72496,51.23477,normal,2,11,2023,Grimma,Landkreis Leipzig
12.72496,51.23477,normal,2,11,2023,Grimma,Landkreis Leipzig
12.72496,51.23477,normal,1,22,2023,Grimma,Landkreis Leipzig
12.72496,51.23477,normal,1,22,2023,Grimma,Landkreis Leipzig
12.72496,51.23477,normal,1,22,2023,Grimma,Landkreis Leipzig
12.72496,51.23477,normal,1,22,2023,Grimma,Landkreis Leipzig
12.72496,51.23477,normal,1,22,2023,Grimma,Landkreis Leipzig
12.72496,51.23477,normal,1,22,2023,Grimma,Landkreis Leipzig
12.72496,51.23477,normal,2,11,2023,Grimma,Landkreis Leipzig
12.72496,51.23477,normal,2,11,2023,Grimma,Landkreis Leipzig
12.75153,51.20128,normal,1,11,2023,Grimma,Landkreis Leipzig
12.72723,51.25534,schnell,2,93,2018,Grimma,Landkreis Leipzig
12.71907,51.22559,normal,2,44,2017,Grimma,Landkreis Leipzig
12.70898,51.21413,normal,2,22,2025,Grimma,Landkreis Leipzig
12.7263,51.25588,schnell,2,300,2023,Grimma,Landkreis Leipzig
12.7263,51.25588,schnell,2,300,2023,Grimma,Landkreis Leipzig
12.7263,51.25588,schnell,2,300,2023,Grimma,Landkreis Leipzig
12.7263,51.25588,schnell,2,300,2023,Grimma,Landkreis Leipzig
12.72703,51.23388,normal,2,44,2022,Grimma,Landkreis Leipzig
12.72117,51.2333,schnell,4,150,2020,Grimma,Landkreis Leipzig
12.70586,51.23664,normal,2,44,2023,Grimma,Landkreis Leipzig
12.70586,51.23664,normal,2,44,2023,Grimma,Landkreis Leipzig
12.70591,51.23307,schnell,2,150,2022,Grimma,Landkreis Leipzig
12.70591,51.23307,schnell,2,300,2022,Grimma,Landkreis Leipzig
12.73762,51.25647,normal,2,44,2014,Grimma,Landkreis Leipzig
12.73723,51.25639,schnell,2,200,2025,Grimma,Landkreis Leipzig
12.70608,51.23126,normal,2,33,2021,Grimma,Landkreis Leipzig
12.7286,51.23689,normal,2,44,2022,Grimma,Landkreis Leipzig
12.61831,51.23945,normal,1,11,2021,Parthenstein,Landkreis Leipzig
12.80636,51.12944,normal,2,44,2019,Colditz,Landkreis Leipzig
12.80396,51.12948,schnell,3,70,2025,Colditz,Landkreis Leipzig
12.80673,51.10203,normal,2,11,2024,Colditz,Landkreis Leipzig
12.79092,51.13156,normal,2,44,2025,Colditz,Landkreis Leipzig
12.83206,51.11911,normal,2,44,2025,Colditz,Landkreis Leipzig
12.79255,51.13639,normal,1,11,2021,Colditz,Landkreis Leipzig
12.79255,51.13633,normal,2,33,2022,Colditz,Landkreis Leipzig
12.58876,51.27788,normal,2,44,2019,Naunhof,Landkreis Leipzig
12.59226,51.27511,normal,1,22,2022,Naunhof,Landkreis Leipzig
12.59252,51.27896,schnell,2,50,2025,Naunhof,Landkreis Leipzig
12.59252,51.27896,schnell,2,50,2025,Naunhof,Landkreis Leipzig
12.59181,51.27875,normal,1,11,2022,Naunhof,Landkreis Leipzig
12.58597,51.27616,schnell,3,150,2020,Naunhof,Landkreis Leipzig
12.5887,51.2822,schnell,2,50,2025,Naunhof,Landkreis Leipzig
12.57489,51.29125,normal,2,22,2022,Naunhof,Landkreis Leipzig
12.57489,51.29125,normal,2,22,2022,Naunhof,Landkreis Leipzig
12.7642,51.28066,normal,2,17,2025,Trebsen /Mulde,Landkreis Leipzig
12.76417,51.2807,normal,2,17,2025,Trebsen /Mulde,Landkreis Leipzig
12.75825,51.28794,normal,1,11,2023,Trebsen/Mulde,Landkreis Leipzig
12.82155,51.39708,normal,2,33,2021,Lossatal,Landkreis Leipzig
12.87205,51.39884,normal,2,44,2019,Lossatal,Landkreis Leipzig
12.68397,51.4323,normal,1,11,2023,Thallwitz,Landkreis Leipzig
12.68372,51.43206,normal,2,44,2019,Thallwitz,Landkreis Leipzig
12.79809,51.31455,schnell,2,50,2023,Wurzen,Landkreis Leipzig
12.72561,51.3848,schnell,2,50,2025,Wurzen,Landkreis Leipzig
12.79809,51.31455,schnell,2,50,2023,Wurzen,Landkreis Leipzig
12.74238,51.37355,normal,2,44,2014,Wurzen,Landkreis Leipzig
12.79027,51.34028,normal,1,7.2,2020,Wurzen,Landkreis Leipzig
12.73902,51.38529,normal,2,33,2021,Wurzen,Landkreis Leipzig
12.73902,51.38529,schnell,2,55,2023,Wurzen,Landkreis Leipzig
12.7471,51.37078,schnell,2,150,2023,Wurzen,Landkreis Leipzig
12.7471,51.37078,schnell,2,300,2023,Wurzen,Landkreis Leipzig
12.73943,51.3818,schnell,2,150,2022,Wurzen,Landkreis Leipzig
12.73943,51.3818,schnell,2,300,2022,Wurzen,Landkreis Leipzig
12.73115,51.38594,normal,1,11,2021,Wurzen,Landkreis Leipzig
12.73169,51.37241,normal,2,22,2023,Wurzen,Landkreis Leipzig
12.73161,51.37241,normal,2,22,2023,Wurzen,Landkreis Leipzig
12.74701,51.36575,schnell,2,150,2024,Wurzen,Landkreis Leipzig
12.74701,51.36575,schnell,2,150,2024,Wurzen,Landkreis Leipzig
12.7525,51.3775,normal,2,22,2022,Wurzen,Landkreis Leipzig
12.7525,51.3775,normal,2,22,2022,Wurzen,Landkreis Leipzig
12.7525,51.3775,schnell,1,50,2022,Wurzen,Landkreis Leipzig
12.74439,51.36936,schnell,2,150,2025,Wurzen,Landkreis Leipzig
12.58254,51.33031,normal,2,33,2021,Brandis,Landkreis Leipzig
12.60917,51.33557,normal,2,44,2019,Brandis,Landkreis Leipzig
12.58887,51.31716,normal,1,11,2023,Brandis,Landkreis Leipzig
12.60977,51.33071,normal,2,22,2022,Brandis,Landkreis Leipzig
12.60977,51.33071,normal,2,22,2023,Brandis,Landkreis Leipzig
12.61083,51.32626,normal,1,22,2022,Brandis,Landkreis Leipzig
12.61083,51.32626,normal,1,22,2023,Brandis,Landkreis Leipzig
12.61083,51.32626,normal,2,22,2024,Brandis,Landkreis Leipzig
12.58768,51.32936,schnell,2,150,2023,Brandis,Landkreis Leipzig
12.62932,51.36064,normal,2,44,2019,Machern,Landkreis Leipzig
12.71057,51.35783,normal,2,44,2019,Bennewitz,Landkreis Leipzig
13.70011,51.09193,schnell,2,150,2026,Radebeul,Landkreis Meißen
13.70015,51.0919,schnell,2,150,2026,Radebeul,Landkreis Meißen
13.62149,51.10386,normal,1,22,2020,Radebeul,Landkreis Meißen
13.71049,51.12586,normal,1,22,2021,Radebeul,Landkreis Meißen
13.71049,51.12586,normal,1,22,2021,Radebeul,Landkreis Meißen
13.62008,51.11377,normal,2,30,2020,Radebeul,Landkreis Meißen
13.65473,51.10008,schnell,2,93,2019,Radebeul,Landkreis Meißen
13.66466,51.1054,normal,2,22,2025,Radebeul,Landkreis Meißen
13.59869,51.11907,schnell,2,150,2025,Radebeul,Landkreis Meißen
13.59881,51.11901,schnell,2,150,2025,Radebeul,Landkreis Meißen
13.67992,51.09885,normal,2,44,2018,Radebeul,Landkreis Meißen
13.6914,51.075,normal,2,44,2020,Radebeul-Ost,Landkreis Meißen
13.68657,51.12401,schnell,2,300,2025,Moritzburg,Landkreis Meißen
13.71049,51.12586,normal,1,22,2023,Moritzburg,Landkreis Meißen
13.71049,51.12586,normal,1,22,2023,Moritzburg,Landkreis Meißen
13.67878,51.16405,normal,2,30,2018,Moritzburg,Landkreis Meißen
13.73107,51.21534,normal,2,44,2019,Radeburg,Landkreis Meißen
13.73053,51.20275,normal,2,33,2021,Radeburg,Landkreis Meißen
13.73718,51.20416,schnell,2,300,2025,Radeburg,Landkreis Meißen
13.72563,51.21564,normal,2,44,2023,Radeburg,Landkreis Meißen
13.73071,51.21388,schnell,2,400,2025,Radeburg,Landkreis Meißen
13.73071,51.21388,schnell,2,400,2025,Radeburg,Landkreis Meißen
13.73071,51.21388,schnell,2,400,2025,Radeburg,Landkreis Meißen
13.7187,51.2185,schnell,3,150,2025,Radeburg,Landkreis Meißen
13.71742,51.21731,schnell,2,50,2025,Radeburg,Landkreis Meißen
13.718,51.2174,schnell,2,50,2025,Radeburg,Landkreis Meißen
13.718,51.2174,schnell,2,50,2025,Radeburg,Landkreis Meißen
13.718,51.2174,schnell,2,50,2025,Radeburg,Landkreis Meißen
13.54007,51.2882,normal,2,44,2017,Großenhain,Landkreis Meißen
13.53503,51.29729,schnell,2,72,2025,Großenhain,Landkreis Meißen
13.53503,51.29729,schnell,2,72,2025,Großenhain,Landkreis Meißen
13.54314,51.28083,normal,2,44,2024,Großenhain,Landkreis Meißen
13.54316,51.28088,normal,2,44,2024,Großenhain,Landkreis Meißen
13.53758,51.29445,normal,2,22,2025,Großenhain,Landkreis Meißen
13.49262,51.28848,schnell,3,82,2024,Großenhain,Landkreis Meißen
13.53094,51.28933,schnell,2,300,2025,Großenhain,Landkreis Meißen
13.53088,51.28936,schnell,2,300,2024,Großenhain,Landkreis Meißen
13.53466,51.29154,normal,2,44,2021,Großenhain,Landkreis Meißen
13.62759,51.27753,normal,2,33,2022,Ebersbach,Landkreis Meißen
13.50696,51.25077,normal,2,30,2022,Priestewitz,Landkreis Meißen
13.73006,51.29542,schnell,2,300,2023,Schönfeld,Landkreis Meißen
13.73006,51.29542,schnell,2,300,2023,Schönfeld,Landkreis Meißen
13.73006,51.29542,schnell,2,300,2023,Schönfeld,Landkreis Meißen
13.7356,51.2961,schnell,2,400,2025,Thiendorf,Landkreis Meißen
13.7356,51.2961,schnell,2,400,2025,Thiendorf,Landkreis Meißen
13.7356,51.2961,schnell,2,200,2025,Thiendorf,Landkreis Meißen
13.7356,51.2961,schnell,2,200,2025,Thiendorf,Landkreis Meißen
13.7356,51.2961,schnell,2,200,2025,Thiendorf,Landkreis Meißen
13.7356,51.2961,schnell,2,400,2025,Thiendorf,Landkreis Meißen
13.7356,51.2961,schnell,2,400,2025,Thiendorf,Landkreis Meißen
13.7356,51.2961,schnell,2,200,2025,Thiendorf,Landkreis Meißen
13.77279,51.2575,normal,1,11,2023,Thiendorf,Landkreis Meißen
13.75464,51.30178,normal,1,22,2022,Thiendorf,Landkreis Meißen
13.24808,51.29551,normal,2,22,2025,Riesa,Landkreis Meißen
13.27059,51.29915,normal,4,11,2023,Riesa,Landkreis Meißen
13.29642,51.29716,normal,2,44,2013,Riesa,Landkreis Meißen
13.29331,51.30734,schnell,2,180,2024,Riesa,Landkreis Meißen
13.17544,51.1829,normal,4,44,2024,Riesa,Landkreis Meißen
13.29239,51.30796,schnell,2,150,2020,Riesa,Landkreis Meißen
13.28623,51.29545,schnell,2,300,2023,Riesa,Landkreis Meißen
13.2945,51.30582,normal,2,44,2024,Riesa,Landkreis Meißen
13.26576,51.29999,normal,2,44,2026,Riesa,Landkreis Meißen
13.26603,51.30339,normal,2,44,2023,Riesa,Landkreis Meißen
13.26566,51.30461,normal,2,22,2024,Riesa,Landkreis Meißen
13.26226,51.302,normal,2,44,2019,Riesa,Landkreis Meißen
13.29033,51.30956,normal,2,44,2019,Riesa,Landkreis Meißen
13.30518,51.3056,normal,2,33,2021,Riesa,Landkreis Meißen
13.29722,51.30572,normal,2,44,2022,Riesa,Landkreis Meißen
13.30376,51.30648,normal,2,22,2026,Riesa,Landkreis Meißen
13.3376,51.30209,normal,1,11,2022,Riesa,Landkreis Meißen
13.31215,51.30262,normal,2,44,2019,Riesa,Landkreis Meißen
13.2946,51.29391,normal,2,22,2025,Riesa,Landkreis Meißen
13.2946,51.29391,normal,2,22,2019,Riesa,Landkreis Meißen
13.3091,51.2979,normal,2,44,2019,Riesa,Landkreis Meißen
13.30977,51.30154,schnell,2,150,2021,Riesa,Landkreis Meißen
13.27152,51.32948,normal,4,11,2023,Riesa,Landkreis Meißen
13.28877,51.31359,schnell,2,400,2025,Riesa,Landkreis Meißen
13.28882,51.31372,schnell,2,400,2025,Riesa,Landkreis Meißen
13.28893,51.31375,schnell,2,400,2025,Riesa,Landkreis Meißen
13.28904,51.3138,schnell,2,400,2025,Riesa,Landkreis Meißen
13.28896,51.31364,schnell,2,400,2025,Riesa,Landkreis Meißen
13.28896,51.31364,schnell,2,400,2025,Riesa,Landkreis Meißen
13.28896,51.31364,schnell,2,400,2025,Riesa,Landkreis Meißen
13.28896,51.31364,schnell,2,400,2025,Riesa,Landkreis Meißen
13.25738,51.31681,normal,2,44,2021,Riesa,Landkreis Meißen
13.26285,51.32025,normal,2,44,2018,Riesa,Landkreis Meißen
13.45866,51.41904,normal,2,44,2022,Gröditz,Landkreis Meißen
13.45863,51.4191,schnell,2,30,2022,Gröditz,Landkreis Meißen
13.44377,51.41008,normal,2,22,2025,Gröditz,Landkreis Meißen
13.44377,51.41008,normal,2,22,2025,Gröditz,Landkreis Meißen
13.44623,51.4095,schnell,2,72,2021,Gröditz,Landkreis Meißen
13.41551,51.24115,normal,2,44,2021,Diesbar-Seußlitz,Landkreis Meißen
13.38488,51.30315,normal,2,44,2021,Nünchritz,Landkreis Meißen
13.22656,51.35248,schnell,2,72,2020,Strehla,Landkreis Meißen
13.34628,51.33986,normal,2,30,2024,Zeithain,Landkreis Meißen
13.34337,51.33898,schnell,2,150,2026,Zeithain,Landkreis Meißen
13.34166,51.33871,normal,2,22,2025,Zeithain,Landkreis Meißen
13.34166,51.33871,schnell,2,320,2025,Zeithain,Landkreis Meißen
13.30931,51.19695,normal,2,30,2019,Lommatzsch,Landkreis Meißen
13.58126,51.12977,normal,2,44,2018,Coswig,Landkreis Meißen
13.58827,51.12241,normal,2,30,2020,Coswig,Landkreis Meißen
13.58463,51.13238,schnell,2,50,2025,Coswig,Landkreis Meißen
13.57576,51.1363,schnell,3,150,2020,Coswig,Landkreis Meißen
13.59318,51.13957,schnell,2,400,2025,Coswig,Landkreis Meißen
13.59318,51.13954,schnell,2,400,2025,Coswig,Landkreis Meißen
13.57194,51.12635,schnell,2,300,2024,Coswig,Landkreis Meißen
13.572,51.12631,schnell,2,300,2024,Coswig,Landkreis Meißen
13.56146,51.12694,normal,2,33,2023,Coswig,Landkreis Meißen
13.58566,51.13357,schnell,2,72,2022,Coswig,Landkreis Meißen
13.57955,51.12848,normal,2,30,2021,Coswig,Landkreis Meißen
13.4725,51.16261,schnell,2,150,2025,Meißen,Landkreis Meißen
13.49226,51.16209,schnell,2,300,2026,Meißen,Landkreis Meißen
13.49226,51.16209,schnell,2,200,2026,Meißen,Landkreis Meißen
13.49226,51.16209,schnell,2,200,2026,Meißen,Landkreis Meißen
13.49226,51.16209,schnell,2,50,2026,Meißen,Landkreis Meißen
13.47551,51.17952,normal,2,22,2023,Meißen,Landkreis Meißen
13.47341,51.16312,normal,2,30,2019,Meißen,Landkreis Meißen
13.51459,51.15858,schnell,2,320,2025,Meißen,Landkreis Meißen
13.51478,51.15851,normal,2,22,2024,Meißen,Landkreis Meißen
13.51483,51.15849,normal,2,22,2024,Meißen,Landkreis Meißen
13.51471,51.15853,normal,2,22,2024,Meißen,Landkreis Meißen
13.49707,51.17551,normal,2,11,2023,Meißen,Landkreis Meißen
13.48393,51.16258,normal,2,44,2026,Meißen,Landkreis Meißen
13.46365,51.1544,normal,2,30,2019,Meißen,Landkreis Meißen
13.47132,51.16911,schnell,2,150,2023,Meißen,Landkreis Meißen
13.48934,51.16497,schnell,2,150,2022,Meißen,Landkreis Meißen
13.47699,51.17889,normal,1,11,2023,Meißen,Landkreis Meißen
13.46916,51.16696,normal,2,30,2021,Meißen,Landkreis Meißen
13.48422,51.16039,schnell,2,180,2025,Meißen,Landkreis Meißen
13.48422,51.16039,schnell,2,180,2025,Meißen,Landkreis Meißen
13.48673,51.1658,schnell,2,150,2023,Meißen,Landkreis Meißen
13.4703,51.1577,schnell,3,150,2025,Meißen,Landkreis Meißen
13.50155,51.16866,schnell,4,165,2023,Meißen,Landkreis Meißen
13.51402,51.16065,normal,1,22,2022,Meißen,Landkreis Meißen
13.49401,51.1756,schnell,2,150,2024,Meißen,Landkreis Meißen
13.49766,51.16178,normal,1,11,2024,Meißen,Landkreis Meißen
13.47734,51.16845,normal,2,22,2024,Meißen,Landkreis Meißen
13.47734,51.16845,normal,2,22,2024,Meißen,Landkreis Meißen
13.49765,51.17461,normal,1,11,2021,Meißen,Landkreis Meißen
13.49815,51.17486,normal,1,115,2023,Meißen,Landkreis Meißen
13.40749,51.23977,normal,2,44,2023,Diera-Zehren,Landkreis Meißen
13.40748,51.23978,normal,2,44,2023,Diera-Zehren,Landkreis Meißen
13.3883,51.17506,normal,1,11,2022,Käbschütztal,Landkreis Meißen
13.3883,51.17506,normal,1,11,2022,Käbschütztal,Landkreis Meißen
13.41346,51.07001,normal,2,30,2022,Klipphausen,Landkreis Meißen
13.5207,51.0622,schnell,2,400,2025,Klipphausen,Landkreis Meißen
13.5207,51.0622,schnell,2,400,2025,Klipphausen,Landkreis Meißen
13.5207,51.0622,schnell,2,400,2025,Klipphausen,Landkreis Meißen
13.5207,51.0622,schnell,2,200,2025,Klipphausen,Landkreis Meißen
13.5207,51.0622,schnell,2,200,2025,Klipphausen,Landkreis Meißen
13.5207,51.0622,schnell,2,200,2025,Klipphausen,Landkreis Meißen
13.5207,51.0622,schnell,2,200,2025,Klipphausen,Landkreis Meißen
13.5207,51.0622,schnell,2,200,2025,Klipphausen,Landkreis Meißen
13.5207,51.0622,schnell,2,400,2025,Klipphausen,Landkreis Meißen
13.5207,51.0622,schnell,2,400,2025,Klipphausen,Landkreis Meißen
13.27401,51.08272,schnell,2,300,2023,Nossen,Landkreis Meißen
13.27401,51.08272,schnell,2,300,2023,Nossen,Landkreis Meißen
13.27401,51.08272,schnell,2,300,2023,Nossen,Landkreis Meißen
13.34494,51.05298,normal,1,11,2021,Nossen,Landkreis Meißen
13.29762,51.03702,schnell,2,300,2023,Nossen,Landkreis Meißen
13.29686,51.3727,schnell,2,300,2025,Nossen,Landkreis Meißen
13.29686,51.3727,schnell,2,300,2025,Nossen,Landkreis Meißen
13.29686,51.3727,schnell,2,300,2025,Nossen,Landkreis Meißen
13.29686,51.3727,schnell,2,300,2025,Nossen,Landkreis Meißen
13.29781,51.05666,normal,2,30,2020,Nossen,Landkreis Meißen
13.27409,51.08246,schnell,1,250,2023,Starbach,Landkreis Meißen
13.27409,51.08246,schnell,1,250,2023,Starbach,Landkreis Meißen
13.27409,51.08246,schnell,1,250,2023,Starbach,Landkreis Meißen
13.27409,51.08246,schnell,1,250,2023,Starbach,Landkreis Meißen
13.27409,51.08246,schnell,1,250,2023,Starbach,Landkreis Meißen
13.27409,51.08246,schnell,1,250,2023,Starbach,Landkreis Meißen
13.27409,51.08246,schnell,1,250,2023,Starbach,Landkreis Meißen
13.27409,51.08246,schnell,1,250,2023,Starbach,Landkreis Meißen
13.54526,51.17688,normal,2,22,2024,Niederau,Landkreis Meißen
13.568,51.1898,normal,1,11,2023,Niederau,Landkreis Meißen
13.54499,51.17838,normal,2,30,2021,Niederau,Landkreis Meißen
13.56324,51.16078,schnell,3,175,2019,Weinböhla,Landkreis Meißen
13.56347,51.15785,schnell,2,72,2024,Weinböhla,Landkreis Meißen
13.58564,51.15722,normal,1,11,2023,Weinböhla,Landkreis Meißen
13.56384,51.17148,normal,1,11,2023,Weinböhla,Landkreis Meißen
13.59724,51.16313,schnell,2,72,2023,Weinböhla,Landkreis Meißen
13.59729,51.16314,schnell,2,72,2023,Weinböhla,Landkreis Meißen
13.59729,51.16314,normal,2,44,2024,Weinböhla,Landkreis Meißen
12.8675,51.16799,normal,2,22,2025,Leisnig,Landkreis Mittelsachsen
12.92612,51.16019,normal,2,44,2019,Leisnig,Landkreis Mittelsachsen
13.23684,51.09095,schnell,2,98,2023,Döbeln,Landkreis Mittelsachsen
13.23736,51.09103,schnell,2,93,2017,Döbeln,Landkreis Mittelsachsen
13.11533,51.12357,normal,2,44,2019,Döbeln,Landkreis Mittelsachsen
13.10122,51.12254,schnell,2,360,2023,Döbeln,Landkreis Mittelsachsen
13.10122,51.12254,schnell,2,360,2023,Döbeln,Landkreis Mittelsachsen
13.09674,51.12781,normal,2,22,2022,Döbeln,Landkreis Mittelsachsen
13.14591,51.11873,normal,4,44,2020,Döbeln,Landkreis Mittelsachsen
13.18571,51.11166,normal,4,22,2023,Döbeln,Landkreis Mittelsachsen
13.1475,51.11813,schnell,2,150,2021,Döbeln,Landkreis Mittelsachsen
13.12175,51.11878,normal,2,44,2025,Döbeln,Landkreis Mittelsachsen
13.12182,51.11953,schnell,2,72,2025,Döbeln,Landkreis Mittelsachsen
13.10976,51.1203,normal,2,44,2023,Döbeln,Landkreis Mittelsachsen
13.1185,51.13012,normal,1,22,2024,Döbeln,Landkreis Mittelsachsen
13.1185,51.13012,normal,1,22,2024,Döbeln,Landkreis Mittelsachsen
13.11267,51.11642,normal,2,44,2025,Döbeln,Landkreis Mittelsachsen
13.1061,51.12218,normal,2,44,2019,Döbeln,Landkreis Mittelsachsen
13.0965,51.1333,schnell,3,150,2025,Döbeln,Landkreis Mittelsachsen
13.11516,51.12111,normal,2,33,2021,Döbeln,Landkreis Mittelsachsen
13.12274,51.12848,normal,2,44,2018,Döbeln,Landkreis Mittelsachsen
13.13397,51.12151,normal,2,44,2018,Döbeln,Landkreis Mittelsachsen
13.11977,51.15338,schnell,2,300,2022,Großweitzschen,Landkreis Mittelsachsen
13.00194,51.20199,normal,2,11,2023,Großweitzschen,Landkreis Mittelsachsen
13.05151,51.15955,normal,2,44,2020,Großweitzschen,Landkreis Mittelsachsen
13.05157,51.15957,schnell,2,60,2021,Großweitzschen,Landkreis Mittelsachsen
12.99593,51.08219,schnell,3,122,2023,Waldheim,Landkreis Mittelsachsen
13.00482,51.07696,normal,2,22,2020,Waldheim,Landkreis Mittelsachsen
12.99291,51.08228,normal,1,22,2022,Waldheim,Landkreis Mittelsachsen
13.02454,51.07352,normal,2,44,2019,Waldheim,Landkreis Mittelsachsen
13.18419,51.06514,normal,2,44,2018,Roßwein,Landkreis Mittelsachsen
12.97011,51.09839,normal,2,22,2021,Hartha,Landkreis Mittelsachsen
12.97594,51.09084,schnell,2,150,2024,Hartha,Landkreis Mittelsachsen
12.97596,51.09083,schnell,2,150,2024,Hartha,Landkreis Mittelsachsen
12.97703,51.09104,schnell,2,72,2024,Hartha,Landkreis Mittelsachsen
12.80911,50.91294,schnell,2,72,2023,Burgstädt,Landkreis Mittelsachsen
12.81505,50.91839,schnell,3,71,2025,Burgstädt,Landkreis Mittelsachsen
12.81211,50.91769,normal,1,11,2023,Burgstädt,Landkreis Mittelsachsen
12.80324,50.92089,normal,2,44,2019,Burgstädt,Landkreis Mittelsachsen
12.80544,50.87777,normal,2,11,2021,Hartmannsdorf,Landkreis Mittelsachsen
12.79276,50.88603,normal,2,44,2019,Hartmannsdorf,Landkreis Mittelsachsen
12.79996,50.89224,normal,1,11,2023,Hartmannsdorf,Landkreis Mittelsachsen
12.9408,50.89356,schnell,2,98,2023,Lichtenau,Landkreis Mittelsachsen
12.93884,50.89298,schnell,2,93,2017,Lichtenau,Landkreis Mittelsachsen
12.98357,50.9196,schnell,1,50,2023,Lichtenau,Landkreis Mittelsachsen
12.99516,50.90937,schnell,1,50,2023,Lichtenau,Landkreis Mittelsachsen
12.94599,50.89347,schnell,2,300,2022,Lichtenau,Landkreis Mittelsachsen
12.94599,50.89347,schnell,2,300,2022,Lichtenau,Landkreis Mittelsachsen
12.97611,50.908,schnell,2,400,2023,Lichtenau,Landkreis Mittelsachsen
12.97611,50.908,schnell,2,400,2023,Lichtenau,Landkreis Mittelsachsen
12.97611,50.908,schnell,2,400,2023,Lichtenau,Landkreis Mittelsachsen
12.97611,50.908,schnell,2,400,2023,Lichtenau,Landkreis Mittelsachsen
12.97611,50.908,schnell,2,400,2023,Lichtenau,Landkreis Mittelsachsen
12.97611,50.908,schnell,2,400,2023,Lichtenau,Landkreis Mittelsachsen
12.97611,50.908,schnell,2,400,2023,Lichtenau,Landkreis Mittelsachsen
12.97611,50.908,schnell,2,400,2023,Lichtenau,Landkreis Mittelsachsen
12.97611,50.908,schnell,2,400,2023,Lichtenau,Landkreis Mittelsachsen
12.97611,50.908,schnell,2,400,2023,Lichtenau,Landkreis Mittelsachsen
12.97611,50.908,schnell,2,400,2023,Lichtenau,Landkreis Mittelsachsen
12.97611,50.908,schnell,2,400,2023,Lichtenau,Landkreis Mittelsachsen
12.94609,50.89338,schnell,4,150,2021,Lichtenau-Auerswalde,Landkreis Mittelsachsen
12.96241,50.90572,schnell,2,93,2023,Oberlichtenau,Landkreis Mittelsachsen
12.97808,50.90695,schnell,2,150,2022,Oberlichtenau,Landkreis Mittelsachsen
12.80498,51.04815,schnell,3,150,2019,Rochlitz,Landkreis Mittelsachsen
12.79404,51.04541,normal,2,44,2019,Rochlitz,Landkreis Mittelsachsen
12.79742,51.04688,schnell,1,50,2024,Rochlitz,Landkreis Mittelsachsen
12.79442,51.04997,normal,2,44,2026,Rochlitz,Landkreis Mittelsachsen
12.79649,51.0525,normal,2,44,2026,Rochlitz,Landkreis Mittelsachsen
12.70637,50.93336,normal,2,44,2019,Penig,Landkreis Mittelsachsen
12.71593,50.9219,schnell,2,150,2023,Penig,Landkreis Mittelsachsen
12.71593,50.9219,schnell,2,150,2023,Penig,Landkreis Mittelsachsen
12.7432,50.961,normal,2,33,2025,Lunzenau,Landkreis Mittelsachsen
13.07165,50.85189,normal,2,44,2024,Flöha,Landkreis Mittelsachsen
13.08417,50.86147,normal,2,22,2024,Flöha,Landkreis Mittelsachsen
13.07568,50.85075,normal,1,22,2024,Flöha,Landkreis Mittelsachsen
13.07561,50.85224,normal,1,22,2024,Flöha,Landkreis Mittelsachsen
13.07561,50.85224,schnell,2,50,2023,Flöha,Landkreis Mittelsachsen
13.07708,50.85041,normal,2,44,2019,Flöha,Landkreis Mittelsachsen
13.08879,50.862,normal,1,11,2024,Flöha,Landkreis Mittelsachsen
13.07568,50.85075,normal,1,22,2024,Flöha,Landkreis Mittelsachsen
13.16688,50.86075,normal,2,44,2019,Oederan,Landkreis Mittelsachsen
13.17959,50.8603,normal,2,44,2023,Oederan,Landkreis Mittelsachsen
13.18283,50.86397,normal,2,44,2023,Oederan,Landkreis Mittelsachsen
13.10085,50.8122,normal,2,44,2020,Augustusburg,Landkreis Mittelsachsen
13.09968,50.81828,normal,2,44,2019,Augustusburg,Landkreis Mittelsachsen
13.09861,50.80295,normal,2,44,2023,Augustusburg,Landkreis Mittelsachsen
13.13462,50.82126,normal,1,11,2024,Leubsdorf,Landkreis Mittelsachsen
13.00853,50.88336,normal,2,44,2020,Niederwiesa,Landkreis Mittelsachsen
12.86228,50.81262,normal,2,11,2022,Niederwiesa,Landkreis Mittelsachsen
13.33841,50.91714,normal,2,22,2024,Freiberg,Landkreis Mittelsachsen
13.33841,50.91719,normal,2,22,2024,Freiberg,Landkreis Mittelsachsen
13.34367,50.92139,normal,2,22,2021,Freiberg,Landkreis Mittelsachsen
13.34224,50.89974,normal,2,22,2023,Freiberg,Landkreis Mittelsachsen
13.32888,50.92538,normal,2,44,2025,Freiberg,Landkreis Mittelsachsen
13.33993,50.91389,schnell,2,72,2025,Freiberg,Landkreis Mittelsachsen
13.436,50.908,normal,2,44,2016,Freiberg,Landkreis Mittelsachsen
13.32119,50.92176,schnell,2,200,2025,Freiberg,Landkreis Mittelsachsen
13.32119,50.92176,schnell,2,200,2025,Freiberg,Landkreis Mittelsachsen
13.34258,50.92132,schnell,3,200,2025,Freiberg,Landkreis Mittelsachsen
13.33094,50.89534,schnell,2,150,2023,Freiberg,Landkreis Mittelsachsen
13.3377,50.91905,normal,2,11,2025,Freiberg,Landkreis Mittelsachsen
13.34301,50.91531,normal,1,11,2024,Freiberg,Landkreis Mittelsachsen
13.34301,50.91531,normal,1,11,2024,Freiberg,Landkreis Mittelsachsen
13.32925,50.89855,normal,2,22,2022,Freiberg,Landkreis Mittelsachsen
13.33075,50.89792,schnell,2,72,2024,Freiberg,Landkreis Mittelsachsen
13.3548,50.91625,normal,2,22,2021,Freiberg,Landkreis Mittelsachsen
13.34808,50.92914,normal,1,7.4,2016,Freiberg,Landkreis Mittelsachsen
13.34813,50.92895,normal,1,11,2023,Freiberg,Landkreis Mittelsachsen
13.35887,50.91536,schnell,2,150,2023,Freiberg,Landkreis Mittelsachsen
13.35815,50.91507,normal,2,33,2021,Freiberg,Landkreis Mittelsachsen
13.32797,50.92884,schnell,2,300,2024,Freiberg,Landkreis Mittelsachsen
13.32797,50.92884,schnell,2,300,2024,Freiberg,Landkreis Mittelsachsen
13.32797,50.92884,schnell,2,300,2024,Freiberg,Landkreis Mittelsachsen
13.32797,50.92884,schnell,2,300,2024,Freiberg,Landkreis Mittelsachsen
13.33294,50.92731,schnell,2,72,2024,Freiberg,Landkreis Mittelsachsen
13.33294,50.92731,schnell,2,72,2024,Freiberg,Landkreis Mittelsachsen
13.36258,50.9141,schnell,2,150,2021,Freiberg,Landkreis Mittelsachsen
13.36258,50.9141,schnell,2,300,2021,Freiberg,Landkreis Mittelsachsen
13.36829,50.91355,normal,2,44,2019,Freiberg,Landkreis Mittelsachsen
13.33807,50.90155,normal,2,33,2021,Freiberg,Landkreis Mittelsachsen
13.33807,50.90155,normal,2,33,2024,Freiberg,Landkreis Mittelsachsen
13.36308,50.90813,schnell,2,200,2025,Freiberg,Landkreis Mittelsachsen
13.32802,50.90468,normal,2,22,2023,Freiberg,Landkreis Mittelsachsen
13.32281,50.90272,normal,2,22,2023,Freiberg,Landkreis Mittelsachsen
13.32931,50.90433,schnell,2,72,2025,Freiberg,Landkreis Mittelsachsen
13.32402,50.91116,schnell,2,180,2025,Freiberg,Landkreis Mittelsachsen
13.32402,50.91116,schnell,2,180,2025,Freiberg,Landkreis Mittelsachsen
13.31754,50.922,normal,2,22,2024,Freiberg,Landkreis Mittelsachsen
13.3174,50.90407,schnell,3,150,2019,Freiberg,Landkreis Mittelsachsen
13.3577,50.91139,schnell,2,150,2024,Freiberg,Landkreis Mittelsachsen
13.33222,50.89596,schnell,2,160,2023,Freiberg,Landkreis Mittelsachsen
13.34712,50.91641,schnell,3,122,2021,Freiberg,Landkreis Mittelsachsen
13.31219,51.02772,normal,3,66,2024,Großschirma,Landkreis Mittelsachsen
13.24326,50.98814,normal,1,11,2022,Großschirma,Landkreis Mittelsachsen
13.24326,50.98814,normal,1,11,2022,Großschirma,Landkreis Mittelsachsen
13.30254,51.03193,schnell,2,97,2023,Großschirma,Landkreis Mittelsachsen
13.27476,50.9873,schnell,2,360,2021,Großschirma,Landkreis Mittelsachsen
13.27488,50.98769,schnell,2,360,2022,Großschirma,Landkreis Mittelsachsen
13.30577,51.02481,normal,2,44,2024,Siebenlehn,Landkreis Mittelsachsen
13.30612,51.0248,normal,2,44,2024,Siebenlehn,Landkreis Mittelsachsen
13.30602,51.02484,normal,2,44,2024,Siebenlehn,Landkreis Mittelsachsen
13.30612,51.02484,normal,2,44,2024,Siebenlehn,Landkreis Mittelsachsen
13.30603,51.02481,normal,2,44,2024,Siebenlehn,Landkreis Mittelsachsen
13.30458,51.02581,normal,2,44,2024,Siebenlehn,Landkreis Mittelsachsen
13.30455,51.02587,normal,2,44,2024,Siebenlehn,Landkreis Mittelsachsen
13.32095,50.85435,normal,2,33,2022,Brand-Erbisdorf,Landkreis Mittelsachsen
13.32493,50.87909,normal,2,22,2020,Brand-Erbisdorf,Landkreis Mittelsachsen
13.3206,50.85859,schnell,2,150,2022,Brand-Erbisdorf,Landkreis Mittelsachsen
13.3206,50.85859,schnell,2,300,2022,Brand-Erbisdorf,Landkreis Mittelsachsen
13.42579,50.70911,normal,4,22,2022,Sayda,Landkreis Mittelsachsen
13.48126,50.81612,normal,2,44,2022,Fauenstein,Landkreis Mittelsachsen
13.48126,50.81612,normal,2,33,2022,Frauenstein,Landkreis Mittelsachsen
13.39689,50.91234,normal,1,11,2025,Bobritzsch-Hilbersdorf,Landkreis Mittelsachsen
13.39506,50.9113,normal,1,11,2023,Bobritzsch-Hilbersdorf,Landkreis Mittelsachsen
13.39562,50.92144,schnell,1,50,2021,Bobritzsch-Hilbersdorf,Landkreis Mittelsachsen
12.94698,50.96509,normal,1,11,2023,Altmittweida,Landkreis Mittelsachsen
12.98119,50.97435,normal,2,33,2021,Mittweida,Landkreis Mittelsachsen
12.98065,50.98654,normal,2,44,2019,Mittweida,Landkreis Mittelsachsen
12.9725,50.98557,schnell,2,93,2023,Mittweida,Landkreis Mittelsachsen
12.98214,50.97862,schnell,2,150,2023,Mittweida,Landkreis Mittelsachsen
12.97928,50.9855,normal,2,22,2025,Mittweida,Landkreis Mittelsachsen
12.96584,50.9949,schnell,2,93,2018,Mittweida,Landkreis Mittelsachsen
12.9817,50.98535,normal,2,44,2024,Mittweida,Landkreis Mittelsachsen
12.9817,50.98535,normal,2,44,2024,Mittweida,Landkreis Mittelsachsen
12.98119,50.97435,schnell,3,172,2024,Mittweida,Landkreis Mittelsachsen
12.98212,50.97858,schnell,2,150,2023,Mittweida,Landkreis Mittelsachsen
13.1198,50.9674,normal,2,44,2020,Hainichen,Landkreis Mittelsachsen
13.12949,50.97865,normal,1,11,2024,Hainichen,Landkreis Mittelsachsen
13.12017,50.97099,schnell,2,50,2025,Hainichen,Landkreis Mittelsachsen
13.10546,50.96826,schnell,2,400,2025,Hainichen,Landkreis Mittelsachsen
13.10546,50.96826,schnell,2,400,2025,Hainichen,Landkreis Mittelsachsen
13.10566,50.98207,schnell,2,40,2026,Hainichen,Landkreis Mittelsachsen
13.1227,50.97361,normal,2,44,2021,Hainichen,Landkreis Mittelsachsen
13.01557,50.96646,normal,1,11,2022,Rossau,Landkreis Mittelsachsen
13.23094,51.04501,normal,1,11,2022,Striegistal,Landkreis Mittelsachsen
13.04274,50.91126,normal,2,44,2019,Frankenberg,Landkreis Mittelsachsen
13.03787,50.91817,normal,2,44,2019,Frankenberg,Landkreis Mittelsachsen
13.0302,50.91373,schnell,3,71,2025,Frankenberg,Landkreis Mittelsachsen
13.03281,50.91211,normal,2,44,2014,Frankenberg,Landkreis Mittelsachsen
13.06408,50.93041,normal,4,22,2022,Frankenberg,Landkreis Mittelsachsen
13.03401,50.90258,normal,2,33,2021,Frankenberg/Sa.,Landkreis Mittelsachsen
12.25332,51.38891,normal,2,30,2022,Schkeuditz,Landkreis Nordsachsen
12.25332,51.38891,normal,2,30,2022,Schkeuditz,Landkreis Nordsachsen
12.47765,51.36988,normal,4,22,2023,Leipzig-Taucha,Landkreis Nordsachsen
12.47647,51.37174,schnell,2,300,2022,Taucha,Landkreis Nordsachsen
12.47686,51.37124,schnell,2,300,2022,Taucha,Landkreis Nordsachsen
12.4768,51.37132,schnell,2,300,2022,Taucha,Landkreis Nordsachsen
12.47677,51.37135,schnell,2,300,2022,Taucha,Landkreis Nordsachsen
12.47673,51.37138,schnell,2,300,2011,Taucha,Landkreis Nordsachsen
12.47669,51.37145,schnell,2,300,2022,Taucha,Landkreis Nordsachsen
12.4785,51.3954,normal,1,11,2022,Taucha,Landkreis Nordsachsen
12.49355,51.37566,normal,2,11,2021,Taucha,Landkreis Nordsachsen
12.50922,51.37012,normal,1,11,2022,Taucha,Landkreis Nordsachsen
12.48489,51.38435,normal,1,11,2022,Taucha,Landkreis Nordsachsen
12.5066,51.38635,schnell,2,300,2025,Taucha,Landkreis Nordsachsen
12.5066,51.38635,schnell,2,300,2025,Taucha,Landkreis Nordsachsen
12.5066,51.38635,schnell,2,300,2025,Taucha,Landkreis Nordsachsen
12.47494,51.37193,normal,2,22,2022,Taucha,Landkreis Nordsachsen
12.47494,51.37193,normal,2,22,2022,Taucha,Landkreis Nordsachsen
12.47499,51.37213,schnell,2,300,2023,Taucha,Landkreis Nordsachsen
12.28267,51.22147,schnell,2,200,2026,Taucha,Landkreis Nordsachsen
12.28267,51.22147,schnell,2,200,2026,Taucha,Landkreis Nordsachsen
12.28267,51.22147,schnell,2,400,2026,Taucha,Landkreis Nordsachsen
12.28267,51.22147,schnell,2,400,2026,Taucha,Landkreis Nordsachsen
12.48597,51.38703,normal,2,44,2024,Taucha,Landkreis Nordsachsen
12.22494,51.42266,schnell,2,200,2025,Flughafen Leipzig/Halle,Landkreis Nordsachsen
12.22494,51.42266,schnell,2,200,2025,Flughafen Leipzig/Halle,Landkreis Nordsachsen
12.22494,51.42266,schnell,2,400,2025,Flughafen Leipzig/Halle,Landkreis Nordsachsen
12.22494,51.42266,schnell,2,400,2025,Flughafen Leipzig/Halle,Landkreis Nordsachsen
12.18159,51.40163,schnell,2,300,2022,Schkeuditz,Landkreis Nordsachsen
12.18163,51.40156,schnell,2,300,2022,Schkeuditz,Landkreis Nordsachsen
12.18164,51.40153,schnell,2,300,2022,Schkeuditz,Landkreis Nordsachsen
12.18137,51.40159,schnell,1,250,2023,Schkeuditz,Landkreis Nordsachsen
12.18137,51.40159,schnell,1,250,2023,Schkeuditz,Landkreis Nordsachsen
12.18137,51.40159,schnell,1,250,2023,Schkeuditz,Landkreis Nordsachsen
12.18137,51.40159,schnell,1,250,2023,Schkeuditz,Landkreis Nordsachsen
12.18137,51.40159,schnell,1,250,2023,Schkeuditz,Landkreis Nordsachsen
12.18137,51.40159,schnell,1,250,2023,Schkeuditz,Landkreis Nordsachsen
12.18137,51.40159,schnell,1,250,2023,Schkeuditz,Landkreis Nordsachsen
12.18137,51.40159,schnell,1,250,2023,Schkeuditz,Landkreis Nordsachsen
12.18137,51.40159,schnell,1,250,2023,Schkeuditz,Landkreis Nordsachsen
12.18137,51.40159,schnell,1,250,2023,Schkeuditz,Landkreis Nordsachsen
12.18137,51.40159,schnell,1,250,2023,Schkeuditz,Landkreis Nordsachsen
12.18137,51.40159,schnell,1,250,2023,Schkeuditz,Landkreis Nordsachsen
12.18137,51.40159,schnell,1,250,2023,Schkeuditz,Landkreis Nordsachsen
12.18137,51.40159,schnell,1,250,2023,Schkeuditz,Landkreis Nordsachsen
12.18137,51.40159,schnell,1,250,2023,Schkeuditz,Landkreis Nordsachsen
12.18137,51.40159,schnell,1,250,2023,Schkeuditz,Landkreis Nordsachsen
12.2217,51.42205,normal,2,30,2018,Schkeuditz,Landkreis Nordsachsen
12.22166,51.42195,normal,2,30,2018,Schkeuditz,Landkreis Nordsachsen
12.23685,51.42337,normal,2,30,2023,Schkeuditz,Landkreis Nordsachsen
12.23672,51.42339,normal,2,30,2023,Schkeuditz,Landkreis Nordsachsen
12.22033,51.39419,normal,2,22,2021,Schkeuditz,Landkreis Nordsachsen
12.24696,51.38836,normal,1,11,2021,Schkeuditz,Landkreis Nordsachsen
12.20752,51.40603,normal,2,22,2025,Schkeuditz,Landkreis Nordsachsen
12.20739,51.40602,normal,2,22,2025,Schkeuditz,Landkreis Nordsachsen
12.20719,51.40601,normal,2,22,2025,Schkeuditz,Landkreis Nordsachsen
12.22002,51.39604,normal,2,22,2021,Schkeuditz,Landkreis Nordsachsen
12.19123,51.39917,schnell,2,300,2019,Schkeuditz,Landkreis Nordsachsen
12.19123,51.39917,schnell,2,300,2019,Schkeuditz,Landkreis Nordsachsen
12.19123,51.39917,schnell,2,300,2022,Schkeuditz,Landkreis Nordsachsen
12.30808,51.42135,normal,2,44,2023,Schkeuditz,Landkreis Nordsachsen
12.30808,51.42135,schnell,2,50,2024,Schkeuditz,Landkreis Nordsachsen
12.31996,51.42956,normal,2,22,2020,Schkeuditz,Landkreis Nordsachsen
12.21056,51.40056,schnell,3,100,2019,Schkeuditz,Landkreis Nordsachsen
12.25244,51.38657,normal,2,44,2022,Schkeuditz,Landkreis Nordsachsen
12.25244,51.38657,normal,2,44,2022,Schkeuditz,Landkreis Nordsachsen
12.19749,51.40417,normal,2,22,2023,Schkeuditz,Landkreis Nordsachsen
12.22353,51.39557,normal,2,22,2021,Schkeuditz,Landkreis Nordsachsen
12.33591,51.51235,schnell,2,200,2025,Delitzsch,Landkreis Nordsachsen
12.33591,51.51235,schnell,2,200,2025,Delitzsch,Landkreis Nordsachsen
12.33591,51.51235,schnell,2,400,2025,Delitzsch,Landkreis Nordsachsen
12.33591,51.51235,schnell,2,200,2025,Delitzsch,Landkreis Nordsachsen
12.31485,51.53996,normal,2,22,2022,Delitzsch,Landkreis Nordsachsen
12.31156,51.5429,normal,1,11,2020,Delitzsch,Landkreis Nordsachsen
12.33328,51.51195,schnell,2,400,2026,Delitzsch,Landkreis Nordsachsen
12.33328,51.51195,schnell,2,400,2026,Delitzsch,Landkreis Nordsachsen
12.33328,51.51195,schnell,2,400,2026,Delitzsch,Landkreis Nordsachsen
12.33328,51.51195,schnell,2,400,2026,Delitzsch,Landkreis Nordsachsen
12.33328,51.51195,schnell,2,400,2026,Delitzsch,Landkreis Nordsachsen
12.33328,51.51195,schnell,2,400,2026,Delitzsch,Landkreis Nordsachsen
12.32566,51.53809,schnell,2,400,2025,Delitzsch,Landkreis Nordsachsen
12.32566,51.53809,schnell,2,200,2025,Delitzsch,Landkreis Nordsachsen
12.32566,51.53809,schnell,2,200,2025,Delitzsch,Landkreis Nordsachsen
12.32566,51.53809,schnell,2,200,2025,Delitzsch,Landkreis Nordsachsen
12.33823,51.51062,schnell,2,240,2023,Delitzsch,Landkreis Nordsachsen
12.33745,51.51218,schnell,2,300,2025,Delitzsch,Landkreis Nordsachsen
12.33745,51.51218,schnell,2,300,2025,Delitzsch,Landkreis Nordsachsen
12.35806,51.5322,normal,2,33,2021,Delitzsch,Landkreis Nordsachsen
12.3381,51.5256,normal,2,22,2023,Delitzsch,Landkreis Nordsachsen
12.35516,51.53124,schnell,2,175,2024,Delitzsch,Landkreis Nordsachsen
12.20797,51.4718,normal,2,44,2019,Wiedemar,Landkreis Nordsachsen
12.20686,51.46451,normal,1,11,2025,Wiedemar,Landkreis Nordsachsen
12.34945,51.46492,schnell,2,100,2024,Rackwitz,Landkreis Nordsachsen
12.36216,51.47446,normal,1,11,2025,Rackwitz,Landkreis Nordsachsen
12.35075,51.46386,normal,2,44,2024,Rackwitz,Landkreis Nordsachsen
13.11374,51.29343,normal,1,22,2024,Oschatz,Landkreis Nordsachsen
13.11374,51.29343,normal,1,22,2024,Oschatz,Landkreis Nordsachsen
13.11374,51.29343,normal,1,22,2024,Oschatz,Landkreis Nordsachsen
13.11374,51.29343,normal,1,22,2024,Oschatz,Landkreis Nordsachsen
13.10761,51.29783,normal,2,44,2023,Oschatz,Landkreis Nordsachsen
13.10703,51.31048,schnell,2,49.9,2024,Oschatz,Landkreis Nordsachsen
13.10703,51.31048,schnell,2,49.9,2024,Oschatz,Landkreis Nordsachsen
13.11008,51.30312,normal,1,11,2024,Oschatz,Landkreis Nordsachsen
13.0639,51.28778,normal,1,8.3,2014,Oschatz,Landkreis Nordsachsen
13.0929,51.3007,schnell,2,50,2025,Oschatz,Landkreis Nordsachsen
13.10723,51.29731,normal,2,44,2014,Oschatz,Landkreis Nordsachsen
13.10699,51.29931,schnell,2,49.9,2024,Oschatz,Landkreis Nordsachsen
13.10699,51.29931,schnell,2,49.9,2024,Oschatz,Landkreis Nordsachsen
13.10589,51.29288,normal,1,22,2024,Oschatz,Landkreis Nordsachsen
13.10589,51.29288,normal,1,22,2024,Oschatz,Landkreis Nordsachsen
13.10589,51.29288,normal,1,22,2024,Oschatz,Landkreis Nordsachsen
13.10589,51.29288,normal,1,22,2024,Oschatz,Landkreis Nordsachsen
13.09396,51.30395,schnell,2,150,2024,Oschatz,Landkreis Nordsachsen
13.09396,51.30395,schnell,2,150,2024,Oschatz,Landkreis Nordsachsen
13.1056,51.29579,normal,2,44,2025,Oschatz,Landkreis Nordsachsen
13.1056,51.29579,normal,2,44,2025,Oschatz,Landkreis Nordsachsen
13.1056,51.29579,normal,2,44,2025,Oschatz,Landkreis Nordsachsen
13.09297,51.30073,schnell,2,50,2025,Oschatz,Landkreis Nordsachsen
13.07156,51.23712,normal,2,33,2021,Mügeln,Landkreis Nordsachsen
13.03912,51.23616,schnell,2,150,2022,Mügeln,Landkreis Nordsachsen
12.67455,51.46549,schnell,2,150,2023,Eilenburg,Landkreis Nordsachsen
12.63135,51.46057,normal,2,44,2023,Eilenburg,Landkreis Nordsachsen
12.6493,51.4651,normal,1,22,2021,Eilenburg,Landkreis Nordsachsen
12.63106,51.45372,normal,2,44,2023,Eilenburg,Landkreis Nordsachsen
12.63452,51.45872,normal,2,44,2023,Eilenburg,Landkreis Nordsachsen
12.63289,51.46566,normal,1,11,2023,Eilenburg,Landkreis Nordsachsen
12.65946,51.46878,normal,1,22,2024,Eilenburg,Landkreis Nordsachsen
12.65396,51.46586,normal,2,33,2023,Eilenburg,Landkreis Nordsachsen
12.64826,51.46325,schnell,2,72,2023,Eilenburg,Landkreis Nordsachsen
12.66455,51.46839,normal,2,30,2020,Eilenburg,Landkreis Nordsachsen
12.66455,51.46839,normal,2,30,2020,Eilenburg,Landkreis Nordsachsen
12.63596,51.45607,schnell,2,150,2025,Eilenburg,Landkreis Nordsachsen
12.6607,51.46947,schnell,2,300,2026,Eilenburg,Landkreis Nordsachsen
12.6158,51.45712,schnell,2,50,2023,Eilenburg,Landkreis Nordsachsen
12.65886,51.46662,schnell,2,150,2026,Eilenburg,Landkreis Nordsachsen
12.65886,51.46662,schnell,2,50,2026,Eilenburg,Landkreis Nordsachsen
12.52696,51.50579,normal,1,11,2024,Zschepplin,Landkreis Nordsachsen
12.60431,51.58961,normal,2,33,2021,Bad Düben,Landkreis Nordsachsen
12.57714,51.60013,normal,2,44,2019,Bad Düben,Landkreis Nordsachsen
12.97597,51.56947,normal,2,22,2024,Torgau,Landkreis Nordsachsen
12.9962,51.54825,schnell,3,71,2023,Torgau,Landkreis Nordsachsen
12.9762,51.5696,normal,2,22,2024,Torgau,Landkreis Nordsachsen
12.97536,51.56839,normal,2,33,2021,Torgau,Landkreis Nordsachsen
12.96529,51.55722,schnell,4,150,2019,Torgau,Landkreis Nordsachsen
12.97115,51.56185,schnell,2,160,2022,Torgau,Landkreis Nordsachsen
12.9661,51.5573,normal,2,33,2021,Torgau,Landkreis Nordsachsen
13.00418,51.5582,schnell,2,50,2020,Torgau,Landkreis Nordsachsen
12.9992,51.56193,normal,2,44,2025,Torgau,Landkreis Nordsachsen
13.00352,51.56096,schnell,2,50,2020,Torgau,Landkreis Nordsachsen
12.98781,51.55998,schnell,2,50,2025,Torgau,Landkreis Nordsachsen
12.99061,51.55885,normal,2,44,2020,Torgau,Landkreis Nordsachsen
12.99031,51.4954,normal,2,22,2022,Torgau,Landkreis Nordsachsen
12.8212,51.50925,normal,2,22,2025,Mockrehna,Landkreis Nordsachsen
12.8212,51.50925,normal,2,22,2025,Mockrehna,Landkreis Nordsachsen
12.85243,51.47802,normal,1,10,2024,Mockrehna,Landkreis Nordsachsen
13.11914,51.48162,schnell,2,180,2025,Belgern,Landkreis Nordsachsen
13.66627,51.00315,normal,4,44,2021,Freital,Landkreis Sächsische Schweiz-Osterzgebirge
13.63718,51.01587,schnell,2,72,2023,Freital,Landkreis Sächsische Schweiz-Osterzgebirge
13.66105,51.01248,normal,2,22,2022,Freital,Landkreis Sächsische Schweiz-Osterzgebirge
13.675,51.01187,normal,1,22,2017,Freital,Landkreis Sächsische Schweiz-Osterzgebirge
13.64455,51.01413,normal,2,33,2021,Freital,Landkreis Sächsische Schweiz-Osterzgebirge
13.64374,51.01465,normal,2,44,2022,Freital,Landkreis Sächsische Schweiz-Osterzgebirge
13.65157,51.00195,schnell,2,300,2026,Freital,Landkreis Sächsische Schweiz-Osterzgebirge
13.65157,51.00195,schnell,2,300,2026,Freital,Landkreis Sächsische Schweiz-Osterzgebirge
13.6504,51.00206,schnell,2,150,2026,Freital,Landkreis Sächsische Schweiz-Osterzgebirge
13.6504,51.00206,schnell,2,150,2026,Freital,Landkreis Sächsische Schweiz-Osterzgebirge
13.55421,51.03195,schnell,2,72,2024,Grumbach,Landkreis Sächsische Schweiz-Osterzgebirge
13.57107,51.06321,schnell,1,350,2019,Wilsdruff,Landkreis Sächsische Schweiz-Osterzgebirge
13.57107,51.06321,schnell,1,350,2019,Wilsdruff,Landkreis Sächsische Schweiz-Osterzgebirge
13.57107,51.06321,schnell,1,350,2019,Wilsdruff,Landkreis Sächsische Schweiz-Osterzgebirge
13.57107,51.06321,schnell,1,350,2019,Wilsdruff,Landkreis Sächsische Schweiz-Osterzgebirge
13.57196,51.06023,schnell,1,350,2019,Wilsdruff,Landkreis Sächsische Schweiz-Osterzgebirge
13.57196,51.06023,schnell,1,350,2019,Wilsdruff,Landkreis Sächsische Schweiz-Osterzgebirge
13.57196,51.06023,schnell,1,350,2019,Wilsdruff,Landkreis Sächsische Schweiz-Osterzgebirge
13.57196,51.06023,schnell,1,350,2019,Wilsdruff,Landkreis Sächsische Schweiz-Osterzgebirge
13.57232,51.06048,schnell,2,98,2023,Wilsdruff,Landkreis Sächsische Schweiz-Osterzgebirge
13.57081,51.06307,schnell,2,98,2023,Wilsdruff,Landkreis Sächsische Schweiz-Osterzgebirge
13.57015,51.06333,schnell,2,93,2017,Wilsdruff,Landkreis Sächsische Schweiz-Osterzgebirge
13.57015,51.06333,schnell,2,93,2017,Wilsdruff,Landkreis Sächsische Schweiz-Osterzgebirge
13.57107,51.06321,schnell,1,350,2025,Wilsdruff,Landkreis Sächsische Schweiz-Osterzgebirge
13.57107,51.06321,schnell,1,350,2025,Wilsdruff,Landkreis Sächsische Schweiz-Osterzgebirge
13.57196,51.06023,schnell,1,350,2025,Wilsdruff,Landkreis Sächsische Schweiz-Osterzgebirge
13.57196,51.06023,schnell,1,350,2025,Wilsdruff,Landkreis Sächsische Schweiz-Osterzgebirge
13.45561,50.9942,schnell,2,72,2023,Wilsdruff,Landkreis Sächsische Schweiz-Osterzgebirge
13.53313,51.05706,normal,2,33,2021,Wilsdruff,Landkreis Sächsische Schweiz-Osterzgebirge
13.52979,51.04484,normal,2,30,2024,Wilsdruff,Landkreis Sächsische Schweiz-Osterzgebirge
13.47835,51.05092,schnell,2,50,2025,Wilsdruff,Landkreis Sächsische Schweiz-Osterzgebirge
13.59143,51.03161,schnell,2,90,2020,Wilsdruff,Landkreis Sächsische Schweiz-Osterzgebirge
13.53743,51.05138,schnell,2,50,2024,Wilsdruff,Landkreis Sächsische Schweiz-Osterzgebirge
13.60169,51.04195,normal,1,11,2023,Wilsdruff,Landkreis Sächsische Schweiz-Osterzgebirge
13.5322,51.05131,normal,2,30,2019,Wilsdruff,Landkreis Sächsische Schweiz-Osterzgebirge
13.54077,51.04163,normal,2,44,2020,Wilsdruff,Landkreis Sächsische Schweiz-Osterzgebirge
13.72021,51.00118,schnell,2,93,2022,Bannewitz,Landkreis Sächsische Schweiz-Osterzgebirge
13.71384,50.96658,normal,1,11,2023,Bannewitz,Landkreis Sächsische Schweiz-Osterzgebirge
13.71963,50.99861,schnell,2,300,2023,Bannewitz,Landkreis Sächsische Schweiz-Osterzgebirge
13.71683,50.97905,normal,2,44,2022,Bannewitz,Landkreis Sächsische Schweiz-Osterzgebirge
13.71168,50.96517,schnell,2,50,2024,Bannewitz,Landkreis Sächsische Schweiz-Osterzgebirge
13.71307,50.96896,normal,1,11,2021,Bannewitz,Landkreis Sächsische Schweiz-Osterzgebirge
13.75892,50.94435,normal,1,11,2024,Kreischa,Landkreis Sächsische Schweiz-Osterzgebirge
13.76248,50.94643,schnell,2,72,2025,Kreischa,Landkreis Sächsische Schweiz-Osterzgebirge
13.75726,50.94503,normal,2,44,2021,Kreischa,Landkreis Sächsische Schweiz-Osterzgebirge
13.64479,50.96506,normal,2,30,2022,Rabenau,Landkreis Sächsische Schweiz-Osterzgebirge
13.58864,50.98294,normal,2,30,2018,Tharandt,Landkreis Sächsische Schweiz-Osterzgebirge
13.56312,50.93475,normal,2,40,2019,Dorfhain,Landkreis Sächsische Schweiz-Osterzgebirge
13.69289,50.89743,schnell,3,71,2023,Dippoldiswalde,Landkreis Sächsische Schweiz-Osterzgebirge
13.66678,50.88768,normal,1,11,2021,Dippoldiswalde,Landkreis Sächsische Schweiz-Osterzgebirge
13.6958,50.90912,normal,1,11,2023,Dippoldiswalde,Landkreis Sächsische Schweiz-Osterzgebirge
13.69154,50.8979,normal,2,44,2025,Dippoldiswalde,Landkreis Sächsische Schweiz-Osterzgebirge
13.66879,50.88892,normal,2,44,2019,Dippoldiswalde,Landkreis Sächsische Schweiz-Osterzgebirge
13.66986,50.88789,schnell,2,97,2024,Dippoldiswalde,Landkreis Sächsische Schweiz-Osterzgebirge
13.66881,50.88778,normal,2,33,2021,Dippoldiswalde,Landkreis Sächsische Schweiz-Osterzgebirge
13.6731,50.90609,schnell,3,150,2019,Dippoldiswalde,Landkreis Sächsische Schweiz-Osterzgebirge
13.68057,50.83373,normal,2,33,2021,Dippoldiswalde,Landkreis Sächsische Schweiz-Osterzgebirge
13.66959,50.8959,schnell,3,175,2020,Dippoldiswalde,Landkreis Sächsische Schweiz-Osterzgebirge
13.66742,50.88922,normal,2,44,2022,Dippoldiswalde,Landkreis Sächsische Schweiz-Osterzgebirge
13.67028,50.87,normal,2,22,2023,Dippoldiswalde / OT Ulberndorf,Landkreis Sächsische Schweiz-Osterzgebirge
13.81556,50.87534,normal,1,22,2024,Glashütte,Landkreis Sächsische Schweiz-Osterzgebirge
13.78193,50.85068,normal,2,33,2019,Glashütte,Landkreis Sächsische Schweiz-Osterzgebirge
13.75529,50.76481,schnell,2,60,2023,Altenberg,Landkreis Sächsische Schweiz-Osterzgebirge
13.74907,50.73533,normal,2,30,2019,Altenberg,Landkreis Sächsische Schweiz-Osterzgebirge
13.68962,50.77513,normal,2,22,2019,Altenberg,Landkreis Sächsische Schweiz-Osterzgebirge
13.52935,50.87978,normal,1,11,2022,Klingenberg,Landkreis Sächsische Schweiz-Osterzgebirge
13.51,50.92,normal,1,3.6,2021,Klingenberg,Landkreis Sächsische Schweiz-Osterzgebirge
13.62965,50.76059,normal,2,44,2021,Hermsdorf /Erzgeb.,Landkreis Sächsische Schweiz-Osterzgebirge
13.94822,50.98009,schnell,3,72,2023,Copitz,Landkreis Sächsische Schweiz-Osterzgebirge
13.90097,50.95826,normal,2,33,2021,Pirna,Landkreis Sächsische Schweiz-Osterzgebirge
13.958,50.95718,schnell,3,71,2023,Pirna,Landkreis Sächsische Schweiz-Osterzgebirge
13.94322,50.95813,schnell,2,300,2024,Pirna,Landkreis Sächsische Schweiz-Osterzgebirge
13.93782,50.9673,normal,2,30,2023,Pirna,Landkreis Sächsische Schweiz-Osterzgebirge
13.93782,50.9673,normal,2,30,2023,Pirna,Landkreis Sächsische Schweiz-Osterzgebirge
13.93782,50.9673,normal,2,30,2023,Pirna,Landkreis Sächsische Schweiz-Osterzgebirge
13.93774,50.96729,normal,2,22,2020,Pirna,Landkreis Sächsische Schweiz-Osterzgebirge
13.94305,50.96253,normal,1,11,2024,Pirna,Landkreis Sächsische Schweiz-Osterzgebirge
13.93774,50.95689,schnell,2,24,2022,Pirna,Landkreis Sächsische Schweiz-Osterzgebirge
13.9543,50.94937,normal,2,22,2022,Pirna,Landkreis Sächsische Schweiz-Osterzgebirge
13.94164,50.96394,normal,2,30,2021,Pirna,Landkreis Sächsische Schweiz-Osterzgebirge
13.93775,50.96308,normal,2,22,2025,Pirna,Landkreis Sächsische Schweiz-Osterzgebirge
13.92971,50.9535,normal,2,22,2026,Pirna,Landkreis Sächsische Schweiz-Osterzgebirge
13.93559,50.96332,normal,3,33,2024,Pirna,Landkreis Sächsische Schweiz-Osterzgebirge
13.90098,50.95831,normal,2,33,2021,Pirna,Landkreis Sächsische Schweiz-Osterzgebirge
13.9413,50.95378,normal,2,44,2023,Pirna,Landkreis Sächsische Schweiz-Osterzgebirge
13.93783,50.96706,normal,2,22,2024,Pirna,Landkreis Sächsische Schweiz-Osterzgebirge
13.94995,50.98005,schnell,2,60,2025,Pirna,Landkreis Sächsische Schweiz-Osterzgebirge
13.92099,50.96792,normal,1,22,2025,Pirna,Landkreis Sächsische Schweiz-Osterzgebirge
13.9199,50.96657,normal,2,22,2026,Pirna,Landkreis Sächsische Schweiz-Osterzgebirge
13.91013,50.9932,schnell,2,150,2024,Pirna,Landkreis Sächsische Schweiz-Osterzgebirge
13.9526,50.957,schnell,2,50,2025,Pirna,Landkreis Sächsische Schweiz-Osterzgebirge
13.9771,50.92978,schnell,2,72,2020,Pirna,Landkreis Sächsische Schweiz-Osterzgebirge
13.93775,50.95854,schnell,2,180,2025,Pirna,Landkreis Sächsische Schweiz-Osterzgebirge
13.93769,50.95854,schnell,2,180,2025,Pirna,Landkreis Sächsische Schweiz-Osterzgebirge
13.91785,50.96833,normal,1,11,2024,Pirna,Landkreis Sächsische Schweiz-Osterzgebirge
13.92437,50.93773,normal,1,22,2022,Pirna,Landkreis Sächsische Schweiz-Osterzgebirge
13.95662,50.95017,normal,2,22,2026,Pirna,Landkreis Sächsische Schweiz-Osterzgebirge
13.94222,50.94801,normal,2,22,2025,Pirna,Landkreis Sächsische Schweiz-Osterzgebirge
13.92576,50.97132,schnell,3,100,2020,Pirna,Landkreis Sächsische Schweiz-Osterzgebirge
13.91535,50.9571,schnell,2,400,2025,Pirna,Landkreis Sächsische Schweiz-Osterzgebirge
13.91535,50.9571,schnell,2,400,2025,Pirna,Landkreis Sächsische Schweiz-Osterzgebirge
13.91535,50.9571,schnell,2,400,2025,Pirna,Landkreis Sächsische Schweiz-Osterzgebirge
13.91535,50.9571,schnell,2,400,2025,Pirna,Landkreis Sächsische Schweiz-Osterzgebirge
13.91535,50.9571,schnell,2,400,2025,Pirna,Landkreis Sächsische Schweiz-Osterzgebirge
13.91535,50.9571,schnell,2,400,2025,Pirna,Landkreis Sächsische Schweiz-Osterzgebirge
13.91527,50.95715,normal,2,44,2025,Pirna,Landkreis Sächsische Schweiz-Osterzgebirge
13.92382,50.97624,normal,2,22,2025,Pirna,Landkreis Sächsische Schweiz-Osterzgebirge
13.91288,50.9563,schnell,2,150,2023,Pirna,Landkreis Sächsische Schweiz-Osterzgebirge
13.92357,50.99235,normal,2,22,2024,Pirna,Landkreis Sächsische Schweiz-Osterzgebirge
13.94207,50.94562,normal,2,33,2020,Pirna,Landkreis Sächsische Schweiz-Osterzgebirge
13.92789,50.94321,schnell,2,150,2025,Pirna,Landkreis Sächsische Schweiz-Osterzgebirge
13.92787,50.94317,schnell,2,150,2025,Pirna,Landkreis Sächsische Schweiz-Osterzgebirge
13.94813,50.93393,normal,2,22,2025,Pirna,Landkreis Sächsische Schweiz-Osterzgebirge
13.90412,50.9567,normal,2,22,2022,Pirna,Landkreis Sächsische Schweiz-Osterzgebirge
13.90412,50.9567,normal,2,44,2025,Pirna,Landkreis Sächsische Schweiz-Osterzgebirge
13.93895,50.95888,normal,2,30,2023,Pirna,Landkreis Sächsische Schweiz-Osterzgebirge
13.95944,50.95706,schnell,2,72,2021,Pirna,Landkreis Sächsische Schweiz-Osterzgebirge
13.92538,50.98192,normal,2,30,2021,Pirna,Landkreis Sächsische Schweiz-Osterzgebirge
13.93612,50.96085,normal,2,30,2020,Pirna,Landkreis Sächsische Schweiz-Osterzgebirge
13.9526,50.957,schnell,2,50,2025,Pirna,Landkreis Sächsische Schweiz-Osterzgebirge
13.9526,50.957,schnell,2,50,2025,Pirna,Landkreis Sächsische Schweiz-Osterzgebirge
13.9526,50.957,schnell,2,50,2025,Pirna,Landkreis Sächsische Schweiz-Osterzgebirge
13.95763,50.95286,schnell,2,150,2024,Pirna,Landkreis Sächsische Schweiz-Osterzgebirge
13.93104,50.97365,schnell,2,150,2026,Pirna,Landkreis Sächsische Schweiz-Osterzgebirge
13.94436,50.96123,normal,2,30,2020,Pirna,Landkreis Sächsische Schweiz-Osterzgebirge
13.85793,50.95494,normal,2,30,2025,Dohna,Landkreis Sächsische Schweiz-Osterzgebirge
13.86108,50.94856,normal,2,22,2023,Dohna,Landkreis Sächsische Schweiz-Osterzgebirge
13.88548,50.94996,schnell,2,48.6,2024,Heidenau,Landkreis Sächsische Schweiz-Osterzgebirge
13.88549,50.95009,normal,1,11,2024,Heidenau,Landkreis Sächsische Schweiz-Osterzgebirge
13.88557,50.95011,normal,1,11,2024,Heidenau,Landkreis Sächsische Schweiz-Osterzgebirge
13.85435,50.97818,schnell,2,60,2025,Heidenau,Landkreis Sächsische Schweiz-Osterzgebirge
13.867,50.97208,schnell,3,71,2025,Heidenau,Landkreis Sächsische Schweiz-Osterzgebirge
13.86661,50.97124,schnell,4,150,2020,Heidenau,Landkreis Sächsische Schweiz-Osterzgebirge
13.88548,50.95604,normal,1,22,2023,Heidenau,Landkreis Sächsische Schweiz-Osterzgebirge
13.87236,50.97033,schnell,2,180,2026,Heidenau,Landkreis Sächsische Schweiz-Osterzgebirge
13.87243,50.97031,schnell,2,180,2026,Heidenau,Landkreis Sächsische Schweiz-Osterzgebirge
13.88395,50.96414,normal,2,22,2022,Heidenau,Landkreis Sächsische Schweiz-Osterzgebirge
13.88395,50.96414,normal,2,22,2022,Heidenau,Landkreis Sächsische Schweiz-Osterzgebirge
13.88395,50.96414,normal,2,22,2022,Heidenau,Landkreis Sächsische Schweiz-Osterzgebirge
13.88395,50.96414,normal,2,22,2024,Heidenau,Landkreis Sächsische Schweiz-Osterzgebirge
13.88395,50.96414,normal,2,22,2024,Heidenau,Landkreis Sächsische Schweiz-Osterzgebirge
13.88395,50.96414,normal,2,22,2024,Heidenau,Landkreis Sächsische Schweiz-Osterzgebirge
13.8585,50.98646,normal,2,22,2024,Heidenau,Landkreis Sächsische Schweiz-Osterzgebirge
13.8585,50.98646,normal,2,22,2024,Heidenau,Landkreis Sächsische Schweiz-Osterzgebirge
13.86027,50.98083,schnell,3,175,2019,Heidenau,Landkreis Sächsische Schweiz-Osterzgebirge
14.1495,50.91842,schnell,2,50,2021,Bad Schandau,Landkreis Sächsische Schweiz-Osterzgebirge
14.16319,50.91581,normal,4,30,2023,Bad Schandau,Landkreis Sächsische Schweiz-Osterzgebirge
14.14225,50.92143,normal,2,44,2020,Bad Schandau,Landkreis Sächsische Schweiz-Osterzgebirge
14.1671,50.90949,normal,4,22,2023,Bad Schandau,Landkreis Sächsische Schweiz-Osterzgebirge
14.22988,50.89241,normal,2,44,2020,Bad Schandau,Landkreis Sächsische Schweiz-Osterzgebirge
14.13959,50.92208,normal,2,30,2022,Bad Schandau,Landkreis Sächsische Schweiz-Osterzgebirge
14.13952,50.9221,normal,2,30,2022,Bad Schandau,Landkreis Sächsische Schweiz-Osterzgebirge
14.20007,50.88802,normal,2,22,2024,Reinhardtsdorf,Landkreis Sächsische Schweiz-Osterzgebirge
14.21302,50.88466,normal,2,22,2024,Reinhardtsdorf,Landkreis Sächsische Schweiz-Osterzgebirge
14.22242,50.87606,normal,2,22,2024,Schöna,Landkreis Sächsische Schweiz-Osterzgebirge
13.94643,50.87421,normal,2,22,2026,Bad Gottleuba-Berggießhübel,Landkreis Sächsische Schweiz-Osterzgebirge
13.94192,50.84905,normal,2,30,2022,Bad Gottleuba-Berggießhübel,Landkreis Sächsische Schweiz-Osterzgebirge
13.91647,50.89842,normal,2,33,2021,Bahretal,Landkreis Sächsische Schweiz-Osterzgebirge
14.13184,50.8962,normal,2,22,2023,Gohrisch,Landkreis Sächsische Schweiz-Osterzgebirge
14.10669,50.91091,normal,2,5.5,2022,Gohrisch,Landkreis Sächsische Schweiz-Osterzgebirge
14.10888,50.90899,normal,1,11,2023,Gohrisch,Landkreis Sächsische Schweiz-Osterzgebirge
14.04814,50.9217,normal,2,22,2023,Königstein / Sächs. Schweiz,Landkreis Sächsische Schweiz-Osterzgebirge
14.07503,50.91899,schnell,2,50,2025,Königstein /Sächs. Schw.,Landkreis Sächsische Schweiz-Osterzgebirge
14.08778,50.95836,normal,2,22,2025,Kurort Rathen,Landkreis Sächsische Schweiz-Osterzgebirge
14.07573,50.95682,normal,2,22,2025,Kurort Rathen,Landkreis Sächsische Schweiz-Osterzgebirge
14.07916,50.95601,normal,2,30,2018,Kurort Rathen,Landkreis Sächsische Schweiz-Osterzgebirge
14.02475,50.95784,normal,1,11,2024,Stadt Wehlen,Landkreis Sächsische Schweiz-Osterzgebirge
14.03245,50.95638,normal,2,30,2018,Stadt Wehlen,Landkreis Sächsische Schweiz-Osterzgebirge
14.08789,51.05036,schnell,3,175,2020,Stolpen,Landkreis Sächsische Schweiz-Osterzgebirge
14.08799,51.05074,schnell,2,150,2024,Stolpen,Landkreis Sächsische Schweiz-Osterzgebirge
14.0893,51.051,schnell,2,100,2025,Stolpen,Landkreis Sächsische Schweiz-Osterzgebirge
14.0893,51.051,schnell,2,100,2025,Stolpen,Landkreis Sächsische Schweiz-Osterzgebirge
14.11866,51.04293,normal,1,11,2023,Stolpen,Landkreis Sächsische Schweiz-Osterzgebirge
14.11866,51.04293,normal,1,11,2023,Stolpen,Landkreis Sächsische Schweiz-Osterzgebirge
14.21646,51.02982,normal,2,33,2021,Neustadt in Sachsen,Landkreis Sächsische Schweiz-Osterzgebirge
14.21901,51.02744,schnell,2,150,2025,Neustadt in Sachsen,Landkreis Sächsische Schweiz-Osterzgebirge
14.21325,51.02742,schnell,2,72,2022,Neustadt in Sachsen,Landkreis Sächsische Schweiz-Osterzgebirge
14.18999,50.99441,normal,1,11,2022,Neustadt in Sachsen,Landkreis Sächsische Schweiz-Osterzgebirge
14.2167,51.03,normal,1,22,2026,Neustadt in Sachsen,Landkreis Sächsische Schweiz-Osterzgebirge
14.20957,51.02483,normal,2,44,2021,Neustadt in Sachsen,Landkreis Sächsische Schweiz-Osterzgebirge
14.21698,51.02563,schnell,3,175,2020,Neustadt in Sachsen,Landkreis Sächsische Schweiz-Osterzgebirge
13.9859,50.98731,normal,2,22,2023,Lohmen,Landkreis Sächsische Schweiz-Osterzgebirge
13.98277,50.99174,normal,1,11,2023,Lohmen,Landkreis Sächsische Schweiz-Osterzgebirge
13.98679,50.9904,normal,1,11,2022,Lohmen,Landkreis Sächsische Schweiz-Osterzgebirge
14.06607,50.9661,normal,2,44,2021,Lohmen,Landkreis Sächsische Schweiz-Osterzgebirge
14.11429,50.97905,normal,2,30,2019,Hohnstein,Landkreis Sächsische Schweiz-Osterzgebirge
14.09171,50.98428,normal,2,22,2023,Hohnstein,Landkreis Sächsische Schweiz-Osterzgebirge
14.05431,50.98647,normal,2,30,2019,Hohnstein,Landkreis Sächsische Schweiz-Osterzgebirge
14.2429,50.92914,normal,2,44,2024,Lichtenhain,Landkreis Sächsische Schweiz-Osterzgebirge
14.2429,50.92914,normal,2,44,2024,Lichtenhain,Landkreis Sächsische Schweiz-Osterzgebirge
14.26931,50.96649,normal,2,22,2026,Sebnitz,Landkreis Sächsische Schweiz-Osterzgebirge
14.23568,50.96775,normal,2,44,2021,Sebnitz,Landkreis Sächsische Schweiz-Osterzgebirge
14.23546,50.9677,normal,2,22,2021,Sebnitz,Landkreis Sächsische Schweiz-Osterzgebirge
14.28627,50.96034,normal,1,22,2022,Sebnitz,Landkreis Sächsische Schweiz-Osterzgebirge
14.25451,50.96772,schnell,2,100,2023,Sebnitz,Landkreis Sächsische Schweiz-Osterzgebirge
14.27028,50.96937,schnell,3,175,2021,Sebnitz,Landkreis Sächsische Schweiz-Osterzgebirge
14.27295,50.97218,normal,2,33,2019,Sebnitz,Landkreis Sächsische Schweiz-Osterzgebirge
12.04491,50.56657,normal,1,11,2023,Vogtländisches Oberland,Landkreis Vogtlandkreis
11.99414,50.57923,normal,2,22,2020,Pausa,Landkreis Vogtlandkreis
11.99736,50.58208,normal,1,11,2023,Pausa-Mühltroff,Landkreis Vogtlandkreis
12.16917,50.60803,normal,2,22,2020,Elsterberg,Landkreis Vogtlandkreis
12.38058,50.52169,schnell,2,72,2023,Auerbach,Landkreis Vogtlandkreis
12.37993,50.52109,normal,1,3.7,2014,Auerbach,Landkreis Vogtlandkreis
12.39747,50.51539,normal,2,22,2023,Auerbach,Landkreis Vogtlandkreis
12.39747,50.51539,normal,2,22,2023,Auerbach,Landkreis Vogtlandkreis
12.40098,50.51365,normal,2,44,2019,Auerbach /Vogtl.,Landkreis Vogtlandkreis
12.45801,50.47502,normal,2,22,2025,Auerbach /Vogtl.,Landkreis Vogtlandkreis
12.39809,50.50911,normal,2,44,2014,Auerbach /Vogtl.,Landkreis Vogtlandkreis
12.3956,50.49394,normal,2,44,2018,Auerbach im Vogtland,Landkreis Vogtlandkreis
12.41396,50.50481,normal,1,11,2022,Auerbach/Vogtland,Landkreis Vogtlandkreis
12.42536,50.49788,normal,1,11,2023,Auerbach/Vogtland,Landkreis Vogtlandkreis
12.39814,50.50797,normal,1,11,2024,Auerbach/Vogtland,Landkreis Vogtlandkreis
12.45448,50.50831,normal,1,11,2024,Auerbach/Vogtland,Landkreis Vogtlandkreis
12.35435,50.47421,schnell,2,150,2024,Falkenstein,Landkreis Vogtlandkreis
12.36873,50.4752,normal,2,44,2026,Falkenstein /Vogtl.,Landkreis Vogtlandkreis
12.36973,50.4751,normal,2,44,2019,Falkenstein /Vogtl.,Landkreis Vogtlandkreis
12.35435,50.47421,schnell,2,150,2024,Falkenstein /Vogtl.,Landkreis Vogtlandkreis
12.3552,50.4684,normal,2,33,2021,Falkenstein/Vogtland,Landkreis Vogtlandkreis
12.36256,50.47902,normal,2,22,2023,Falkenstein/Vogtland,Landkreis Vogtlandkreis
12.36074,50.44989,normal,2,33,2026,Grünbach,Landkreis Vogtlandkreis
12.38635,50.52071,schnell,3,133,2025,Rodewisch,Landkreis Vogtlandkreis
12.39484,50.54117,schnell,2,150,2021,Rodewisch,Landkreis Vogtlandkreis
12.40314,50.53095,normal,2,44,2019,Rodewisch,Landkreis Vogtlandkreis
12.3862,50.54458,normal,2,33,2021,Rodewisch,Landkreis Vogtlandkreis
12.40077,50.53941,normal,1,22,2021,Rodewisch,Landkreis Vogtlandkreis
12.30632,50.53883,normal,2,44,2019,Treuen,Landkreis Vogtlandkreis
12.28625,50.54909,schnell,2,72,2017,Treuen,Landkreis Vogtlandkreis
12.29636,50.47592,normal,2,44,2023,Falkenstein,Landkreis Vogtlandkreis
12.28744,50.48284,normal,1,11,2022,Falkenstein/Vogtland,Landkreis Vogtlandkreis
12.29636,50.47592,normal,2,22,2022,Trieb,Landkreis Vogtlandkreis
12.46817,50.37072,normal,2,44,2024,Klingenthal,Landkreis Vogtlandkreis
12.46847,50.35856,normal,2,44,2019,Klingenthal,Landkreis Vogtlandkreis
12.32512,50.31065,normal,2,44,2023,Markneukirchen,Landkreis Vogtlandkreis
12.33129,50.31071,normal,2,44,2024,Markneukirchen,Landkreis Vogtlandkreis
12.33754,50.30832,normal,1,22,2024,Markneukirchen,Landkreis Vogtlandkreis
12.34265,50.30711,normal,2,22,2024,Markneukirchen,Landkreis Vogtlandkreis
12.33043,50.31188,normal,2,44,2024,Markneukirchen,Landkreis Vogtlandkreis
12.33122,50.3931,normal,1,11,2023,Schöneck /Vogtl.,Landkreis Vogtlandkreis
12.32791,50.39088,normal,2,22,2025,Schöneck /Vogtl.,Landkreis Vogtlandkreis
12.33199,50.39574,normal,2,22,2025,Schöneck /Vogtl.,Landkreis Vogtlandkreis
12.34966,50.38891,schnell,2,72,2019,Schöneck /Vogtl.,Landkreis Vogtlandkreis
12.35251,50.39033,normal,3,22,2023,Schöneck /Vogtl.,Landkreis Vogtlandkreis
12.35226,50.39009,normal,3,22,2023,Schöneck /Vogtl.,Landkreis Vogtlandkreis
12.34486,50.39508,schnell,3,150,2023,Schöneck/Vogtl.,Landkreis Vogtlandkreis
12.49182,50.46226,normal,2,22,2019,Morgenröthe-Rautenkranz,Landkreis Vogtlandkreis
12.42171,50.35104,schnell,4,72,2023,Klingenthal OT Zwota,Landkreis Vogtlandkreis
12.43445,50.35488,normal,2,11,2026,Zwota,Landkreis Vogtlandkreis
12.28559,50.61949,schnell,2,160,2023,Reichenbach,Landkreis Vogtlandkreis
12.28542,50.61511,normal,2,44,2022,Reichenbach im Vogtland,Landkreis Vogtlandkreis
12.30393,50.6226,schnell,4,150,2020,Reichenbach im Vogtland,Landkreis Vogtlandkreis
12.32891,50.63336,normal,2,44,2021,Reichenbach im Vogtland,Landkreis Vogtlandkreis
12.30133,50.61883,schnell,2,150,2022,Reichenbach im Vogtland,Landkreis Vogtlandkreis
12.30363,50.62108,normal,2,44,2017,Reichenbach im Vogtland,Landkreis Vogtlandkreis
12.31582,50.63332,normal,2,22,2018,Reichenbach im Vogtland,Landkreis Vogtlandkreis
12.31145,50.61515,schnell,2,150,2023,Reichenbach im Vogtland,Landkreis Vogtlandkreis
12.31097,50.61487,normal,2,44,2021,Reichenbach im Vogtland,Landkreis Vogtlandkreis
12.3114,50.61514,schnell,2,150,2023,Reichenbach im Vogtland,Landkreis Vogtlandkreis
12.32899,50.63975,schnell,2,150,2022,Reichenbach im Vogtland,Landkreis Vogtlandkreis
12.29959,50.62374,normal,2,22,2018,Reichenbach im Vogtland,Landkreis Vogtlandkreis
12.30222,50.62056,normal,2,22,2014,Reichenbach im Vogtland,Landkreis Vogtlandkreis
12.29889,50.62111,normal,2,44,2014,Reichenbach im Vogtland,Landkreis Vogtlandkreis
12.29438,50.62257,schnell,2,150,2024,Reichenbach im Vogtland,Landkreis Vogtlandkreis
12.29438,50.62257,schnell,2,150,2024,Reichenbach im Vogtland,Landkreis Vogtlandkreis
12.27928,50.62446,normal,2,22,2019,Reichenbach im Vogtland,Landkreis Vogtlandkreis
12.28559,50.61949,schnell,2,150,2023,Reichenbach im Vogtland,Landkreis Vogtlandkreis
12.2858,50.61938,normal,2,44,2018,Reichenbach im Vogtland,Landkreis Vogtlandkreis
12.30757,50.61642,normal,2,44,2021,Reichenbach im Vogtland,Landkreis Vogtlandkreis
12.32287,50.63665,normal,2,33,2021,Reichenbach im Vogtland,Landkreis Vogtlandkreis
12.32407,50.63862,normal,2,22,2018,Reichenbach im Vogtland,Landkreis Vogtlandkreis
12.37056,50.57267,normal,2,22,2022,Lengenfeld,Landkreis Vogtlandkreis
12.36519,50.56931,normal,2,44,2017,Lengenfeld,Landkreis Vogtlandkreis
12.2485,50.61508,normal,2,44,2017,Netzschkau,Landkreis Vogtlandkreis
12.26731,50.61795,normal,2,44,2019,Mylau,Landkreis Vogtlandkreis
12.2634,50.6208,normal,2,44,2022,Mylau,Landkreis Vogtlandkreis
12.27079,50.619,schnell,2,150,2022,Mylau,Landkreis Vogtlandkreis
12.27079,50.619,schnell,2,300,2022,Mylau,Landkreis Vogtlandkreis
12.18467,50.46606,schnell,2,98,2023,Plauen,Landkreis Vogtlandkreis
12.13738,50.49646,normal,2,22,2025,Plauen,Landkreis Vogtlandkreis
12.13814,50.49795,normal,1,22,2019,Plauen,Landkreis Vogtlandkreis
12.13814,50.49795,normal,1,22,2019,Plauen,Landkreis Vogtlandkreis
12.13682,50.49474,normal,2,44,2025,Plauen,Landkreis Vogtlandkreis
12.1367,50.49486,normal,2,44,2025,Plauen,Landkreis Vogtlandkreis
12.11828,50.49344,normal,2,44,2024,Plauen,Landkreis Vogtlandkreis
12.13642,50.49858,normal,1,22,2024,Plauen,Landkreis Vogtlandkreis
12.13642,50.49858,normal,1,22,2024,Plauen,Landkreis Vogtlandkreis
12.13946,50.49667,normal,1,22,2023,Plauen,Landkreis Vogtlandkreis
12.12416,50.49751,normal,2,22,2023,Plauen,Landkreis Vogtlandkreis
12.10047,50.49465,schnell,2,50,2025,Plauen,Landkreis Vogtlandkreis
12.12788,50.51371,schnell,2,150,2023,Plauen,Landkreis Vogtlandkreis
12.12788,50.51371,schnell,2,150,2023,Plauen,Landkreis Vogtlandkreis
12.12788,50.51371,schnell,2,300,2023,Plauen,Landkreis Vogtlandkreis
12.12788,50.51371,schnell,2,300,2023,Plauen,Landkreis Vogtlandkreis
12.13133,50.50734,normal,2,22,2023,Plauen,Landkreis Vogtlandkreis
12.099,50.53704,normal,2,22,2022,Plauen,Landkreis Vogtlandkreis
12.14862,50.5283,normal,2,22,2023,Plauen,Landkreis Vogtlandkreis
12.12816,50.51559,normal,2,33,2021,Plauen,Landkreis Vogtlandkreis
12.11459,50.52079,normal,2,22,2018,Plauen,Landkreis Vogtlandkreis
12.11436,50.52069,schnell,2,72,2023,Plauen,Landkreis Vogtlandkreis
12.18497,50.46675,schnell,2,93,2017,Plauen,Landkreis Vogtlandkreis
12.13876,50.49264,normal,4,88,2024,Plauen,Landkreis Vogtlandkreis
12.1405,50.48075,normal,2,44,2024,Plauen,Landkreis Vogtlandkreis
12.14438,50.49203,normal,2,33,2021,Plauen,Landkreis Vogtlandkreis
12.13598,50.49148,normal,6,132,2024,Plauen,Landkreis Vogtlandkreis
12.15864,50.46966,normal,1,11,2024,Plauen,Landkreis Vogtlandkreis
12.08911,50.49171,schnell,2,72,2019,Plauen OT Neundorf,Landkreis Vogtlandkreis
12.08911,50.49171,schnell,2,72,2019,Plauen OT Neundorf,Landkreis Vogtlandkreis
12.15574,50.49,normal,2,44,2020,Plauen,Landkreis Vogtlandkreis
12.17017,50.49751,schnell,1,250,2022,Plauen,Landkreis Vogtlandkreis
12.17017,50.49751,schnell,1,250,2022,Plauen,Landkreis Vogtlandkreis
12.17017,50.49751,schnell,1,250,2022,Plauen,Landkreis Vogtlandkreis
12.17017,50.49751,schnell,1,250,2022,Plauen,Landkreis Vogtlandkreis
12.17017,50.49751,schnell,1,250,2022,Plauen,Landkreis Vogtlandkreis
12.17017,50.49751,schnell,1,250,2022,Plauen,Landkreis Vogtlandkreis
12.17017,50.49751,schnell,1,250,2022,Plauen,Landkreis Vogtlandkreis
12.17017,50.49751,schnell,1,250,2022,Plauen,Landkreis Vogtlandkreis
12.17017,50.49751,schnell,1,250,2022,Plauen,Landkreis Vogtlandkreis
12.17017,50.49751,schnell,1,250,2022,Plauen,Landkreis Vogtlandkreis
12.17017,50.49751,schnell,1,250,2022,Plauen,Landkreis Vogtlandkreis
12.17017,50.49751,schnell,1,250,2022,Plauen,Landkreis Vogtlandkreis
12.17038,50.49733,schnell,2,300,2025,Plauen,Landkreis Vogtlandkreis
12.17038,50.49733,schnell,2,300,2025,Plauen,Landkreis Vogtlandkreis
12.18013,50.49634,schnell,2,400,2025,Plauen,Landkreis Vogtlandkreis
12.18013,50.49634,schnell,2,400,2025,Plauen,Landkreis Vogtlandkreis
12.08997,50.43873,normal,2,44,2020,Weischlitz,Landkreis Vogtlandkreis
12.08928,50.43927,schnell,2,300,2025,Weischlitz,Landkreis Vogtlandkreis
12.08928,50.43927,schnell,2,300,2025,Weischlitz,Landkreis Vogtlandkreis
12.08928,50.43927,schnell,2,300,2025,Weischlitz,Landkreis Vogtlandkreis
12.08928,50.43927,schnell,2,150,2025,Weischlitz,Landkreis Vogtlandkreis
12.08928,50.43927,schnell,2,150,2025,Weischlitz,Landkreis Vogtlandkreis
12.08928,50.43927,schnell,2,150,2025,Weischlitz,Landkreis Vogtlandkreis
12.08928,50.43927,schnell,2,150,2025,Weischlitz,Landkreis Vogtlandkreis
12.08928,50.43927,schnell,2,300,2025,Weischlitz,Landkreis Vogtlandkreis
12.08921,50.43735,schnell,2,400,2025,Weischlitz,Landkreis Vogtlandkreis
12.08921,50.43735,schnell,2,400,2025,Weischlitz,Landkreis Vogtlandkreis
12.14219,50.54814,normal,2,22,2024,Jößnitz,Landkreis Vogtlandkreis
12.14219,50.54814,normal,2,22,2024,Jößnitz,Landkreis Vogtlandkreis
12.13025,50.53638,normal,1,11,2021,Jößnitz,Landkreis Vogtlandkreis
12.13022,50.53638,normal,1,11,2021,Jößnitz,Landkreis Vogtlandkreis
12.14076,50.53883,normal,2,44,2021,Plauen,Landkreis Vogtlandkreis
12.17208,50.42375,normal,2,44,2022,"Neupert, Jörg",Landkreis Vogtlandkreis
12.12959,50.43362,schnell,2,93,2017,Oelsnitz,Landkreis Vogtlandkreis
12.17208,50.42375,normal,2,44,2022,Oelsnitz,Landkreis Vogtlandkreis
12.12004,50.43618,normal,2,11,2014,Oelsnitz / OT Taltitz,Landkreis Vogtlandkreis
12.17346,50.41197,normal,2,44,2018,Oelsnitz/V.,Landkreis Vogtlandkreis
12.16782,50.41437,normal,2,44,2022,Oelsnitz/V.,Landkreis Vogtlandkreis
12.18452,50.42349,normal,1,22,2022,Oelsnitz/V.,Landkreis Vogtlandkreis
12.18452,50.42349,normal,1,22,2022,Oelsnitz/V.,Landkreis Vogtlandkreis
12.16631,50.4321,normal,2,44,2018,Oelsnitz/V.,Landkreis Vogtlandkreis
12.13054,50.43364,schnell,2,98,2023,Oelsnitz/Vogtland,Landkreis Vogtlandkreis
12.25184,50.30867,schnell,2,400,2025,Adorf /Vogtl.,Landkreis Vogtlandkreis
12.25184,50.30867,schnell,2,400,2025,Adorf /Vogtl.,Landkreis Vogtlandkreis
12.25334,50.32082,normal,2,44,2019,Adorf /Vogtl.,Landkreis Vogtlandkreis
12.25813,50.31587,schnell,3,150,2022,Adorf/Vogtland,Landkreis Vogtlandkreis
12.28265,50.34409,normal,1,11,2024,Mühlental,Landkreis Vogtlandkreis
12.23991,50.28475,normal,1,22,2022,Bad Elster,Landkreis Vogtlandkreis
12.23991,50.28476,normal,1,22,2022,Bad Elster,Landkreis Vogtlandkreis
12.2363,50.28117,normal,2,22,2025,Bad Elster,Landkreis Vogtlandkreis
12.2487,50.27439,normal,2,44,2025,Bad Elster,Landkreis Vogtlandkreis
12.29847,50.22121,normal,2,22,2024,Bad Brambach,Landkreis Vogtlandkreis
12.49865,50.71632,normal,1,11,2025,Zwickau,Landkreis Zwickau
12.49865,50.71632,normal,1,11,2025,Zwickau,Landkreis Zwickau
12.49865,50.71632,normal,1,11,2025,Zwickau,Landkreis Zwickau
12.49865,50.71632,normal,1,11,2025,Zwickau,Landkreis Zwickau
12.49865,50.71632,normal,1,11,2025,Zwickau,Landkreis Zwickau
12.49865,50.71632,normal,1,11,2025,Zwickau,Landkreis Zwickau
12.49865,50.71632,normal,1,11,2025,Zwickau,Landkreis Zwickau
12.49865,50.71632,normal,1,11,2025,Zwickau,Landkreis Zwickau
12.49865,50.71632,normal,1,11,2025,Zwickau,Landkreis Zwickau
12.49865,50.71632,normal,1,11,2025,Zwickau,Landkreis Zwickau
12.49865,50.71632,normal,1,11,2025,Zwickau,Landkreis Zwickau
12.49865,50.71632,normal,1,11,2025,Zwickau,Landkreis Zwickau
12.49865,50.71632,normal,1,11,2025,Zwickau,Landkreis Zwickau
12.49865,50.71632,normal,1,11,2025,Zwickau,Landkreis Zwickau
12.49865,50.71632,normal,1,11,2025,Zwickau,Landkreis Zwickau
12.49865,50.71632,normal,1,11,2025,Zwickau,Landkreis Zwickau
12.49865,50.71632,normal,1,11,2025,Zwickau,Landkreis Zwickau
12.49865,50.71632,normal,1,11,2025,Zwickau,Landkreis Zwickau
12.49865,50.71632,normal,1,11,2025,Zwickau,Landkreis Zwickau
12.49865,50.71632,normal,1,11,2025,Zwickau,Landkreis Zwickau
12.49865,50.71632,normal,1,11,2025,Zwickau,Landkreis Zwickau
12.49865,50.71632,normal,1,11,2025,Zwickau,Landkreis Zwickau
12.49865,50.71632,normal,1,11,2025,Zwickau,Landkreis Zwickau
12.49865,50.71632,normal,1,11,2025,Zwickau,Landkreis Zwickau
12.49865,50.71632,normal,1,11,2025,Zwickau,Landkreis Zwickau
12.49865,50.71632,normal,1,11,2025,Zwickau,Landkreis Zwickau
12.50093,50.70626,schnell,2,150,2021,Zwickau,Landkreis Zwickau
12.49232,50.70596,normal,2,11,2021,Zwickau,Landkreis Zwickau
12.49235,50.706,normal,2,11,2022,Zwickau,Landkreis Zwickau
12.4881,50.7208,normal,2,44,2025,Zwickau,Landkreis Zwickau
12.4881,50.7208,normal,2,44,2025,Zwickau,Landkreis Zwickau
12.4881,50.7208,normal,2,44,2025,Zwickau,Landkreis Zwickau
12.49008,50.71893,normal,2,44,2015,Zwickau,Landkreis Zwickau
12.44343,50.70494,schnell,2,97,2023,Zwickau,Landkreis Zwickau
12.4434,50.7049,schnell,2,86.6,2023,Zwickau,Landkreis Zwickau
12.44601,50.70523,normal,2,44,2022,Zwickau,Landkreis Zwickau
12.49586,50.7086,normal,2,33,2021,Zwickau,Landkreis Zwickau
12.51533,50.69826,normal,1,11,2024,Zwickau,Landkreis Zwickau
12.49468,50.71995,normal,2,11,2025,Zwickau,Landkreis Zwickau
12.49468,50.71995,normal,2,11,2025,Zwickau,Landkreis Zwickau
12.49468,50.71995,normal,2,11,2025,Zwickau,Landkreis Zwickau
12.49468,50.71995,normal,2,11,2025,Zwickau,Landkreis Zwickau
12.50292,50.70889,schnell,2,50,2022,Zwickau,Landkreis Zwickau
12.50267,50.7089,normal,2,22,2022,Zwickau,Landkreis Zwickau
12.49573,50.70728,normal,2,44,2020,Zwickau,Landkreis Zwickau
12.4964,50.70486,normal,2,44,2020,Zwickau,Landkreis Zwickau
12.49801,50.70561,normal,2,44,2020,Zwickau,Landkreis Zwickau
12.49779,50.70699,schnell,2,300,2024,Zwickau,Landkreis Zwickau
12.49779,50.70699,schnell,2,300,2024,Zwickau,Landkreis Zwickau
12.4976,50.70693,schnell,2,50,2024,Zwickau,Landkreis Zwickau
12.4976,50.70693,schnell,2,50,2024,Zwickau,Landkreis Zwickau
12.4976,50.70693,schnell,2,50,2024,Zwickau,Landkreis Zwickau
12.49715,50.70511,schnell,2,150,2024,Zwickau,Landkreis Zwickau
12.49715,50.70511,schnell,2,150,2024,Zwickau,Landkreis Zwickau
12.49715,50.70511,schnell,2,150,2024,Zwickau,Landkreis Zwickau
12.49715,50.70511,schnell,2,150,2024,Zwickau,Landkreis Zwickau
12.49715,50.70511,schnell,2,150,2024,Zwickau,Landkreis Zwickau
12.49715,50.70511,schnell,2,150,2024,Zwickau,Landkreis Zwickau
12.49715,50.70511,schnell,2,150,2024,Zwickau,Landkreis Zwickau
12.49715,50.70511,schnell,2,300,2024,Zwickau,Landkreis Zwickau
12.50081,50.72206,normal,2,44,2021,Zwickau,Landkreis Zwickau
12.48591,50.70325,normal,2,44,2021,Zwickau,Landkreis Zwickau
12.44466,50.70532,normal,2,44,2022,Zwickau,Landkreis Zwickau
12.44699,50.70431,normal,2,44,2022,Zwickau,Landkreis Zwickau
12.49453,50.71601,normal,1,11,2025,Zwickau,Landkreis Zwickau
12.49453,50.71601,normal,1,11,2025,Zwickau,Landkreis Zwickau
12.49453,50.71601,normal,1,11,2025,Zwickau,Landkreis Zwickau
12.49453,50.71601,normal,1,11,2025,Zwickau,Landkreis Zwickau
12.49453,50.71601,normal,1,11,2025,Zwickau,Landkreis Zwickau
12.49453,50.71601,normal,1,11,2025,Zwickau,Landkreis Zwickau
12.49453,50.71601,normal,1,11,2025,Zwickau,Landkreis Zwickau
12.49453,50.71601,normal,1,11,2025,Zwickau,Landkreis Zwickau
12.49453,50.71601,normal,1,11,2025,Zwickau,Landkreis Zwickau
12.49453,50.71601,normal,1,11,2025,Zwickau,Landkreis Zwickau
12.49453,50.71601,normal,1,11,2025,Zwickau,Landkreis Zwickau
12.49453,50.71601,normal,1,11,2025,Zwickau,Landkreis Zwickau
12.49453,50.71601,normal,1,11,2025,Zwickau,Landkreis Zwickau
12.49453,50.71601,normal,1,11,2025,Zwickau,Landkreis Zwickau
12.49453,50.71601,normal,1,11,2025,Zwickau,Landkreis Zwickau
12.49453,50.71601,normal,1,11,2025,Zwickau,Landkreis Zwickau
12.49453,50.71601,normal,1,11,2025,Zwickau,Landkreis Zwickau
12.49453,50.71601,normal,1,11,2025,Zwickau,Landkreis Zwickau
12.49453,50.71601,normal,1,11,2025,Zwickau,Landkreis Zwickau
12.49453,50.71601,normal,1,11,2025,Zwickau,Landkreis Zwickau
12.49453,50.71601,normal,1,11,2025,Zwickau,Landkreis Zwickau
12.49453,50.71601,normal,1,11,2025,Zwickau,Landkreis Zwickau
12.49453,50.71601,normal,1,11,2025,Zwickau,Landkreis Zwickau
12.49453,50.71601,normal,1,11,2025,Zwickau,Landkreis Zwickau
12.49453,50.71601,normal,1,11,2025,Zwickau,Landkreis Zwickau
12.49453,50.71601,normal,1,11,2025,Zwickau,Landkreis Zwickau
12.49453,50.71601,normal,1,11,2025,Zwickau,Landkreis Zwickau
12.49453,50.71601,normal,1,11,2025,Zwickau,Landkreis Zwickau
12.49453,50.71601,normal,1,11,2025,Zwickau,Landkreis Zwickau
12.49453,50.71601,normal,1,11,2025,Zwickau,Landkreis Zwickau
12.49453,50.71601,normal,1,11,2025,Zwickau,Landkreis Zwickau
12.49453,50.71601,normal,1,11,2025,Zwickau,Landkreis Zwickau
12.49453,50.71601,normal,1,11,2025,Zwickau,Landkreis Zwickau
12.49453,50.71601,normal,1,11,2025,Zwickau,Landkreis Zwickau
12.4895,50.72544,normal,2,44,2021,Zwickau,Landkreis Zwickau
12.48961,50.72547,normal,2,44,2021,Zwickau,Landkreis Zwickau
12.48721,50.69759,normal,2,44,2021,Zwickau,Landkreis Zwickau
12.4868,50.71684,normal,2,44,2022,Zwickau,Landkreis Zwickau
12.4868,50.71681,normal,2,44,2022,Zwickau,Landkreis Zwickau
12.4828,50.70748,normal,1,22,2023,Zwickau,Landkreis Zwickau
12.48102,50.71798,normal,2,44,2021,Zwickau,Landkreis Zwickau
12.48091,50.71796,normal,2,44,2021,Zwickau,Landkreis Zwickau
12.48658,50.7184,normal,2,22,2023,Zwickau,Landkreis Zwickau
12.49923,50.71454,schnell,2,150,2022,Zwickau,Landkreis Zwickau
12.48338,50.79366,normal,2,22,2019,Zwickau,Landkreis Zwickau
12.48332,50.79366,normal,2,22,2019,Zwickau,Landkreis Zwickau
12.48323,50.79366,normal,2,22,2019,Zwickau,Landkreis Zwickau
12.48316,50.79366,normal,2,22,2019,Zwickau,Landkreis Zwickau
12.48316,50.79366,normal,2,22,2019,Zwickau,Landkreis Zwickau
12.4835,50.7916,normal,2,44,2020,Zwickau,Landkreis Zwickau
12.48348,50.79169,normal,2,44,2020,Zwickau,Landkreis Zwickau
12.48346,50.79177,normal,2,44,2020,Zwickau,Landkreis Zwickau
12.48349,50.79186,normal,2,44,2020,Zwickau,Landkreis Zwickau
12.48348,50.79196,normal,2,44,2020,Zwickau,Landkreis Zwickau
12.48348,50.79205,normal,2,44,2020,Zwickau,Landkreis Zwickau
12.48302,50.79366,normal,2,44,2020,Zwickau,Landkreis Zwickau
12.48281,50.79366,normal,2,44,2020,Zwickau,Landkreis Zwickau
12.48267,50.79365,normal,2,44,2020,Zwickau,Landkreis Zwickau
12.4827,50.79361,normal,2,44,2020,Zwickau,Landkreis Zwickau
12.48284,50.79359,normal,2,44,2020,Zwickau,Landkreis Zwickau
12.48298,50.79359,normal,2,44,2020,Zwickau,Landkreis Zwickau
12.48312,50.79359,normal,2,44,2020,Zwickau,Landkreis Zwickau
12.48326,50.79359,normal,2,44,2020,Zwickau,Landkreis Zwickau
12.48962,50.78628,normal,2,44,2020,Zwickau,Landkreis Zwickau
12.48976,50.78627,normal,2,44,2020,Zwickau,Landkreis Zwickau
12.48994,50.78628,normal,2,44,2020,Zwickau,Landkreis Zwickau
12.49012,50.78628,normal,2,44,2020,Zwickau,Landkreis Zwickau
12.49015,50.78628,normal,2,44,2020,Zwickau,Landkreis Zwickau
12.49103,50.78657,normal,2,44,2020,Zwickau,Landkreis Zwickau
12.4911,50.78657,normal,2,44,2020,Zwickau,Landkreis Zwickau
12.49117,50.78657,normal,2,44,2020,Zwickau,Landkreis Zwickau
12.49124,50.78657,normal,2,44,2020,Zwickau,Landkreis Zwickau
12.49129,50.78657,normal,2,44,2020,Zwickau,Landkreis Zwickau
12.48346,50.79247,normal,2,44,2021,Zwickau,Landkreis Zwickau
12.49155,50.78657,normal,2,44,2021,Zwickau,Landkreis Zwickau
12.49149,50.78657,normal,2,44,2021,Zwickau,Landkreis Zwickau
12.49142,50.78657,normal,2,44,2021,Zwickau,Landkreis Zwickau
12.48347,50.79238,normal,2,44,2021,Zwickau,Landkreis Zwickau
12.48345,50.79229,normal,2,44,2021,Zwickau,Landkreis Zwickau
12.48347,50.7922,normal,2,44,2021,Zwickau,Landkreis Zwickau
12.4835,50.79151,normal,2,44,2021,Zwickau,Landkreis Zwickau
12.48349,50.79142,normal,2,44,2021,Zwickau,Landkreis Zwickau
12.4835,50.79133,normal,2,44,2021,Zwickau,Landkreis Zwickau
12.4835,50.79124,normal,2,44,2021,Zwickau,Landkreis Zwickau
12.4835,50.79115,normal,2,44,2021,Zwickau,Landkreis Zwickau
12.48347,50.79211,normal,2,44,2021,Zwickau,Landkreis Zwickau
12.49225,50.78792,normal,2,44,2021,Zwickau,Landkreis Zwickau
12.49226,50.78789,normal,2,44,2021,Zwickau,Landkreis Zwickau
12.49226,50.78784,normal,2,44,2021,Zwickau,Landkreis Zwickau
12.49227,50.78775,normal,2,44,2021,Zwickau,Landkreis Zwickau
12.49228,50.78771,normal,2,44,2021,Zwickau,Landkreis Zwickau
12.49228,50.78768,normal,2,44,2021,Zwickau,Landkreis Zwickau
12.49163,50.78657,normal,2,44,2022,Zwickau,Landkreis Zwickau
12.49177,50.78657,normal,2,44,2022,Zwickau,Landkreis Zwickau
12.4917,50.78657,normal,2,44,2022,Zwickau,Landkreis Zwickau
12.4912,50.78697,schnell,2,300,2023,Zwickau,Landkreis Zwickau
12.49134,50.78656,normal,2,44,2024,Zwickau,Landkreis Zwickau
12.49184,50.78657,normal,2,44,2024,Zwickau,Landkreis Zwickau
12.49191,50.78657,normal,2,44,2024,Zwickau,Landkreis Zwickau
12.48927,50.78625,normal,2,44,2024,Zwickau,Landkreis Zwickau
12.48917,50.78625,normal,2,44,2024,Zwickau,Landkreis Zwickau
12.4891,50.78625,normal,2,44,2024,Zwickau,Landkreis Zwickau
12.49086,50.78612,normal,2,44,2024,Zwickau,Landkreis Zwickau
12.49079,50.78612,normal,2,44,2024,Zwickau,Landkreis Zwickau
12.49072,50.78612,normal,2,44,2024,Zwickau,Landkreis Zwickau
12.49065,50.78612,normal,2,44,2024,Zwickau,Landkreis Zwickau
12.49058,50.78612,normal,2,44,2024,Zwickau,Landkreis Zwickau
12.49051,50.78612,normal,2,44,2024,Zwickau,Landkreis Zwickau
12.49044,50.78612,normal,2,44,2024,Zwickau,Landkreis Zwickau
12.49037,50.78612,normal,2,44,2024,Zwickau,Landkreis Zwickau
12.4903,50.78612,normal,2,44,2024,Zwickau,Landkreis Zwickau
12.49023,50.78611,normal,2,44,2024,Zwickau,Landkreis Zwickau
12.49016,50.78611,normal,2,44,2024,Zwickau,Landkreis Zwickau
12.49009,50.78611,normal,2,44,2024,Zwickau,Landkreis Zwickau
12.49002,50.78611,normal,2,44,2024,Zwickau,Landkreis Zwickau
12.48995,50.78611,normal,2,44,2024,Zwickau,Landkreis Zwickau
12.48988,50.78611,normal,2,44,2024,Zwickau,Landkreis Zwickau
12.4898,50.78611,normal,2,44,2024,Zwickau,Landkreis Zwickau
12.48973,50.78611,normal,2,44,2024,Zwickau,Landkreis Zwickau
12.48302,50.79363,normal,2,44,2024,Zwickau,Landkreis Zwickau
12.48295,50.79363,normal,2,44,2024,Zwickau,Landkreis Zwickau
12.48288,50.79363,normal,2,44,2024,Zwickau,Landkreis Zwickau
12.48468,50.73337,normal,2,22,2023,Zwickau,Landkreis Zwickau
12.48475,50.73338,normal,2,22,2023,Zwickau,Landkreis Zwickau
12.48461,50.73336,normal,2,22,2023,Zwickau,Landkreis Zwickau
12.49489,50.73103,normal,2,22,2023,Zwickau,Landkreis Zwickau
12.50408,50.70933,schnell,2,150,2023,Zwickau,Landkreis Zwickau
12.47,50.71,normal,1,22,2019,Zwickau,Landkreis Zwickau
12.49172,50.73792,schnell,2,100,2026,Zwickau,Landkreis Zwickau
12.49395,50.73881,schnell,2,300,2025,Zwickau,Landkreis Zwickau
12.48261,50.79364,schnell,1,150,2022,Zwickau,Landkreis Zwickau
12.49021,50.73803,schnell,2,180,2025,Zwickau,Landkreis Zwickau
12.49021,50.73803,schnell,2,60,2025,Zwickau,Landkreis Zwickau
12.4839,50.74699,schnell,2,50,2026,Zwickau,Landkreis Zwickau
12.4839,50.74699,schnell,2,150,2026,Zwickau,Landkreis Zwickau
12.48865,50.74267,schnell,2,300,2023,Zwickau,Landkreis Zwickau
12.48865,50.74267,schnell,2,300,2023,Zwickau,Landkreis Zwickau
12.48164,50.75309,schnell,2,150,2021,Zwickau,Landkreis Zwickau
12.48164,50.75309,schnell,2,150,2021,Zwickau,Landkreis Zwickau
12.49906,50.71719,normal,2,22,2023,Zwickau,Landkreis Zwickau
12.49908,50.71716,normal,2,22,2023,Zwickau,Landkreis Zwickau
12.49909,50.71712,normal,2,22,2023,Zwickau,Landkreis Zwickau
12.51332,50.73389,normal,2,22,2023,Zwickau,Landkreis Zwickau
12.51339,50.73389,normal,2,22,2023,Zwickau,Landkreis Zwickau
12.47868,50.73768,normal,2,22,2023,Zwickau,Landkreis Zwickau
12.48594,50.74155,normal,2,22,2023,Zwickau,Landkreis Zwickau
12.47718,50.73519,normal,2,22,2023,Zwickau,Landkreis Zwickau
12.44141,50.72238,normal,2,22,2023,Zwickau,Landkreis Zwickau
12.49486,50.73095,normal,2,22,2023,Zwickau,Landkreis Zwickau
12.48696,50.75936,normal,2,22,2021,Zwickau,Landkreis Zwickau
12.49456,50.72324,normal,2,22,2023,Zwickau,Landkreis Zwickau
12.4945,50.72322,normal,2,22,2023,Zwickau,Landkreis Zwickau
12.47382,50.78079,normal,2,22,2023,Zwickau,Landkreis Zwickau
12.45687,50.72273,normal,2,22,2023,Zwickau,Landkreis Zwickau
12.45696,50.72273,normal,2,22,2023,Zwickau,Landkreis Zwickau
12.48389,50.75108,normal,1,22,2021,Zwickau,Landkreis Zwickau
12.48722,50.72951,normal,2,44,2022,Zwickau,Landkreis Zwickau
12.48351,50.75152,schnell,2,35,2022,Zwickau,Landkreis Zwickau
12.44657,50.72535,normal,2,22,2023,Zwickau,Landkreis Zwickau
12.44642,50.72524,normal,2,22,2023,Zwickau,Landkreis Zwickau
12.50968,50.72595,normal,2,22,2023,Zwickau,Landkreis Zwickau
12.48205,50.73117,normal,2,22,2023,Zwickau,Landkreis Zwickau
12.48204,50.73119,normal,2,22,2023,Zwickau,Landkreis Zwickau
12.47748,50.677,normal,2,22,2023,Zwickau,Landkreis Zwickau
12.4551,50.78155,normal,1,11,2024,Zwickau,Landkreis Zwickau
12.49489,50.73401,normal,2,22,2023,Zwickau,Landkreis Zwickau
12.4897,50.73401,normal,2,22,2023,Zwickau,Landkreis Zwickau
12.49043,50.67594,normal,2,44,2021,Zwickau OT Crossen,Landkreis Zwickau
12.43834,50.71216,normal,1,11,2024,Zwickau,Landkreis Zwickau
12.4726,50.7207,schnell,2,400,2025,Zwickau,Landkreis Zwickau
12.4726,50.7207,schnell,2,400,2025,Zwickau,Landkreis Zwickau
12.4726,50.7207,schnell,2,400,2025,Zwickau,Landkreis Zwickau
12.46268,50.7166,schnell,3,71,2025,Zwickau,Landkreis Zwickau
12.45763,50.71488,normal,2,22,2024,Zwickau,Landkreis Zwickau
12.44668,50.73101,normal,2,44,2019,Zwickau,Landkreis Zwickau
12.47205,50.72124,normal,2,44,2022,Zwickau,Landkreis Zwickau
12.47224,50.72117,normal,2,44,2022,Zwickau,Landkreis Zwickau
12.46341,50.72055,normal,2,44,2022,Zwickau,Landkreis Zwickau
12.43328,50.72461,normal,2,44,2021,Zwickau,Landkreis Zwickau
12.43324,50.72465,normal,2,44,2021,Zwickau,Landkreis Zwickau
12.4332,50.72468,normal,2,44,2021,Zwickau,Landkreis Zwickau
12.46616,50.69483,normal,2,44,2021,Zwickau,Landkreis Zwickau
12.4661,50.69485,normal,2,44,2021,Zwickau,Landkreis Zwickau
12.47388,50.69212,normal,2,44,2022,Zwickau,Landkreis Zwickau
12.4619,50.69682,normal,2,44,2021,Zwickau,Landkreis Zwickau
12.46062,50.69203,normal,2,44,2021,Zwickau,Landkreis Zwickau
12.4749,50.68249,schnell,2,300,2026,Zwickau,Landkreis Zwickau
12.49041,50.67483,normal,1,11,2024,Zwickau,Landkreis Zwickau
12.49043,50.67594,normal,2,44,2021,Zwickau,Landkreis Zwickau
12.52493,50.73122,schnell,2,400,2025,Zwickau,Landkreis Zwickau
12.52493,50.73122,schnell,2,400,2025,Zwickau,Landkreis Zwickau
12.52493,50.73122,schnell,2,400,2025,Zwickau,Landkreis Zwickau
12.52493,50.73122,schnell,2,400,2025,Zwickau,Landkreis Zwickau
12.52308,50.71947,schnell,2,72,2023,Zwickau,Landkreis Zwickau
12.52512,50.73669,normal,2,44,2022,Zwickau,Landkreis Zwickau
12.50228,50.71725,normal,2,44,2022,Zwickau,Landkreis Zwickau
12.52072,50.71917,normal,2,44,2023,Zwickau,Landkreis Zwickau
12.52383,50.7323,normal,2,44,2022,Zwickau,Landkreis Zwickau
12.52369,50.73236,normal,2,44,2022,Zwickau,Landkreis Zwickau
12.52373,50.62328,normal,1,3.7,2023,Kirchberg,Landkreis Zwickau
12.53115,50.62276,schnell,2,120,2022,Kirchberg,Landkreis Zwickau
12.52439,50.62287,normal,1,3.7,2023,Kirchberg,Landkreis Zwickau
12.52403,50.6231,normal,1,3.7,2023,Kirchberg,Landkreis Zwickau
12.52955,50.61491,schnell,1,23,2023,Kirchberg,Landkreis Zwickau
12.52955,50.61491,schnell,1,23,2023,Kirchberg,Landkreis Zwickau
12.52329,50.62291,normal,2,44,2019,Kirchberg,Landkreis Zwickau
12.51619,50.61661,normal,2,44,2025,Kirchberg,Landkreis Zwickau
12.52036,50.62053,normal,2,44,2025,Kirchberg,Landkreis Zwickau
12.5073,50.61962,normal,2,44,2023,Kirchberg,Landkreis Zwickau
12.51493,50.67204,normal,1,11,2024,Wilkau-Haßlau,Landkreis Zwickau
12.50958,50.68113,normal,2,44,2024,Wilkau-Haßlau,Landkreis Zwickau
12.51579,50.68769,normal,2,33,2021,Wilkau-Haßlau,Landkreis Zwickau
12.67136,50.66195,normal,1,11,2022,Hartenstein,Landkreis Zwickau
12.67136,50.66195,normal,1,11,2022,Hartenstein,Landkreis Zwickau
12.53951,50.76348,normal,2,44,2024,Mülsen,Landkreis Zwickau
12.58508,50.73003,schnell,2,72,2025,Mülsen,Landkreis Zwickau
12.54514,50.77988,normal,2,44,2024,Mülsen,Landkreis Zwickau
12.54517,50.77985,normal,2,44,2024,Mülsen,Landkreis Zwickau
12.54521,50.77983,normal,2,44,2024,Mülsen,Landkreis Zwickau
12.54517,50.77986,normal,2,44,2024,Mülsen,Landkreis Zwickau
12.5452,50.77999,normal,2,44,2024,Mülsen,Landkreis Zwickau
12.54521,50.77985,normal,2,44,2024,Mülsen,Landkreis Zwickau
12.55998,50.64869,normal,2,22,2026,Wildenfels,Landkreis Zwickau
12.55998,50.64869,normal,2,22,2026,Wildenfels,Landkreis Zwickau
12.59115,50.68072,schnell,2,300,2022,Wildenfels,Landkreis Zwickau
12.59072,50.68048,schnell,2,300,2022,Wildenfels,Landkreis Zwickau
12.59072,50.68048,schnell,2,300,2022,Wildenfels,Landkreis Zwickau
12.59072,50.68048,schnell,2,300,2022,Wildenfels,Landkreis Zwickau
12.59072,50.68048,schnell,2,300,2022,Wildenfels,Landkreis Zwickau
12.59072,50.68048,schnell,3,300,2022,Wildenfels,Landkreis Zwickau
12.59072,50.68048,schnell,3,300,2022,Wildenfels,Landkreis Zwickau
12.6021,50.66948,normal,2,33,2021,Wildenfels,Landkreis Zwickau
12.60207,50.66951,normal,2,33,2021,Wildenfels,Landkreis Zwickau
12.59048,50.68173,normal,1,22,2026,Wildenfels,Landkreis Zwickau
12.54743,50.82788,normal,2,44,2020,Glauchau,Landkreis Zwickau
12.54855,50.81998,normal,1,22,2025,Glauchau,Landkreis Zwickau
12.55516,50.79022,normal,2,44,2021,Glauchau,Landkreis Zwickau
12.54539,50.82783,normal,2,44,2024,Glauchau,Landkreis Zwickau
12.54539,50.82783,normal,2,44,2024,Glauchau,Landkreis Zwickau
12.55058,50.81967,schnell,2,93,2023,Glauchau,Landkreis Zwickau
12.56666,50.8357,normal,2,44,2024,Glauchau,Landkreis Zwickau
12.53345,50.81301,normal,1,22,2021,Glauchau,Landkreis Zwickau
12.54876,50.81105,normal,2,44,2021,Glauchau,Landkreis Zwickau
12.53694,50.81858,normal,2,44,2020,Glauchau,Landkreis Zwickau
12.54381,50.81819,normal,2,44,2021,Glauchau,Landkreis Zwickau
12.54306,50.82255,normal,2,44,2024,Glauchau,Landkreis Zwickau
12.55381,50.81393,normal,2,44,2024,Glauchau,Landkreis Zwickau
12.55597,50.82284,normal,2,44,2018,Glauchau,Landkreis Zwickau
12.55615,50.81863,normal,2,44,2021,Glauchau,Landkreis Zwickau
12.52,50.82681,normal,2,44,2018,Glauchau,Landkreis Zwickau
12.5199,50.82714,schnell,3,175,2021,Glauchau,Landkreis Zwickau
12.54342,50.82021,normal,2,44,2020,Glauchau,Landkreis Zwickau
12.54233,50.84047,schnell,1,175,2022,Glauchau,Landkreis Zwickau
12.54233,50.84047,schnell,1,175,2022,Glauchau,Landkreis Zwickau
12.54113,50.83976,schnell,2,150,2022,Glauchau,Landkreis Zwickau
12.54113,50.83976,schnell,2,150,2022,Glauchau,Landkreis Zwickau
12.54113,50.83976,schnell,2,300,2022,Glauchau,Landkreis Zwickau
12.54113,50.83976,schnell,2,300,2022,Glauchau,Landkreis Zwickau
12.50732,50.8225,normal,1,11,2023,Glauchau,Landkreis Zwickau
12.54255,50.82108,normal,1,22,2022,Glauchau,Landkreis Zwickau
12.54255,50.82108,normal,1,22,2022,Glauchau,Landkreis Zwickau
12.54255,50.82108,normal,1,22,2022,Glauchau,Landkreis Zwickau
12.54294,50.84811,normal,2,44,2021,Remse OT Weidensdorf,Landkreis Zwickau
12.45,50.84,schnell,2,93,2017,Meerane,Landkreis Zwickau
12.44013,50.82631,normal,2,22,2021,Meerane,Landkreis Zwickau
12.44015,50.82611,normal,2,22,2021,Meerane,Landkreis Zwickau
12.44918,50.83395,normal,2,44,2019,Meerane,Landkreis Zwickau
12.44893,50.83409,normal,1,3.7,2020,Meerane,Landkreis Zwickau
12.44481,50.84176,schnell,2,150,2020,Meerane,Landkreis Zwickau
12.44486,50.84157,schnell,2,300,2022,Meerane,Landkreis Zwickau
12.44486,50.84157,schnell,2,300,2022,Meerane,Landkreis Zwickau
12.44486,50.84157,schnell,2,300,2022,Meerane,Landkreis Zwickau
12.44486,50.84157,schnell,3,300,2022,Meerane,Landkreis Zwickau
12.44502,50.84076,schnell,1,350,2023,Meerane,Landkreis Zwickau
12.44502,50.84076,schnell,1,350,2023,Meerane,Landkreis Zwickau
12.44502,50.84076,schnell,1,350,2023,Meerane,Landkreis Zwickau
12.44502,50.84076,schnell,1,350,2023,Meerane,Landkreis Zwickau
12.44502,50.84076,schnell,1,350,2023,Meerane,Landkreis Zwickau
12.44502,50.84076,schnell,1,350,2023,Meerane,Landkreis Zwickau
12.44502,50.84076,schnell,1,350,2023,Meerane,Landkreis Zwickau
12.44502,50.84076,schnell,1,350,2023,Meerane,Landkreis Zwickau
12.44502,50.84076,schnell,1,350,2023,Meerane,Landkreis Zwickau
12.44502,50.84076,schnell,1,350,2023,Meerane,Landkreis Zwickau
12.44502,50.84076,schnell,1,350,2023,Meerane,Landkreis Zwickau
12.44502,50.84076,schnell,1,350,2023,Meerane,Landkreis Zwickau
12.44464,50.84349,schnell,3,96,2019,Meerane,Landkreis Zwickau
12.49028,50.8404,normal,1,11,2022,Meerane,Landkreis Zwickau
12.4485,50.8395,normal,1,22,2022,Meerane,Landkreis Zwickau
12.4485,50.8395,schnell,2,35,2022,Meerane,Landkreis Zwickau
12.60374,50.87555,normal,2,44,2019,Waldenburg,Landkreis Zwickau
12.37346,50.73607,schnell,3,150,2019,Werdau,Landkreis Zwickau
12.39614,50.73395,schnell,2,72,2024,Werdau,Landkreis Zwickau
12.37444,50.74264,normal,1,11,2024,Werdau,Landkreis Zwickau
12.38603,50.73255,normal,4,60,2023,Werdau,Landkreis Zwickau
12.41507,50.71095,schnell,2,150,2024,Werdau,Landkreis Zwickau
12.41507,50.71095,schnell,2,300,2024,Werdau,Landkreis Zwickau
12.4066,50.72987,normal,1,22,2020,Werdau,Landkreis Zwickau
12.37302,50.73462,schnell,2,50,2026,Werdau,Landkreis Zwickau
12.32379,50.75569,normal,1,11,2023,Langenbernsdorf,Landkreis Zwickau
12.32379,50.75569,normal,1,11,2023,Langenbernsdorf,Landkreis Zwickau
12.31178,50.75254,normal,1,22,2023,Langenbernsdorf,Landkreis Zwickau
12.3876,50.8147,normal,2,44,2025,Crimmitschau,Landkreis Zwickau
12.38896,50.81578,schnell,2,300,2026,Crimmitschau,Landkreis Zwickau
12.38896,50.81578,schnell,2,300,2026,Crimmitschau,Landkreis Zwickau
12.38762,50.8235,schnell,2,180,2024,Crimmitschau,Landkreis Zwickau
12.38123,50.80898,normal,1,11,2024,Crimmitschau,Landkreis Zwickau
12.7782,50.85487,schnell,3,72,2019,Limbach Oberfrohna,Landkreis Zwickau
12.76731,50.85983,normal,2,44,2022,Limbach-Oberfrohna,Landkreis Zwickau
12.75134,50.85259,normal,2,44,2022,Limbach-Oberfrohna,Landkreis Zwickau
12.78808,50.84696,schnell,2,150,2024,Limbach-Oberfrohna,Landkreis Zwickau
12.78803,50.84699,normal,2,22,2024,Limbach-Oberfrohna,Landkreis Zwickau
12.76269,50.85902,normal,2,44,2021,Limbach-Oberfrohna,Landkreis Zwickau
12.76269,50.85902,normal,2,44,2024,Limbach-Oberfrohna,Landkreis Zwickau
12.78375,50.85518,schnell,3,71,2023,Limbach-Oberfrohna,Landkreis Zwickau
12.76088,50.86223,schnell,2,180,2024,Limbach-Oberfrohna,Landkreis Zwickau
12.76093,50.86221,schnell,2,180,2024,Limbach-Oberfrohna,Landkreis Zwickau
12.77492,50.86881,schnell,3,150,2020,Limbach-Oberfrohna,Landkreis Zwickau
12.75949,50.85222,normal,2,44,2017,Limbach-Oberfrohna,Landkreis Zwickau
12.77145,50.85158,normal,1,6,2022,Limbach-Oberfrohna,Landkreis Zwickau
12.77581,50.85848,schnell,2,93,2023,Limbach-Oberfrohna,Landkreis Zwickau
12.7833,50.84564,normal,2,22,2023,Limbach-Oberfrohna,Landkreis Zwickau
12.78499,50.84548,normal,2,22,2023,Limbach-Oberfrohna,Landkreis Zwickau
12.78493,50.84549,normal,2,22,2023,Limbach-Oberfrohna,Landkreis Zwickau
12.78494,50.84552,normal,2,22,2023,Limbach-Oberfrohna,Landkreis Zwickau
12.78489,50.84551,normal,2,22,2023,Limbach-Oberfrohna,Landkreis Zwickau
12.78488,50.84556,normal,2,22,2023,Limbach-Oberfrohna,Landkreis Zwickau
12.78481,50.8456,normal,2,22,2023,Limbach-Oberfrohna,Landkreis Zwickau
12.78472,50.8456,normal,2,22,2023,Limbach-Oberfrohna,Landkreis Zwickau
12.78477,50.84559,normal,2,22,2023,Limbach-Oberfrohna,Landkreis Zwickau
12.78472,50.84564,normal,2,22,2023,Limbach-Oberfrohna,Landkreis Zwickau
12.7846,50.84567,normal,2,22,2023,Limbach-Oberfrohna,Landkreis Zwickau
12.78456,50.84572,normal,2,22,2023,Limbach-Oberfrohna,Landkreis Zwickau
12.7845,50.84572,normal,2,22,2023,Limbach-Oberfrohna,Landkreis Zwickau
12.78446,50.84575,normal,2,22,2023,Limbach-Oberfrohna,Landkreis Zwickau
12.78445,50.84573,normal,2,22,2023,Limbach-Oberfrohna,Landkreis Zwickau
12.78796,50.84597,normal,4,88,2024,Limbach-Oberfrohna,Landkreis Zwickau
12.78796,50.84597,normal,4,88,2024,Limbach-Oberfrohna,Landkreis Zwickau
12.78796,50.84597,normal,2,44,2024,Limbach-Oberfrohna,Landkreis Zwickau
12.77221,50.85166,normal,1,11,2022,Limbach-Oberfrohna,Landkreis Zwickau
12.77221,50.85166,normal,1,11,2018,Limbach-Oberfrohna,Landkreis Zwickau
12.75611,50.85556,schnell,3,150,2019,Limbach-Oberfrohna,Landkreis Zwickau
12.76087,50.85891,normal,2,22,2026,Limbach-Oberfrohna,Landkreis Zwickau
12.7038,50.83629,normal,1,11,2022,Callenberg,Landkreis Zwickau
12.753,50.80639,normal,1,22,2017,Hohenstein-Ernstthal,Landkreis Zwickau
12.70767,50.79896,normal,2,44,2019,Hohenstein-Ernstthal,Landkreis Zwickau
12.63342,50.75475,normal,1,11,2025,Lichtenstein /Sa.,Landkreis Zwickau
12.63478,50.75592,normal,2,44,2025,Lichtenstein /Sa.,Landkreis Zwickau
12.72061,50.78506,schnell,1,50,2024,Oberlungwitz,Landkreis Zwickau
12.72061,50.78506,schnell,1,50,2024,Oberlungwitz,Landkreis Zwickau
12.7215,50.78572,schnell,1,50,2024,Oberlungwitz,Landkreis Zwickau
12.7215,50.78572,schnell,1,50,2024,Oberlungwitz,Landkreis Zwickau
12.7215,50.78572,schnell,1,50,2024,Oberlungwitz,Landkreis Zwickau
12.7215,50.78572,schnell,1,50,2024,Oberlungwitz,Landkreis Zwickau
12.72061,50.78506,schnell,1,50,2024,Oberlungwitz,Landkreis Zwickau
12.72061,50.78506,schnell,1,50,2024,Oberlungwitz,Landkreis Zwickau
12.694,50.7894,schnell,2,72,2019,Oberlungwitz,Landkreis Zwickau
12.69461,50.78972,schnell,2,200,2025,Oberlungwitz,Landkreis Zwickau
12.69475,50.78973,schnell,2,200,2025,Oberlungwitz,Landkreis Zwickau
12.69467,50.78974,schnell,2,200,2025,Oberlungwitz,Landkreis Zwickau
12.69552,50.78052,normal,2,44,2019,Gersdorf,Landkreis Zwickau
12.69721,50.78037,normal,2,44,2023,Gersdorf,Landkreis Zwickau
12.71734,50.7488,schnell,2,150,2026,Gersdorf,Landkreis Zwickau
12.61439,50.78933,normal,1,6,2022,Sankt Egidien,Landkreis Zwickau
12.6231,50.7723,schnell,2,300,2026,St. Egidien,Landkreis Zwickau
12.6231,50.7723,schnell,2,300,2026,St. Egidien,Landkreis Zwickau
12.62319,50.7837,normal,2,44,2023,St. Egidien,Landkreis Zwickau
12.62363,50.78393,normal,2,44,2023,St. Egidien,Landkreis Zwickau
