lon,lat,monat,stunde,wochentag,kategorie,rad,pkw,fuss,krad
13.47393,51.15903,3,22,6,2,0,1,0,0
13.50416,51.14094,3,20,6,2,1,1,0,0
13.74759,51.05179,3,20,6,3,1,1,0,0
13.72174,51.04711,3,8,6,3,0,1,0,0
13.4803,51.05925,3,19,6,3,0,1,0,0
13.55885,51.0615,3,0,6,3,0,0,0,0
13.33111,50.92744,3,14,6,3,1,1,0,0
12.95832,50.81294,3,15,6,3,1,1,0,0
12.22848,50.35293,2,13,5,3,0,1,0,0
12.33997,50.47347,2,18,5,2,0,1,1,0
12.61299,51.44893,2,14,5,3,0,1,0,0
14.80114,50.89822,2,18,5,2,0,1,0,0
14.71972,50.90391,2,8,5,3,0,1,0,0
14.25849,51.44682,2,17,5,3,0,1,0,0
14.43525,51.18126,2,11,5,3,1,1,0,0
14.19123,51.07937,2,6,5,3,0,1,0,0
13.77817,50.96754,2,16,5,3,0,1,0,0
13.71775,51.0222,2,16,5,2,0,1,1,0
13.34577,50.89662,2,6,5,3,0,1,0,0
13.09711,51.12458,2,7,5,3,0,1,0,0
12.67898,50.55603,2,10,5,3,0,1,0,0
12.84836,50.7003,2,18,5,2,0,1,0,1
12.24572,50.29406,2,22,4,3,1,1,0,0
12.55257,50.72484,2,15,4,3,0,1,0,0
12.56175,51.25285,2,7,4,2,0,1,0,0
12.49469,51.12548,2,9,4,2,0,1,0,0
14.18714,51.17827,2,16,4,3,0,1,0,0
14.14119,51.17001,2,11,4,3,0,1,0,0
13.71512,50.9819,2,17,4,3,0,1,0,0
13.69521,51.01712,2,6,4,3,0,1,0,0
13.76835,50.99248,2,7,4,3,0,1,0,0
13.34728,51.05622,2,19,4,3,0,1,0,0
13.74752,51.05165,2,4,4,3,0,1,0,0
13.04022,50.91772,2,13,4,3,0,1,0,0
13.04804,50.90831,2,18,4,3,0,1,0,0
12.95429,51.10731,2,7,4,2,0,1,0,0
12.63193,50.44839,2,16,4,3,0,1,0,0
12.91224,50.81173,2,12,4,2,0,1,0,0
12.68568,50.81241,2,7,3,2,0,1,0,0
12.41966,50.64504,2,13,3,3,0,1,0,0
12.72885,51.19141,2,10,3,3,0,1,0,0
12.18803,51.41032,2,12,3,3,0,1,0,0
14.79818,50.89389,2,14,3,3,1,1,0,0
13.90678,51.28215,2,5,3,2,0,1,0,0
14.22008,51.02441,2,5,3,3,0,1,0,0
13.70197,50.93911,2,8,3,3,0,1,0,0
13.75297,51.07389,2,13,3,3,1,1,0,0
13.82878,51.05855,2,6,3,3,1,1,0,0
13.20598,50.87651,2,20,3,3,0,1,0,1
12.91396,51.17573,2,15,3,3,0,1,0,0
13.15208,50.55769,2,16,3,3,0,1,0,0
12.66895,51.46824,2,4,2,3,0,1,0,0
12.49356,51.37996,2,18,2,3,0,1,0,0
12.55353,51.31081,2,12,2,3,0,1,0,0
12.43717,51.41208,2,13,2,3,0,1,0,0
13.90647,51.08964,2,20,2,2,0,1,0,0
13.32647,51.14747,2,8,2,3,0,1,0,0
13.69991,50.95395,2,8,2,3,0,1,0,0
13.79173,50.77062,2,7,2,3,0,1,0,0
13.586,50.9316,2,7,2,3,0,1,0,0
13.71761,50.99367,2,14,2,2,0,1,1,0
13.77252,51.11448,2,15,2,2,1,0,1,0
12.90366,50.90404,2,11,2,2,1,0,0,0
12.4866,51.2351,2,18,1,2,0,1,0,0
12.90461,51.22548,2,4,1,2,0,1,0,0
13.91751,51.12262,2,13,1,3,0,1,0,1
13.8698,51.06133,2,15,1,3,0,1,0,0
13.33884,50.9143,2,16,1,3,0,1,0,0
13.32503,50.83081,2,13,1,3,0,1,0,0
12.65467,50.81728,2,15,7,2,0,1,0,0
12.19103,50.35508,2,0,7,1,0,1,0,0
14.15304,51.44198,2,20,7,3,0,1,0,0
14.47462,51.21141,2,15,7,2,0,1,0,1
13.83976,51.12604,2,11,7,3,1,1,0,0
12.97786,50.96873,2,12,7,3,0,1,0,0
13.34995,50.91737,2,16,7,3,0,1,0,0
12.93192,50.83909,2,19,7,3,0,1,1,0
12.48181,50.73696,2,12,6,3,0,1,1,0
12.72202,50.81289,2,6,6,3,0,1,0,0
12.26081,51.54284,2,19,6,3,1,1,0,0
12.27962,51.26244,2,6,6,3,0,1,0,0
13.53619,51.30428,2,7,6,3,1,1,0,0
13.28184,50.87917,2,19,6,3,0,1,0,0
12.15936,50.44671,2,15,5,3,0,0,0,1
12.50047,50.71227,2,10,5,3,0,1,0,0
14.56891,51.23925,2,16,5,3,0,1,0,0
13.93516,50.9673,2,14,5,3,1,1,0,0
13.9279,50.94286,2,16,5,3,1,0,0,0
13.59005,50.91814,2,13,5,3,0,1,0,0
13.87421,50.85903,2,0,5,3,0,1,0,0
13.68804,51.02188,2,19,5,3,0,1,0,0
13.74701,51.0637,2,13,5,3,1,1,0,0
12.1286,50.50125,2,21,4,3,0,1,0,0
12.67855,50.77413,2,5,4,3,1,1,0,0
14.66254,51.51913,2,7,4,3,0,1,0,0
14.12104,51.12492,2,16,4,3,0,0,0,0
13.93079,50.96217,2,9,4,3,1,0,0,1
13.71897,51.09663,2,15,4,3,1,1,0,0
13.50429,51.21931,2,12,4,1,0,1,0,0
13.1427,51.17759,2,13,4,3,0,1,0,0
12.43357,50.7687,2,8,3,3,0,1,0,0
12.3754,51.54863,2,12,3,3,1,0,0,0
13.29441,51.30917,2,11,3,2,0,1,0,0
13.76397,51.0876,2,17,3,3,1,0,0,0
13.4752,51.16357,2,6,3,3,0,1,0,0
13.74581,51.0284,2,17,3,1,0,0,1,0
13.75688,51.02543,2,14,3,2,1,1,0,0
13.3209,50.80075,2,9,3,3,0,1,0,0
13.01667,50.5937,2,10,3,3,0,1,0,0
12.99933,50.56035,2,14,3,3,0,1,0,1
12.92356,50.8602,2,13,3,2,0,1,0,1
12.4427,51.19507,2,7,3,2,0,1,0,0
12.47861,50.72013,2,15,2,3,0,0,0,1
12.44557,50.65447,2,5,2,3,0,1,0,0
12.51223,51.33117,2,20,2,3,0,1,0,0
12.21661,51.25868,2,16,2,2,0,1,0,0
13.15199,50.76653,2,7,2,3,1,1,0,0
13.33705,50.90185,2,6,2,3,0,1,1,0
13.07341,50.96097,2,5,2,3,0,1,0,0
14.8531,51.288,2,17,1,3,0,1,0,0
13.87489,51.00605,2,14,1,3,1,1,0,0
13.71897,51.09664,2,17,1,3,1,1,0,0
13.81681,50.98713,2,11,1,2,0,1,0,0
13.33294,50.99259,2,10,1,2,0,1,0,0
12.98133,50.42,2,8,1,2,0,1,0,0
12.50475,50.77591,2,16,7,3,0,0,0,1
12.40434,50.52554,2,15,7,3,1,0,0,0
12.80378,51.22747,2,11,7,3,0,1,0,0
14.32412,51.19718,2,18,7,3,0,1,0,0
12.8586,50.5882,2,15,7,3,0,1,0,0
12.40804,50.79571,2,12,6,1,0,0,0,0
12.25405,50.61859,2,20,6,2,0,0,0,1
12.41848,51.44547,2,13,6,3,1,1,0,0
12.73437,51.36622,2,13,6,3,0,1,0,0
14.45595,51.17757,2,17,6,2,0,1,0,1
14.4315,51.05553,2,6,6,3,0,1,1,0
14.44537,51.10311,2,17,6,2,0,1,0,1
13.24157,51.3498,2,16,6,3,1,0,0,0
13.32724,51.30159,2,21,6,3,1,0,0,0
13.63772,51.10705,2,8,6,3,0,1,0,0
13.06451,50.76119,2,9,6,3,0,1,0,0
13.12833,51.12311,2,16,6,3,0,1,0,1
12.93191,50.83195,2,13,6,3,0,0,1,0
12.68803,50.61,2,7,6,3,0,1,0,0
12.57427,50.80767,2,6,5,3,0,1,0,0
12.32761,50.6398,2,21,5,2,0,1,0,0
12.34506,51.37522,2,6,5,3,0,1,0,0
12.37354,51.34409,2,17,5,2,0,0,1,0
14.49747,51.09894,2,9,5,3,0,1,0,0
14.23852,51.02353,2,13,5,3,1,1,0,0
13.38858,51.29792,2,12,5,3,1,0,0,0
13.49289,51.16693,2,10,5,2,0,0,0,1
13.56762,51.15095,2,4,5,3,0,1,0,0
13.5405,51.31953,2,0,5,3,0,1,0,0
13.88616,51.06202,2,6,5,3,0,1,0,0
12.59668,50.74514,2,20,4,3,0,1,0,0
12.58203,50.84386,2,13,4,3,0,1,0,0
12.49246,50.53832,2,14,4,3,0,1,0,0
12.20171,50.38139,2,16,4,2,0,1,0,0
12.59728,50.68669,2,11,4,2,0,1,0,0
12.64036,51.46166,2,20,4,3,1,1,0,0
13.84648,51.23477,2,13,4,3,0,1,0,0
14.06859,51.3743,2,14,4,3,0,1,0,0
14.82428,51.2918,2,19,4,3,1,1,0,0
13.50361,51.14127,2,6,4,3,1,0,0,0
13.94607,51.03556,2,17,4,2,0,1,0,0
12.97134,50.6544,2,14,4,2,0,1,0,1
12.43899,50.72125,2,6,3,3,0,1,0,0
12.4526,50.80964,2,10,3,3,0,1,0,0
12.21666,51.36842,2,20,3,3,1,1,0,0
13.32313,51.3183,2,14,3,2,0,0,0,1
13.58849,51.13796,2,12,3,3,1,1,0,0
14.797,51.01116,2,7,5,3,0,1,0,0
13.74303,51.02869,2,13,3,3,1,0,0,0
13.53828,51.12162,2,12,3,2,0,1,0,0
13.27969,50.99454,2,14,3,3,0,1,0,0
13.0034,50.77709,2,7,3,3,0,0,0,1
12.93775,50.84464,2,17,3,2,0,1,1,0
12.54807,50.60492,2,10,2,1,0,1,0,0
12.63911,50.82013,2,10,2,2,0,1,0,0
12.69599,51.57868,2,16,2,2,0,1,0,0
12.51321,51.43269,2,14,2,3,0,1,0,0
12.73656,51.37378,2,9,2,3,1,1,0,0
12.56892,51.42585,2,15,2,3,0,1,0,0
14.4411,51.11885,2,17,2,3,0,1,0,0
13.80054,51.22963,2,7,2,3,0,1,0,0
13.72047,51.04952,2,21,2,3,0,1,0,0
12.77632,50.70962,2,22,2,3,0,1,0,1
12.7296,50.72459,2,10,2,3,0,0,0,1
12.93787,50.84464,2,17,2,3,0,1,0,0
14.37679,51.18832,2,10,1,3,0,1,0,0
13.66836,51.07293,2,15,1,3,0,1,0,0
12.40467,51.32094,2,13,7,3,1,1,0,0
12.26309,51.27613,2,18,7,3,0,1,0,1
14.81661,50.89771,2,19,7,3,1,1,0,0
13.83182,51.18722,2,17,7,3,1,1,0,0
13.68292,51.06183,2,16,7,3,0,1,0,0
13.6814,51.06184,2,12,7,3,0,1,0,0
12.8398,50.93759,2,10,7,3,1,1,0,0
12.43934,50.65297,2,10,6,3,0,1,0,0
12.19986,50.33895,2,14,6,2,0,1,0,0
12.76161,51.50193,2,7,6,3,0,1,0,0
12.21091,51.45002,2,15,6,3,0,1,0,0
12.5213,51.35483,2,6,6,3,0,1,0,0
12.33557,51.3356,2,7,6,2,0,1,1,0
13.93661,51.12496,2,14,6,3,0,1,0,0
14.07767,51.35282,2,5,6,2,0,1,0,0
14.41352,51.17929,2,11,6,3,0,1,1,0
13.99125,50.92424,2,21,6,3,0,1,0,0
13.48136,51.16338,2,10,6,3,1,0,0,0
13.67868,51.06325,2,9,6,3,0,1,0,0
13.74777,51.0681,2,7,6,3,0,1,1,0
13.25881,51.08784,2,13,6,3,0,1,0,0
13.74643,51.12185,2,15,6,2,0,1,0,0
13.33781,50.91964,2,6,6,3,0,1,1,0
12.91257,50.82772,2,23,6,3,0,1,0,0
12.94615,50.85247,2,12,6,3,0,1,0,0
12.97301,50.49155,2,15,6,2,0,1,0,0
12.14855,50.49309,2,7,5,3,0,1,0,0
12.48281,50.73051,2,12,5,2,0,1,1,0
12.25848,50.62208,2,13,5,3,0,1,0,0
12.44275,51.38895,2,12,5,3,0,1,0,0
13.63301,51.03801,2,13,5,3,0,1,0,0
13.75297,51.07389,2,19,5,3,0,1,0,0
13.73146,51.02732,2,7,5,3,0,1,0,0
12.69719,50.60578,2,14,5,2,0,1,0,0
13.18409,50.69388,2,10,5,2,0,0,0,0
12.54414,50.60651,2,18,4,3,0,1,0,0
12.08709,50.49165,2,20,4,3,0,1,0,0
12.64652,50.82777,2,17,4,3,0,1,0,0
12.61205,51.35975,2,18,4,3,0,1,0,0
12.35889,51.42059,2,18,4,2,0,1,1,0
12.27539,51.15538,2,15,4,2,1,1,0,0
14.64101,51.05502,2,12,4,2,0,1,0,0
12.78594,50.82972,2,6,6,3,0,1,0,0
14.52608,51.03967,2,9,4,3,0,1,0,1
14.01714,51.1437,2,20,4,3,0,0,0,1
14.97157,51.3295,2,15,4,3,0,1,0,0
13.97892,51.2829,2,9,5,3,0,1,0,0
13.45433,51.26105,2,17,4,3,0,1,0,0
13.08044,50.84641,2,18,4,3,1,1,0,0
12.96136,50.54412,2,7,4,3,0,1,0,0
12.95636,50.89852,2,9,4,2,0,1,0,0
11.97788,50.47189,2,12,3,3,0,1,0,0
12.29381,50.40096,2,6,3,3,0,1,0,0
12.54131,50.7213,2,7,3,3,0,1,0,0
14.97933,51.14355,2,12,3,3,0,1,0,0
12.06623,50.42615,2,18,2,2,0,1,0,0
14.04907,51.15554,2,5,2,3,0,1,0,0
14.07177,51.37712,2,11,2,3,1,0,0,0
13.66287,50.97203,2,11,2,3,0,1,0,0
13.74702,51.0637,2,15,2,3,1,1,0,0
13.88995,51.05676,2,7,2,3,1,0,0,0
13.82331,51.08533,2,18,2,3,0,1,1,0
13.76734,50.9399,2,19,2,3,0,1,0,0
13.0018,51.11651,2,10,2,2,0,1,0,0
12.7736,50.82591,2,8,2,3,0,1,0,0
12.14367,50.50362,2,13,1,3,0,1,0,1
12.93035,51.2769,2,16,1,3,0,1,0,0
13.1341,50.89872,2,16,5,3,0,1,0,1
12.33632,51.33543,2,15,1,3,1,1,0,0
12.35727,51.34201,2,21,1,2,0,1,1,0
13.92251,51.16498,2,12,1,2,0,1,0,0
13.4254,51.21099,2,20,1,3,0,1,0,0
13.86312,51.10362,2,16,1,3,0,1,0,0
13.81128,51.06432,2,3,1,2,1,0,0,0
12.90629,50.84119,2,17,1,3,0,0,0,0
13.00529,50.91359,2,18,1,2,0,1,0,0
12.38859,50.54662,2,13,7,3,0,1,0,0
12.13534,50.37559,2,21,7,3,0,1,0,0
12.21546,51.47169,2,6,7,3,0,1,0,0
13.36258,51.22229,2,9,7,3,0,1,0,0
13.72748,51.19277,2,16,7,3,1,0,0,0
13.58262,51.13396,2,21,7,3,0,1,0,0
13.69732,51.12063,2,13,7,3,0,1,0,0
13.75532,50.85667,2,13,7,2,1,0,0,0
13.73018,51.05912,2,16,7,3,1,0,0,0
13.02036,51.07149,2,15,7,3,0,1,0,0
12.99337,50.78707,2,0,7,3,0,1,0,0
12.56431,50.68707,2,9,6,3,0,1,0,0
12.97452,51.5676,2,5,6,3,1,1,0,0
12.46778,51.25897,2,17,6,3,0,1,0,0
12.34457,51.21279,2,8,6,3,0,1,0,0
12.18946,51.41282,2,14,6,3,0,1,0,0
12.66516,51.47423,2,12,6,3,0,1,0,0
14.1844,51.16245,2,18,6,3,0,1,0,0
14.38197,51.14466,2,19,6,3,0,1,0,0
13.74668,51.05054,2,9,6,3,0,1,0,0
13.8264,51.04078,2,11,6,3,0,1,0,0
13.11427,51.12022,2,12,6,3,1,0,0,0
12.39336,50.81889,2,4,5,3,1,0,0,0
12.1236,50.49416,2,15,5,3,0,1,0,0
14.83554,50.95102,2,14,5,3,0,1,0,0
14.44081,51.18056,2,8,5,3,0,1,0,0
13.72359,51.08928,2,15,5,3,0,1,1,0
13.72144,51.03437,2,6,5,3,1,1,0,0
12.91355,50.79861,2,8,5,3,0,1,0,0
12.80406,50.86656,2,6,5,2,0,1,0,0
12.37784,50.73683,1,17,4,2,1,0,0,0
12.12372,50.51192,1,6,4,2,0,1,1,0
12.40395,51.32172,1,12,4,3,1,0,1,0
12.49906,51.26512,1,17,4,2,0,1,0,0
14.22046,51.45158,1,15,4,2,0,0,0,1
13.50355,51.19204,1,20,4,3,0,1,0,0
13.63646,51.01912,1,8,4,3,0,1,0,0
13.70149,51.03082,1,16,4,3,0,1,0,0
13.85889,51.06085,1,16,4,2,0,1,0,0
13.88615,51.06199,1,10,4,3,0,1,0,0
13.73137,51.02761,1,16,4,2,0,0,0,1
12.89055,50.53429,1,10,4,2,0,1,0,1
12.58765,51.59341,1,8,3,3,0,1,1,0
13.88947,51.07711,1,9,3,3,0,1,0,0
13.58485,51.03496,1,13,3,3,0,1,0,0
13.45969,51.00139,1,16,3,2,1,0,0,0
13.72493,51.04395,1,16,3,3,1,1,0,0
12.87675,50.77656,1,16,3,3,0,0,0,1
12.72207,50.58716,2,17,5,3,0,0,0,1
12.95243,51.02576,1,5,3,3,0,1,0,0
12.49999,50.72569,1,7,2,3,0,1,0,0
12.48474,50.73731,1,5,2,3,1,1,0,0
12.47904,50.7133,1,6,2,2,1,1,0,0
12.30023,51.34044,1,13,2,3,0,1,0,0
12.34497,51.37518,1,5,2,3,1,1,0,0
14.17877,51.51924,1,13,2,3,0,1,0,0
13.34006,51.26566,1,16,2,3,0,1,0,0
13.3011,51.30485,1,10,2,3,0,1,1,0
12.9103,50.68841,2,13,4,3,1,0,1,0
13.65614,51.08103,1,8,2,3,0,1,0,0
13.18018,51.06613,1,7,2,3,0,1,0,0
12.92807,51.14823,1,20,2,2,0,1,0,0
14.65981,51.20627,1,17,1,3,0,1,0,0
14.65983,51.20643,1,18,1,3,0,1,0,0
14.67899,51.2061,1,15,1,3,0,1,0,0
13.68042,51.15651,1,15,1,3,0,1,0,0
13.81935,51.06433,1,3,1,2,1,1,0,0
13.73701,51.06315,1,16,1,3,1,1,0,0
12.78253,50.72713,1,1,1,2,1,0,0,0
12.3967,50.83408,1,19,7,3,0,0,0,0
12.3482,51.3399,1,18,7,3,1,0,0,0
12.55391,51.27119,1,15,7,3,0,1,0,0
13.99462,51.17538,1,17,7,3,0,1,1,0
13.73338,51.03896,1,14,7,2,1,0,0,0
12.46709,50.72,1,22,6,3,0,1,0,0
14.62601,51.03016,1,15,6,3,0,1,0,0
13.92831,50.94375,1,7,6,3,1,0,1,0
13.51075,51.15845,1,14,6,3,0,1,0,0
12.9063,50.84186,1,6,6,2,1,0,1,0
12.34174,51.5297,1,18,5,3,0,1,0,0
14.16911,51.41634,1,17,5,3,0,1,0,0
13.66029,50.95811,1,15,5,3,0,1,0,0
13.74817,51.06347,1,14,5,3,0,1,0,0
13.76422,51.08839,1,17,5,2,1,0,0,0
12.91249,50.82769,1,11,5,2,0,1,0,0
12.22077,50.46094,1,11,4,2,0,0,0,0
12.29377,51.14452,1,6,4,3,0,1,0,0
12.49587,51.35581,1,13,4,3,0,1,0,0
14.65444,51.07988,1,20,4,3,0,1,0,0
14.33866,51.07722,1,15,4,3,0,1,0,0
13.49751,51.09158,1,7,4,3,0,1,0,0
13.71544,51.09933,1,8,4,3,0,1,0,0
13.76245,51.08503,1,15,4,3,0,1,0,1
13.11368,50.96899,1,10,4,3,1,1,0,0
12.97147,50.98588,1,21,4,3,1,0,0,0
12.83367,50.58411,1,19,4,3,0,1,0,0
12.56674,50.68662,1,7,3,3,0,1,0,0
12.4185,50.53177,1,12,3,2,0,1,0,0
12.49206,51.27677,1,18,3,2,0,1,0,0
12.49216,51.27692,1,18,3,2,0,1,0,0
13.34047,51.25436,1,22,3,1,0,1,0,0
12.79473,50.69635,1,16,3,3,0,1,0,0
14.66498,50.92499,2,13,6,2,0,1,0,0
13.11495,50.67805,1,9,3,2,0,1,0,0
12.69975,50.59165,1,0,3,3,0,1,0,0
13.08301,50.97005,1,4,3,2,0,0,0,0
12.68809,50.93184,1,5,3,3,0,1,0,0
12.6884,50.93097,1,5,3,3,0,1,0,0
12.09494,50.44235,1,18,2,2,0,1,0,0
12.34128,50.52912,1,14,2,3,0,1,0,0
12.28925,50.55103,1,23,2,2,0,1,0,0
12.39797,51.32998,1,14,2,3,0,1,0,0
14.83646,51.27288,1,9,2,3,0,1,0,0
14.83577,51.27312,1,5,2,3,0,1,0,0
13.74653,51.05739,1,19,2,3,0,0,1,0
13.94897,51.03641,1,18,2,2,0,1,0,0
12.67971,50.74261,1,15,2,3,0,1,0,0
12.8724,50.93132,1,10,2,2,0,1,0,0
12.42457,50.64181,1,20,1,3,0,1,0,0
13.97881,51.21816,1,15,1,3,0,1,0,0
14.82632,51.1446,1,17,1,2,0,1,0,0
14.75371,51.153,1,17,1,3,0,1,0,0
13.72617,51.08634,1,19,1,3,0,1,0,0
12.69425,50.71103,1,18,1,2,0,1,0,0
12.73694,51.01385,1,17,1,3,0,1,0,0
12.53356,50.54067,1,11,1,3,0,1,0,0
12.75255,50.88729,1,18,1,3,0,1,0,0
12.67321,50.8137,1,13,7,3,0,1,0,0
12.62957,51.45912,1,15,7,3,0,1,0,0
13.95838,50.95638,1,13,5,3,0,1,0,0
14.80989,50.89312,1,14,7,3,0,1,0,0
13.95897,51.15935,1,18,7,3,0,1,0,0
14.19143,51.53759,1,15,7,3,0,1,0,0
13.94363,50.97734,1,12,7,3,0,1,0,0
14.01923,50.90608,1,19,7,3,0,1,0,0
12.69735,50.71157,1,14,7,2,0,1,0,0
13.02368,50.864,1,14,7,3,0,1,0,1
12.95468,51.02234,1,16,7,3,0,1,0,0
12.45365,50.71906,1,13,6,3,0,1,1,0
12.64724,50.81782,1,15,6,3,0,1,0,0
12.30293,50.54245,1,7,6,2,0,1,1,0
14.04826,50.92379,2,6,2,3,0,1,0,0
13.10638,51.3128,1,9,6,3,0,1,0,0
12.70623,51.44799,1,21,6,3,0,1,0,0
12.26895,51.26319,1,15,6,3,0,1,0,0
12.45294,51.36431,1,10,6,3,0,1,0,0
14.81634,50.89761,1,10,6,2,0,1,0,0
14.75469,50.92774,1,10,6,3,0,1,0,0
13.95468,51.14326,1,15,6,3,0,1,0,0
14.0825,51.32388,1,13,6,3,0,1,0,0
14.95575,51.13791,1,12,6,3,0,1,0,0
14.31509,51.09404,1,8,6,3,0,1,0,0
12.74933,51.49946,2,13,2,3,0,1,0,0
13.95567,51.02224,1,15,6,3,0,1,0,0
13.48256,51.15113,1,8,6,3,0,1,0,0
13.7704,51.10245,1,16,6,3,0,1,0,0
13.72508,51.00916,1,9,6,3,0,1,0,0
13.46502,51.06009,1,18,6,2,0,0,0,0
14.64206,51.05669,2,15,5,3,0,0,0,0
13.746,51.02851,1,15,6,2,0,1,0,0
13.9348,50.95066,1,0,6,2,0,1,0,0
12.80215,50.68403,1,11,6,3,0,1,0,0
12.97772,50.90779,1,12,6,3,0,1,0,0
13.33429,50.89679,1,20,6,3,0,1,1,0
13.24673,51.01525,1,11,6,2,0,0,0,0
12.44009,50.69958,1,9,5,3,0,1,0,0
11.97939,50.43532,1,13,5,2,0,1,0,0
12.33086,50.75012,1,13,5,2,0,1,0,0
12.1106,50.52537,1,9,5,3,0,1,0,0
12.51487,50.66386,1,14,5,3,0,0,0,0
12.29762,51.33745,2,14,3,3,0,1,0,0
12.55281,50.84389,1,8,5,3,0,1,0,0
12.55412,50.84391,1,14,5,2,0,1,0,0
12.69396,51.18856,1,7,5,3,0,1,0,0
12.24491,51.34706,1,7,5,3,0,1,0,0
14.74999,51.00926,1,14,5,3,0,1,0,0
13.9035,51.25979,1,15,5,3,0,1,0,0
12.29166,51.38076,2,17,7,2,0,1,0,1
14.01576,51.1438,1,14,5,3,0,1,0,0
14.12557,51.26556,1,14,5,3,0,1,0,0
13.94438,51.16016,1,18,5,3,0,1,0,0
14.02583,50.92997,1,9,5,3,0,1,0,0
13.70529,51.17615,1,21,5,3,0,1,0,0
13.73026,51.08226,1,14,5,3,0,1,0,0
13.64049,51.03494,1,5,5,3,0,0,0,0
13.65277,51.08243,1,14,5,3,0,1,0,0
13.8931,50.90099,1,16,5,3,0,1,0,0
12.81264,51.04152,1,6,5,3,0,1,0,0
12.49119,50.73359,1,8,4,3,0,1,1,0
12.40365,50.67241,1,14,4,3,0,1,0,0
12.39123,50.48584,1,10,4,3,0,1,0,0
12.69421,50.69161,1,4,4,2,0,1,0,0
12.26211,51.26259,1,18,4,3,0,1,0,0
12.52188,51.29797,1,16,4,3,0,1,0,0
14.39199,51.17522,1,19,4,3,0,1,0,0
14.17545,51.41766,1,13,4,2,0,1,0,0
13.72595,51.10413,1,19,4,3,0,1,0,0
12.89594,51.05288,1,14,4,2,0,1,0,0
13.03733,50.77113,1,12,4,3,0,0,0,0
12.74437,50.47904,1,5,4,3,0,1,0,0
12.49128,50.73838,1,7,3,3,1,0,1,0
12.6346,51.46034,1,10,3,3,0,1,1,0
12.28119,51.38341,1,2,3,3,1,0,0,0
14.09513,51.30313,1,6,3,3,0,1,0,0
13.83692,51.14894,1,0,3,3,0,1,0,0
14.21669,51.46375,1,4,3,3,0,1,0,0
14.87919,51.08231,1,11,3,3,0,1,0,0
14.98258,51.18932,1,4,3,3,0,1,0,0
13.60928,51.18699,1,5,3,3,0,1,0,0
13.58054,51.12596,1,13,3,3,1,0,1,0
13.7037,51.0413,1,5,3,3,0,1,0,0
13.89203,50.91619,1,13,3,3,0,1,0,0
13.73312,51.07634,1,21,3,3,1,1,0,0
12.67308,50.70206,1,7,3,2,0,1,0,0
13.16713,51.11622,1,14,3,3,0,1,0,0
13.22823,51.16476,1,7,3,3,0,1,0,0
12.62678,50.51621,1,5,3,3,0,1,0,0
12.7234,50.45623,1,6,3,3,0,1,0,0
12.64864,50.81647,1,17,2,2,0,1,0,0
12.33007,51.54075,1,17,2,2,0,1,0,0
14.60519,51.36455,1,8,2,3,0,1,0,0
14.20266,51.25632,1,7,2,3,0,1,0,0
14.82705,51.14461,1,17,2,3,0,1,0,0
14.57185,51.21116,1,17,2,3,0,1,0,0
14.68933,50.95508,1,18,2,1,0,0,0,0
13.92465,50.95759,1,7,2,3,0,1,0,0
12.75458,51.28907,2,5,6,3,1,1,0,0
13.43694,51.05794,1,22,2,2,0,1,0,0
13.8499,51.0618,1,2,2,2,0,0,0,0
12.83747,50.76264,1,15,2,3,0,1,0,0
13.09505,50.7667,1,21,2,3,0,1,0,0
13.32356,50.87561,1,22,2,3,0,1,0,0
12.93638,50.89059,1,19,2,2,0,1,0,0
12.4967,50.6876,1,1,1,3,0,1,0,0
14.19805,51.15716,1,9,1,3,0,1,0,0
13.9022,51.26231,1,9,7,3,0,1,0,0
14.42809,51.18086,1,21,7,3,0,1,0,0
14.42868,51.16879,1,11,7,3,0,1,1,0
13.71334,51.12988,2,7,5,3,0,1,0,1
14.93564,51.21353,1,15,7,2,0,1,0,0
13.71696,51.34687,1,13,7,2,0,1,0,0
13.7674,51.02044,1,3,7,3,0,1,0,0
13.99245,50.89756,1,7,7,2,0,1,1,0
12.88267,50.85353,1,19,7,3,0,1,0,0
12.29891,50.36763,1,10,6,3,0,1,0,0
12.1591,50.44395,1,6,6,3,0,1,0,0
12.63283,50.78473,1,5,6,3,0,1,0,0
12.82508,51.39,1,16,6,3,0,1,0,0
12.39937,51.36338,1,5,6,3,0,1,0,0
14.61262,50.98339,1,12,6,3,0,1,0,0
13.87637,50.96829,1,13,6,2,0,1,0,0
13.0448,50.90875,1,7,6,2,0,1,1,0
12.39108,50.71307,2,17,7,3,0,1,0,1
12.14094,50.48323,1,15,5,3,0,1,0,0
12.70134,51.20407,1,6,5,3,1,1,0,0
12.27742,51.40175,1,6,5,3,0,1,0,0
14.6443,51.11673,1,15,5,3,0,1,0,0
14.97089,51.1431,1,8,5,3,0,1,0,0
13.7298,51.00717,1,20,5,3,0,1,0,0
13.73004,51.03057,1,9,5,2,1,0,0,0
12.84289,50.62037,1,6,5,3,0,1,0,0
13.0204,50.82117,1,15,5,3,0,1,0,0
12.93113,50.83709,1,7,5,3,0,1,1,0
12.76889,50.69886,1,23,5,3,0,1,0,0
13.15412,51.28602,1,16,4,3,0,1,0,0
12.76885,51.22906,1,15,4,2,0,1,0,0
12.45562,51.36535,1,5,4,3,1,0,0,0
14.6614,50.88864,1,5,4,3,0,1,0,0
14.7646,51.00186,1,12,4,2,0,1,0,0
12.09181,50.43672,1,6,3,3,0,1,0,0
13.94856,50.95788,1,7,4,3,0,1,1,0
13.73828,51.06392,1,18,4,3,1,1,0,0
13.76369,51.08712,1,6,4,3,0,1,0,0
13.75196,51.06298,1,11,4,3,0,1,0,0
13.36425,50.91396,1,13,4,2,0,1,0,0
13.3435,50.94293,1,9,4,3,0,1,0,1
12.96267,51.1564,1,10,4,3,0,1,0,0
12.97378,50.85513,1,7,4,2,0,1,0,0
12.9129,50.82797,1,17,4,3,0,1,0,0
13.0302,51.07933,1,14,5,3,0,1,0,0
13.30242,51.02334,1,14,4,3,0,1,0,0
12.41743,50.68846,1,8,3,2,0,1,0,0
12.21313,51.29659,1,20,3,3,0,1,0,0
12.33772,51.33538,1,15,3,3,1,1,0,0
12.97854,50.90663,2,15,5,3,0,1,0,0
12.61491,51.24111,1,13,3,3,0,1,0,1
14.79547,50.89113,1,17,3,3,0,1,0,0
14.94908,51.15569,1,13,6,3,0,1,0,0
13.3541,51.3486,1,15,3,3,0,1,0,0
13.27493,51.31667,1,9,3,3,1,1,0,0
13.84123,50.92599,1,11,3,3,0,1,0,0
13.74669,51.05137,1,10,3,3,0,1,0,0
13.76618,51.06524,1,9,3,3,1,1,0,0
13.04067,50.86483,1,20,3,3,0,1,0,0
12.65736,50.57325,1,10,3,3,0,1,1,0
13.01146,50.58693,1,17,3,3,0,1,1,0
12.79133,50.50232,1,13,3,1,0,1,0,0
12.01652,50.46404,1,7,2,3,0,1,0,0
12.52042,51.31678,1,6,2,3,1,1,0,0
12.49186,51.3551,1,11,2,3,0,1,0,0
12.37632,51.34444,1,9,2,3,0,1,1,0
14.79277,50.89871,1,9,2,3,0,1,0,0
14.56877,51.54714,1,12,2,3,0,1,0,0
13.76014,51.0233,1,17,2,3,1,1,0,0
13.79861,51.14248,1,7,2,3,0,1,0,0
13.74563,51.0493,1,14,2,2,1,0,0,0
12.64876,50.59644,1,7,2,3,0,1,1,0
13.01777,50.54938,1,5,2,3,0,1,0,0
12.995,50.60364,1,14,2,2,0,1,0,0
13.34946,50.90679,2,6,5,3,0,1,0,0
12.41795,51.35094,1,13,1,2,0,1,0,0
12.20127,51.50207,1,13,1,3,0,1,0,0
12.96555,50.87027,1,16,1,3,0,1,0,0
12.66763,50.6908,1,14,7,2,0,0,1,0
13.05181,51.2593,1,19,7,3,0,1,0,0
12.46086,51.36723,1,9,7,3,1,1,0,0
12.23868,51.42217,1,8,7,3,0,1,0,0
14.98199,51.14658,1,21,7,3,1,1,0,0
14.52405,51.26318,1,12,7,3,0,1,0,1
13.7111,50.82165,1,20,7,3,1,0,0,0
12.3637,50.47777,1,5,6,3,0,1,0,0
13.8949,51.25966,1,2,6,2,1,1,0,0
14.46615,51.19912,1,7,6,2,0,1,0,0
13.74582,51.12423,1,15,6,3,0,1,0,0
12.47119,50.68446,1,6,5,3,0,1,1,0
12.53672,51.54111,1,11,5,3,0,1,0,0
12.48797,51.50046,1,17,5,3,0,1,0,0
12.79944,51.13209,1,7,5,3,0,1,1,0
14.76012,50.91514,1,12,5,3,0,1,0,0
14.44647,51.1772,1,18,5,3,0,1,1,0
14.43103,51.15837,1,7,5,3,0,0,0,0
13.93516,50.9673,1,15,5,3,1,1,0,0
13.31745,51.0655,1,7,5,3,0,1,1,0
13.28081,50.99608,1,13,4,3,0,1,0,0
13.55182,51.17425,1,7,5,3,0,1,0,1
13.74652,51.05739,1,15,5,3,0,1,1,0
13.81249,50.90213,1,18,5,2,0,1,0,1
13.35983,51.09069,1,10,5,3,0,1,0,0
12.30058,50.26581,1,15,4,2,0,1,0,0
12.65998,50.92356,1,19,4,3,0,1,0,0
12.51042,51.32895,1,18,4,3,0,1,0,0
13.90872,51.22473,1,15,4,3,0,1,0,0
14.95981,51.32587,1,9,4,3,1,1,0,0
14.93294,51.31092,1,10,4,3,0,1,0,0
13.95571,51.02216,1,14,4,3,0,0,0,1
13.91122,50.95665,1,12,4,3,0,0,1,0
13.42756,51.21016,1,12,4,3,1,1,0,0
13.48447,51.16795,1,13,4,3,0,1,0,0
13.39268,50.91705,1,8,4,2,0,1,0,0
12.84119,50.81607,1,11,4,3,0,1,1,0
12.28222,50.40293,1,5,3,2,0,1,0,0
12.57692,50.8437,1,13,3,3,0,1,0,0
12.66519,51.46136,1,5,3,3,0,1,0,0
12.64037,51.46166,1,17,3,3,1,1,0,0
12.76507,51.15575,1,12,3,2,0,1,0,0
13.94426,50.86249,1,19,3,3,0,1,0,0
13.47874,51.17019,1,7,3,3,0,1,0,0
13.72952,51.2017,1,11,3,3,0,1,0,0
12.90807,50.83303,1,5,3,3,0,1,0,0
12.89511,50.81989,1,18,3,3,0,1,0,0
14.55376,51.03397,1,4,2,2,0,1,0,0
13.69191,51.08437,1,18,2,3,0,1,0,0
13.33971,51.05861,1,13,2,3,0,1,0,0
13.45957,51.15253,1,17,2,2,1,1,0,0
12.80218,50.68397,1,16,2,3,0,1,0,0
12.50536,51.38926,1,15,4,3,0,1,0,0
12.43265,51.54856,2,16,2,2,0,1,0,0
12.46508,50.70897,1,8,5,3,0,1,0,0
12.13503,50.50226,1,7,4,3,0,1,0,0
12.65864,51.34561,1,5,3,3,1,1,0,0
13.57892,51.2063,1,7,3,3,0,1,0,0
12.79065,50.94606,1,15,3,3,0,1,0,0
12.92711,50.85848,1,14,6,2,1,1,0,0
12.95144,51.58878,2,20,7,3,0,1,0,0
12.44855,50.70287,1,13,6,2,1,1,0,0
12.32376,51.37944,2,17,4,3,1,1,0,0
12.28881,50.62653,1,18,3,3,0,1,0,0
12.91308,50.73247,1,13,4,2,0,1,0,0
14.94997,51.14842,1,7,2,2,0,1,1,0
14.01309,51.06179,2,13,6,2,0,1,0,0
12.36856,50.66757,2,12,6,3,0,1,0,0
13.71491,50.98925,1,15,5,3,0,1,0,0
13.34632,50.90156,2,7,5,3,1,1,0,0
12.20481,51.43898,2,5,7,3,0,1,0,0
14.14018,51.17478,2,7,5,3,0,0,0,0
13.72069,51.04931,1,18,4,3,1,1,0,0
13.71455,51.07956,3,9,6,3,0,1,1,0
14.569,51.21143,1,18,2,2,0,1,0,0
12.98705,50.88414,2,17,3,3,0,1,0,0
12.95126,50.6704,1,12,5,3,0,1,0,0
14.09646,50.91076,2,11,1,3,0,0,0,1
12.81886,50.8801,1,16,6,3,0,1,0,0
12.63428,50.68224,2,18,4,3,0,0,0,0
13.67868,51.06325,2,12,6,2,0,1,0,0
13.21279,51.11252,2,14,5,2,0,1,0,0
12.39936,51.36353,1,6,2,3,0,1,1,0
14.40489,51.38866,2,10,2,3,0,1,0,0
12.23566,51.49849,2,13,3,3,0,1,0,0
14.94906,51.15568,1,16,5,3,0,1,0,0
13.60793,51.04582,1,6,4,2,0,1,0,0
13.60677,51.09176,1,18,3,3,0,1,0,0
12.37627,50.73979,1,23,7,3,0,1,0,0
13.44293,51.18473,1,14,4,3,0,1,0,0
13.54288,51.05389,1,6,6,3,0,1,0,1
14.62746,51.12485,2,19,5,2,0,1,0,0
12.6988,50.7821,1,13,3,3,0,1,0,1
12.77036,50.8632,2,6,6,2,1,1,0,0
12.36365,51.37604,2,15,6,3,0,1,0,1
12.42727,51.49647,2,17,2,3,0,1,0,0
12.92888,51.09055,1,11,7,3,0,1,0,0
13.33152,50.89271,2,5,4,2,0,1,1,0
14.89233,51.23106,2,15,5,3,0,1,0,0
12.89811,50.84808,1,11,3,3,0,1,0,0
12.85794,51.24304,1,13,4,3,0,1,0,0
12.53531,50.67466,2,16,2,3,0,1,0,0
12.72602,50.86731,2,20,2,2,0,0,0,1
12.90907,50.52426,1,10,6,3,0,1,0,0
14.09513,51.30313,1,6,6,3,0,1,0,0
12.55293,51.03218,1,15,5,2,0,1,0,1
12.93708,50.6258,2,8,5,3,0,1,0,0
13.1025,50.80699,2,10,3,3,0,1,0,0
14.77753,51.147,1,20,7,3,0,1,0,0
13.065,50.94677,1,9,1,3,0,0,0,0
13.30855,51.30215,1,14,6,3,1,1,0,0
12.2662,51.32823,2,9,4,3,0,1,0,0
12.7355,50.62276,2,16,2,3,0,1,0,0
12.17577,51.27905,2,20,7,2,0,1,0,0
14.34609,51.13013,2,5,5,3,0,1,0,0
13.74021,51.06465,2,22,6,3,0,1,1,0
12.24157,50.52708,1,11,5,3,0,0,0,0
12.33883,51.50687,1,13,7,3,0,1,0,0
13.30817,51.03663,1,21,7,3,0,1,0,0
12.3303,50.59801,1,9,4,2,0,1,0,0
12.64082,51.28468,2,6,2,3,0,1,0,0
12.47093,51.37088,2,10,2,3,1,0,0,0
13.48901,51.16586,3,15,6,2,1,1,0,0
12.45,50.50063,1,17,3,3,0,1,0,0
13.36369,51.37361,2,22,5,2,0,1,0,0
13.47177,51.15922,2,11,3,3,0,0,1,0
12.48457,50.73729,2,13,6,3,1,1,0,0
14.48547,51.21439,1,8,2,3,0,0,0,0
12.46636,50.71979,2,6,2,3,0,1,1,0
12.48957,50.73822,1,17,7,3,0,1,0,0
12.96754,51.36517,1,3,2,2,0,1,0,0
12.5382,51.54611,1,7,6,3,0,1,0,0
12.92526,50.76158,2,5,2,3,0,1,0,0
14.74685,50.96833,1,8,1,3,0,1,0,0
13.44346,51.16267,2,14,4,2,0,1,0,1
13.90767,51.27411,2,11,5,3,0,1,0,0
13.20197,50.65248,3,6,6,3,0,1,0,0
12.3377,51.33538,1,14,4,3,1,1,0,0
12.36671,50.79248,1,14,4,3,0,1,0,0
12.47416,51.50106,1,5,5,3,0,1,0,0
12.34903,51.52934,1,16,5,3,1,1,0,0
14.6406,51.50384,2,9,3,3,0,1,0,0
12.36958,51.37609,1,17,5,3,0,0,1,0
13.45996,50.94108,1,13,3,3,0,1,0,0
13.09742,51.1331,1,4,1,3,0,1,0,0
13.70337,51.04214,1,7,3,3,1,1,0,0
12.22393,51.38697,1,16,2,2,0,0,1,0
12.98967,50.61222,2,8,5,3,0,1,0,0
13.34991,51.34353,2,14,4,3,0,1,0,0
13.54734,51.06114,2,12,7,2,0,1,0,0
12.99015,51.19302,2,10,2,3,0,1,0,0
14.32541,51.2669,2,18,5,3,1,1,0,0
12.70555,50.8237,2,19,4,3,0,1,0,0
13.69366,51.04301,2,19,5,3,1,0,0,0
12.93044,50.75142,1,22,5,2,0,1,0,0
14.67262,51.44132,1,10,3,2,0,1,0,0
13.81205,51.17151,2,8,5,3,0,1,0,0
12.44027,51.29404,1,9,3,2,0,1,1,0
14.82127,51.29051,1,13,3,3,0,0,0,0
13.93278,51.07048,2,18,7,3,0,1,0,0
12.92819,51.10799,1,23,2,2,0,1,0,0
14.35224,51.49142,2,17,6,2,0,1,0,0
14.7959,50.89159,2,18,3,3,0,1,0,0
12.4374,51.13833,1,16,3,3,0,1,0,0
14.17683,51.12597,1,9,7,3,1,0,1,0
14.14576,51.15491,2,16,6,3,0,1,0,0
12.77234,50.80984,1,13,4,3,0,1,1,0
13.68082,51.02098,1,16,7,3,0,1,0,0
12.26429,50.31966,1,6,3,3,0,1,0,0
13.87468,51.06056,1,7,3,3,1,1,0,0
14.05178,51.20012,2,13,7,2,0,1,0,1
13.18151,51.0778,1,11,3,3,0,1,0,0
12.41097,50.73111,2,16,4,3,0,1,0,0
12.17914,50.54612,1,20,4,3,0,1,0,0
12.34321,51.52826,2,11,7,3,0,0,0,1
13.24242,50.93616,2,17,6,3,0,1,0,0
12.49232,50.83615,1,1,3,2,0,1,0,0
12.45868,51.56773,1,21,7,3,0,1,0,0
12.69875,50.69225,1,10,5,2,0,1,0,0
12.99005,50.61113,2,13,2,3,0,1,0,0
13.32492,50.8315,1,15,2,2,0,1,0,0
12.7193,50.58447,2,22,4,3,0,1,0,0
12.91257,50.82772,2,16,5,3,0,1,0,0
13.42984,51.05826,1,3,5,3,0,1,0,0
12.39211,51.34641,2,18,4,3,1,1,0,0
12.26603,51.16519,1,17,7,3,0,1,0,0
13.68967,51.06933,2,19,5,3,0,1,0,0
14.79846,50.90706,2,6,4,3,1,1,0,0
13.70742,51.05847,3,19,6,3,0,1,0,0
14.10372,51.2955,2,9,6,3,0,1,0,0
12.49252,50.72976,2,15,4,3,0,1,0,0
13.56341,51.15914,2,14,6,3,0,1,0,1
13.43833,51.05806,1,20,6,3,0,1,0,0
13.71265,50.96882,2,15,4,3,0,1,0,0
12.35366,50.59827,1,6,7,3,0,1,0,0
13.85827,50.93736,2,14,7,2,1,0,0,0
12.80895,50.58829,1,6,5,3,0,1,0,0
12.68207,50.8134,1,14,7,3,0,1,1,0
12.90686,50.87364,2,16,1,3,0,1,0,0
12.26904,51.41795,1,12,1,2,0,1,0,0
14.12749,51.17359,2,14,6,3,0,1,0,0
13.71572,51.03691,2,13,4,3,0,1,0,0
13.73868,51.06856,2,14,4,2,0,1,0,0
12.68926,50.80941,2,7,5,3,0,1,0,0
12.92033,51.61108,2,10,6,3,0,1,0,0
12.22494,51.30542,2,11,2,3,1,1,0,0
13.17129,51.1209,2,17,1,3,0,1,0,0
13.44359,51.18791,1,15,5,3,0,1,0,0
12.72044,50.91824,1,12,7,3,0,1,0,0
13.03394,50.98449,1,16,7,2,0,1,0,0
12.40977,50.36345,2,20,4,2,0,1,0,0
14.60863,51.06525,2,10,3,2,0,1,0,0
12.46862,51.08703,2,18,1,2,0,1,0,0
12.35309,51.18743,1,6,3,3,0,1,1,0
12.37197,50.73957,2,13,4,3,0,1,0,0
14.44126,51.14135,1,6,3,3,0,1,0,0
13.73067,51.03047,1,13,4,3,1,0,0,0
12.82014,50.80882,1,12,6,3,0,1,0,0
12.68577,50.81235,1,22,2,3,0,1,0,0
12.49498,50.71049,2,18,4,3,1,1,0,0
13.37376,51.11661,2,9,2,3,0,1,0,0
14.18518,51.12387,2,19,1,3,0,1,0,1
13.51478,51.16961,2,11,7,2,1,1,0,0
13.00807,50.5925,2,11,7,3,0,1,1,0
14.80694,51.34691,2,11,2,3,0,1,0,0
12.92646,50.83376,1,17,3,3,0,1,0,0
12.7677,50.52502,1,18,1,2,0,1,0,0
14.76853,51.13619,2,13,6,2,0,1,0,0
14.74797,50.96915,1,14,3,3,0,1,0,0
13.92063,50.98906,1,10,5,3,0,1,0,0
12.87744,51.23684,2,9,4,2,0,0,0,0
14.80078,50.89597,1,8,5,2,0,1,1,0
12.56509,51.56415,2,10,1,2,0,1,0,0
12.10152,50.49419,1,12,5,3,0,1,0,0
14.83767,50.90704,2,16,6,3,1,0,0,0
12.27509,50.58883,2,14,5,3,0,1,0,0
13.33747,50.91143,2,14,5,2,0,1,1,0
13.74592,51.02853,1,11,3,2,0,1,0,0
12.71612,51.3609,1,14,4,3,0,1,0,0
14.11414,51.11064,2,15,2,2,0,1,0,0
13.15236,51.46678,1,9,7,2,0,1,0,0
13.6679,50.94767,3,14,6,2,0,1,0,1
12.64219,51.28534,2,5,1,3,0,1,0,0
12.95738,50.86478,1,12,4,3,0,0,0,0
14.60946,51.26804,1,6,3,3,0,1,0,0
12.93331,50.84584,1,12,6,3,0,1,0,0
12.81299,51.12483,2,13,4,3,0,1,0,0
12.41611,51.4384,1,12,3,3,0,1,0,0
12.97349,50.93898,1,15,3,2,0,1,0,0
14.7982,51.08534,2,9,6,3,0,1,0,0
13.03465,51.33596,1,7,3,3,0,0,0,0
12.73395,50.90478,1,8,6,3,0,0,0,0
14.42682,51.16647,2,10,5,3,0,1,0,0
12.4394,51.29465,1,7,6,3,1,1,0,0
13.13596,50.66833,1,5,6,3,0,1,0,0
12.34249,51.33844,1,15,4,3,1,0,0,0
12.40797,50.51942,2,14,5,2,0,1,0,0
14.58015,51.54433,1,23,4,3,0,1,0,0
14.59765,51.00832,1,19,3,3,0,1,1,0
12.37325,51.31479,2,22,2,3,0,1,0,1
13.72875,51.08374,2,16,2,2,1,0,0,0
13.83286,51.05934,3,7,6,3,0,0,0,1
12.9699,50.64873,1,11,4,3,0,1,0,0
13.33705,50.90185,2,6,2,3,0,1,0,1
14.21608,51.27136,1,15,5,3,0,1,0,0
12.85868,50.81023,2,16,3,3,0,1,0,0
12.39309,51.33474,2,13,4,3,0,1,0,0
12.71459,51.18252,2,18,1,2,0,0,0,1
13.66697,51.02328,1,13,1,3,0,1,0,0
13.52283,51.06042,2,13,6,3,0,1,0,0
12.92607,50.83038,2,17,3,3,0,1,0,0
13.74064,51.05793,2,18,3,3,0,0,1,0
14.18887,51.19044,1,7,2,3,0,1,0,0
13.31091,50.76335,2,13,3,3,0,1,0,0
12.50567,51.13159,1,17,4,3,0,1,0,0
12.76909,50.69658,2,7,6,3,0,1,0,0
13.29671,51.03847,2,13,5,3,0,1,0,0
13.29384,51.03302,1,10,3,3,0,1,0,0
12.81956,51.12208,1,12,6,3,0,0,0,0
12.93264,50.82342,2,16,2,2,0,0,1,0
13.30242,51.02334,1,15,3,3,0,1,0,0
12.77132,50.70579,2,10,3,3,0,1,0,0
12.36212,50.76617,1,23,7,3,0,1,0,0
12.47549,51.25136,1,17,6,3,0,1,0,0
12.11059,50.52539,1,13,5,3,0,1,0,0
14.11218,51.46202,1,17,6,2,0,1,0,0
12.85354,51.5204,2,14,1,2,0,1,0,0
12.38727,51.34589,10,13,7,3,0,1,0,0
12.29341,51.13956,10,14,7,2,1,1,0,0
13.58021,51.12474,10,15,7,3,1,1,0,0
13.54754,51.24656,10,17,7,2,0,1,0,0
13.77332,50.82321,10,16,7,3,0,0,0,1
12.71035,50.71391,10,12,7,3,1,1,0,0
13.47683,50.65471,10,14,7,3,0,0,0,0
12.90909,51.11526,10,7,7,3,0,1,0,0
12.94163,50.81993,10,8,7,2,1,1,0,0
12.95387,50.89755,10,21,7,3,0,1,0,0
12.99539,50.71024,10,13,7,2,0,1,0,0
12.41164,51.31468,10,20,6,3,0,1,1,0
14.76656,51.20319,10,12,6,3,0,1,0,0
14.43139,51.19824,10,16,6,2,0,1,0,0
14.66802,50.9298,10,15,6,2,0,1,0,0
13.7462,51.06391,10,21,6,3,1,0,0,0
13.89161,50.89789,10,22,6,3,0,1,0,0
12.97284,50.65034,10,14,6,2,0,1,1,0
12.43174,50.50418,10,13,5,2,0,1,0,1
12.94821,51.3135,10,11,5,3,0,1,0,0
12.45848,51.57418,10,18,5,3,0,0,0,1
14.71574,51.49753,10,9,5,3,1,1,0,0
14.5666,51.25754,10,6,5,2,0,1,0,0
14.72695,50.95276,10,18,5,2,1,1,0,0
12.74665,50.74013,10,9,5,3,0,1,0,0
12.7077,51.00228,10,12,5,3,0,1,0,0
12.2809,51.49708,10,11,4,3,0,1,0,0
14.72551,50.90259,10,7,4,3,0,1,0,0
13.73263,51.23339,10,14,4,2,0,1,0,0
13.74433,51.05726,10,8,4,3,0,1,1,0
13.2865,50.9264,10,11,4,3,0,1,0,1
12.72682,50.44493,10,17,4,3,0,1,0,0
12.80826,50.84319,10,14,4,3,0,1,0,0
14.63214,51.49659,10,7,3,3,0,1,0,0
14.12978,51.25691,10,22,3,2,0,1,0,0
14.05872,51.16752,10,13,3,3,0,1,0,0
13.8553,50.9661,10,11,3,2,0,1,0,1
12.43143,50.67096,10,10,2,3,1,0,0,0
12.13702,50.48784,10,15,2,3,0,1,0,0
12.13634,50.50707,10,7,2,3,0,1,0,0
12.12497,50.51109,10,16,2,3,0,1,0,0
13.10718,51.30809,10,9,2,2,1,0,0,0
12.36014,51.34218,10,15,2,3,1,0,0,0
12.2322,51.34998,10,20,2,3,0,1,0,0
12.39359,51.37181,10,18,2,3,0,1,0,0
12.33334,51.41448,10,11,2,3,0,1,0,0
12.65827,51.50973,10,10,2,2,0,1,0,1
13.69014,51.07617,10,18,2,3,0,1,0,0
13.71176,51.08287,10,17,2,3,0,0,0,1
13.72218,51.05406,10,19,2,3,0,1,0,0
13.72877,51.30517,10,11,2,3,0,1,1,0
13.75008,51.0632,10,7,2,2,0,0,0,0
13.1028,50.81424,10,17,2,3,0,1,0,0
13.21728,50.81521,10,6,2,2,0,1,0,0
12.70653,50.91075,10,16,2,3,0,1,0,0
12.37368,50.80321,10,5,1,3,0,1,0,0
14.97087,51.15089,10,22,1,3,0,1,1,0
14.42814,51.18089,10,20,1,3,0,1,1,0
14.41284,51.18755,10,12,1,3,0,1,0,0
13.56254,51.22809,10,22,1,2,0,0,0,1
12.72103,50.69271,10,6,1,2,0,1,0,0
12.70454,50.62227,10,15,1,2,0,1,0,0
12.40846,50.79522,10,10,7,2,0,1,0,0
12.24972,50.52668,10,15,7,3,0,0,0,1
12.36608,51.34352,10,11,7,3,0,1,0,0
14.81218,50.90317,10,23,7,2,0,1,0,1
14.20484,51.23965,10,16,7,3,1,0,0,0
14.44694,51.17981,10,16,7,3,0,1,0,0
13.58199,50.95275,10,18,7,3,0,0,0,0
13.33698,50.90999,10,15,7,2,0,1,0,0
12.7192,50.58348,10,16,7,3,1,1,0,0
12.96043,50.55877,10,11,7,3,0,1,0,0
12.49021,50.73639,10,15,6,3,1,0,0,0
12.17592,50.41765,10,18,6,3,0,1,0,1
12.34325,51.47688,10,18,6,3,0,1,0,0
14.41763,51.17943,10,9,6,3,1,1,0,0
13.9068,51.03358,10,12,6,3,0,1,0,0
13.54637,51.17695,10,4,6,3,0,1,0,0
13.69128,51.09795,10,10,6,3,0,1,0,0
13.83683,51.08905,10,10,6,3,0,1,0,0
13.61183,51.06435,10,2,6,3,0,0,0,0
13.16452,50.90524,10,10,6,3,0,1,0,0
13.18287,51.06068,10,16,6,2,1,1,0,0
13.11035,50.64692,10,14,6,3,0,1,0,0
12.92801,51.14825,10,17,6,2,0,1,0,0
12.37665,51.34421,10,1,5,3,0,1,0,0
12.39191,51.34643,10,10,5,3,0,1,0,0
12.39978,51.36194,10,17,5,3,0,1,0,0
12.30026,51.25458,10,6,5,2,0,1,0,0
12.29142,51.14469,10,16,5,3,0,1,0,0
14.79799,50.92749,10,17,5,2,1,0,0,0
14.60228,51.52736,10,5,5,3,0,1,0,0
14.01715,51.14403,10,16,5,2,1,0,0,0
14.06237,51.16877,10,15,5,3,0,1,0,0
13.58742,51.13747,10,21,5,3,0,1,0,0
14.24631,50.95443,10,14,5,2,0,1,0,0
12.80725,50.84375,10,22,5,3,1,0,0,0
12.37111,50.71256,10,11,4,3,1,0,0,0
12.25347,50.332,10,14,4,3,0,1,0,0
12.13836,50.48697,10,17,4,3,0,1,0,0
12.29402,50.62965,10,12,4,2,1,1,0,0
12.27928,51.41466,10,6,4,3,1,1,0,0
12.46737,51.26111,10,16,4,2,0,1,0,1
12.49366,51.38196,10,14,4,3,0,1,0,0
14.00807,51.09054,10,16,4,2,0,0,1,0
14.2135,51.02052,10,17,4,3,1,1,0,0
13.88114,51.00653,10,6,4,3,1,1,0,0
13.72219,51.05407,10,21,4,3,0,1,0,0
13.67131,51.10378,10,11,4,3,0,0,0,0
13.86989,51.04822,10,15,4,3,0,1,0,1
13.05592,51.15701,10,16,4,3,0,0,0,1
12.12776,50.50026,10,14,3,2,1,0,0,0
12.11735,50.49607,10,8,3,2,1,1,0,0
12.77225,51.50263,10,12,3,3,0,1,0,0
12.46437,51.07731,10,8,3,3,0,1,0,0
12.38297,51.27304,10,7,3,3,0,1,0,0
14.41606,51.17938,10,21,3,3,1,1,0,0
14.39592,51.10771,10,11,3,3,0,1,0,0
12.84228,50.70484,10,7,3,3,0,1,0,1
13.19799,50.94073,10,11,3,3,0,1,0,0
13.42417,50.90276,10,10,3,3,0,1,0,0
12.92974,50.83508,10,14,3,3,0,0,0,0
12.5595,50.64976,9,9,2,3,0,1,0,0
12.75954,50.85633,9,13,2,3,0,1,0,1
12.32777,50.63997,9,16,2,3,0,1,0,1
13.07355,51.29294,9,18,2,2,0,1,0,0
12.72757,51.2387,9,14,2,3,0,1,0,1
12.42229,51.35169,9,15,2,3,0,1,0,0
12.39443,51.3368,9,14,2,3,1,1,0,0
14.13241,51.22394,9,11,2,3,0,0,0,1
14.51035,51.1626,9,15,2,3,0,1,0,1
13.37378,51.39837,9,14,2,2,0,0,0,1
13.49373,51.16686,9,9,2,3,1,1,0,0
13.72804,51.11297,9,8,2,3,0,1,0,0
12.61778,50.51944,9,13,2,3,1,1,0,0
12.77378,51.03729,9,10,2,2,0,0,0,1
13.33101,50.95932,9,15,2,2,1,1,0,0
12.13098,50.47907,9,0,1,3,0,1,0,0
12.49205,50.81603,9,2,1,2,0,1,0,0
12.36322,50.6461,9,15,1,2,0,1,0,1
12.73113,51.24503,9,2,1,3,0,1,0,0
14.48936,51.13676,9,17,1,2,0,0,0,1
14.13664,51.17481,9,18,1,3,0,1,0,0
13.56758,51.36721,9,16,1,3,0,0,0,1
13.68826,51.08333,9,14,1,3,0,1,1,0
13.27226,51.08497,9,15,1,2,0,1,0,0
13.4882,51.16645,9,7,1,3,0,1,0,0
12.20247,50.50101,9,13,7,3,0,1,0,0
12.47234,50.81483,9,9,7,2,0,1,0,0
14.65821,51.52656,9,19,7,3,0,1,0,0
14.26248,51.28006,9,3,7,2,1,0,0,0
13.19802,50.94073,9,15,7,3,0,0,0,1
12.99244,50.5552,9,14,7,3,0,1,0,1
13.27947,50.61755,9,7,7,2,0,1,0,0
12.519,50.82188,9,10,6,3,1,0,0,0
12.11993,50.48809,9,17,6,3,0,1,0,0
12.3583,51.27749,9,19,6,3,0,1,0,1
12.15851,51.31074,9,14,6,3,0,1,0,0
14.7642,51.02878,9,5,6,2,0,0,0,1
14.50054,51.46154,9,14,6,3,0,1,0,0
13.96189,51.33008,9,11,6,3,0,1,0,1
13.45681,51.40028,9,9,6,3,0,1,0,0
13.72746,51.08498,9,6,6,2,1,0,1,0
13.7468,51.06376,9,19,6,3,0,0,0,0
12.95627,50.56051,9,13,6,3,0,1,0,0
12.6869,50.93735,9,8,6,2,0,0,0,0
12.9054,50.8262,9,15,6,2,0,0,1,0
12.13716,50.48776,9,18,5,3,0,1,0,0
12.34348,50.58925,9,8,5,3,0,1,0,0
12.51944,51.39386,9,15,5,3,0,1,0,0
14.05843,51.14907,9,12,5,3,0,1,0,0
13.43985,51.31655,9,11,5,2,1,0,0,0
13.93109,50.95947,9,15,5,3,0,1,0,0
13.68963,51.06884,9,15,5,3,1,1,0,0
13.73542,51.10148,9,12,5,3,0,0,0,1
13.72496,51.0731,9,7,5,3,0,1,0,0
12.88643,50.71963,9,21,5,3,1,1,0,0
13.16664,50.65249,9,6,5,3,0,1,0,0
13.15483,51.20005,9,10,5,3,0,1,0,0
12.70907,50.59568,9,7,5,3,0,1,0,0
12.92527,50.78402,9,17,5,3,0,1,0,0
12.454,50.79965,9,13,4,3,0,1,0,0
12.96801,51.57232,9,12,4,3,0,1,0,0
12.58614,51.18478,9,8,4,3,0,1,0,0
12.39921,51.36441,9,8,4,3,0,1,0,0
12.29026,51.39276,9,20,4,2,0,0,0,1
14.70893,50.9308,9,13,4,3,0,1,0,0
14.25514,51.38505,9,6,4,3,1,1,0,0
14.34947,51.47938,9,7,4,3,0,1,0,0
14.44044,51.1211,9,14,4,3,0,1,0,1
14.91734,51.11149,9,12,4,1,0,1,0,0
13.73031,51.03171,9,12,4,3,1,0,0,0
13.79592,50.99616,9,21,4,3,0,0,0,1
13.87847,51.05996,9,7,4,3,1,1,0,0
14.07333,50.9865,9,18,4,2,0,1,0,0
13.01547,50.55657,9,16,4,3,0,1,0,1
12.39312,50.81795,9,6,3,3,0,0,1,0
12.50948,50.7877,9,15,3,3,0,1,0,1
13.10257,51.25834,9,8,3,3,0,0,1,1
12.56825,51.08537,9,15,3,3,0,0,0,0
12.58303,51.17504,9,19,3,2,0,0,0,1
12.28384,51.34432,9,7,3,3,0,1,0,0
12.52013,51.34972,10,18,7,3,0,1,0,0
12.39356,51.35135,9,7,3,3,1,0,0,0
13.97894,51.28769,9,7,3,3,0,1,0,0
13.91465,51.29916,9,16,3,3,0,1,0,0
14.32236,51.17755,9,16,3,3,1,1,0,0
14.01932,51.1445,9,16,3,3,0,1,0,1
14.0716,50.91953,9,16,3,3,0,1,0,1
13.47425,51.16399,9,11,3,3,0,1,0,0
13.779,51.28642,9,15,3,3,0,1,0,0
14.44136,51.13245,10,22,5,2,1,0,0,0
12.3118,51.52441,9,5,5,3,0,1,0,0
13.81665,51.05467,9,17,3,3,1,0,0,0
13.80496,51.16862,9,10,3,2,0,1,0,0
12.86289,51.05426,9,6,3,3,0,1,0,1
12.73932,50.51583,9,0,3,2,0,1,0,0
12.77981,50.49882,9,14,3,3,0,1,0,0
13.35235,51.0495,9,10,3,3,0,1,0,0
12.63332,50.75427,9,14,2,3,1,1,0,0
12.7349,51.01466,9,12,3,3,0,1,0,0
13.1026,51.25836,9,20,2,2,0,0,0,1
14.7458,50.86884,9,16,2,2,0,1,0,1
13.82506,51.17774,9,6,2,2,0,1,0,1
14.73759,51.20735,9,0,2,3,0,1,0,0
13.41602,51.05123,9,12,2,3,0,1,0,1
13.48315,51.01304,9,19,2,3,0,1,0,0
13.72595,51.10413,9,13,2,3,0,0,0,0
13.74138,51.05788,9,15,2,3,1,0,0,0
13.74194,51.06468,9,9,2,2,0,0,1,0
13.28157,50.88021,9,9,2,3,0,1,0,1
12.86309,50.56871,9,15,2,3,0,1,0,0
12.87515,50.87078,9,19,2,3,1,0,0,0
12.75602,50.56536,9,11,2,2,1,0,0,0
13.15115,50.73854,9,15,2,2,0,0,0,1
12.71053,50.88368,9,11,1,3,0,1,0,0
12.46857,50.36694,9,19,1,3,1,0,0,0
12.33787,50.59362,9,16,1,2,0,1,0,0
12.48479,50.72027,9,2,1,2,0,1,0,0
12.38277,51.37592,9,8,1,3,1,0,0,0
13.93764,51.08319,9,11,1,2,0,0,0,1
14.88573,51.14686,9,12,1,3,1,0,0,0
14.62349,51.1977,9,10,1,3,0,1,0,1
13.40293,51.43391,9,16,1,3,1,0,0,0
13.61494,51.0649,9,18,1,3,0,0,0,1
13.66252,51.01511,9,16,1,2,0,1,0,0
12.80071,50.58117,9,13,1,3,1,1,0,0
13.06877,51.38876,9,16,7,3,0,0,0,0
12.26256,51.34623,9,12,7,3,0,1,0,0
13.0413,51.55297,9,4,7,1,0,1,0,0
14.29469,51.40182,9,12,7,3,0,1,0,0
13.65427,51.1392,9,18,7,3,0,1,0,0
13.81296,51.06371,9,18,7,2,1,0,0,0
13.74016,51.06463,9,23,7,3,0,1,0,0
12.77894,50.91817,9,0,7,3,0,0,0,1
12.77894,50.91817,9,0,7,3,0,0,0,1
12.90405,50.43105,9,15,7,2,0,0,0,1
12.78404,50.85411,9,19,6,3,1,1,0,0
12.27977,50.61682,9,12,6,3,0,1,0,0
12.27672,51.32079,9,16,6,3,0,1,0,0
13.91634,51.13344,9,13,6,3,0,0,0,1
13.92495,50.95477,9,10,6,3,1,0,0,0
13.69223,51.02258,9,19,6,3,0,1,0,0
13.34198,50.9145,9,11,6,2,0,1,1,0
12.96763,51.1986,9,9,6,3,1,1,0,0
12.93229,50.82356,9,17,6,3,0,1,0,0
12.80078,50.73714,9,8,6,3,0,1,0,0
12.91545,50.82924,9,13,6,3,1,0,0,0
13.72584,51.03241,9,15,5,3,1,1,0,0
12.63284,50.78482,9,5,5,3,0,1,0,1
12.53672,51.54111,9,14,5,2,0,1,0,0
12.36848,51.52543,9,14,5,3,0,1,0,0
12.75576,51.18399,9,11,5,3,0,1,0,1
12.37475,51.39309,9,16,5,3,0,1,0,0
12.34868,51.34004,9,7,5,3,0,0,0,0
14.7409,50.90228,9,18,5,3,0,1,0,1
12.36996,50.78654,10,16,2,2,1,0,0,0
13.56438,51.15054,9,13,5,3,1,0,0,0
13.67985,51.16304,9,7,5,3,0,1,0,1
12.72979,50.71188,9,15,5,3,0,1,0,0
13.0372,50.92044,9,22,5,3,0,1,0,0
13.12395,50.96448,9,11,5,2,0,1,1,0
13.18248,51.11074,9,12,5,2,0,1,0,1
12.68069,50.6989,9,7,4,3,0,1,0,0
12.56446,51.56428,9,22,4,3,0,1,0,0
12.47339,51.35139,9,15,4,3,0,1,0,0
14.86493,51.05445,9,16,4,3,0,1,0,1
14.26971,51.40565,9,15,4,3,1,0,0,0
14.44199,51.1755,9,19,4,2,0,1,0,1
13.88997,51.17109,9,9,4,2,0,0,0,0
13.70197,51.03243,9,13,4,3,1,0,0,0
13.72969,51.07013,9,20,4,3,1,0,0,0
13.75297,51.07388,9,8,4,3,0,1,0,1
13.72274,51.35292,9,16,4,3,0,1,0,0
13.73853,51.05962,9,7,4,3,1,0,0,0
12.8013,50.75309,9,9,4,2,0,1,0,0
13.01476,50.59117,9,8,4,3,0,0,0,0
12.17162,50.49768,9,8,3,3,0,0,0,1
12.46996,50.83569,9,5,3,3,0,1,0,1
12.62119,51.17476,9,14,3,3,0,1,0,0
14.55643,51.02801,9,17,3,3,0,1,0,0
14.48145,51.17059,10,0,6,3,0,1,0,0
14.78766,50.89914,9,13,3,3,0,1,0,1
14.70914,51.5209,9,13,3,3,0,1,0,1
14.39,51.17956,9,17,3,3,0,1,0,1
14.42827,51.096,9,17,3,3,0,1,0,0
12.97741,50.50594,9,12,5,3,0,0,0,0
13.66893,50.84442,9,14,1,3,0,1,0,1
13.72568,51.16576,9,13,3,3,0,1,0,1
13.75998,50.85676,9,12,3,2,0,1,0,0
13.82434,51.05789,9,18,3,3,1,1,0,0
13.77527,51.11039,9,14,3,3,1,0,0,0
12.64175,50.5896,9,13,3,3,0,1,0,0
12.43158,50.81711,9,19,2,3,0,1,0,0
11.99742,50.58231,9,15,2,3,0,1,0,0
12.5461,51.349,9,14,2,3,0,1,0,0
14.14401,51.16773,9,12,2,3,0,1,0,0
13.00552,51.5565,10,5,3,3,0,1,0,1
13.30526,51.24423,9,5,2,3,0,0,0,0
13.9872,50.9243,9,16,2,2,0,1,0,0
14.04139,50.85913,9,8,2,3,0,1,0,0
13.4903,51.16336,9,16,2,3,0,1,0,0
13.68141,51.06184,9,17,2,3,0,1,0,0
13.7738,51.11303,9,9,2,3,0,1,0,0
13.72881,51.08369,9,16,2,2,0,1,1,0
12.79658,50.8391,9,8,2,3,0,1,0,0
12.94962,50.85557,9,16,2,3,0,1,0,0
12.23173,50.57836,9,19,1,2,0,1,0,0
12.24733,51.31816,9,13,1,3,1,1,0,0
14.97892,51.2337,9,12,1,3,0,1,0,0
13.29385,51.30579,9,20,1,3,1,0,0,0
13.71825,51.32806,9,17,1,3,0,1,0,0
13.48991,51.1469,9,14,1,2,0,1,0,0
12.50901,50.46678,9,13,1,3,0,1,0,0
13.718,51.07698,9,3,7,3,0,1,0,0
13.1217,51.11904,9,17,7,2,1,1,0,0
12.92938,50.85526,9,9,7,3,0,1,0,0
12.72728,51.36642,9,17,5,2,1,0,0,0
13.11672,50.9913,9,13,7,3,0,1,0,0
12.83591,50.87193,9,10,7,3,0,1,0,0
12.15491,50.50677,9,15,6,3,0,1,0,0
12.59659,50.80147,9,22,6,3,0,1,0,0
12.81109,51.50633,9,16,6,3,0,1,0,0
13.11292,51.29929,9,20,6,3,0,1,0,0
12.28133,51.17374,9,19,6,3,0,1,0,0
12.39322,51.31468,9,11,6,3,0,1,0,0
12.16194,51.31455,9,19,6,3,0,1,0,0
14.75775,50.92469,9,12,6,3,0,1,0,0
14.0492,51.15565,9,6,6,3,1,1,0,0
14.02113,51.14551,9,14,6,3,0,1,0,0
13.92415,51.09937,9,12,6,3,0,1,0,0
13.26064,51.26467,9,10,6,2,0,0,0,1
13.45194,51.13624,9,15,6,3,0,1,0,0
13.18258,50.58977,9,15,6,2,0,1,0,0
12.58896,50.8692,9,7,5,2,0,1,0,0
12.35532,51.21399,9,15,5,3,1,0,0,0
12.33039,51.33573,9,9,5,3,1,0,1,0
12.50203,51.15252,9,18,5,3,0,1,0,0
14.85787,51.36344,9,10,5,3,0,1,1,0
12.80578,50.57196,9,13,2,3,0,1,0,0
14.26854,51.16144,9,21,5,2,0,0,0,0
14.23258,51.02413,9,16,5,2,0,0,0,1
14.03705,50.93672,9,18,5,3,0,1,0,0
13.73124,51.02484,9,14,5,3,1,0,0,0
13.72046,51.0512,9,7,5,3,1,1,0,0
13.29121,51.18506,9,12,5,2,0,1,1,0
13.52458,51.12999,9,16,5,2,0,1,0,0
13.74692,51.05169,9,16,5,3,1,0,0,0
12.81085,50.65388,9,16,5,3,0,1,0,0
14.24448,50.94845,10,19,7,3,0,1,0,0
12.79623,51.04764,9,4,5,1,0,1,0,0
12.68494,50.54694,10,13,4,2,1,1,0,0
12.50301,50.76529,9,5,4,3,0,1,0,0
12.13079,50.49082,9,13,4,3,0,1,0,1
12.35265,50.5836,9,16,4,2,0,0,0,0
14.58493,51.5111,10,0,1,3,0,1,0,0
12.39498,50.49324,9,14,4,3,1,1,0,0
12.26496,50.61605,9,8,4,2,0,1,0,0
12.2097,51.32047,9,5,4,3,0,1,0,0
12.54293,51.1644,9,19,4,3,0,1,0,0
14.58207,51.41238,9,7,4,3,0,1,0,0
13.95157,50.8913,9,6,4,3,0,0,0,1
13.48105,51.16332,9,14,4,3,0,1,0,0
13.74125,51.05765,9,17,4,3,1,1,0,0
12.80111,51.02921,9,16,4,3,0,1,0,0
13.3956,50.911,9,16,4,3,0,0,0,0
12.78297,50.56549,9,14,4,3,0,1,0,0
14.12945,51.23248,9,14,4,2,0,1,0,0
12.53742,51.08431,9,6,4,3,0,1,0,0
12.47014,50.72025,9,16,3,3,0,1,0,0
12.60752,50.87559,9,7,3,3,0,1,0,0
12.23064,50.63085,9,22,3,2,0,1,0,0
12.59163,50.68122,9,13,3,2,0,1,0,1
12.64687,50.76369,9,21,3,2,0,1,0,0
12.12496,50.51109,9,20,3,3,0,1,0,1
12.77942,51.14199,9,7,3,3,0,0,0,1
12.48771,51.24429,9,17,3,3,0,1,0,0
13.92253,51.12021,9,9,3,3,1,1,0,0
13.9086,50.9569,9,10,3,3,0,1,0,0
13.28419,51.0678,9,21,3,3,1,0,1,0
13.6063,50.99785,9,17,3,3,1,0,0,0
13.7366,51.09467,9,7,3,3,0,1,0,0
13.73359,51.0395,9,18,3,3,1,0,0,0
13.17879,51.11065,9,14,3,3,0,1,0,0
13.69284,51.08188,9,16,3,2,1,0,0,0
13.89219,51.06745,9,14,3,3,0,1,0,0
13.68478,51.06213,9,5,3,1,0,1,0,1
12.99286,51.12784,9,8,3,3,0,1,0,0
12.73843,50.55796,9,18,3,3,1,1,0,0
12.99466,50.53721,9,13,3,3,0,1,0,0
12.38408,50.50866,9,5,2,3,1,1,0,0
12.74736,51.36988,9,20,2,3,0,1,1,0
12.50185,51.12694,9,6,2,3,0,1,0,0
14.8017,50.89855,9,14,2,3,0,0,0,1
14.85173,51.38308,9,11,2,3,0,1,0,0
14.95327,51.19188,9,11,2,3,0,0,0,1
13.86314,51.01421,10,12,4,3,0,1,0,1
14.189,51.06263,9,5,2,3,0,1,0,0
13.71441,50.78142,9,20,2,3,0,0,0,1
13.6487,51.04251,9,7,2,3,0,1,0,0
12.75605,51.05982,9,12,2,3,0,1,0,0
12.8808,50.86739,9,16,2,3,0,0,0,0
13.3506,51.04924,9,7,2,2,0,1,0,0
12.97157,50.65559,9,6,2,2,0,1,0,0
12.23173,50.57834,9,20,1,3,0,1,0,0
12.4403,51.119,9,0,1,2,0,0,1,0
12.88594,51.25303,9,12,1,2,0,1,0,1
13.95907,51.15942,9,16,1,3,0,1,0,0
14.10986,51.36683,9,14,1,2,0,0,0,1
14.23029,51.4779,9,17,1,3,0,0,1,1
14.24648,50.99609,9,19,1,3,0,1,0,0
13.70884,51.08435,9,17,1,3,1,0,0,0
13.74706,51.06369,9,14,1,3,1,1,0,0
13.91647,50.92513,9,13,1,2,0,0,0,1
13.37412,50.89108,9,5,1,2,0,1,0,0
12.72171,50.58727,9,9,1,3,0,0,0,1
13.0529,50.61694,9,11,1,2,1,0,0,0
12.84866,50.82942,9,1,1,3,0,1,0,0
14.80944,50.90597,9,18,7,3,0,1,0,1
14.75044,50.915,9,14,7,3,1,0,0,0
13.82499,51.17685,9,22,7,3,1,0,0,0
13.78458,51.18419,9,9,7,2,0,1,0,1
14.08332,51.42383,9,13,7,3,0,1,0,0
14.32429,51.09103,9,10,7,3,0,1,0,0
14.9093,51.22362,9,17,7,3,0,1,0,0
14.01323,50.86528,9,18,7,2,1,0,0,0
13.68649,51.10026,9,22,7,3,1,0,0,0
13.34204,51.05759,9,17,7,2,0,1,0,0
13.64598,51.0849,9,11,7,3,1,1,0,0
12.82344,50.77954,9,13,7,2,0,1,0,1
13.01671,50.59375,9,14,7,3,0,1,0,0
12.28867,50.62908,9,14,6,2,0,1,0,0
12.14829,50.42434,9,11,6,2,0,1,0,0
12.57227,51.09899,9,13,6,2,0,1,0,1
12.37993,51.34433,9,10,6,2,1,0,1,0
14.35598,51.15287,9,15,6,2,0,1,0,0
14.40061,51.05347,9,20,6,3,1,0,0,0
13.89582,50.88041,9,19,6,2,1,0,0,0
13.59686,51.16301,9,16,6,3,0,1,0,0
13.68872,51.08304,9,16,6,3,1,1,0,0
12.97848,50.96824,9,16,6,3,0,1,0,0
13.35037,50.9198,9,12,6,3,0,0,0,1
12.53304,50.46072,9,15,6,3,0,1,0,0
12.70833,50.59636,9,17,6,3,0,1,0,1
12.86503,50.55816,9,5,6,2,0,1,0,0
13.06186,51.13156,9,13,6,3,1,0,0,0
12.68248,50.97314,9,18,6,2,0,0,0,1
12.26032,50.31883,9,10,5,3,1,1,0,0
13.07745,51.58782,9,6,5,2,0,1,0,0
12.87099,51.23879,9,11,5,3,0,1,0,0
12.22841,51.39376,9,7,5,3,1,1,0,0
12.36937,51.34416,9,15,5,3,1,0,0,0
14.19676,51.47937,9,9,5,2,0,1,0,0
13.64131,51.10658,9,22,5,3,1,0,0,0
12.97186,50.93993,9,20,5,3,0,0,0,1
14.66703,50.92743,9,18,7,2,0,1,0,0
13.09922,50.76803,9,18,5,3,0,0,0,1
12.99637,50.70763,9,16,5,3,0,1,0,1
12.7193,50.58447,9,9,5,2,0,1,0,0
12.23682,51.39153,9,8,4,3,1,1,0,0
14.95352,51.13723,9,14,4,3,1,1,0,0
13.5307,51.28131,9,14,4,3,0,1,0,1
13.52451,51.28837,9,13,4,3,1,1,0,0
13.53409,50.9269,9,22,4,3,0,0,0,1
12.97514,50.97995,9,6,4,3,0,1,0,0
12.88172,50.80273,9,14,4,3,0,1,0,0
12.85599,50.94781,9,1,4,2,0,1,0,0
12.05405,50.54391,9,20,3,2,0,1,0,1
12.59797,51.60005,9,14,3,3,0,1,0,1
12.63926,51.4614,9,11,3,3,0,1,0,0
12.60653,51.33886,9,13,3,3,1,0,0,0
12.35665,51.34187,9,15,3,3,0,0,1,0
12.39272,51.24194,9,12,3,2,0,1,0,0
12.37139,51.34446,9,14,3,3,0,1,0,1
12.29179,51.34361,9,14,3,2,0,1,0,1
13.79403,50.77979,9,15,2,2,0,1,0,0
14.65928,51.53001,9,10,3,2,1,0,0,0
13.94393,51.12629,9,14,3,3,0,1,0,0
14.41501,51.17925,9,17,3,3,1,1,0,0
14.66852,50.93452,9,7,3,3,0,1,0,1
14.16252,51.04604,9,19,3,3,0,1,0,0
13.83988,50.98283,9,5,3,3,1,0,0,1
12.68117,51.11304,9,11,7,2,0,1,0,0
13.68426,51.20703,9,20,3,3,0,0,0,1
13.7936,51.12918,9,18,3,3,1,1,0,0
13.81807,51.05243,9,19,3,3,1,1,0,0
13.98591,50.98532,9,17,3,1,0,1,0,0
13.4532,50.72729,9,14,3,3,0,1,0,0
13.14757,51.13842,9,9,3,3,0,1,0,0
12.77069,50.53235,9,9,3,2,0,1,0,0
13.07499,50.74831,9,7,3,2,0,0,1,0
13.13691,50.95698,9,10,3,2,0,1,0,0
12.38311,50.5674,9,16,2,3,0,1,0,0
12.15897,50.50902,9,8,2,2,0,0,0,0
12.4862,50.74768,9,5,2,2,0,1,0,1
12.37651,50.52111,9,8,2,2,1,1,0,0
12.97247,51.56489,9,11,2,3,0,1,0,0
12.55298,51.03219,9,20,2,3,0,1,0,1
12.39277,51.35149,9,10,2,3,0,1,0,0
12.38,51.3443,9,15,2,3,0,0,1,0
12.98057,51.19512,9,12,2,3,0,1,0,1
12.39937,51.36348,9,16,2,3,1,1,0,0
14.77754,51.2191,10,14,4,3,1,0,0,0
12.36283,51.31417,9,7,2,3,0,1,0,0
14.01426,51.16259,9,21,2,3,0,0,0,1
14.42808,51.18086,9,8,2,2,0,1,1,0
13.6652,50.893,9,18,2,3,0,0,0,1
13.63159,50.98213,9,19,2,2,0,1,0,0
12.99709,50.57047,9,10,2,3,0,1,0,0
12.69948,50.58912,9,15,2,2,1,1,0,0
12.52495,50.67354,9,9,1,3,0,1,0,0
13.02476,50.59894,9,14,6,3,0,1,0,0
12.21365,50.60024,9,10,1,2,0,0,0,1
12.32272,50.48628,9,21,1,2,1,1,0,0
12.54889,50.67654,9,20,1,3,0,1,0,0
12.87783,51.36006,9,14,1,3,0,0,0,1
14.72233,50.88022,9,9,1,3,0,1,0,1
14.58327,51.07068,9,12,1,3,0,0,0,1
13.57372,50.99648,9,15,1,2,0,1,0,1
13.62172,50.9821,9,9,1,3,0,1,0,0
13.61202,51.04455,9,11,1,2,1,0,0,0
12.80148,51.04829,9,18,1,2,0,1,0,1
13.07646,50.81883,9,14,1,2,0,0,0,1
13.98748,51.06307,9,12,5,2,0,1,0,0
13.10946,50.95063,9,11,1,3,1,1,0,0
13.09337,50.77781,9,15,1,3,0,0,0,1
13.09268,50.6135,9,15,6,3,0,1,0,0
13.05804,50.75962,9,20,1,3,0,1,0,0
13.41688,50.93794,9,14,1,3,0,1,0,1
12.76532,50.7003,9,9,1,2,0,1,0,1
12.50114,50.71756,8,0,7,3,0,1,0,1
13.22991,51.00555,9,8,3,3,0,1,0,0
12.15688,50.6052,8,12,7,3,0,1,0,0
12.5818,50.61562,8,8,7,2,0,1,0,0
12.71675,51.36251,8,12,7,3,0,1,0,1
12.65829,51.08437,8,20,7,3,0,0,0,1
12.52822,51.08319,8,11,7,3,0,1,0,1
14.61892,50.93485,8,15,7,2,1,1,0,0
14.85202,50.91928,8,17,7,3,1,0,0,0
12.6218,50.78425,9,6,2,3,1,1,0,0
14.71365,50.85898,8,12,7,3,0,1,0,0
14.98502,51.15683,8,11,7,3,0,1,0,0
14.97068,51.15135,8,12,7,3,1,1,0,0
14.99239,51.18576,8,12,7,3,0,1,0,0
14.16579,50.92595,8,14,7,3,1,0,0,0
13.0312,51.07094,9,6,3,3,0,0,0,1
13.74321,51.06454,8,14,7,3,1,0,1,0
12.66254,50.71618,8,13,7,2,0,1,0,1
13.04028,50.61256,8,12,7,2,1,1,0,0
12.49231,50.8162,8,15,6,2,0,1,0,0
12.53933,50.88282,8,11,6,3,0,1,0,0
12.37187,50.50513,8,17,6,3,0,0,0,1
12.32776,50.63997,8,13,6,3,0,1,0,1
12.41021,51.31468,8,14,6,3,1,1,0,0
12.36942,51.45439,8,18,6,3,0,1,0,0
12.42837,51.291,8,7,6,3,0,1,0,1
14.81101,50.89218,8,10,6,3,1,1,0,0
14.63519,51.50428,8,7,6,3,0,1,1,0
13.95125,51.13754,8,23,6,3,0,1,0,0
14.0163,51.18977,8,15,6,3,0,1,0,0
14.3913,51.17958,8,11,6,3,0,1,0,1
13.86833,50.96476,8,12,6,3,1,1,0,0
13.73317,51.03894,8,17,6,3,0,1,1,0
12.99474,50.53317,9,15,7,3,0,1,0,1
13.75564,51.07673,8,15,6,3,1,1,0,0
13.67967,51.1651,8,20,6,3,0,0,0,1
13.10487,50.73898,8,7,6,3,0,1,0,1
13.3685,50.62342,8,5,6,2,0,0,0,1
13.3296,51.03994,8,15,6,3,0,1,0,0
12.8864,50.72058,8,10,6,1,1,1,0,0
12.63852,50.57515,8,14,6,3,0,1,0,0
12.45804,50.57962,8,17,5,3,0,0,0,1
12.69027,51.41023,8,20,5,2,1,0,0,0
12.72844,51.24909,8,7,5,3,0,1,0,0
12.39863,51.35956,8,16,5,3,0,1,0,1
14.6891,51.52622,8,12,5,2,0,1,0,0
14.01814,51.08328,8,17,5,3,0,1,1,0
14.97144,51.14603,8,13,5,3,1,1,0,0
14.14461,51.11493,8,18,5,2,0,1,0,0
13.2994,51.30453,8,16,5,3,0,1,0,0
13.47951,51.15484,8,15,5,3,1,0,0,0
13.30016,51.05828,8,12,5,3,0,0,0,1
13.6398,50.88351,8,17,5,3,0,1,0,0
13.68057,51.06205,8,19,5,3,1,0,0,0
12.85167,50.70339,8,8,5,3,0,0,0,1
12.99514,50.53581,9,15,3,3,1,1,0,0
12.81206,50.92063,8,15,5,3,0,1,0,0
13.15025,51.46832,8,13,4,2,0,1,0,0
12.73608,51.23997,8,9,4,3,0,1,0,0
12.55623,51.06124,8,16,4,3,0,1,0,0
14.23032,51.44612,8,13,4,3,1,1,0,0
14.95738,51.37991,8,16,4,3,0,1,0,1
14.3243,51.09103,8,6,4,2,0,1,0,1
13.63193,50.98237,8,21,4,3,0,1,0,0
13.72528,51.05647,8,17,4,3,1,0,0,0
13.40381,51.05954,8,8,4,2,0,1,0,0
13.36193,51.05163,9,14,6,2,0,1,0,0
13.78034,51.06683,8,1,4,2,1,0,0,0
12.73292,50.97616,8,7,4,3,0,0,0,1
13.76659,51.09411,9,13,5,3,0,0,0,0
12.66413,50.95577,8,7,4,3,0,1,0,1
13.33273,50.89464,8,13,4,3,0,1,0,0
12.6755,50.58473,8,7,4,3,0,1,0,0
12.48693,50.57305,8,17,3,3,0,1,0,1
12.03847,50.54564,8,13,3,3,0,1,0,1
12.75539,50.79367,8,15,3,3,0,1,0,0
13.1043,51.2999,8,15,3,3,0,1,0,0
12.46259,51.58217,8,17,3,2,0,1,0,1
12.40394,51.32174,8,8,3,2,1,1,0,0
12.22402,51.30462,8,17,3,3,0,1,1,0
12.37732,51.37587,8,18,3,3,1,1,0,0
13.01138,51.18802,8,8,3,3,0,1,0,0
14.61078,51.13189,8,21,3,3,0,1,1,0
13.72781,51.05831,10,16,7,3,0,1,0,0
14.44552,51.10361,8,8,3,3,1,1,0,0
14.43834,51.1979,8,2,3,1,0,0,1,0
13.60778,51.04451,8,17,6,2,0,1,0,0
13.7171,50.97811,8,13,3,3,0,1,0,1
12.28627,51.33114,8,13,5,3,1,1,0,0
13.79378,51.00181,8,15,3,3,1,1,0,0
13.67445,51.06721,8,15,3,3,0,1,0,0
13.28601,51.00056,8,5,3,3,0,1,0,0
12.35949,51.21522,8,5,3,3,0,1,0,0
13.08917,50.51457,8,16,3,3,1,1,0,0
12.92881,50.73313,8,8,6,2,0,1,0,1
12.9026,50.77216,8,7,3,2,1,0,0,0
13.16525,51.19377,8,15,3,2,0,1,0,0
13.13596,50.66833,8,22,3,2,0,1,0,0
12.65107,51.38909,8,8,2,3,0,1,0,0
12.33022,51.33571,8,7,2,3,1,0,0,0
12.40144,51.32421,8,15,2,3,1,1,0,0
12.57271,50.85548,9,13,4,3,0,1,0,1
13.48689,51.16701,9,9,5,3,0,1,1,0
12.38837,51.2311,8,14,2,3,0,1,0,0
12.56235,51.42284,8,15,2,2,0,1,0,1
14.57686,51.01599,8,15,2,3,0,1,0,0
14.04656,51.20262,8,6,2,3,0,1,1,0
14.80955,51.2593,8,15,2,2,0,1,0,0
14.15738,51.17354,8,7,2,2,1,1,0,0
13.67581,51.25884,9,16,4,3,0,1,0,0
13.66209,50.84777,9,12,2,3,0,1,0,0
13.41632,51.39276,8,17,2,3,0,1,0,0
13.90117,50.92139,8,16,2,3,0,0,0,1
13.54848,51.03143,8,17,2,2,0,1,0,0
13.80679,50.86466,8,15,2,3,0,0,0,1
13.80332,50.99571,8,11,2,3,0,1,0,0
13.54804,51.06135,8,12,2,2,0,1,0,0
13.04543,51.05176,8,22,2,3,0,0,0,0
12.80869,50.57838,8,10,2,3,0,1,0,0
12.96465,50.81014,8,16,2,3,1,1,0,0
12.88448,50.80106,8,9,2,2,0,0,0,0
12.62746,51.45808,8,8,1,3,1,0,0,0
12.43405,51.45576,8,9,1,3,0,1,0,0
14.80078,50.89597,8,11,1,3,0,1,0,1
12.7042,50.61888,8,17,1,2,0,1,0,0
12.9522,50.8155,8,12,1,3,0,1,0,0
12.97715,50.75925,8,22,1,3,0,1,0,0
12.24312,50.60867,8,16,7,2,1,0,0,0
13.22292,51.36177,8,11,7,3,0,1,0,0
12.80671,51.34771,8,10,7,3,0,0,0,1
14.79499,51.00661,9,15,5,3,0,1,0,0
12.39233,51.34536,8,18,7,3,1,1,0,0
12.24724,51.31814,8,9,7,3,0,1,0,0
12.27888,51.41679,8,18,7,3,0,1,0,0
13.0294,51.5228,8,13,7,2,1,1,0,0
13.7755,51.15024,10,23,6,3,0,1,0,0
14.01688,51.07496,8,14,7,3,0,1,0,1
13.88856,50.97712,8,13,7,3,1,0,0,0
13.30077,51.05721,8,14,7,2,1,0,0,0
13.08711,50.82375,8,17,7,3,0,1,0,1
13.26442,50.63638,8,11,7,3,0,0,0,1
13.46347,50.67415,8,16,7,3,0,1,0,1
13.34182,51.04759,8,13,7,3,0,1,0,0
12.66867,50.93552,8,13,7,2,0,1,0,0
12.27671,51.3208,8,11,6,3,1,1,0,0
12.37897,51.31496,8,13,6,2,1,1,0,0
12.55881,51.42224,8,15,6,2,0,1,0,0
14.09401,51.29428,8,15,6,3,1,1,0,0
14.43979,51.17499,8,14,6,2,1,1,0,0
14.374,51.20712,8,9,6,3,0,1,0,0
13.35793,51.35474,8,12,6,2,0,1,0,0
13.83996,50.83895,9,16,7,2,0,0,0,1
13.74478,51.31911,8,11,6,3,0,0,0,0
13.75423,50.76554,8,11,6,3,1,0,0,0
13.66197,50.7756,8,7,6,2,0,1,0,0
13.3566,51.09468,8,15,6,2,0,1,0,0
13.1694,50.86266,8,9,6,3,0,1,0,1
12.33616,51.33546,8,16,5,3,1,1,0,0
12.71802,51.57703,8,12,5,2,0,0,0,1
14.06236,51.16876,8,18,5,2,0,1,0,0
14.79619,50.89944,8,10,5,2,1,1,0,0
14.13943,50.91957,8,10,5,3,1,0,0,0
13.94042,50.9517,8,15,5,3,1,1,0,0
13.5402,51.04295,8,22,5,3,1,1,0,0
13.72987,51.00672,8,13,5,2,0,1,0,0
14.53838,51.54581,8,9,6,3,0,1,0,0
13.71995,51.07617,8,7,5,3,0,1,0,0
13.05326,50.62627,8,18,5,3,0,1,0,1
12.69913,50.50533,8,13,5,3,0,1,0,0
12.84456,50.62158,8,9,5,3,0,0,0,0
12.94648,50.85261,9,17,4,2,0,1,0,1
12.95184,50.8617,8,9,5,3,0,0,0,0
12.70455,50.78259,8,23,4,3,0,1,0,0
12.67091,50.81404,8,11,4,3,0,1,0,0
12.44876,51.14097,8,4,4,3,0,1,0,0
12.40394,51.32173,8,13,4,3,1,1,0,0
12.50274,50.85824,10,16,2,3,0,1,0,0
13.16628,50.65221,9,6,5,3,0,0,0,1
12.39429,51.33678,8,12,4,2,1,1,0,0
14.7415,51.01775,8,13,4,3,0,1,0,0
14.95529,51.16297,8,15,4,3,1,1,0,0
14.18507,51.13261,8,7,4,2,0,1,0,1
13.55519,51.23621,8,14,4,3,0,0,0,1
13.4849,51.15632,8,6,4,2,0,1,0,1
13.66949,50.84403,8,6,4,3,0,1,0,0
13.73541,51.10156,8,7,4,3,0,1,0,0
13.46963,50.85508,8,15,4,3,0,1,0,1
13.03099,50.52261,8,10,4,2,1,1,0,0
12.89509,50.81988,8,7,4,2,1,1,0,0
12.95802,50.83066,10,11,1,2,1,0,0,0
14.6255,51.02605,9,9,5,1,0,1,0,0
12.2744,50.56989,8,6,3,3,0,1,0,0
12.58388,50.80624,8,17,3,2,0,1,0,0
12.25541,50.4038,8,13,3,2,0,1,0,1
12.59556,51.04873,8,19,3,3,0,1,0,0
12.7301,51.25533,8,16,3,3,0,1,0,0
13.40852,51.25565,8,3,7,3,0,1,0,0
12.21529,51.44244,8,10,3,2,0,0,0,1
12.5747,51.25077,8,21,3,2,0,1,0,0
14.6213,50.93773,8,10,3,3,1,0,0,0
14.67833,51.13099,8,16,3,3,0,1,0,1
13.93848,51.07935,8,15,3,3,0,0,0,1
14.22196,51.10312,8,18,3,3,0,1,0,0
14.13541,51.17443,8,20,3,2,0,1,0,0
13.9416,50.95769,8,16,3,3,0,1,1,0
13.6176,51.26008,8,15,3,3,0,0,0,1
13.76356,51.1206,8,10,3,3,1,0,0,0
13.72153,51.04722,8,9,3,3,1,1,0,0
12.66053,50.55133,8,17,3,3,1,1,0,0
13.17819,51.00167,8,16,3,3,0,1,0,0
12.3591,50.61784,8,17,2,2,0,1,0,1
12.01556,50.37594,8,11,2,3,0,1,0,0
12.50274,50.85824,8,15,2,2,0,1,0,0
12.49472,51.12549,8,17,2,3,0,1,0,0
14.79843,50.86231,8,14,2,3,1,1,0,0
14.67013,50.94086,8,19,2,3,0,1,0,1
14.03467,51.07799,8,22,2,3,0,1,0,0
14.0619,51.22273,8,6,2,3,0,1,0,0
13.92916,51.12357,8,15,2,3,0,1,0,0
14.82056,51.28816,8,12,2,3,1,1,0,0
14.04662,51.20214,8,11,2,1,1,1,0,0
14.27758,50.97629,8,19,2,3,0,1,0,1
13.70399,51.01801,8,15,2,3,1,1,0,0
13.66392,50.89195,8,11,2,3,0,0,0,0
13.32181,50.66302,8,6,2,3,0,1,0,0
13.33612,50.66052,8,17,2,2,0,1,0,0
13.32171,50.66931,8,15,2,2,0,0,0,1
13.74,51.14707,8,10,6,2,0,1,0,0
12.37439,50.57455,8,15,1,3,0,1,0,0
12.1248,50.49712,8,16,3,3,0,1,0,0
12.42377,50.44699,8,17,1,2,0,1,0,0
14.45902,51.10628,9,14,1,3,1,0,0,0
12.30504,50.58175,8,6,1,3,0,1,0,0
12.64705,50.82603,9,16,4,2,0,1,0,1
12.68461,50.81324,8,20,1,3,0,1,0,0
12.61265,50.6876,8,11,1,3,0,1,0,0
12.43058,51.35136,8,19,1,3,0,1,0,0
14.24033,51.37403,8,2,1,2,0,0,0,1
14.43494,51.1813,8,12,1,2,0,1,0,1
13.33966,51.24934,8,16,1,3,0,1,0,0
13.53536,51.05472,8,10,1,3,1,0,0,0
13.71237,50.96886,8,14,1,3,0,1,0,0
13.73339,51.03897,8,11,1,3,1,0,0,0
13.68968,51.06947,8,15,1,3,1,1,0,0
13.34333,51.04821,8,22,1,3,0,1,0,0
13.20088,50.7018,8,10,1,3,0,0,0,1
12.93927,51.28296,8,11,7,3,1,1,0,0
12.59446,51.12427,8,10,7,3,0,1,0,0
12.5456,51.45678,8,16,7,2,0,1,0,0
14.42514,51.17964,8,7,7,3,1,1,0,0
14.99807,51.18446,8,22,7,3,0,1,0,0
14.04917,51.08355,8,16,7,1,0,1,0,0
13.25216,51.30351,8,19,7,3,1,0,0,0
13.66434,51.23068,8,20,7,3,1,1,0,0
13.81633,50.86627,8,17,7,3,0,0,0,1
12.85447,51.05091,8,14,7,2,0,0,0,1
13.05521,50.70376,8,14,7,3,0,0,0,1
13.35612,50.91665,8,11,7,3,0,1,0,0
13.09142,51.12489,8,12,7,3,0,1,0,0
12.912,50.80662,8,10,7,3,0,0,0,0
13.2327,50.71052,9,17,5,3,0,0,0,1
13.01707,50.6413,8,15,7,2,0,0,0,1
12.36163,51.34243,8,17,6,3,1,0,0,0
12.46417,51.35062,8,20,6,3,1,0,0,0
12.32378,51.37941,8,8,6,3,0,1,1,0
12.70248,51.20604,8,17,6,2,1,0,0,0
14.82509,50.90347,8,6,6,3,1,1,0,0
14.66166,51.09889,8,11,6,3,0,1,0,1
14.01691,51.07497,8,18,6,3,0,1,0,0
14.99503,51.16428,8,19,6,3,1,0,0,0
14.32363,51.17879,8,8,6,2,1,1,0,0
13.93838,50.95332,8,21,6,3,1,0,0,0
13.34459,51.08229,9,12,2,1,0,0,0,1
13.69176,51.23457,8,19,6,2,1,0,0,0
14.13992,50.98724,8,15,6,2,0,1,0,0
12.96779,50.85497,8,16,6,3,0,1,0,0
12.73487,50.78925,8,16,5,2,0,1,0,1
12.3118,51.52441,8,7,5,3,0,1,0,0
12.57582,51.25027,8,12,5,3,0,1,0,0
12.30031,51.34053,8,15,5,3,0,1,0,0
12.39314,51.34474,8,15,5,3,1,0,1,0
12.18852,51.36784,8,12,5,3,0,1,0,0
14.86948,50.93064,8,6,5,3,0,1,0,0
14.64222,51.49722,8,8,5,3,0,1,0,0
14.02004,51.18612,8,12,5,2,0,1,0,1
14.2437,51.38766,8,13,5,3,0,1,0,1
15.00681,51.18157,8,12,5,2,0,1,0,0
13.85866,50.92103,8,6,5,3,0,1,0,1
13.98646,51.03719,8,15,5,3,0,0,1,0
13.95876,50.90049,8,17,5,2,0,0,0,1
13.75293,50.94449,8,7,5,3,0,1,1,0
13.73703,51.04286,8,15,5,3,1,0,0,0
13.77776,51.01292,8,16,6,3,1,0,0,0
13.72608,51.05706,8,6,5,3,1,0,0,0
13.72069,51.04931,8,19,5,3,0,1,0,0
12.36586,50.53928,9,7,2,2,0,1,0,0
13.40381,51.05954,8,16,5,3,0,1,0,0
12.63909,51.05018,9,15,2,2,0,1,0,0
13.9435,50.97721,8,5,5,3,1,1,0,0
12.75223,51.07897,8,15,5,3,0,0,0,1
12.63324,50.59686,8,13,5,3,0,1,0,0
12.8085,50.76135,8,13,5,3,0,1,0,0
12.70467,50.62889,8,11,5,2,0,0,0,1
12.61566,50.64883,8,13,4,2,0,0,0,1
12.43425,50.68141,8,23,4,3,1,1,0,0
12.40371,50.53236,8,20,4,2,0,1,0,0
12.85326,50.80672,10,7,3,3,0,1,0,0
12.74528,51.49915,8,11,4,2,1,1,0,0
12.39245,51.34542,8,6,4,3,1,0,0,0
12.42416,51.18993,8,10,4,2,0,1,0,1
13.87242,50.87642,8,13,4,2,0,1,0,0
13.85105,51.06164,8,21,4,2,0,1,0,1
12.99743,50.60577,8,15,4,3,0,0,0,1
12.69723,50.66081,9,15,2,2,0,1,0,0
12.92643,50.83391,8,14,4,3,1,1,0,0
12.9547,50.83138,8,16,4,3,1,1,0,0
12.9662,50.80913,8,17,4,3,0,1,0,0
12.64115,50.7256,8,10,3,3,0,1,0,0
12.41011,50.58869,8,15,3,3,0,1,0,0
12.49652,50.65177,8,14,3,2,0,0,0,0
12.195,50.43859,8,14,3,2,0,1,0,0
12.28631,51.33116,8,9,3,3,0,1,0,1
13.19308,51.27859,8,13,3,2,0,1,0,1
12.39794,51.35804,8,19,3,2,0,1,0,0
14.24138,50.95721,8,11,3,3,0,1,0,0
13.94564,50.93729,8,8,3,3,1,1,0,0
13.71005,51.05807,8,8,3,3,0,1,0,0
12.48195,50.71463,8,18,5,3,1,1,0,0
13.73829,51.06392,8,17,3,3,1,1,0,0
12.90619,50.6892,8,15,3,3,0,1,1,0
13.19767,50.97626,8,18,3,3,0,0,0,1
13.05875,50.89864,8,20,3,3,0,0,0,1
12.93271,50.65219,8,19,3,3,0,1,0,0
12.38984,51.23818,8,10,3,3,0,1,0,0
12.50177,51.15822,8,11,3,2,0,1,0,0
12.71759,50.59029,8,21,2,3,0,0,0,1
12.47241,50.7204,8,19,2,2,0,1,0,0
12.5885,51.595,8,7,2,2,1,0,0,0
12.35831,51.27752,8,16,2,3,1,1,0,0
14.71412,51.07911,8,20,2,3,0,0,0,1
12.68401,50.69561,9,12,2,3,0,1,0,0
14.79165,50.89971,8,14,2,3,0,1,0,0
14.01181,51.25083,8,18,2,3,0,1,0,1
14.33268,51.37829,8,11,2,3,0,0,0,0
13.90075,51.11352,8,6,2,2,0,1,1,0
13.37257,50.89334,9,6,5,3,0,1,0,0
12.60819,51.33794,8,7,3,3,0,1,0,0
14.54298,51.24916,8,8,2,1,0,1,0,0
13.48733,51.16584,8,15,2,3,0,1,1,0
13.82497,51.17661,9,14,5,3,1,1,0,0
13.54276,50.92875,8,10,2,3,1,0,0,0
13.6315,51.10971,8,19,3,3,0,1,0,1
13.81542,51.05407,8,21,2,3,1,1,0,0
13.72964,51.07018,8,16,2,3,1,1,0,0
13.07854,50.72363,8,12,2,2,0,1,0,0
12.39157,51.24033,8,21,4,2,0,1,0,0
13.31995,50.86028,8,14,2,3,0,1,0,0
12.93785,50.84462,8,17,2,3,0,0,1,0
12.8709,50.87609,8,10,2,3,1,1,0,0
13.72727,51.05793,9,13,5,3,0,0,0,1
12.96713,50.64553,8,14,2,3,0,1,0,1
12.49258,50.72957,8,23,1,3,1,1,0,0
12.20931,50.5049,8,9,1,2,0,0,0,0
12.75245,50.80844,8,19,1,2,0,1,0,1
14.90928,51.22363,8,16,1,3,0,1,0,1
14.81801,51.05463,8,4,1,2,0,1,1,0
14.07342,50.947,8,11,1,2,1,1,0,0
13.88963,50.97219,8,11,1,2,0,1,0,0
13.72765,51.08479,8,2,1,2,1,0,0,0
13.45668,50.67269,8,16,1,3,0,1,0,0
12.98898,51.55924,10,11,3,3,0,0,0,0
12.61763,51.58651,8,17,6,2,0,1,0,0
13.09498,50.77632,8,10,1,2,0,1,0,1
13.21254,51.15534,8,17,1,2,0,1,0,0
12.43084,50.8285,8,10,7,3,0,1,0,0
12.61974,51.14271,8,2,7,3,0,1,0,0
12.88998,51.23262,8,10,7,2,0,1,0,0
14.49754,51.27111,8,11,7,3,0,1,0,0
13.93082,50.9622,8,9,7,3,0,1,0,0
13.58857,51.13799,8,8,7,2,1,0,0,0
13.76042,51.08209,8,18,7,3,0,1,0,0
13.02302,50.99738,8,21,7,2,1,0,0,0
13.18312,50.73477,8,13,7,3,0,0,0,1
12.84592,50.83807,8,10,7,3,0,1,0,0
12.78941,50.8314,8,17,7,2,0,1,0,0
12.84555,50.84959,8,18,7,2,0,0,0,0
12.48391,50.71552,8,14,6,3,0,1,1,0
12.54391,50.58562,8,16,6,3,1,0,0,0
12.64136,50.7587,8,12,6,3,0,1,0,0
12.47567,50.82737,8,6,6,3,0,1,0,0
12.73026,51.25721,8,14,6,3,0,1,0,0
12.3887,51.39958,8,1,6,1,0,0,0,0
14.89398,51.05973,8,4,6,3,0,0,0,1
13.99905,51.17811,8,13,6,3,1,0,0,0
14.20701,51.45622,8,8,6,3,0,1,0,1
14.99529,51.14498,8,7,6,3,1,0,0,0
14.36608,51.27814,8,14,6,2,0,1,0,1
14.4068,51.15925,8,12,6,3,0,1,0,0
13.49744,51.16693,8,7,2,3,0,1,0,0
14.75096,51.20433,8,16,6,2,0,1,0,0
13.73066,51.03029,8,16,6,3,0,1,0,0
13.73442,51.06551,8,8,6,3,0,1,0,0
13.40794,51.06021,8,17,6,3,0,1,0,0
12.72059,50.91816,8,16,6,3,0,1,0,0
13.64383,51.08562,8,13,2,3,1,0,0,0
13.035,50.89866,8,11,6,2,1,1,0,0
12.05811,50.54368,8,22,5,2,0,1,0,0
12.40395,51.32173,8,12,5,3,1,1,0,0
12.3301,51.54074,8,17,5,2,0,1,0,0
14.48434,51.33213,8,17,5,3,1,0,0,0
13.63144,51.00458,8,18,5,3,1,0,0,0
13.74696,51.06372,8,21,5,3,1,0,0,0
12.75404,50.72438,8,10,5,3,0,1,0,0
12.02778,50.4587,8,19,4,3,0,1,0,0
13.12678,51.47935,8,15,4,3,1,0,0,0
12.96657,51.55615,8,12,4,3,0,1,0,0
12.55448,51.05443,8,18,4,2,1,0,0,0
13.04005,51.23406,8,13,4,2,0,1,0,1
14.59884,51.0096,8,16,4,3,0,1,0,0
14.8143,50.89767,8,16,4,2,0,1,0,1
14.03665,51.1017,8,12,4,3,0,0,0,1
13.93327,51.06808,8,15,4,3,0,1,0,0
14.10568,51.27464,8,10,4,3,0,1,0,0
14.28514,51.09705,8,11,4,3,0,1,0,0
13.42529,51.40006,8,3,4,2,0,1,0,0
13.8444,50.98143,8,7,4,2,0,1,0,0
14.01245,50.92053,8,22,4,3,0,1,0,0
13.93076,50.96193,8,17,4,3,1,0,0,0
13.67424,51.1038,8,8,4,3,1,1,0,0
13.82018,51.06409,8,8,4,3,0,1,0,0
13.73851,51.04424,8,9,4,2,0,1,1,0
13.05069,50.84281,8,15,4,2,0,1,0,1
13.14149,50.54887,8,16,4,3,0,1,0,0
12.8826,50.85355,8,11,4,3,1,1,0,0
12.42245,50.81985,8,12,3,3,0,1,0,0
12.99831,51.27544,8,17,3,3,0,1,0,0
12.72499,51.23795,8,10,3,3,0,1,0,0
14.65709,51.08053,8,15,3,2,0,1,0,0
14.16416,51.24453,8,5,3,3,0,1,0,0
12.92898,50.82634,9,10,5,3,0,1,0,0
13.93016,51.12391,8,13,3,3,0,1,0,1
14.1432,51.40737,8,15,3,3,0,1,0,1
14.98488,51.1567,8,8,3,3,1,1,0,0
13.39174,51.13026,8,8,3,3,0,1,0,0
13.47126,51.00737,8,18,3,3,0,1,0,0
13.62138,51.08916,8,19,3,3,0,0,1,1
13.5673,51.16205,8,11,3,2,0,1,0,1
13.66242,51.04943,8,18,3,3,0,1,0,0
13.67817,51.04934,8,9,3,3,1,1,0,0
13.76158,51.02253,8,12,3,3,1,1,0,0
14.16048,51.03718,8,14,3,2,0,1,0,0
12.81307,50.91785,8,11,3,3,0,1,1,0
13.10414,50.73782,8,19,3,3,0,1,0,0
13.41766,50.95239,8,13,3,2,0,1,0,0
13.00764,50.59262,8,13,3,3,0,1,0,1
12.46474,50.44472,8,5,2,3,0,1,0,0
12.9983,51.36399,8,15,2,2,0,1,0,1
12.61579,51.56034,8,13,2,2,0,1,0,0
13.92078,51.11892,8,8,2,3,0,1,0,0
14.88561,51.07099,8,16,2,3,0,0,0,1
14.24716,51.14433,8,10,2,3,1,0,0,0
14.52894,51.20513,8,16,2,3,0,1,0,1
13.21288,51.25607,8,11,2,3,0,0,0,1
14.20359,51.25641,9,10,3,3,0,1,0,0
13.54098,51.17365,8,10,2,3,0,1,0,1
13.76869,51.24503,8,15,2,3,0,1,0,0
13.71859,51.07671,8,14,2,3,0,1,0,0
13.73858,51.20195,8,9,2,3,0,1,0,0
12.50119,50.68441,10,20,5,2,0,1,0,0
13.27211,50.99172,8,11,2,3,0,0,0,1
12.25146,50.30033,8,8,1,2,0,1,0,0
12.80072,51.38511,8,13,1,3,0,1,0,1
12.59493,51.3058,8,17,1,2,0,1,0,0
12.37181,51.34447,8,11,1,3,0,0,1,0
14.82593,51.3155,8,21,1,3,0,1,0,0
14.63092,50.97914,8,10,1,2,0,1,0,1
13.29771,51.30514,8,17,1,3,0,1,0,0
13.76658,51.02072,8,18,1,3,0,1,0,0
13.00953,50.87293,8,15,1,3,1,1,0,0
13.35649,50.76696,8,16,1,2,1,1,0,0
13.341,51.01957,8,9,1,3,0,1,0,0
13.23048,51.00604,8,15,1,2,0,1,0,0
13.22798,51.00486,8,15,1,3,0,1,0,0
13.22742,51.00463,8,15,1,3,0,1,0,0
13.71873,51.09728,8,8,5,2,1,1,0,0
13.23193,51.00683,8,15,1,2,0,1,0,0
12.66815,51.23379,8,13,7,2,0,0,0,1
12.89262,51.26935,8,18,7,3,0,0,0,1
12.38007,51.34428,8,2,7,3,0,0,1,0
12.3615,51.3424,8,20,7,3,1,0,0,0
12.26992,51.3174,8,13,7,3,0,1,0,0
12.24389,51.40395,8,6,7,3,0,1,0,0
14.56548,51.19252,8,14,7,3,0,1,0,1
12.80436,51.13008,8,15,6,3,0,0,1,1
13.9241,50.95756,8,12,7,3,1,1,0,0
12.23191,50.57827,8,12,7,3,0,1,0,0
13.27399,51.08452,8,15,7,3,0,1,0,0
13.85654,50.78677,8,3,7,3,0,1,0,0
12.93974,51.16772,8,16,7,3,0,1,0,0
13.30351,50.59881,8,11,7,3,1,0,0,0
13.46536,50.67388,8,14,7,3,0,1,0,0
13.72648,51.04423,9,6,5,2,1,0,1,0
12.7407,50.58706,8,20,7,3,0,1,0,0
12.93639,50.82209,8,15,7,3,0,1,0,0
13.69983,51.04368,8,6,4,3,1,1,0,0
12.83761,50.87126,8,23,7,2,1,0,0,0
14.61877,51.00378,9,15,5,3,0,1,0,0
12.76641,51.00368,8,4,7,2,0,0,0,1
13.00669,50.89745,8,15,7,2,0,1,0,1
12.42671,50.69285,8,11,6,3,0,0,0,1
12.1282,50.49141,8,15,6,3,0,1,0,0
13.83002,51.18505,8,20,7,3,1,0,0,0
12.44774,51.46644,8,18,6,3,1,0,0,0
12.34459,51.2128,8,14,6,3,0,0,0,1
12.37253,51.34445,8,17,6,3,0,0,1,0
12.34177,51.41412,8,11,6,3,0,1,0,0
14.48015,51.18739,8,18,6,3,0,1,0,0
12.30027,51.38626,9,10,5,3,0,1,0,0
14.47884,51.23333,8,9,6,1,0,1,0,0
14.19419,51.07512,8,16,6,3,0,0,0,1
13.86936,50.79072,8,13,6,3,0,1,0,0
13.66349,50.91612,8,7,6,3,0,1,0,0
12.77581,50.76646,8,6,6,2,0,1,0,0
13.08692,50.82383,8,14,6,3,0,0,0,1
13.29138,50.90213,8,20,6,3,0,1,0,0
12.92561,50.78557,8,8,6,3,0,1,0,0
12.92647,50.83376,8,11,6,3,0,1,0,0
12.46269,51.26235,9,7,4,2,0,1,0,1
12.95854,50.89943,8,0,6,3,0,1,0,0
13.71941,51.04025,9,16,3,3,1,1,0,0
13.28077,51.03357,8,7,6,3,0,0,0,0
12.71796,50.90804,8,5,6,2,0,1,0,0
12.90618,50.87346,8,5,6,3,0,1,0,0
12.69029,50.95753,8,6,6,3,0,1,0,0
12.47917,50.6833,8,13,5,3,0,0,0,1
11.99667,50.58145,8,11,5,3,1,0,0,0
12.54279,50.84363,8,7,5,3,1,0,0,0
12.28941,50.6261,8,12,5,2,0,1,0,1
12.52883,50.56734,8,10,5,2,0,1,0,0
12.22948,51.30874,8,10,5,3,0,1,1,0
13.83911,51.16622,8,7,5,3,1,1,0,0
13.92056,50.98909,8,15,5,2,0,1,0,1
13.6927,51.11956,8,10,5,2,1,0,0,0
14.15568,51.33856,8,16,1,2,0,1,0,1
13.76132,51.08341,8,15,5,3,1,1,0,0
13.6104,51.03756,8,13,5,3,0,1,0,0
13.11494,50.67804,8,7,5,3,0,1,0,0
12.9061,50.82638,8,8,5,3,0,1,0,0
12.9072,50.87426,8,16,5,3,0,1,0,1
12.73635,50.88287,7,11,4,2,0,0,0,1
12.78404,50.8541,7,17,4,2,0,1,0,1
12.4707,51.13112,7,16,4,3,1,0,0,0
12.51412,51.39058,7,7,4,3,0,1,0,0
14.73003,50.87621,7,6,4,2,1,0,0,0
14.79996,50.89544,7,16,4,3,1,1,0,0
14.65924,51.19699,7,15,4,3,0,1,0,1
13.46702,51.00673,9,15,1,3,0,1,0,0
13.3045,51.1927,7,9,4,3,1,1,0,0
13.45373,50.99649,7,7,4,3,0,1,0,1
13.74685,51.06375,7,19,4,3,0,1,0,0
13.81707,51.05624,7,8,4,3,1,1,0,0
12.2098,51.3489,8,16,4,3,0,1,0,0
13.75297,51.07389,7,3,4,2,1,0,0,0
12.95446,50.74158,7,20,4,3,0,0,0,1
12.97685,51.56064,7,18,3,3,1,1,0,0
12.46778,51.25893,7,6,3,3,1,1,0,0
12.39173,51.35204,7,9,3,3,0,1,0,1
14.2666,51.45365,9,7,6,3,0,1,0,0
12.43096,51.28114,7,20,3,2,1,1,0,0
12.60019,50.83206,9,8,3,2,0,1,0,0
12.40183,51.35136,7,8,3,2,1,1,0,0
14.58229,51.0091,7,10,3,3,0,0,0,1
14.53035,51.03931,7,15,3,2,0,1,0,0
14.00552,51.20123,7,16,3,3,1,0,0,0
14.19503,51.29854,7,5,3,3,0,1,0,0
14.97047,51.15078,7,17,3,3,1,0,0,0
13.45112,51.06048,8,18,3,2,0,1,0,0
14.41739,51.17941,7,19,3,3,1,1,0,0
14.02956,51.12279,7,16,3,3,0,1,0,1
14.42757,51.16504,7,8,3,3,0,1,0,0
14.1396,51.27763,7,14,3,1,0,0,0,1
13.85947,51.16999,8,7,5,3,1,0,0,0
14.21933,50.95579,7,19,3,3,1,0,0,0
13.22446,51.34991,7,19,3,3,1,1,0,0
13.70745,51.08443,7,17,3,2,1,0,0,0
13.8202,51.04991,7,11,3,3,1,1,0,0
13.74348,51.04762,7,15,3,3,1,1,0,0
13.85487,51.06188,7,14,3,3,0,1,0,1
14.02269,50.98806,7,16,3,2,0,0,1,0
13.25682,50.74213,7,11,3,2,0,0,0,0
12.91771,50.63109,7,16,3,2,0,0,0,1
13.06925,50.95485,7,15,3,3,0,1,0,0
12.69493,51.65611,7,3,2,3,0,1,0,0
13.32889,51.06633,8,15,4,2,0,1,0,0
12.34625,51.52847,7,9,2,3,1,1,0,0
12.18956,51.36293,7,5,2,3,0,1,0,0
12.28588,51.4228,7,11,2,3,0,1,0,0
12.9231,50.83151,8,16,4,3,0,1,0,0
14.01973,51.18241,7,8,2,3,0,0,0,0
14.71728,51.21345,7,16,2,3,0,1,0,0
13.93075,50.96199,7,10,2,3,0,1,0,0
12.19762,51.28994,8,12,5,3,0,1,0,0
13.67399,51.10383,7,6,2,3,0,1,0,0
13.56704,50.87868,7,14,2,3,0,1,0,0
13.73179,51.02527,7,7,2,3,1,1,0,0
12.74303,50.73406,7,17,2,3,1,1,0,0
13.01071,50.8945,7,16,2,3,1,1,0,0
13.18428,50.86662,7,13,2,2,0,0,0,1
12.89819,50.84804,7,15,2,3,0,1,0,0
13.03342,50.75341,7,18,2,3,0,1,0,0
12.37153,50.73765,7,14,1,2,0,1,0,0
12.98283,51.55999,7,15,1,3,0,0,0,1
13.68221,51.14056,8,13,1,3,0,1,0,1
14.67121,51.08781,7,12,1,3,0,1,0,1
14.62527,51.5069,7,16,1,3,0,0,1,0
14.23246,51.44576,7,12,1,3,1,0,0,0
12.45284,51.27442,9,22,4,3,0,1,0,0
12.85174,50.7034,8,8,3,3,0,1,0,1
14.4822,51.05632,7,12,1,3,0,1,0,1
14.04723,50.92643,7,13,1,3,1,0,0,0
12.90807,50.83303,7,21,1,3,0,1,0,0
12.94162,50.81994,7,17,1,3,1,1,0,0
12.9727,51.56144,7,9,7,3,0,1,0,0
12.6025,51.52497,7,14,7,3,0,0,0,1
12.93639,50.82209,9,9,5,3,1,1,0,0
12.74486,51.36983,7,9,7,3,0,1,0,1
12.56555,51.42291,7,11,7,2,0,1,0,0
12.52105,51.03628,7,14,7,2,0,1,0,1
14.35926,51.37435,7,20,7,2,1,0,0,0
14.40944,51.19637,7,14,7,3,0,1,0,0
13.81371,50.78586,9,17,6,3,0,1,0,1
13.77233,50.83249,7,18,7,2,0,0,0,1
13.47238,51.15979,7,14,7,3,0,1,1,0
12.30174,51.34267,10,0,6,3,0,1,0,0
13.69151,51.08553,7,17,7,2,0,0,0,1
13.48059,50.9456,7,11,7,1,0,0,0,1
12.81949,50.62907,7,15,7,3,0,1,0,0
12.83181,50.91808,7,22,7,3,0,1,0,0
14.3874,51.05399,9,15,2,3,0,1,0,0
13.315,50.9344,7,17,1,3,0,1,0,1
12.39139,50.80199,7,16,6,3,0,0,0,1
12.57592,50.84382,7,22,6,2,0,1,0,0
12.64031,51.46165,7,14,6,3,0,1,0,0
14.93468,51.2076,9,17,7,3,0,1,0,0
12.76527,51.15534,7,14,6,3,0,1,0,0
12.43351,51.35519,7,18,6,3,1,1,0,0
12.61241,51.29971,7,15,6,3,0,1,0,0
12.57355,51.27581,7,16,6,3,0,1,0,0
14.65509,51.08003,7,13,6,2,0,1,0,0
14.81237,50.906,7,16,6,3,1,1,0,0
14.47167,51.17331,7,9,6,2,0,0,0,1
13.72816,51.04335,9,6,3,3,1,0,0,0
13.81814,51.27677,7,9,6,2,0,1,0,0
14.42446,51.23937,7,10,6,2,0,1,0,0
13.46965,51.09595,7,18,6,3,1,0,0,0
13.68003,51.30475,7,6,6,3,0,1,0,0
13.73905,51.07398,7,18,6,3,0,1,1,0
13.68274,51.03658,7,21,6,3,1,0,0,0
14.77089,51.20347,10,17,3,2,0,1,0,0
13.74768,51.12561,7,10,6,3,0,1,0,0
13.18061,51.12498,7,14,6,2,1,0,0,0
12.5575,50.72619,7,13,5,2,1,1,0,0
13.78817,51.00572,10,14,1,3,1,1,0,0
12.20173,50.38137,7,10,5,2,0,1,0,0
12.79221,51.13108,7,16,5,2,0,1,1,1
12.39462,51.35484,7,14,5,3,1,0,0,0
14.53058,51.40255,7,1,5,3,1,0,0,0
14.80911,51.29463,7,10,5,2,0,1,0,0
14.97385,51.15981,7,12,5,3,0,1,0,0
13.94468,50.95669,7,16,5,3,0,1,0,0
13.76658,51.09409,7,8,5,3,0,1,0,0
13.4089,51.06034,7,16,5,3,0,1,0,0
12.96013,50.41534,8,14,4,3,0,1,0,0
13.63069,51.1081,8,13,6,3,0,1,0,0
13.84095,51.12946,7,16,5,2,0,1,1,0
12.8804,50.71489,7,10,5,3,0,1,0,0
13.14636,51.12097,7,10,5,3,0,1,0,0
12.93545,50.71771,7,10,5,2,0,1,0,0
12.88202,50.93677,7,15,5,2,0,1,0,1
12.33084,50.75015,7,22,4,3,0,1,0,0
12.59889,51.30373,9,15,2,3,0,1,0,0
12.6296,50.7899,7,13,4,3,0,1,0,0
12.53288,50.8524,7,11,4,3,0,1,0,0
12.39871,50.5033,7,17,4,3,1,0,0,0
12.58194,51.04851,7,9,4,3,0,1,0,0
13.72793,51.11325,7,17,2,3,1,1,0,0
12.38367,51.34387,7,17,4,3,1,0,0,0
12.19431,51.42124,7,22,4,3,0,0,0,0
14.1104,51.28476,7,7,4,3,0,1,0,0
14.42849,51.16325,7,16,4,3,1,0,0,0
13.85639,50.78675,7,18,4,3,0,1,0,1
14.17406,51.4174,9,8,7,3,0,1,0,0
14.94764,51.13494,8,6,3,3,0,1,0,0
13.77106,50.85226,7,7,4,3,1,0,0,0
13.70502,51.03675,7,12,4,3,1,1,0,0
12.83746,50.76262,7,20,4,3,0,1,0,1
13.14279,50.98384,7,19,4,2,0,0,0,1
13.19797,50.83974,7,14,4,3,0,0,0,1
12.90627,50.83959,7,14,4,2,1,1,0,0
12.50138,50.72207,7,13,4,3,0,1,0,0
12.54365,51.31181,7,19,3,3,0,1,0,0
13.73148,51.2946,7,6,3,2,0,1,0,0
13.48881,51.37575,8,9,3,2,1,0,0,0
13.67742,50.79782,7,20,3,3,0,1,0,0
13.74371,51.05741,7,12,3,3,1,0,1,0
12.37697,51.3445,10,6,3,2,1,1,0,0
13.84658,50.98147,7,14,3,3,0,1,0,0
13.70886,51.08435,7,19,3,3,1,1,0,0
13.72225,51.05413,9,18,4,3,0,1,0,0
13.08326,50.99197,7,18,3,3,0,1,0,0
14.94839,51.14828,8,14,6,3,0,1,0,0
12.90918,50.53976,7,11,3,3,0,1,0,0
12.86869,50.61966,7,8,3,2,1,0,0,0
12.67811,51.36082,10,7,4,3,0,1,0,0
12.90707,50.87386,7,15,3,3,0,1,0,0
13.54374,50.78479,7,12,3,2,0,1,0,0
14.79276,50.89871,10,23,6,2,0,1,0,0
12.53008,50.82731,7,12,2,3,0,0,0,1
12.49727,51.49648,7,7,2,3,1,0,0,0
12.66975,51.35967,7,16,2,3,0,1,0,0
12.35662,51.47663,7,18,2,2,0,1,0,1
14.81124,50.87744,7,16,2,2,1,0,0,0
13.69624,51.11792,7,16,2,3,0,1,0,0
14.42378,51.1225,8,15,3,3,0,0,0,1
13.58044,51.12712,7,17,2,3,0,1,0,0
13.81141,50.8937,7,14,2,3,0,0,0,1
13.40506,51.05993,7,8,2,2,0,1,0,0
13.6371,50.98661,7,16,2,2,0,1,0,1
13.62084,51.02373,7,14,2,1,1,0,0,0
12.48876,50.69606,9,17,6,3,0,1,0,0
12.9265,50.83378,7,9,2,3,0,1,0,0
13.09994,50.985,7,15,2,3,0,1,0,0
12.40806,50.7957,7,17,1,2,0,1,0,1
12.15852,50.56362,7,17,1,3,0,1,0,1
13.35708,51.35258,7,10,1,3,0,0,0,1
13.08203,50.9928,8,7,4,2,0,1,0,0
13.93747,50.95791,7,13,1,2,1,1,0,0
13.27612,51.12007,7,1,1,3,1,1,0,0
13.62616,50.98198,7,11,1,3,1,0,0,0
12.73684,50.67389,7,15,1,3,0,0,0,1
12.93687,50.62584,9,18,4,2,0,1,0,1
13.22158,51.16095,7,21,1,3,0,1,0,0
12.4642,51.26237,8,14,6,3,0,1,0,0
13.00279,50.63838,7,14,1,3,0,1,0,0
12.80533,50.75703,7,18,1,3,0,1,0,0
12.35906,50.46899,7,16,7,3,0,0,0,1
14.13248,51.22393,7,13,7,3,0,1,0,1
14.95889,51.17018,7,20,7,3,0,1,0,0
14.31999,51.28883,9,12,3,2,1,1,0,0
14.81793,51.21486,7,1,7,3,0,0,0,0
13.85419,51.17181,7,8,7,3,0,0,0,0
14.80083,50.89787,7,17,3,3,0,1,0,0
13.86043,51.01581,7,13,7,3,1,0,0,0
13.46322,51.06004,9,23,1,3,0,0,0,0
13.98288,50.92823,7,15,7,2,0,1,0,0
14.27947,51.09691,9,15,7,3,0,1,0,1
12.83407,50.74299,7,22,7,2,0,0,0,1
14.58792,50.9915,9,21,1,3,1,0,0,0
12.82004,50.88981,7,10,7,2,1,1,0,0
12.714,50.79985,7,20,6,3,0,1,0,1
12.45304,50.82445,7,21,6,2,0,1,1,0
12.38352,51.34346,7,13,6,3,0,1,0,0
12.27261,51.27689,7,15,6,3,0,1,0,0
12.2083,51.3235,7,11,6,3,0,1,0,0
12.24731,51.31816,7,13,6,3,0,1,0,0
14.33097,51.5032,8,21,3,3,0,0,0,1
12.19713,51.52435,7,23,6,3,0,1,0,0
12.43899,51.27903,7,21,6,2,0,1,0,0
12.73742,51.2857,7,23,6,2,0,1,0,0
14.79817,50.93093,7,6,6,3,0,1,0,0
13.71226,51.10087,9,6,4,3,0,1,0,1
14.64101,51.05502,7,9,6,3,0,1,0,0
14.13879,51.00641,7,19,6,2,1,1,0,0
13.87127,50.97058,7,15,6,3,0,0,0,1
13.50508,51.15817,7,14,6,3,0,1,0,1
13.3598,51.09072,7,15,6,3,0,1,0,0
13.70139,51.04376,7,19,6,3,1,0,0,0
14.02421,50.98838,7,23,6,3,0,1,0,0
13.37828,50.69589,8,18,3,2,0,1,1,0
12.71626,50.59112,7,14,6,3,1,0,0,0
12.83406,50.58287,7,17,6,3,0,0,0,1
12.97609,50.95908,7,8,6,2,0,1,0,1
12.92948,50.50474,7,14,6,2,0,1,0,0
12.03382,50.45579,7,9,5,2,0,1,1,0
12.39507,51.3391,7,8,3,3,0,1,0,0
12.34285,50.47267,7,17,5,3,0,1,0,0
13.33584,51.04454,9,10,2,3,0,1,0,0
12.14322,50.50393,8,15,7,3,0,1,0,0
12.33701,51.54694,7,16,5,3,0,1,0,0
12.61567,51.35963,7,9,5,3,0,1,0,0
14.84084,50.97577,7,18,5,3,0,0,0,1
14.18756,50.96756,7,12,6,3,1,0,0,0
14.13338,51.25561,7,5,5,2,0,1,0,0
14.23432,51.44574,7,13,5,3,0,1,0,0
14.25852,51.44684,7,7,5,3,0,1,0,0
13.97612,50.94959,7,6,5,2,0,0,0,1
13.55042,51.1751,8,16,4,3,0,1,0,0
14.02845,51.01828,8,16,3,3,0,1,0,0
13.26153,51.08739,7,13,5,2,0,1,0,0
13.73867,51.04436,7,14,5,3,0,1,0,0
12.72704,51.25731,8,6,1,2,0,1,0,0
12.80219,50.68396,7,8,5,3,0,1,0,0
13.01031,50.86451,7,14,5,3,0,0,0,1
13.13121,51.123,7,15,5,3,1,1,0,0
12.82995,50.53131,7,19,5,2,0,1,0,0
13.35054,51.23325,9,6,6,2,0,1,0,0
12.14031,50.50534,7,10,4,2,1,1,0,0
12.45443,51.59217,7,14,4,3,0,1,0,1
12.4434,51.54932,7,18,4,3,0,0,0,1
12.4428,51.46229,7,16,4,2,0,1,0,0
12.51693,51.29236,7,14,4,3,0,1,0,0
13.56319,51.1604,8,22,7,3,1,0,0,0
12.5045,51.12824,7,20,4,3,0,1,0,1
12.46083,51.36722,7,5,4,3,1,1,0,0
12.56485,51.31002,7,4,4,3,0,0,0,0
12.98994,51.55912,7,14,4,3,0,1,0,0
12.37855,51.34464,9,15,3,3,0,1,0,0
13.36591,50.91268,8,8,2,3,0,1,0,1
12.2109,51.31785,7,11,4,3,0,1,0,0
14.80169,50.89443,7,14,4,2,0,1,0,0
14.14121,51.16998,7,16,4,3,0,0,0,0
14.40565,51.15847,7,12,4,3,1,1,0,0
14.27837,51.09739,9,16,1,3,0,1,0,1
14.12845,50.9782,7,20,4,3,0,0,0,1
12.73143,50.72209,7,13,4,3,0,1,0,1
12.91548,50.51744,7,15,4,3,0,0,0,0
12.72543,50.6151,9,12,6,3,0,0,0,1
12.39773,50.73367,7,12,5,3,0,1,1,0
12.81911,50.83322,7,15,4,2,1,0,0,0
13.23884,50.89267,8,13,5,3,1,0,0,0
12.79325,50.7465,7,12,4,3,0,1,0,0
12.28001,51.17352,9,7,3,3,0,1,0,0
12.73539,50.6225,7,17,4,2,0,1,0,0
13.42691,50.96838,7,16,4,2,0,1,0,0
12.59689,50.87154,7,17,3,2,0,1,0,1
12.6625,51.01862,7,14,3,3,0,1,0,0
14.65638,51.28332,7,17,3,3,0,1,0,0
14.02902,51.01833,7,8,3,3,0,1,0,0
13.73467,51.28813,7,7,3,2,0,1,0,0
12.11137,50.36654,9,12,3,2,0,1,0,0
13.72686,51.24405,7,17,3,2,0,1,0,0
13.67206,50.87415,7,22,3,2,0,0,0,1
13.44777,51.41202,7,12,3,2,0,1,0,1
13.12043,50.96766,7,16,3,3,0,1,0,1
12.96814,50.64483,7,19,3,2,0,1,0,1
12.16845,50.41483,7,12,2,3,0,1,0,1
12.41476,50.60276,7,15,2,3,0,1,0,0
12.6664,50.81498,7,9,2,3,0,1,0,0
12.42561,51.55852,7,18,2,3,1,1,0,0
12.59599,51.1919,7,16,2,3,0,1,0,0
14.22793,51.4245,10,14,7,3,0,1,0,1
12.39004,51.09865,7,11,2,3,0,1,0,0
12.64506,51.20079,7,13,2,2,0,0,0,1
12.27359,51.39705,7,16,2,3,0,1,0,0
12.37412,51.39362,7,16,3,3,1,0,1,0
12.58937,51.27475,7,11,2,2,1,1,0,0
13.98169,51.24583,7,16,2,3,0,0,0,1
13.90115,51.11358,7,8,2,3,0,1,0,0
14.39728,51.07389,7,7,2,3,0,1,0,1
13.74212,51.06467,7,20,2,3,1,0,0,0
13.93558,51.04635,7,16,2,2,0,1,0,0
13.7475,51.05162,7,10,2,3,1,1,0,0
14.43122,51.07686,7,10,6,3,0,1,0,0
13.50748,50.92849,7,22,2,2,0,1,1,0
14.72616,51.53747,8,14,6,3,1,1,0,0
13.14974,51.14882,7,12,2,3,0,1,0,0
13.02455,50.49092,7,17,2,3,0,0,0,1
12.2307,50.35016,7,13,1,2,0,0,0,1
12.34184,50.64754,7,13,1,2,1,1,0,0
14.45661,51.26748,7,14,1,3,1,0,0,0
14.42776,51.18054,7,14,1,3,0,1,0,0
13.8349,51.05867,7,11,1,2,1,0,0,0
14.60813,51.42373,8,4,6,3,0,1,0,0
13.82236,51.06353,7,13,1,3,1,1,0,0
13.87778,51.10868,7,17,1,2,0,1,0,0
12.70833,50.71317,7,14,1,3,1,1,0,0
13.76889,51.09949,9,11,2,3,0,1,0,0
12.77869,50.72777,7,16,1,3,0,1,0,0
12.74954,50.70447,7,11,1,3,0,1,0,0
12.95071,50.8568,7,17,1,3,0,1,0,0
13.64259,50.7364,7,13,1,2,0,1,0,1
12.64916,50.63333,7,8,1,2,0,1,0,1
12.36557,50.70932,7,8,7,3,0,1,0,0
12.39873,50.62456,7,18,7,2,0,1,0,1
12.48672,51.26775,7,14,7,3,1,0,0,0
12.27651,51.32082,7,17,7,3,0,0,0,0
12.48084,51.35218,7,16,7,3,0,1,0,0
12.21394,51.39462,7,5,7,3,0,1,0,0
12.89777,51.22872,7,2,7,3,0,1,0,0
12.29766,50.27074,9,14,2,3,0,0,0,0
12.34275,51.37383,7,16,7,2,0,0,0,1
14.86485,51.02906,7,8,7,3,0,1,0,0
14.01543,51.18324,7,23,7,2,1,0,0,0
14.01647,51.18403,7,6,7,3,0,1,0,0
13.94126,50.9498,7,8,7,3,0,1,0,0
13.87459,51.01353,7,17,7,2,1,0,0,0
13.77283,51.10775,7,20,7,2,0,0,1,0
13.81079,50.8673,7,18,5,3,0,0,0,1
13.13481,50.54558,7,17,7,2,0,0,0,1
13.542,51.17381,8,13,2,3,1,1,0,0
13.68494,51.10418,7,11,6,3,1,1,0,0
12.94953,50.67366,7,9,7,3,0,1,0,0
13.05257,51.15962,7,11,7,2,0,1,0,1
12.18219,50.40625,7,16,6,3,0,1,0,0
14.53921,51.40514,9,12,3,3,1,0,0,0
12.56749,50.85378,7,7,6,3,0,1,0,0
12.67884,50.84367,7,13,6,3,0,1,0,0
13.06751,51.57066,7,10,6,3,0,1,0,0
13.79992,50.99845,8,11,2,3,0,1,0,0
12.87833,51.52498,7,14,6,3,0,1,0,0
12.80744,51.22776,7,10,6,2,0,1,0,0
13.97014,50.87946,10,8,3,3,0,0,0,0
13.717,51.07739,8,0,5,3,1,0,0,0
14.23603,51.22054,7,15,6,3,0,1,0,0
14.94904,51.15568,7,12,6,3,0,1,0,0
14.21581,51.19746,7,19,6,3,0,1,0,0
13.53976,51.31693,7,16,6,3,1,0,0,0
13.34165,51.05866,7,18,6,3,0,1,0,0
12.9139,51.17575,7,15,6,3,0,1,0,0
13.12515,51.12593,7,15,6,3,0,1,0,1
12.47659,50.72039,9,17,2,3,0,1,0,0
13.07683,50.52204,7,12,6,2,1,0,0,0
13.19892,51.00121,7,9,6,3,0,0,0,0
12.78464,50.8536,7,15,5,3,0,1,0,1
12.62807,50.75519,7,12,5,3,0,1,0,0
12.98833,51.55934,7,10,5,3,0,1,0,0
13.08266,51.20773,7,1,5,3,0,1,0,0
14.42583,51.08663,8,15,6,3,1,1,0,0
12.4889,51.26825,7,18,5,3,0,1,0,0
12.5199,51.34913,7,15,5,3,0,1,0,0
12.69971,50.6739,8,18,4,2,0,1,0,1
12.43217,51.45476,7,11,5,2,0,1,0,0
12.42726,51.47615,7,7,5,2,0,1,0,0
14.88886,51.24421,7,17,5,3,1,1,0,0
14.24318,51.10886,7,16,5,3,1,1,0,0
14.4819,51.20248,7,22,5,3,0,0,0,0
13.88491,51.06095,7,16,5,3,0,1,0,0
13.58665,51.03637,7,15,5,3,0,0,0,1
13.756,51.1179,7,19,5,3,1,1,0,0
13.7294,51.07038,7,15,5,3,0,1,0,0
13.68161,51.07584,7,8,5,2,0,1,0,0
13.6035,51.03712,7,10,5,3,0,1,0,0
13.11691,50.99267,7,14,5,3,0,1,0,0
13.12548,51.125,7,7,5,2,1,1,0,0
12.6968,50.72918,7,22,1,3,1,0,0,0
12.90639,50.83869,7,6,5,3,0,1,0,0
13.05849,50.66939,7,11,5,2,0,1,0,0
12.60657,50.55786,7,12,5,2,0,1,0,0
12.3392,50.64246,7,11,4,2,0,1,0,0
12.47825,51.10006,7,17,4,2,0,1,0,0
12.96715,51.55693,7,11,4,2,0,1,1,0
14.61371,50.98619,7,14,4,3,0,0,0,1
14.33427,51.06081,7,12,4,3,0,1,0,0
14.44352,51.18023,7,10,4,3,0,0,0,0
12.43772,50.50162,9,18,6,3,0,0,0,1
14.76495,50.90809,7,9,4,1,0,1,0,1
13.8768,50.8298,7,18,4,2,0,0,0,1
13.88701,50.83095,7,7,4,3,0,1,0,0
13.8408,50.98246,7,9,4,3,0,1,0,0
14.59465,51.53917,7,20,7,3,0,1,0,0
13.74684,51.05158,7,17,4,3,0,1,0,0
13.73078,51.05838,7,6,4,3,1,0,0,0
12.94051,50.84612,7,5,4,3,0,1,0,0
12.98605,50.79294,7,6,4,3,1,1,0,0
12.9854,50.63394,7,22,4,2,0,1,0,0
12.03412,50.47549,8,20,1,3,0,1,0,0
12.47775,50.57625,7,19,3,3,0,0,0,1
12.30105,50.26367,7,11,3,3,0,0,0,0
12.35036,50.32655,7,12,3,2,0,1,0,0
12.51673,50.83572,7,12,3,3,0,1,0,0
13.72425,51.1479,8,14,2,2,0,0,0,1
12.59833,51.30199,7,8,3,2,1,1,0,0
14.10322,50.98403,10,16,5,2,1,0,0,0
12.37826,51.37584,7,13,3,3,1,1,0,0
12.59226,51.34961,7,20,3,2,0,1,0,1
14.66573,50.9799,7,10,3,3,1,0,0,0
13.73148,51.2946,10,19,2,3,0,1,0,0
14.81169,51.03222,7,15,3,2,0,0,0,1
13.68675,50.94769,10,16,7,3,0,0,0,1
13.64116,51.10659,9,21,6,3,1,1,0,0
14.64031,51.50357,7,9,3,3,1,1,0,0
12.97897,50.60385,9,7,3,3,0,1,0,0
14.43625,51.07964,7,15,3,3,1,1,0,0
14.09528,51.01657,7,13,3,3,0,0,0,1
13.27982,51.3208,7,16,3,3,0,0,0,1
13.80516,51.1509,7,9,3,3,1,1,0,0
13.15435,51.28597,9,14,6,3,0,1,0,0
13.05668,50.70841,7,13,3,3,0,1,0,0
12.81029,50.5738,7,5,3,2,1,1,0,0
12.97333,50.7663,7,15,3,3,1,1,0,0
12.93255,50.84016,9,22,2,2,1,0,0,0
12.69023,51.05743,7,15,2,3,1,1,0,0
12.40395,51.32172,7,20,2,3,1,1,0,0
12.27448,51.22196,7,5,2,1,0,1,0,0
13.82497,51.17654,7,11,2,3,0,1,0,0
14.01114,51.14126,7,12,2,2,1,0,0,0
14.5874,51.00854,9,15,4,2,0,1,0,1
12.54565,50.76754,9,19,6,3,0,1,0,0
13.96021,51.25425,7,18,2,2,0,1,0,1
14.94651,51.14813,7,17,2,2,0,1,0,1
14.3386,51.09674,7,15,2,2,0,1,0,0
13.52241,51.02209,7,14,2,3,0,1,0,0
14.81063,50.87527,10,14,4,3,1,0,0,0
13.71439,51.07977,8,11,3,2,1,0,0,0
13.64299,51.01523,7,9,2,3,0,1,0,0
13.72688,51.24539,7,14,2,2,0,1,0,0
14.80989,50.89308,7,14,2,3,0,1,0,0
13.64149,50.96574,7,9,2,3,0,1,0,1
13.91465,50.96626,7,19,2,2,0,1,0,1
12.72854,50.44766,7,16,2,3,0,1,0,0
13.70943,51.21043,9,15,7,3,0,1,0,0
12.19287,50.62331,7,16,1,2,0,1,0,1
12.45397,50.79964,7,15,1,2,0,1,0,0
14.41314,51.09742,7,6,1,3,0,1,0,0
13.75473,50.76512,9,12,4,2,1,1,0,0
14.64771,51.06566,7,7,1,2,0,1,0,0
13.60623,51.09212,7,16,1,3,0,1,0,0
13.60562,51.05878,7,11,1,3,0,1,0,0
13.60777,51.04312,7,12,1,2,0,1,0,1
12.79683,50.97109,7,22,1,3,1,0,0,1
14.44176,51.1388,9,17,5,3,0,1,0,0
12.68278,50.61312,7,15,1,2,0,0,0,1
12.9607,50.55873,7,14,1,3,0,1,0,1
12.58727,51.07728,7,11,1,2,0,1,0,0
12.45878,50.71818,7,15,7,3,1,1,0,0
12.68982,50.96274,9,7,1,3,0,1,0,0
13.95502,51.11178,9,10,6,3,0,1,0,1
12.03987,50.45259,7,4,7,3,0,1,0,0
12.58221,50.68108,7,18,7,3,0,0,0,1
12.23919,50.5253,7,21,7,3,0,1,0,0
13.05166,51.50321,7,17,7,3,0,1,0,0
14.18495,51.29267,9,15,6,2,0,1,0,0
13.17609,50.64783,7,19,2,3,0,0,0,1
13.03841,51.33413,7,4,7,3,0,0,0,0
13.34422,51.01927,9,16,2,3,0,1,0,0
14.25683,51.4457,7,13,7,3,0,1,0,0
14.18858,51.13468,7,14,7,3,1,1,0,0
14.44034,51.14405,7,14,7,3,1,1,0,0
13.73622,51.04234,7,19,7,2,0,1,0,0
13.82276,51.04601,7,12,7,3,1,0,0,0
14.11299,51.2643,8,13,7,2,0,0,0,1
12.80233,50.63217,7,17,7,3,1,1,0,0
13.95186,50.89108,10,22,7,3,0,1,0,0
12.75026,50.72979,7,16,7,3,0,1,0,1
13.20078,51.00181,7,14,7,2,0,1,0,0
13.20899,51.08305,7,16,7,2,0,0,0,1
12.99565,50.59828,7,16,7,2,0,0,0,1
11.93395,50.4588,7,4,6,3,0,1,0,0
12.68268,50.84558,7,20,6,2,0,1,0,0
12.33559,51.51672,7,12,6,3,0,1,0,0
12.401,51.14674,7,2,6,3,0,1,0,0
12.47894,51.10067,7,15,6,3,0,0,0,1
13.76835,51.015,10,7,4,3,0,0,1,0
12.38997,51.34659,7,15,6,3,0,1,0,1
13.9704,51.30124,7,17,6,3,0,1,0,0
14.69579,51.08253,7,7,6,2,0,1,0,0
13.93038,50.97934,7,13,6,3,1,1,0,0
13.79537,51.12056,7,15,6,3,1,0,1,0
13.93401,50.96372,7,16,6,2,1,1,0,0
12.74499,50.85573,9,17,5,3,0,0,0,1
13.72851,51.06012,7,15,6,3,0,1,0,0
13.23296,51.00742,8,15,1,3,0,1,0,0
12.97791,51.15138,7,17,6,3,0,0,0,1
13.62906,51.08838,9,7,2,3,1,1,0,0
12.74535,50.55935,7,15,6,3,0,1,0,1
12.49116,50.73366,7,10,5,3,1,0,1,0
12.46793,50.67354,7,17,5,3,0,1,0,0
13.10705,51.31493,7,14,5,3,1,1,0,0
12.00067,50.50846,8,12,2,2,0,1,0,0
12.37995,51.34432,7,19,5,2,0,0,1,0
13.96679,51.19621,7,16,5,3,0,0,0,1
14.34204,51.34016,7,18,5,2,0,1,0,0
14.39734,51.47726,7,6,5,2,0,1,0,0
13.21131,51.24427,7,18,5,2,0,0,0,1
13.55026,51.24042,7,14,5,3,0,1,0,0
13.6753,50.73067,7,15,5,2,0,0,0,1
13.77404,51.01388,7,6,5,3,0,1,0,0
13.73019,51.05911,7,17,5,3,1,0,0,0
12.85833,50.75376,7,15,5,3,1,0,0,0
12.9218,50.62506,7,11,5,3,0,1,0,0
13.04791,50.86982,7,15,5,2,0,1,0,1
12.92584,50.78682,9,15,2,3,1,0,0,0
12.73733,50.78956,7,15,4,3,0,1,0,0
12.52118,50.82197,7,10,4,3,0,1,0,1
12.37309,51.31478,7,5,4,3,0,1,0,0
12.31983,50.60168,8,5,3,3,0,1,0,0
12.39994,51.3619,7,13,4,3,0,1,0,1
13.936,50.98025,9,7,6,3,1,0,0,0
12.40395,51.32172,7,7,4,2,1,1,0,0
13.71986,50.96597,7,17,6,3,0,1,0,0
12.52533,51.09833,7,14,4,2,1,0,0,0
13.10472,51.30023,7,15,4,2,0,1,0,0
12.36925,51.3761,7,6,4,3,1,1,0,0
14.13325,51.44357,7,23,4,3,0,1,0,0
14.96885,51.16815,7,8,4,3,0,1,0,0
14.17789,50.92541,7,13,4,3,1,0,0,0
13.39405,51.4449,7,7,4,3,1,1,0,0
13.86602,50.87211,7,8,4,3,0,1,0,0
13.09264,50.82855,8,7,5,2,1,0,0,0
13.69658,51.04334,7,0,4,3,1,0,0,0
12.6411,50.56278,7,14,4,2,0,1,0,0
12.81413,50.76933,7,8,4,3,0,1,0,0
12.91338,50.81469,7,12,4,1,0,1,1,0
12.12859,50.50124,7,9,3,3,0,1,0,0
12.62516,50.8913,7,13,3,3,0,1,0,0
12.59225,51.29384,7,21,5,3,0,0,1,0
12.42728,51.29505,7,17,3,3,1,1,0,0
12.93898,51.28469,7,14,3,2,1,1,0,0
12.61357,51.04805,7,8,3,2,0,1,0,0
12.60691,51.33531,9,14,6,2,0,1,0,1
13.93374,51.11507,7,3,5,3,0,1,0,0
14.95352,51.13723,7,9,3,3,0,1,0,0
13.62543,51.10993,7,11,3,3,1,0,0,0
13.46195,50.94238,7,12,3,2,0,1,0,0
13.70582,51.06156,7,15,3,3,1,1,0,0
13.42184,51.1658,7,15,3,1,0,1,0,0
12.944,50.70011,7,16,3,3,0,1,0,1
12.92648,50.83396,7,11,3,3,0,1,0,0
12.92927,50.85766,7,13,3,3,0,1,0,0
13.61726,51.02283,9,15,3,3,0,0,1,0
12.4922,50.7844,7,15,2,3,0,1,0,0
11.92398,50.53807,7,15,2,3,0,1,0,0
12.64664,50.72173,7,14,2,2,0,1,0,0
12.45742,51.55673,7,11,2,3,0,0,0,1
14.41071,51.19268,7,17,2,3,0,1,0,0
14.05907,51.24012,7,18,3,3,0,1,0,1
13.95566,51.01974,7,6,2,3,0,1,0,0
13.93012,50.94567,7,11,2,3,1,1,0,0
12.324,51.38047,8,19,6,3,0,0,0,1
13.67688,51.10321,7,6,2,3,1,1,0,0
13.71583,51.06287,7,15,2,3,0,1,0,0
13.68624,51.1286,7,14,2,2,0,1,0,0
12.86406,50.61971,7,10,6,2,0,1,0,0
13.04427,50.91442,7,13,2,3,0,1,0,0
13.31015,50.76381,7,16,2,3,0,1,0,0
13.10566,51.12344,7,11,2,3,0,0,1,0
12.8583,50.5817,7,5,2,3,0,1,0,1
13.22878,51.005,8,19,5,3,0,1,0,0
13.01492,50.58516,7,17,2,3,0,1,0,0
12.91761,50.79669,7,7,2,3,0,1,0,0
12.78081,50.88275,7,13,2,3,0,1,0,0
12.76208,50.82149,7,16,2,3,0,1,0,0
13.16508,51.11717,7,12,2,3,0,1,0,0
12.30858,50.2818,6,15,1,2,0,0,0,1
12.44858,51.36224,9,14,7,2,0,1,0,1
12.92648,50.82983,9,11,4,3,1,0,0,0
12.35742,50.59844,6,11,1,3,0,1,0,0
12.31315,50.61464,6,20,1,2,0,0,0,1
12.213,51.45359,6,6,1,3,0,1,0,0
14.82868,51.18384,6,18,1,3,0,0,0,1
14.16039,51.03725,6,21,1,3,0,0,0,1
13.76831,51.0198,6,2,1,3,1,0,0,0
13.85219,51.06188,6,18,1,3,0,1,0,1
13.7268,51.05759,6,23,1,3,1,0,0,0
12.77906,50.53791,6,10,1,2,0,1,0,1
12.94771,50.5817,6,6,1,2,0,1,0,0
13.51119,51.09282,7,5,4,3,0,0,0,1
12.16069,50.44835,6,18,7,2,0,1,0,0
12.57995,50.70296,8,7,3,3,0,1,0,0
12.74316,50.86421,6,9,7,2,1,1,0,0
13.05445,51.5441,6,18,7,3,0,1,0,0
14.09024,51.00784,6,15,7,3,1,1,0,0
13.91915,50.95876,6,14,7,3,1,0,0,0
14.97777,51.14818,10,20,7,3,0,0,0,1
13.93032,50.97937,6,8,7,3,0,1,0,0
12.99855,50.56005,8,7,4,3,0,0,0,1
13.55775,51.16774,6,10,7,3,0,1,0,0
13.75941,50.98699,6,11,7,3,1,0,0,0
13.15014,51.19894,6,14,7,3,0,1,0,0
12.9771,50.91004,6,18,7,3,0,1,0,0
13.03601,50.96594,6,14,7,2,0,0,0,1
12.27467,51.44046,8,19,2,3,0,1,0,0
15.00028,51.17718,7,18,3,2,1,0,0,0
12.73451,50.6327,6,17,7,1,0,1,0,0
13.7403,51.06469,9,19,3,3,0,1,0,0
12.73812,50.80568,6,20,6,3,1,1,0,0
13.65046,50.99657,6,18,1,3,1,0,0,0
12.44407,50.74534,6,21,6,2,0,1,0,1
13.15703,51.32077,6,10,6,3,1,1,0,0
12.58239,51.17411,6,22,6,2,0,0,0,1
12.39805,51.35797,6,15,6,3,0,1,0,0
12.31867,51.53559,6,22,6,2,0,1,0,0
14.62149,51.08441,6,7,6,3,0,1,0,0
14.03264,51.07897,6,11,6,2,0,1,0,0
14.98508,51.13026,6,18,6,2,0,0,0,0
14.66357,51.48433,6,8,6,3,0,1,0,0
13.63258,51.03942,6,19,6,3,0,1,0,0
13.76696,51.02063,6,21,6,3,1,0,0,0
13.48103,51.15276,6,15,6,3,0,1,0,0
13.71503,51.07888,6,20,6,3,1,1,0,0
12.6635,50.71551,6,17,6,3,0,1,0,0
12.98166,50.98829,6,9,6,2,1,0,0,0
13.40599,50.84431,6,13,6,3,1,1,0,0
12.78842,50.55901,6,21,6,3,0,0,0,1
12.96297,50.82869,6,10,6,3,0,1,0,0
13.03875,51.12979,6,7,6,3,0,1,0,0
12.13011,50.50712,6,17,5,3,0,0,1,1
12.76384,50.83621,6,14,5,2,0,1,0,0
12.5992,51.52782,6,23,5,3,0,0,0,1
12.68302,51.36117,6,16,5,3,0,1,0,0
12.42085,51.14054,6,17,5,3,1,0,0,0
12.22554,51.25611,6,13,5,3,1,0,0,1
13.73771,51.06153,9,13,4,3,0,0,0,0
12.42222,51.35167,6,21,5,3,0,1,0,0
13.00846,51.23947,6,8,5,3,0,1,0,0
12.4897,51.26794,6,22,5,2,0,0,0,0
14.33143,51.3474,8,18,4,3,0,1,0,0
12.47948,51.35213,6,8,5,3,0,1,0,0
14.80947,50.88454,6,16,5,3,0,1,0,1
14.24892,51.43499,6,7,5,3,1,1,0,0
14.97079,51.14308,6,8,5,2,0,1,0,0
12.62829,50.7595,10,15,4,3,0,1,0,0
13.4816,51.18324,6,19,5,3,0,1,1,0
13.8001,51.14546,6,11,5,3,0,1,0,0
13.69317,51.08166,6,13,5,3,1,0,0,1
13.46689,50.94378,6,19,5,2,0,0,0,1
13.30109,51.05791,6,14,5,2,0,1,0,1
13.76826,51.0157,6,6,5,2,1,0,0,0
13.43604,50.90424,6,16,5,3,0,0,0,1
14.46843,51.09838,9,16,2,3,0,1,0,0
12.9124,50.82794,6,6,5,3,1,1,0,0
12.96489,50.98504,6,19,5,2,0,1,1,0
12.90065,50.87229,8,19,2,3,0,1,0,0
12.04047,50.4743,6,14,4,2,0,1,0,0
12.95501,51.58556,6,12,4,2,0,1,0,1
12.63936,51.36714,6,5,4,3,0,1,0,0
14.78076,50.8796,6,17,4,3,0,1,0,0
14.15523,51.23445,6,13,4,3,0,1,0,0
14.02537,51.13105,6,20,4,2,0,0,0,1
14.69445,51.25385,6,15,4,3,0,0,0,1
12.47508,50.8152,9,13,6,3,0,1,0,1
14.23077,51.10118,6,13,4,3,0,0,0,0
12.29787,51.41787,8,13,3,3,0,1,0,0
14.92481,51.21941,6,16,4,3,0,1,0,0
13.84438,50.98143,6,16,4,2,0,1,0,1
13.67123,50.89553,6,16,4,3,0,1,0,0
13.49719,51.16689,6,12,4,2,1,0,0,0
13.73753,51.08722,6,8,4,3,1,1,0,0
13.74134,51.06474,6,3,4,3,0,0,0,1
14.71134,50.96697,9,11,2,3,0,1,0,0
13.0874,50.76355,6,11,4,3,0,1,0,1
12.26855,51.26398,8,6,5,3,0,1,0,1
12.9123,50.54124,7,6,3,2,0,1,0,0
12.67817,50.94686,6,13,4,2,0,1,0,1
12.62945,51.5501,6,17,3,3,1,0,0,0
13.45044,51.06059,9,21,1,3,0,1,0,0
12.45876,51.13556,6,12,3,3,0,1,0,0
12.3834,51.27308,6,9,3,3,0,1,0,0
12.46119,51.36735,6,6,3,3,1,1,0,0
14.65169,51.49356,6,20,3,3,1,1,0,0
14.13489,51.44344,6,18,3,3,0,1,0,0
13.67317,51.10383,7,21,5,3,1,0,0,0
14.43254,51.18108,6,18,3,3,1,1,0,0
14.52823,51.09692,6,20,3,2,0,0,0,1
14.80949,50.88446,6,11,3,2,0,1,0,1
13.798,51.14041,7,15,5,3,1,1,0,0
13.66636,51.07554,6,17,3,3,1,1,0,0
13.66834,51.01578,6,15,3,3,0,1,0,1
13.85608,51.06145,6,16,3,3,1,0,0,0
13.74902,51.13002,6,8,3,3,0,1,0,0
12.71016,50.83424,8,18,3,2,1,0,0,0
13.70445,51.05081,6,5,3,3,1,0,0,1
12.83845,50.91978,10,20,4,3,0,1,0,1
13.69707,50.9849,6,13,3,2,0,1,0,1
13.78859,51.06711,6,23,3,3,1,0,0,0
13.06846,50.74369,6,8,3,3,0,0,0,1
12.93709,50.5106,6,20,3,3,0,0,0,1
12.95304,50.85983,6,16,3,3,0,0,0,0
12.17348,50.41274,6,7,2,3,0,1,0,0
12.15053,50.49177,6,12,2,3,0,1,0,0
13.10177,51.25784,6,12,2,2,1,0,0,0
12.39302,51.34481,6,12,2,3,0,0,1,0
12.37729,51.27261,6,13,2,3,1,1,0,0
12.37354,51.3444,6,11,2,3,1,0,1,0
14.61126,50.98107,6,13,2,3,1,1,0,0
14.99584,51.14762,6,17,2,3,0,1,0,0
14.98188,51.13656,6,9,2,3,1,0,0,0
14.87707,51.18039,6,18,2,3,0,1,0,1
12.91303,50.91731,9,18,3,3,1,0,0,0
12.59263,51.18934,8,8,7,2,0,0,0,1
14.62052,51.18934,6,20,2,2,0,1,0,1
12.39198,51.34633,8,17,7,3,1,0,0,0
14.61611,51.18978,6,11,2,2,0,1,0,0
12.51192,50.53435,7,8,7,2,1,0,0,0
14.20359,51.14129,6,8,2,3,0,1,0,1
12.74671,50.74043,9,16,2,3,0,1,0,1
14.42371,51.17965,7,0,7,2,0,1,0,0
13.27987,51.32063,6,5,2,2,0,1,0,1
12.93687,50.62584,9,17,6,3,0,1,0,1
13.31969,51.30198,6,12,2,2,1,0,0,0
13.48556,51.15375,6,10,2,3,1,1,0,0
13.47917,51.09841,9,13,2,3,1,0,0,0
13.81215,50.88587,6,10,2,3,1,1,0,0
13.66876,50.90151,6,17,2,3,0,1,1,0
13.58661,51.039,6,15,2,2,0,1,0,0
13.03217,50.68922,6,14,2,2,0,1,0,1
13.17847,50.6458,6,16,2,2,1,0,0,0
13.3458,50.91545,6,9,2,3,0,1,0,0
12.99521,50.86043,6,5,2,2,0,0,0,1
12.15089,50.59554,6,14,1,3,0,1,0,1
12.37725,51.27261,6,12,1,3,0,1,0,0
12.59695,50.89027,7,17,1,2,1,0,0,0
12.3943,51.27725,6,18,1,3,1,0,0,0
14.88599,51.0633,6,18,1,3,0,0,0,1
13.31958,50.79794,9,14,3,2,0,1,0,0
14.08192,51.3814,6,2,1,3,0,1,0,0
12.48702,50.74548,8,9,6,3,0,1,0,0
14.46172,51.25226,6,0,1,2,1,0,0,0
13.5859,50.98306,6,11,1,3,1,0,0,0
13.41795,51.22155,6,15,1,2,0,1,0,1
13.80197,51.07832,6,1,1,2,0,1,0,0
12.40005,51.24778,6,9,7,3,0,1,0,0
13.34966,51.19055,6,11,1,3,0,1,0,0
12.34498,51.19495,6,7,7,2,0,1,0,0
12.38065,51.3436,6,21,7,2,0,0,1,0
14.52597,51.30031,6,10,7,2,0,0,0,1
12.18435,51.39963,10,14,7,3,0,1,0,0
13.85417,50.88207,6,18,7,3,0,1,0,1
13.56083,51.15,6,17,7,3,1,1,0,0
13.77893,50.96897,6,5,7,3,0,1,0,0
12.747,50.73724,6,9,7,2,1,0,0,0
12.62335,51.17024,9,8,6,2,0,1,0,0
13.0906,50.7725,6,17,7,2,0,0,0,1
12.9265,50.82981,6,19,7,3,1,0,0,0
12.83156,50.56073,6,15,7,2,0,1,0,1
12.52005,50.67188,6,0,6,3,1,1,0,0
12.09613,50.39913,6,10,6,3,0,1,0,0
12.75146,50.80834,6,20,6,3,0,0,0,1
13.01431,51.31686,6,8,6,3,0,1,0,0
14.88488,51.02522,9,20,2,3,0,1,1,0
12.73985,51.38226,6,7,6,3,1,1,0,0
12.19581,51.23528,6,15,6,3,0,1,0,0
12.67906,51.5188,6,11,6,2,0,1,0,0
12.29253,51.34354,6,11,6,2,0,1,0,1
12.73998,51.20316,6,19,6,2,0,1,0,0
14.85643,50.92233,6,21,6,3,0,0,0,1
13.45753,50.94043,9,17,3,2,0,1,0,0
14.61442,51.51064,6,16,6,3,1,1,0,0
14.47216,51.17318,6,11,6,3,0,1,0,0
13.0842,50.98936,8,9,6,3,0,1,1,0
14.48436,51.05645,6,16,6,3,0,1,0,0
14.36041,51.19079,6,13,6,2,0,1,0,0
14.04395,50.94049,6,20,6,2,1,0,0,0
13.47134,51.17007,6,6,6,3,0,1,0,0
13.58654,51.03889,6,12,6,3,0,1,0,0
13.73957,51.29452,6,7,6,3,0,1,0,0
13.09798,50.66238,6,18,6,3,0,1,0,1
13.01549,50.55653,6,14,6,3,0,1,0,0
12.24729,51.31815,8,8,6,3,0,1,0,0
13.78846,51.0054,6,15,6,3,0,1,0,0
12.80649,50.84429,6,9,6,3,0,1,0,0
12.78836,50.83083,6,15,6,3,0,1,0,0
13.74902,51.13002,7,8,4,3,0,1,0,0
12.10862,50.46054,6,16,5,3,0,1,0,0
12.50423,50.77537,9,14,5,3,0,1,0,0
12.69122,50.77745,6,17,5,2,0,0,0,1
14.3783,51.09636,9,14,5,3,1,1,0,0
12.46508,51.19317,8,11,2,2,0,1,0,0
13.73375,51.03971,8,17,2,3,0,1,0,1
12.43882,50.72115,6,16,5,3,0,1,0,0
13.00607,51.55645,6,19,5,3,1,0,0,0
12.21556,51.42535,6,22,5,3,0,1,0,0
13.72013,51.07609,9,18,3,3,1,0,0,0
14.77816,50.88012,6,14,5,3,1,0,0,0
13.70441,51.0357,7,17,2,3,1,0,0,0
14.72002,51.5467,6,18,5,3,1,1,0,0
13.99929,51.21498,6,20,5,3,0,0,0,1
13.89752,51.08019,6,13,5,3,0,1,1,0
14.42261,51.1687,6,7,5,3,0,1,0,0
14.56613,51.10307,6,15,5,3,0,1,0,0
13.30446,51.3037,6,18,5,3,1,1,0,0
13.57949,50.94739,6,16,5,3,0,0,0,1
14.90022,51.26402,7,4,4,3,1,0,0,0
13.60325,51.03713,6,7,5,3,0,1,0,0
13.71365,51.08067,6,17,5,3,1,1,0,0
13.7009,51.04376,6,8,5,3,0,1,0,0
13.73015,51.03052,6,22,5,3,1,1,0,0
13.56448,51.19108,6,22,5,3,0,1,0,0
12.85735,50.75538,6,15,5,2,0,1,0,1
12.74627,50.72211,6,13,5,3,1,1,0,0
12.20126,50.62489,6,17,4,2,0,1,0,0
12.38912,51.09539,10,6,3,2,0,1,0,0
13.05225,51.29097,6,5,4,3,0,1,0,0
12.20707,51.48913,6,10,4,2,0,0,0,0
12.48705,50.64887,9,17,6,3,0,1,0,0
13.62389,51.08905,7,10,7,3,0,1,0,0
13.99066,51.22886,6,11,4,2,1,1,0,0
14.43041,51.18097,6,8,4,3,0,1,0,0
13.93288,50.95728,6,16,4,3,0,1,1,0
14.02792,50.88379,6,8,4,3,0,1,0,0
13.74477,51.06425,6,17,4,3,0,1,0,0
13.64523,51.07118,6,15,4,3,0,1,0,0
13.74902,51.13002,6,14,4,3,0,1,0,0
13.46987,51.24134,9,15,5,3,0,1,0,0
13.73465,51.07411,6,18,4,3,0,0,0,1
13.16699,51.18714,6,3,4,3,0,1,0,0
12.74075,50.51456,6,12,4,3,0,1,0,0
13.3435,51.04825,6,18,4,3,0,1,0,0
12.45795,50.71796,6,18,3,3,0,1,0,0
12.49787,50.71473,6,12,3,3,0,1,1,0
12.39967,50.67264,6,16,3,3,0,0,0,1
12.54173,50.57558,6,15,3,3,0,0,0,1
13.55562,50.91954,9,7,4,3,0,1,0,0
12.99554,51.5546,6,19,3,2,0,1,1,0
13.1048,51.3002,6,18,3,3,0,1,0,1
12.59088,51.59133,6,9,3,3,0,1,0,0
12.44686,51.1369,6,17,3,3,0,1,0,0
12.38897,51.40596,6,23,3,3,0,0,0,1
12.69797,50.58894,9,16,7,3,0,1,0,0
12.58325,51.04894,6,14,3,2,0,1,0,0
12.37967,51.34444,6,7,3,2,0,0,1,0
14.62216,50.98987,9,6,3,3,0,0,0,0
13.99028,51.13563,6,9,3,3,1,0,0,0
14.82075,51.27848,6,16,3,3,0,1,0,1
14.42646,51.16719,6,7,3,3,1,1,0,0
12.37829,51.37584,7,7,5,3,0,1,1,0
14.46047,51.25012,6,15,3,3,0,1,1,0
14.97759,51.14811,6,15,3,3,0,0,0,1
14.22363,50.95621,6,19,3,3,1,0,0,0
13.62934,51.08834,6,8,3,3,0,1,0,0
13.45272,51.05042,6,4,3,3,0,0,0,0
13.74601,51.02851,6,15,3,2,1,0,0,0
13.49242,51.05963,6,3,3,2,0,0,0,0
13.70088,51.12677,6,14,3,2,0,1,0,1
13.92775,50.95765,8,12,4,3,1,1,0,0
13.79691,51.06598,6,12,3,3,0,1,0,0
13.52717,51.06009,6,16,3,2,0,1,0,0
13.54957,51.24131,6,6,3,2,1,0,0,0
12.80147,51.04829,9,8,7,3,1,0,0,0
12.69603,50.5822,6,15,3,3,0,1,0,0
13.5342,50.7387,6,8,3,3,0,1,0,0
12.49097,50.7342,6,16,2,3,0,1,0,0
12.22239,50.46284,6,16,2,3,0,0,0,1
12.40362,50.36399,6,18,2,1,0,1,0,0
12.4109,50.71223,6,8,2,2,0,1,0,0
12.74078,51.20166,6,23,2,3,0,0,0,1
12.33018,51.33571,6,13,2,3,1,0,0,0
12.47592,51.22629,6,10,2,3,0,1,0,0
14.01475,51.18298,6,15,2,3,0,0,0,1
12.97629,50.65378,7,16,4,3,0,1,0,0
14.20398,51.15536,6,14,2,3,1,1,0,0
13.94837,50.93308,9,12,6,3,1,1,0,0
13.10568,51.12348,6,11,4,2,0,0,0,0
14.97047,51.15077,6,14,2,2,0,0,1,0
13.49574,51.17724,6,15,2,3,0,1,0,0
13.30366,50.64964,9,5,6,3,0,1,0,0
12.30075,50.60882,8,7,6,2,0,0,0,1
13.72801,51.07121,6,9,2,3,0,1,0,0
14.76059,51.20435,10,10,7,3,0,1,0,0
13.79475,51.13233,6,16,2,3,1,0,1,0
14.80911,51.29457,7,6,5,3,0,1,0,0
13.8817,50.99472,6,20,2,3,1,0,0,0
12.84069,51.06018,6,15,2,3,0,1,0,0
13.07779,50.74666,6,7,2,3,0,1,0,0
12.92647,50.82985,6,7,2,3,1,0,0,1
12.41659,50.60616,6,14,1,3,0,1,0,1
12.48174,50.38562,6,18,1,3,0,0,0,1
12.60866,50.66827,6,14,1,2,0,1,0,1
12.39537,51.34132,6,20,1,3,0,1,0,0
12.33303,51.33605,6,2,1,3,1,0,0,0
12.332,51.33592,9,19,4,3,1,0,0,0
14.20435,51.23286,6,1,1,2,0,1,0,0
13.02457,50.90761,8,14,3,3,0,1,0,0
12.41613,50.78153,8,18,1,2,0,1,0,0
14.42458,51.25044,6,16,1,3,0,0,0,1
14.34023,51.27493,6,15,1,2,0,1,0,0
12.66782,50.54662,6,16,1,3,0,1,0,1
13.05956,50.98836,6,17,1,2,0,0,0,1
12.3953,50.54117,6,17,7,3,1,1,0,0
12.23762,51.10856,6,4,7,3,1,0,0,0
12.29448,51.34337,8,19,6,3,1,0,0,0
14.64408,51.0599,6,22,7,2,0,0,0,1
14.95734,51.14971,6,13,7,3,0,0,0,0
14.44376,51.10047,6,3,7,3,1,0,0,0
12.63887,51.08875,10,17,2,3,0,1,0,1
14.46619,51.19923,6,13,7,2,0,0,0,1
12.98133,50.55379,6,15,7,3,0,1,0,0
12.86537,50.80969,6,16,7,3,0,1,0,0
12.4077,50.79264,6,12,6,2,0,1,0,0
12.12628,50.47655,6,13,6,2,0,1,0,0
12.35462,51.47447,6,18,6,2,0,1,0,1
14.20704,51.45621,6,10,6,3,0,1,0,0
14.01333,51.15562,6,1,6,3,0,1,0,0
14.26988,50.96681,6,15,6,3,0,1,1,0
13.59991,51.11954,6,11,6,2,1,0,0,0
13.58366,50.94728,6,17,6,3,0,0,0,1
13.70344,51.08857,6,15,6,3,0,0,0,1
13.71579,51.03702,6,9,6,3,1,1,0,0
13.75893,51.07996,6,15,6,3,0,1,0,0
13.69335,51.01155,6,18,6,2,0,1,1,0
13.68955,51.06796,6,12,6,3,1,0,0,0
12.88267,51.03011,9,11,3,2,0,0,0,1
13.22705,50.71183,6,11,6,3,1,0,0,0
13.17863,51.10267,6,14,6,3,0,1,0,0
13.50569,51.22513,9,4,6,3,1,0,0,0
12.66488,50.6517,6,8,5,3,0,1,0,0
12.50062,50.61682,6,12,5,3,0,1,0,0
12.50274,50.85824,6,16,5,3,0,1,0,0
12.47225,51.49899,6,13,5,3,0,1,0,0
14.10578,51.14985,8,15,4,3,0,1,0,0
12.42636,51.35185,6,8,5,3,0,1,0,0
12.38987,51.34656,9,7,4,3,1,1,0,0
12.49357,51.37999,6,13,5,3,0,1,1,0
12.31324,51.50962,6,18,5,2,0,1,0,0
12.984,51.27142,6,13,6,2,0,1,0,0
12.35677,51.47361,6,16,5,2,0,1,0,0
12.37137,51.34445,6,7,5,2,1,1,0,0
13.91861,51.11848,6,10,5,3,0,1,1,0
12.71677,51.27437,8,17,4,2,0,0,0,1
14.88424,51.10355,6,6,5,2,1,1,0,0
12.92558,50.94423,8,11,5,3,0,0,0,1
14.1337,51.03882,6,16,5,3,0,1,0,0
13.61448,51.24559,6,14,5,2,0,1,0,0
13.71866,51.0394,6,12,5,3,0,1,0,0
13.88178,50.84449,6,15,5,3,0,1,0,0
12.669,50.74617,6,10,5,3,1,0,0,0
13.31895,50.67893,6,6,5,3,0,1,0,0
13.24243,50.92083,6,15,5,2,0,0,0,1
13.72017,51.20477,8,9,3,2,0,1,0,0
12.11079,50.5251,6,13,4,3,0,1,0,0
12.72252,50.81312,6,16,4,3,0,1,0,0
12.51614,51.45611,6,22,4,2,0,0,0,1
12.63464,51.32656,6,12,4,3,0,1,0,0
12.43137,51.30024,6,16,2,3,0,1,0,0
12.2272,51.30741,6,14,4,3,1,1,0,0
12.4447,50.68288,8,14,3,3,0,1,0,0
14.83235,50.89676,6,19,4,3,0,0,0,1
14.68852,50.937,6,6,4,3,0,0,0,1
13.66857,50.98849,10,11,7,2,0,1,0,1
14.44794,51.04751,6,17,4,3,0,0,0,1
14.40874,51.37473,9,11,1,2,0,1,0,1
14.63555,51.49949,6,16,4,2,0,1,0,0
13.27947,51.32149,6,7,4,2,1,1,0,0
13.70983,51.05776,6,7,4,3,1,0,0,0
13.24452,50.80285,6,16,4,3,0,1,0,0
13.22508,51.12616,6,12,4,2,0,1,0,0
13.08607,50.84689,6,13,4,2,0,1,0,0
12.4716,50.72035,6,13,3,3,1,0,0,0
12.26719,50.64354,6,5,3,2,0,1,0,0
12.60456,51.01835,6,14,3,3,0,1,1,0
12.21977,51.42456,6,18,3,3,0,1,0,0
14.80026,50.89433,6,15,3,2,1,1,0,0
13.69419,51.04308,9,16,3,2,1,0,0,0
13.92146,50.96646,6,12,3,1,0,1,1,0
13.70536,51.17632,6,21,5,3,0,0,0,1
13.73265,51.02957,6,11,3,3,1,1,0,0
13.08951,50.86126,6,11,3,2,0,1,0,0
13.15987,50.80019,6,15,3,3,0,1,0,0
12.92875,50.6259,6,7,3,2,0,1,1,0
12.96511,50.6624,6,17,3,3,0,1,0,0
12.43315,50.69761,8,13,4,3,0,1,0,0
12.12939,50.49177,6,11,2,3,0,1,0,0
12.47347,50.68361,6,9,2,3,0,1,0,1
12.62764,51.27407,6,11,2,3,0,0,0,1
12.80518,51.54955,7,5,3,2,0,1,0,0
12.39156,51.34755,6,11,2,3,1,0,1,0
12.38044,51.34412,6,6,2,3,1,0,0,0
12.59688,51.30512,6,15,2,2,0,1,0,0
12.60271,50.50112,8,18,7,2,1,1,0,0
12.90929,50.83089,7,18,3,3,0,0,0,0
12.39181,51.34634,6,19,2,3,1,0,0,0
12.23434,51.31078,7,10,4,3,1,1,0,0
14.82441,50.90313,6,16,2,3,0,1,0,0
14.24032,50.95815,6,18,2,2,0,0,0,1
14.04711,51.03488,6,7,2,3,0,1,0,0
13.75557,51.07667,9,13,3,3,0,1,0,0
13.67724,50.87985,6,16,2,3,1,1,0,0
13.71192,50.9704,6,13,2,3,1,0,0,0
13.76846,51.01961,6,14,2,3,0,1,0,0
12.26084,51.30666,8,18,5,3,1,0,0,0
13.69573,51.09525,6,13,2,3,0,1,0,1
12.70351,50.99607,6,16,2,3,0,1,0,0
12.69956,50.59379,6,22,2,3,1,0,0,0
12.86232,50.79735,6,14,2,3,1,1,0,0
12.78581,50.87725,6,10,2,3,0,0,0,0
12.4983,50.68685,6,1,1,3,0,1,0,1
12.76126,50.86185,6,10,1,3,1,1,0,0
12.91085,51.55214,6,13,1,3,0,0,0,1
12.76074,51.16801,6,20,1,3,0,0,0,0
12.39704,51.35352,6,4,1,3,1,0,0,0
14.80078,50.89597,6,15,1,3,0,1,0,0
12.23585,50.52319,8,17,1,2,0,1,0,0
14.19573,51.42147,6,18,1,3,1,0,0,0
14.9112,51.10918,9,20,7,2,0,0,0,1
14.44192,51.17549,6,16,1,3,0,0,0,0
13.98876,51.02417,6,9,1,3,1,1,0,0
13.40929,51.2156,6,14,1,3,0,1,0,1
13.49761,51.09065,6,0,1,3,0,1,0,0
13.65925,51.00635,6,16,1,3,1,0,0,0
12.82462,50.5264,6,15,7,3,0,1,0,0
12.81783,50.65177,6,4,1,3,0,1,0,0
13.39676,50.99983,6,10,1,3,0,1,0,0
14.09414,51.05441,9,15,6,2,0,1,0,1
12.72461,51.13507,6,10,3,3,0,1,0,0
13.34945,50.90677,6,21,1,2,1,0,0,0
12.95098,50.85688,6,11,1,2,0,1,0,0
13.01801,50.54941,6,1,1,2,0,1,0,1
13.49281,51.28798,8,11,4,3,0,0,1,0
12.22748,50.50642,6,4,7,3,0,1,0,1
13.53264,50.72955,8,18,3,3,0,0,0,1
14.80922,50.88715,6,12,1,3,0,1,0,0
12.15688,50.6052,6,14,7,3,0,1,0,1
12.57161,50.6268,6,13,7,2,0,1,0,0
13.7061,51.04641,9,21,2,3,1,1,0,0
12.64216,51.14227,6,10,7,2,0,1,0,0
12.32372,51.38406,8,17,4,3,1,0,0,0
13.73335,50.81559,7,19,2,3,1,0,0,0
12.50037,51.12646,6,16,7,3,0,1,0,0
12.19738,51.42537,6,14,7,3,0,1,0,0
12.96547,50.98498,8,11,3,3,0,1,0,0
12.59991,51.02681,6,14,7,2,0,1,0,0
14.85669,51.17181,6,15,7,2,0,0,0,1
14.81219,50.90318,10,21,3,3,0,1,0,0
14.96498,51.1414,6,0,7,3,1,0,0,0
14.4785,51.21773,6,19,7,2,0,1,0,0
13.31832,51.32226,6,22,7,3,1,0,0,0
13.31999,51.29799,6,9,7,3,1,1,0,0
14.34045,51.43724,10,15,1,3,1,1,0,0
13.84224,50.77491,6,14,7,3,0,0,0,1
13.68553,51.13051,6,14,7,3,1,1,0,0
13.69623,50.97251,6,12,4,3,1,0,0,0
13.80933,51.15282,6,15,7,3,1,0,0,0
13.84222,50.77491,6,12,7,2,1,1,0,0
13.0949,50.82884,6,17,7,3,0,1,0,0
12.74344,51.09137,6,13,7,2,0,0,0,1
13.20387,51.32859,6,14,4,3,0,1,0,0
13.80564,50.99341,6,11,7,3,1,0,0,0
12.8242,50.52726,6,21,7,2,0,1,0,0
12.70932,51.21899,6,7,6,3,0,1,0,0
12.35528,51.21398,6,11,6,3,0,1,0,0
12.37248,51.42669,6,23,6,2,0,1,1,0
12.46086,51.36723,6,7,6,2,0,1,0,0
12.32694,51.37807,6,14,6,2,0,0,0,1
13.74861,51.12871,8,9,6,3,0,1,0,0
14.71822,51.51521,6,14,6,3,1,0,0,0
12.31976,50.81607,7,15,6,2,0,0,0,1
13.9114,51.2691,6,13,6,3,0,1,0,0
13.93941,51.20664,6,7,6,3,0,1,0,0
13.48076,51.16938,6,13,6,3,0,1,0,0
14.19656,51.47756,6,17,6,2,1,0,0,0
12.92824,50.83552,7,17,5,3,0,1,0,0
14.37505,51.14671,6,7,6,3,0,0,1,1
13.6359,50.84118,6,16,6,2,1,1,0,0
13.67809,51.04945,6,23,6,3,0,1,0,0
13.23353,51.09068,6,10,6,3,0,0,0,0
13.40381,51.05954,6,15,6,3,0,1,0,0
12.53163,51.58612,9,16,1,2,0,0,0,1
13.72035,51.05117,6,17,6,2,1,0,0,0
14.5852,50.99283,7,15,5,3,1,0,0,0
13.08452,50.65792,6,13,6,3,0,1,0,0
12.85171,51.28284,9,14,1,2,0,0,0,1
12.87474,50.81216,6,15,6,3,0,1,0,1
12.9066,50.83719,6,8,6,3,0,1,0,0
12.41645,50.60551,9,16,3,3,1,1,0,0
12.8775,50.85555,6,10,6,3,0,1,0,0
12.84073,50.85218,6,10,6,2,0,0,0,0
12.86516,50.85834,6,1,6,3,0,1,0,0
12.47327,50.68363,10,11,5,3,0,1,0,0
12.96719,50.85501,6,5,6,3,1,0,0,0
12.92647,50.82985,6,5,6,2,0,1,0,0
12.84667,50.69824,6,12,6,2,0,0,0,0
12.47406,51.50096,8,15,5,2,0,1,1,0
12.96662,50.71142,6,20,6,2,0,1,0,1
12.28308,50.61349,6,21,5,3,0,0,0,1
12.36331,51.34281,6,18,5,3,1,1,0,0
12.35137,51.37516,6,11,5,3,0,0,0,1
12.52673,51.31634,6,8,5,3,0,1,0,0
14.68896,50.95498,6,14,5,3,0,1,0,0
14.02973,51.14532,6,7,5,3,1,1,0,0
13.96529,50.83839,8,9,2,2,0,1,0,0
14.04041,51.14222,6,12,5,3,0,0,0,1
13.70453,51.04002,9,19,7,2,1,1,0,0
14.94893,51.15565,6,8,5,2,0,1,0,0
13.26716,50.64811,8,10,4,1,0,1,0,0
14.80707,51.14846,6,20,5,3,0,1,0,0
14.99465,51.14462,6,23,5,1,1,0,0,0
13.7936,51.12918,6,14,2,3,1,1,0,0
14.10323,50.98398,6,16,5,3,0,0,0,1
13.99938,50.96253,6,13,5,3,0,1,0,0
13.93563,50.87532,6,16,5,3,0,1,0,1
13.49039,51.16232,6,16,5,3,0,1,0,1
13.70734,51.05164,6,15,5,2,1,0,0,0
13.707,51.0414,6,14,5,3,1,1,0,0
13.63525,51.10742,6,17,5,3,1,1,0,0
13.72747,51.08498,6,10,5,2,0,1,1,0
12.91753,50.6791,6,19,5,3,0,0,0,1
13.14166,51.12117,6,15,5,3,0,1,0,0
12.95049,50.55744,6,6,5,3,0,0,0,1
13.5559,50.93789,6,6,3,3,0,1,1,0
12.68305,51.0127,6,11,5,3,0,1,0,0
12.69761,50.81025,6,22,4,2,0,1,0,0
12.38594,50.81891,6,0,4,2,0,1,1,0
12.37544,51.39251,6,0,4,3,0,0,0,0
12.41269,51.24759,6,21,4,2,0,1,0,0
12.27672,51.32078,6,8,4,2,0,1,0,1
12.39508,51.33231,6,18,4,3,1,1,0,0
12.42646,51.35181,6,15,4,3,1,1,0,0
14.85376,50.96898,6,19,4,3,0,1,0,0
14.26174,51.44953,6,15,4,3,1,1,0,0
14.78284,51.12575,6,15,4,3,0,1,0,0
13.50825,51.18013,8,17,4,3,0,1,0,0
13.72146,51.09193,6,19,4,3,0,0,1,0
13.68963,51.06893,6,10,4,3,1,1,0,0
12.40717,50.82323,8,19,7,3,0,1,0,0
13.87327,50.94616,6,15,4,3,0,1,0,0
13.82696,51.06224,6,13,4,3,1,0,0,0
13.83949,51.06222,6,19,4,2,0,1,0,1
13.79179,51.12551,6,2,4,3,0,1,0,0
13.17318,50.85787,6,14,4,3,0,1,0,0
13.17946,50.8515,6,6,4,2,0,1,0,0
12.78524,50.54714,8,11,5,2,0,1,0,0
12.90001,50.82474,6,14,4,3,0,1,0,0
12.62765,51.45829,7,12,6,2,0,0,0,1
12.69967,50.5869,6,12,4,3,1,1,0,0
12.6912,50.84096,6,18,3,3,0,0,0,1
12.20916,50.37182,6,14,3,2,0,1,0,0
12.54637,50.59763,6,11,1,3,0,0,0,1
12.60829,51.33566,6,9,3,3,0,1,0,0
13.06836,50.74368,8,11,1,2,1,1,0,0
12.49118,51.10988,6,13,3,3,0,1,0,0
12.52943,51.32769,6,10,3,3,1,1,0,0
12.20584,51.35322,6,17,3,3,0,1,0,0
13.33975,50.91447,9,15,2,2,0,1,1,0
14.65409,50.93543,6,15,3,3,0,1,0,0
14.71496,51.03417,6,14,3,3,1,1,0,0
14.47461,51.21139,6,5,3,3,0,1,0,0
13.99111,50.98816,6,16,3,3,0,1,0,0
13.53513,51.29418,6,14,3,3,0,1,0,0
13.75506,51.06293,6,14,3,3,0,1,1,0
13.15923,50.61546,6,20,3,3,0,1,0,0
13.10351,50.72163,6,11,3,3,0,1,0,1
13.01492,50.58506,6,14,3,2,0,1,0,0
12.25613,50.31765,6,10,2,3,0,1,0,0
12.13694,50.50669,6,14,2,3,1,0,0,0
12.34141,51.38656,10,16,4,3,1,0,0,0
12.39882,51.36503,6,9,2,3,0,1,0,0
13.10473,51.30023,6,19,2,3,0,0,1,1
14.81101,50.89218,6,18,2,3,1,0,0,0
14.76017,50.91499,6,16,2,3,0,1,0,0
14.42724,51.04613,6,5,2,3,0,1,0,0
14.4655,51.19687,6,11,2,3,0,1,0,0
14.43869,51.17427,6,15,2,3,0,1,0,0
14.86875,51.1808,6,13,2,1,1,0,0,0
13.97794,50.91631,6,9,2,3,1,1,0,0
12.94496,50.67805,9,14,1,2,0,1,0,1
13.84945,50.95862,6,0,2,3,0,1,0,0
13.65359,50.99533,6,15,2,2,1,0,0,0
13.72942,51.08309,6,16,2,2,1,0,0,0
13.7338,51.06144,6,9,2,3,1,0,0,0
14.63182,51.04042,6,22,7,3,0,1,0,0
13.70245,51.09047,6,18,2,3,1,0,0,0
12.58766,51.59341,6,6,4,3,1,1,0,0
12.677,51.00421,6,7,2,3,0,1,0,1
12.98255,50.8955,6,13,2,2,0,1,0,0
13.12186,51.15336,6,13,2,3,0,1,0,0
12.4895,51.12243,7,12,2,3,0,1,0,0
12.85779,50.59391,6,6,2,1,0,1,0,0
12.39994,51.36188,6,1,1,3,0,1,0,0
12.17305,51.32695,6,13,1,3,0,1,0,0
13.08603,51.54963,6,15,1,2,0,1,0,0
14.74435,50.92179,6,13,1,3,1,0,0,0
13.23007,51.35189,6,10,1,3,1,0,0,0
13.12239,50.59877,6,14,1,3,0,1,0,0
12.4893,50.81677,6,7,7,3,0,1,0,0
12.33823,50.3958,6,22,7,3,0,1,0,0
12.37096,50.47714,6,15,7,3,1,1,0,0
12.51061,50.84048,6,14,7,2,0,1,0,0
12.46535,50.82532,6,14,7,3,0,1,0,0
12.24992,50.52675,6,13,7,3,0,0,0,1
12.17481,50.44829,6,16,7,2,0,1,0,0
12.3368,51.33538,6,13,7,3,1,1,0,0
13.9467,51.32408,7,16,3,2,0,1,0,0
14.80425,50.89905,6,12,7,3,0,1,0,0
14.73465,51.08081,6,13,7,2,1,0,0,1
14.99443,51.1501,6,13,7,3,0,1,1,0
14.46201,51.19005,6,16,7,3,0,1,0,0
13.83712,51.17119,6,21,7,3,0,1,0,0
12.89642,50.85573,9,14,7,3,0,1,0,0
14.2264,50.9262,6,10,7,2,0,0,0,1
14.43187,51.27261,10,14,7,3,1,1,0,0
13.44614,51.40985,6,17,7,3,0,0,0,1
13.48309,51.1685,6,23,7,3,0,1,0,0
13.48213,51.1124,6,14,7,3,0,1,0,0
13.63802,50.78056,6,15,7,2,0,0,0,1
13.73735,51.00608,6,10,7,2,0,0,0,1
13.89375,50.90366,7,18,3,2,0,1,0,1
12.73604,50.95203,6,17,4,3,0,1,0,1
13.66837,51.07293,6,20,7,3,0,0,0,1
12.85198,50.77374,6,14,7,3,0,1,0,0
13.11829,50.6798,6,10,7,3,0,1,0,0
12.39361,50.81913,5,10,6,3,0,1,0,1
12.41156,50.53114,5,12,6,3,0,1,0,0
12.39165,50.53175,5,8,6,2,0,0,0,0
12.32261,50.58651,5,21,6,3,0,1,0,0
12.85832,50.75379,7,15,5,3,0,1,0,1
12.36142,51.37562,5,17,6,3,0,1,1,0
14.04266,51.28661,6,5,6,3,0,1,0,0
12.21692,51.24231,5,23,6,3,0,1,0,0
14.78692,51.40686,5,22,6,3,0,1,0,0
14.47864,51.22949,5,18,6,2,0,1,0,0
13.90919,50.95669,5,13,6,3,0,1,0,1
13.5805,51.12816,5,9,6,3,1,1,0,0
13.72494,51.04395,5,18,6,3,1,0,0,1
13.74475,51.00275,5,15,6,3,0,1,0,0
13.4475,50.84565,8,8,6,2,0,1,0,0
13.32794,51.20019,5,13,6,2,0,1,0,0
12.80581,50.75779,7,11,6,3,0,1,0,0
13.16123,50.6485,5,15,6,3,0,1,0,0
12.70353,50.99608,5,18,6,2,0,1,0,0
12.39932,50.59658,5,16,5,3,0,1,0,0
12.24174,50.60557,5,9,5,2,0,1,0,1
12.23114,50.51925,5,15,5,3,0,1,0,0
12.67823,50.70001,5,8,5,3,0,1,0,0
12.53658,50.84279,5,14,5,2,0,1,0,0
12.8358,51.39013,5,19,5,3,0,1,0,0
12.65284,51.46511,5,16,5,3,0,1,0,0
12.64435,51.33933,5,23,5,3,0,1,0,0
14.80892,51.2968,9,12,3,3,0,1,0,0
12.44191,51.19546,5,17,5,3,0,1,0,0
12.70955,51.00759,5,11,5,3,0,1,0,0
12.18396,51.38192,7,13,6,2,0,1,0,0
12.28613,51.38191,5,6,5,3,0,0,0,1
13.76341,50.94344,7,11,3,3,0,1,0,0
12.37198,51.39526,5,14,5,3,0,1,0,0
12.27667,51.32086,5,7,5,2,1,0,0,0
14.19665,51.10616,5,19,5,3,0,0,0,1
12.09966,50.4838,10,10,3,3,0,0,0,1
13.74033,51.11084,9,7,3,3,0,1,0,0
13.76535,51.02101,9,16,3,3,0,0,0,1
14.10733,50.98244,5,14,5,3,0,1,0,0
13.47314,51.17038,5,5,5,2,1,0,0,0
13.56931,51.16257,5,10,5,3,1,0,0,0
13.78778,51.11669,5,9,5,2,1,0,0,0
13.76597,51.00681,5,10,5,3,0,1,0,0
13.9438,51.0018,5,7,5,3,0,1,0,0
13.71755,50.99349,8,7,4,3,1,1,0,0
13.76903,51.11701,5,22,5,2,1,1,0,0
12.80188,50.90852,5,12,5,3,0,1,0,0
13.33564,50.92135,5,6,5,3,0,1,0,0
12.77439,50.52986,5,11,5,3,0,1,0,0
12.40793,50.73094,9,10,2,3,0,1,0,0
12.92746,50.79022,6,18,1,3,0,1,0,0
12.99512,50.53585,5,11,5,3,0,1,0,1
13.02172,51.32622,7,10,1,3,0,0,0,1
12.9882,50.60531,7,5,4,3,0,0,0,1
12.80922,50.8465,5,16,5,2,0,1,0,0
13.20273,50.63626,5,13,5,1,1,0,0,0
13.02672,50.59993,5,15,5,2,0,1,0,1
14.16533,50.92587,8,10,3,3,1,0,0,0
12.52394,50.62306,5,14,4,3,0,1,1,0
12.32934,50.39582,5,19,4,3,0,1,0,0
12.80423,51.04096,9,18,4,2,0,0,0,1
14.08959,50.98004,8,16,6,2,0,1,0,1
12.60045,51.49076,5,19,4,3,0,1,0,0
12.44292,51.35971,5,16,4,3,0,1,0,0
14.61667,50.9968,5,15,4,3,0,1,0,0
12.39385,51.33316,7,17,1,2,1,0,0,0
14.0065,51.09131,5,13,4,3,1,1,0,0
14.98488,51.15717,5,22,4,3,1,0,0,0
12.73636,51.37289,8,14,6,3,0,1,0,0
14.18501,51.13257,5,13,4,3,0,1,0,0
14.13708,51.47072,5,14,4,2,0,1,0,1
12.57284,51.30753,9,9,7,3,1,1,0,0
13.02603,50.59957,8,15,3,2,0,1,0,0
14.57266,51.06064,5,5,4,3,0,1,0,1
13.57068,51.14437,5,12,4,3,1,0,0,0
13.82434,50.76289,5,14,4,2,0,1,1,0
13.82339,51.05764,5,17,4,3,0,0,0,1
13.53703,50.86333,5,13,4,3,0,0,0,1
12.87783,51.36006,6,10,2,2,0,1,0,0
13.08276,50.75466,5,6,4,2,0,1,0,0
13.78384,51.00967,7,18,4,3,1,0,0,0
12.97001,50.71118,5,13,4,3,0,1,0,0
12.75102,50.86129,7,19,2,2,0,1,0,1
12.89811,50.96698,5,7,4,2,1,1,0,0
12.41721,50.83046,5,12,3,3,0,1,0,0
12.35441,50.33362,5,14,3,2,0,1,0,0
12.68067,50.68955,5,12,3,2,0,1,0,0
12.96641,51.27006,5,15,3,3,0,1,0,0
12.26592,51.45208,5,13,3,3,0,1,0,0
12.56457,51.12182,5,21,3,3,0,1,0,0
12.44537,51.25775,5,13,3,3,0,1,0,0
12.38088,51.34394,5,6,3,3,1,1,0,0
12.20656,51.34891,5,18,3,3,0,1,0,0
14.34235,51.47149,5,13,3,2,0,1,0,0
14.19342,51.13742,5,12,3,3,0,1,0,0
14.96204,51.06101,5,4,3,3,0,1,1,0
14.61443,51.51064,7,7,7,3,1,1,0,0
13.91914,50.95725,5,8,3,3,0,1,0,0
13.9483,50.89291,5,14,3,3,0,0,0,1
13.973,50.8311,5,11,3,3,0,0,0,0
13.58038,51.12523,5,16,3,3,0,1,1,0
13.57985,51.12481,5,15,3,3,0,1,0,0
13.69078,51.06155,5,10,3,3,0,1,0,0
13.75552,51.07663,5,13,3,3,0,0,0,1
13.17109,51.00207,7,10,2,3,0,1,0,0
12.66645,50.54986,5,22,3,3,0,1,0,0
12.90799,50.83325,5,14,3,3,0,1,0,0
13.19309,51.31703,6,3,7,3,0,1,0,0
12.93197,50.83923,5,12,3,3,0,1,0,0
12.73184,50.72548,5,17,3,2,0,1,0,0
12.57445,51.28987,5,16,2,3,0,0,0,1
12.59501,51.14994,5,13,2,2,0,0,0,0
12.66286,51.08612,5,7,2,3,0,1,0,0
12.9215,50.62538,8,17,3,2,0,1,0,1
12.34602,51.47409,5,16,2,3,0,1,0,0
14.68634,51.00044,5,22,2,3,0,1,0,0
14.7944,50.88997,5,15,2,3,0,1,0,0
13.9034,51.11397,5,7,2,3,1,0,0,0
13.23751,51.27044,5,7,2,3,0,1,0,0
13.64252,50.88484,7,10,6,3,0,1,0,0
13.9238,50.93778,5,6,2,3,0,0,0,1
13.65949,51.00628,5,12,2,3,1,0,0,0
13.72151,51.09187,5,18,2,2,1,1,0,0
14.63682,51.38314,9,5,2,2,0,1,0,0
13.27526,51.08237,5,19,2,3,1,1,0,0
13.72336,51.05501,5,15,2,3,0,1,0,0
12.26769,51.27646,6,16,3,2,0,1,0,0
12.97656,50.96011,5,5,2,3,0,1,0,0
13.37066,50.91474,5,10,2,2,0,1,0,0
14.44105,51.09894,6,14,6,2,0,1,0,0
12.91001,51.07923,5,16,2,2,1,1,0,0
12.54555,51.31264,6,19,7,2,0,0,0,1
12.2733,51.32706,5,2,1,3,1,0,0,0
12.34264,51.3387,5,16,1,3,0,0,0,0
12.21732,51.46383,5,14,1,3,0,1,0,0
12.95951,51.54849,5,16,1,2,1,1,0,0
14.71226,51.50224,5,17,1,3,0,1,0,1
14.55202,51.21059,5,6,1,3,0,1,0,0
13.22232,51.0537,9,4,5,3,0,1,0,0
13.82687,51.05819,8,19,3,3,1,1,0,0
13.41661,51.24046,5,13,1,2,1,0,0,0
14.04229,50.90662,8,12,7,3,1,0,0,0
14.00746,50.92149,5,6,1,3,0,1,0,0
13.69683,51.04337,5,14,1,3,1,0,0,0
12.81889,50.76806,5,2,1,2,1,0,0,0
14.79049,51.18706,9,9,7,2,0,1,0,0
12.90745,50.8738,5,13,1,3,0,1,0,0
12.01819,50.46592,5,16,7,2,0,1,0,0
12.38298,50.56615,5,16,7,2,1,0,0,0
12.40688,51.54893,5,13,7,3,0,1,1,0
12.33773,51.33538,5,20,7,3,0,1,0,0
12.21544,51.36672,5,23,7,2,0,0,0,1
12.18502,51.2838,5,6,7,2,0,1,0,0
12.48291,51.18131,5,14,7,3,0,1,0,0
13.209,51.37535,5,18,7,3,0,1,0,0
12.81777,51.40347,6,7,5,3,0,1,0,0
13.5072,51.1963,5,19,7,3,0,1,0,0
13.77836,50.92467,5,13,7,3,0,0,0,1
13.07873,50.75297,8,19,7,2,1,0,0,0
12.28629,51.33115,7,12,7,3,1,1,0,0
13.5835,50.94708,5,15,7,3,1,0,0,0
13.8063,50.99283,5,16,7,3,0,1,0,0
13.72247,51.25857,7,13,1,3,0,1,0,0
13.71782,51.10215,5,6,7,2,0,1,0,0
13.73931,51.07386,5,11,7,3,0,1,0,0
13.05655,50.72645,5,13,7,2,0,0,0,1
12.75819,51.28795,9,9,6,2,1,1,0,0
12.91746,50.54386,5,21,7,3,0,0,0,1
12.79138,50.83274,5,13,7,3,0,1,0,0
12.57548,50.7393,7,18,7,3,1,0,0,0
13.1395,51.07316,5,9,7,3,0,1,0,0
12.11292,50.48622,5,11,6,3,0,1,0,1
12.41692,50.71256,5,11,6,2,0,1,0,0
13.37086,51.05544,6,14,5,3,0,1,0,0
13.14514,51.55053,5,21,6,3,0,1,0,0
12.45037,51.55308,5,14,6,3,0,1,0,0
13.82497,51.1766,5,13,6,3,0,1,0,1
13.79513,51.00086,9,8,2,2,0,0,0,1
13.23648,51.27085,8,7,4,3,0,1,0,0
14.03322,51.2145,5,16,6,3,1,1,0,0
14.35969,51.18938,5,12,6,3,0,1,0,0
13.33073,51.02187,9,8,5,3,0,0,0,1
14.18513,51.1326,5,16,6,3,0,1,0,0
13.61098,51.19221,7,15,2,1,1,0,0,0
14.0836,50.91983,5,18,6,2,0,0,0,1
13.69486,51.0959,5,14,6,3,1,0,0,0
12.42798,50.60967,6,17,3,2,0,0,1,0
13.59776,51.0376,5,16,6,3,0,1,0,0
13.56233,51.01759,5,13,6,3,0,1,0,1
13.76244,51.08501,5,14,6,3,1,0,0,0
12.79338,50.96899,7,4,1,2,0,1,0,0
13.70269,50.76755,5,10,6,2,0,1,0,1
13.42728,51.14211,5,17,6,2,0,1,0,0
13.41924,50.94074,6,16,4,2,0,1,0,0
12.78606,50.72667,5,13,6,3,0,1,0,0
13.83634,51.08824,8,19,5,3,0,0,0,1
13.72347,51.08946,7,16,7,3,1,0,0,0
12.81169,50.91795,5,8,6,2,0,1,0,1
13.37983,50.88737,5,13,6,3,0,1,0,0
14.08712,51.05109,6,9,3,3,0,1,0,0
12.50034,50.70479,5,6,5,3,1,1,0,0
12.53127,50.67259,5,12,5,3,0,1,0,0
12.39448,50.37803,5,13,5,2,0,1,0,0
13.33605,50.91353,10,17,7,2,1,1,0,0
12.91183,51.54989,5,16,5,2,0,0,0,1
12.70777,51.21615,5,13,5,3,0,1,0,0
14.67642,51.02769,5,16,5,3,0,1,0,1
14.97002,51.33197,5,14,5,3,1,1,0,0
14.44126,51.14134,5,16,5,3,1,1,0,0
14.32593,51.08958,7,16,3,3,1,0,0,0
14.47865,51.05608,5,13,5,3,0,0,0,1
14.33808,51.1937,5,19,5,2,0,1,0,0
12.83865,50.61844,6,15,5,3,0,1,0,0
14.20505,51.37637,5,14,5,2,0,1,0,0
12.59964,51.30613,8,9,7,3,0,1,0,0
13.29439,51.31019,5,0,5,3,1,0,0,0
13.53326,51.28669,5,11,5,3,1,1,0,0
13.77397,51.0669,5,16,5,3,0,1,0,0
13.7102,51.18129,9,12,7,3,0,1,0,0
13.73709,51.06319,5,1,5,3,1,0,0,0
13.4786,51.1161,5,16,5,3,0,1,0,0
12.6817,50.95109,5,13,5,3,0,1,0,1
14.71998,51.11593,8,13,5,2,0,1,0,1
12.99842,51.00762,5,17,5,3,0,1,0,1
13.05249,51.12178,5,14,5,3,1,0,0,0
12.71082,50.59654,5,13,5,2,0,1,0,1
12.70446,50.69149,5,4,5,3,0,0,0,0
12.6901,50.57195,5,18,5,2,0,1,0,1
12.24272,50.60807,5,14,4,2,0,1,0,0
12.33591,50.46444,5,16,4,3,0,1,0,1
12.31557,50.45555,5,20,4,2,0,1,0,0
12.72777,50.81564,5,7,4,3,0,1,0,0
12.21671,50.50803,5,17,4,3,0,1,0,0
13.57458,51.19728,9,15,1,3,0,1,0,0
12.47041,51.49656,5,16,4,3,0,1,0,0
12.73656,51.3738,5,15,4,3,1,1,0,0
12.47623,51.12386,5,12,5,3,0,1,0,0
12.79873,51.12411,5,8,4,3,0,1,0,0
13.50367,51.31234,9,15,3,3,0,1,0,1
12.27342,51.32707,5,14,4,3,0,1,0,0
13.66283,50.97203,6,12,1,3,1,1,0,0
12.44614,51.36122,5,8,4,3,1,1,0,0
14.27025,51.42948,9,19,7,3,0,1,0,0
13.66849,50.98852,8,16,6,3,0,1,0,0
13.73106,51.03441,6,10,7,3,0,1,0,0
12.62647,51.45777,5,5,4,3,1,0,0,0
14.32892,51.27079,5,13,4,2,1,1,0,0
14.33932,51.19736,5,12,4,2,0,1,0,0
13.4901,51.16718,5,13,4,3,0,1,0,0
13.7721,51.24669,5,15,4,3,0,1,0,0
13.77396,51.0669,5,14,4,3,0,1,0,0
13.85219,51.06189,5,15,4,3,0,1,0,1
12.85181,50.82524,5,7,4,3,0,1,0,0
12.92659,50.83385,10,20,5,3,0,1,0,0
14.87989,51.06083,9,12,5,3,0,0,0,1
12.21425,51.42555,9,17,5,3,0,1,0,1
12.86422,50.80932,5,5,4,3,0,1,0,0
12.33635,50.30827,5,11,3,3,1,1,0,0
12.48876,51.45649,5,10,3,3,0,1,0,0
12.55732,51.07016,5,12,3,3,0,1,0,0
12.31797,51.1975,5,12,3,3,0,1,0,0
14.65499,51.032,5,13,3,3,0,1,0,0
14.41549,51.3707,5,9,3,3,0,0,0,1
12.4496,51.21227,9,8,1,3,1,0,0,0
14.24248,51.4453,5,17,3,3,0,1,0,0
12.63887,51.46128,9,12,2,3,1,0,0,0
14.81535,51.29385,5,10,3,3,0,1,0,0
14.13201,50.93218,5,11,3,3,0,1,0,1
13.86873,50.97096,5,6,3,3,0,1,0,1
13.58042,51.1272,5,9,3,2,1,1,0,0
13.64964,51.20686,5,14,3,2,1,0,0,0
13.68061,51.06204,5,13,3,3,0,1,0,0
13.59689,51.16295,7,17,2,3,1,0,0,0
13.7566,51.07752,5,15,3,3,1,0,0,0
12.92803,50.83559,6,10,6,3,0,0,0,0
13.52805,51.12808,5,17,3,1,0,1,0,0
13.10008,50.98496,5,7,3,3,0,1,0,0
13.68314,51.13703,6,12,3,3,0,1,0,0
13.2808,50.96341,5,7,3,3,0,1,0,0
12.96917,51.08157,5,21,3,3,0,1,0,0
12.92143,50.95697,5,13,3,2,0,0,0,1
12.47547,50.78919,5,3,2,3,0,1,0,0
12.09369,50.52427,5,14,2,2,1,1,0,0
12.22381,50.50517,5,21,2,3,0,1,0,1
12.74012,50.86387,5,12,2,2,1,0,0,0
12.27412,50.6345,5,20,2,2,1,0,0,0
12.53602,50.86368,5,20,2,2,0,1,0,0
14.4161,51.05498,6,10,5,3,0,1,0,0
12.02744,50.48476,5,15,2,2,0,1,0,0
14.54069,51.14376,6,7,2,3,0,1,0,1
12.71612,51.36088,5,19,2,3,0,1,0,1
12.89984,51.33433,5,6,2,2,0,0,0,0
14.71256,51.52073,5,11,2,2,1,1,0,0
14.31058,51.36501,5,15,2,3,0,1,0,0
14.2177,51.42422,5,14,2,2,0,1,0,1
12.92288,50.83157,6,15,2,3,0,0,0,0
13.85576,50.96057,5,16,2,3,0,0,0,0
13.85443,50.93141,5,14,2,3,1,0,0,0
13.87515,50.88171,5,17,2,3,0,1,0,0
13.81693,51.17216,5,16,2,2,0,1,0,0
13.73355,51.3601,5,13,2,3,0,1,0,0
13.3279,51.23456,5,13,2,3,0,1,0,1
12.80111,51.02897,5,15,2,3,0,0,0,1
13.1079,50.79089,5,21,2,3,0,0,0,1
13.1617,50.61645,5,14,2,3,0,1,0,0
12.70378,50.69151,5,16,2,3,0,1,0,0
12.96618,50.80914,7,17,5,2,0,1,0,1
13.04867,50.64665,5,11,2,2,0,1,0,0
12.69937,50.80981,5,13,1,3,0,1,0,0
12.18852,51.36782,5,11,1,3,0,1,0,0
13.92065,51.11889,8,21,2,3,1,1,0,0
12.20935,51.48644,5,13,1,3,0,1,0,0
13.97559,51.127,5,15,1,3,1,0,0,0
12.74072,51.21473,9,9,3,3,0,1,0,0
13.46727,51.16532,5,21,1,3,1,0,0,0
13.62951,51.26899,5,15,1,3,1,0,0,0
13.72991,51.06009,5,19,1,3,0,0,0,1
14.94114,51.13239,6,14,1,3,1,0,1,0
12.76005,50.76148,5,20,1,3,0,1,0,1
12.48502,51.12005,7,10,7,3,0,1,0,0
12.78957,50.95965,5,3,1,3,0,0,0,1
13.25732,50.72175,5,14,1,3,0,1,0,0
13.39219,51.00099,5,16,1,3,1,1,0,0
12.92937,50.85261,5,12,1,3,0,1,0,0
12.92225,50.83103,5,12,1,2,1,0,1,0
14.28813,51.28019,6,9,5,3,0,1,0,0
13.15543,50.99869,5,16,1,3,0,1,0,0
13.0135,50.91401,5,14,1,3,0,1,0,0
12.83152,50.82633,8,20,3,3,1,0,0,0
13.15538,50.99867,5,16,1,3,0,1,0,0
12.64733,51.29811,6,12,6,2,0,1,0,0
12.1629,50.49783,5,13,7,3,0,1,0,0
12.50002,51.12636,5,17,7,3,1,0,0,0
12.62085,51.27708,7,21,1,2,0,1,0,0
12.18235,51.387,5,9,7,3,0,1,0,0
12.23097,51.42305,5,14,7,2,0,1,0,0
12.18321,51.40148,5,3,7,1,0,1,1,0
12.18321,51.40148,5,3,7,3,0,1,1,0
12.78113,51.42875,9,8,1,3,0,1,0,0
13.70303,51.08937,8,10,6,3,0,0,0,1
14.88906,51.23897,7,16,4,3,0,1,0,0
14.96869,51.16822,5,15,7,3,0,1,0,0
13.60489,50.98339,9,14,2,3,0,1,0,0
13.78165,51.01117,5,16,7,2,0,1,0,0
12.29684,50.59259,9,8,7,3,0,0,0,0
13.74239,51.06464,5,9,7,3,0,1,0,0
13.74536,51.049,5,14,7,3,0,1,0,0
12.82854,50.75536,5,15,1,3,0,0,0,1
13.80611,50.99299,5,16,7,3,1,0,0,0
13.57311,50.99972,5,14,7,2,0,1,0,1
12.94527,50.96475,5,6,7,3,0,1,0,0
12.84878,50.98128,6,10,3,3,1,1,0,0
12.31794,50.63398,5,9,6,2,1,1,0,0
12.276,50.55404,5,13,6,3,0,1,0,1
12.81089,51.50639,5,16,6,3,0,1,0,0
12.72919,51.2387,5,10,6,3,0,0,0,0
12.72557,50.69685,7,13,4,2,1,1,0,0
12.42513,51.30451,5,16,6,3,0,1,0,0
12.43817,51.54899,5,12,6,2,0,1,0,1
14.34594,51.06456,5,10,6,3,0,1,0,0
14.71273,50.96331,9,12,5,3,0,1,0,0
13.24442,50.74965,8,13,6,3,0,1,0,0
13.80741,50.99204,5,10,6,3,0,1,0,0
13.88471,50.8911,5,1,6,3,0,1,0,0
12.73622,51.02051,5,7,6,2,0,1,0,0
13.05621,51.15674,5,14,6,3,0,1,0,0
12.76354,50.71712,5,14,6,3,0,1,0,0
14.48096,51.05624,8,21,5,3,1,0,1,0
13.005,51.55632,7,15,3,3,0,1,0,0
12.29229,50.46322,5,16,2,3,0,1,0,0
12.95253,50.86253,5,14,6,2,0,1,1,0
12.259,50.54456,5,14,5,2,0,0,0,0
12.20098,50.50153,5,0,5,3,0,1,0,0
13.35056,51.32929,9,7,5,2,0,1,0,0
12.38398,51.37604,5,7,3,3,0,1,0,0
12.9109,51.55236,5,17,5,2,0,1,0,0
13.03031,51.34024,5,7,4,3,0,1,0,0
12.46778,51.25897,5,17,5,3,0,1,0,0
12.12859,50.50125,10,20,1,3,0,1,0,1
12.85752,50.81608,7,6,4,3,0,1,0,0
12.33784,51.33538,5,11,5,3,0,1,0,1
14.05272,51.15952,5,21,5,3,0,0,0,1
12.78217,51.45272,7,6,3,3,0,1,0,1
13.56796,51.15028,5,15,5,3,1,0,0,0
13.55736,51.11479,6,9,6,3,0,0,0,1
12.66991,50.65941,6,17,7,3,1,1,0,0
13.57042,51.15125,5,15,5,3,0,1,0,0
13.71439,51.07977,5,13,5,3,1,0,0,0
13.74685,51.06442,5,12,5,3,0,1,0,0
13.69771,51.05989,5,13,5,3,1,0,0,0
12.78453,50.72219,5,7,5,3,0,1,0,0
13.7197,51.09432,8,11,3,3,1,0,0,0
13.13091,50.85953,5,17,5,2,0,0,0,1
13.16706,50.65281,5,11,5,2,1,0,0,0
14.55569,51.40894,7,13,6,3,0,1,0,0
12.70831,50.59637,5,8,5,3,0,1,0,0
12.64189,50.7246,9,14,1,3,0,1,0,0
13.01661,50.59361,5,11,5,3,0,1,0,0
12.80163,51.31817,9,7,2,3,0,1,0,1
12.664,50.7851,5,19,4,2,1,1,0,0
12.39569,50.37519,5,15,4,3,0,1,0,0
13.1124,50.64752,9,17,6,3,0,0,0,0
12.36893,50.47633,5,19,4,3,0,1,0,1
14.73651,51.50767,5,10,4,2,0,1,0,0
14.67814,51.49508,5,15,4,2,0,1,0,0
14.96884,51.16816,5,10,4,3,1,1,0,0
14.80304,50.91768,9,9,6,1,0,1,0,0
13.84804,51.17182,5,9,4,3,0,1,0,0
13.77636,50.92767,5,15,4,3,1,1,0,0
13.63401,51.00505,5,17,4,3,0,1,0,1
13.74551,51.04916,5,15,4,3,0,1,0,0
13.73635,51.06388,5,16,4,3,1,0,0,0
13.85233,50.95109,9,13,7,3,0,1,0,0
12.86821,50.7788,9,7,3,3,1,1,0,0
12.36318,50.70758,8,17,5,2,0,1,0,1
13.75064,51.07132,5,17,4,3,0,0,1,0
13.7475,51.05162,5,22,4,3,0,1,0,0
12.7666,51.38773,7,18,2,3,0,1,0,0
12.72482,50.69752,5,12,4,3,0,1,0,0
12.68872,50.60945,5,10,4,3,0,1,0,0
12.91339,50.81471,5,7,4,3,1,0,0,0
13.1632,50.93054,5,14,4,3,0,1,0,0
13.24409,50.69807,7,14,2,3,0,1,0,0
12.3699,50.78701,5,15,3,3,0,1,0,1
12.63284,50.78482,5,15,3,3,1,0,0,0
13.4687,51.15726,8,14,6,3,0,1,0,1
13.0965,51.44319,5,21,3,2,0,0,0,1
12.42451,51.3047,5,16,3,3,1,1,0,0
12.44957,51.35027,5,11,3,3,1,0,0,0
12.37925,51.34417,5,15,3,3,0,1,1,0
12.77136,51.37966,5,13,3,2,0,1,0,0
14.80481,50.91072,5,8,3,2,0,1,0,1
13.95722,51.17161,5,7,3,3,1,1,0,0
13.72987,51.08266,8,14,3,3,1,1,0,0
14.23892,51.42726,5,13,3,3,0,1,0,0
14.39446,51.17957,5,7,3,3,1,1,0,0
12.97157,51.34352,8,17,6,3,0,1,0,0
13.31173,51.19665,5,14,3,3,0,1,0,0
13.63312,50.98411,5,7,3,3,0,1,0,0
14.11307,50.98004,7,14,6,3,1,0,0,0
13.67198,50.90462,5,15,3,3,0,1,0,1
13.89163,50.91848,5,6,3,2,0,0,0,0
12.72135,50.46418,5,17,6,3,0,1,0,0
13.64694,51.00046,5,9,3,3,0,1,0,1
13.57925,51.12494,9,10,7,3,1,1,0,0
12.89968,50.91476,5,15,3,3,0,1,0,0
12.98709,50.7471,5,18,3,3,1,1,0,0
13.72603,51.05702,10,9,3,3,1,0,0,0
12.16002,50.44226,5,7,4,3,0,1,0,0
12.61541,50.51929,5,15,3,3,0,0,0,1
12.99297,50.60666,5,8,3,3,0,1,0,0
13.53449,51.29253,8,12,3,3,0,1,0,0
12.96807,50.85495,5,15,3,3,0,1,0,0
12.90625,50.83986,5,15,3,3,1,0,0,0
12.72928,50.69496,5,8,3,1,0,0,0,0
12.73331,51.19044,5,15,6,2,0,0,0,1
12.46478,50.70889,5,21,2,3,0,1,0,0
12.73451,50.78922,5,17,2,3,1,1,0,0
12.42482,50.49339,5,16,2,3,0,1,0,0
12.81011,50.57439,8,11,7,3,0,1,0,0
12.38599,50.46822,5,5,2,3,0,0,0,1
12.96681,51.20062,5,9,2,3,0,1,0,0
12.37762,51.34457,5,11,2,3,0,0,1,0
14.80967,50.87124,5,9,2,3,0,1,0,0
14.10175,51.27678,10,16,2,3,1,0,0,0
12.52213,50.50507,9,8,3,3,0,0,0,1
14.13338,51.45446,7,23,6,2,1,0,0,0
14.18533,51.2373,5,16,2,3,0,1,0,0
14.99588,51.1469,5,14,2,2,1,1,0,0
14.18404,51.13187,5,22,2,3,0,1,0,0
12.91802,50.73459,8,7,6,3,0,1,0,1
12.55718,50.84381,7,8,2,3,0,1,0,0
13.87611,51.17151,5,7,2,3,0,1,0,0
14.52231,51.04045,5,15,2,2,0,1,1,0
13.26531,51.31515,5,10,2,3,0,1,0,0
13.29464,51.05513,5,12,2,3,0,1,0,1
13.53254,51.2777,5,16,2,3,0,1,0,0
13.82208,51.06359,5,10,2,3,0,1,1,0
13.7486,51.1712,5,8,2,2,0,1,0,0
13.76152,51.02257,5,14,2,2,1,0,0,0
12.51692,51.3227,5,9,3,3,0,0,0,0
13.66919,50.90198,5,11,2,3,0,1,0,0
13.68572,51.02176,5,21,2,2,1,0,0,0
13.29368,51.26697,7,13,2,2,1,0,0,0
12.71172,50.59373,5,16,2,3,0,1,0,0
12.69794,50.58896,5,22,2,3,1,1,0,0
13.65456,50.82637,9,5,4,3,0,1,0,0
12.70598,50.82329,5,20,1,3,0,0,0,1
12.73448,50.78922,5,18,1,2,0,1,0,0
12.49163,50.40051,5,9,1,2,0,0,0,1
12.23666,51.39157,6,18,2,3,1,0,0,0
12.68069,50.6989,5,10,1,3,0,1,0,0
12.58497,51.60421,5,5,1,3,0,1,0,0
12.38385,51.25816,5,18,1,3,0,1,0,0
12.77509,51.29607,5,14,1,2,1,0,0,1
14.82693,51.30127,5,15,5,3,1,1,0,0
14.97405,51.16147,5,19,1,3,0,1,0,0
12.87611,50.78891,5,10,1,3,0,1,0,0
13.13916,50.99391,5,15,1,3,0,1,0,0
12.54509,51.56739,5,11,7,3,0,1,0,0
12.62232,51.25558,5,16,7,3,0,1,0,1
12.39201,51.34794,5,14,7,3,1,1,0,0
12.42637,51.35184,5,10,7,3,1,1,0,0
14.72446,50.99931,5,19,7,2,0,0,0,1
13.83944,51.05849,7,18,1,3,0,1,0,0
14.66413,51.53542,5,17,7,3,0,1,0,0
14.71514,51.53383,5,16,7,3,1,0,0,0
12.82431,51.14764,5,15,4,2,0,1,0,0
13.63877,50.73822,5,16,7,3,0,0,0,1
12.22023,51.30138,9,19,5,3,1,1,0,0
12.25712,51.24798,6,6,5,3,0,1,0,0
13.8818,50.9585,5,17,7,3,0,0,0,1
13.71897,51.07656,5,18,7,3,0,0,0,1
13.34686,50.9161,5,22,7,3,1,1,0,0
12.97981,50.79712,5,11,7,3,0,1,0,0
12.59094,50.62971,5,12,6,3,0,1,0,1
12.64709,51.35835,5,15,6,3,0,1,0,0
12.47589,51.37279,5,17,6,3,0,1,0,0
12.90343,51.22598,5,20,6,3,0,1,0,0
12.53983,51.29922,5,16,6,3,0,1,0,0
13.95198,50.87866,5,10,6,2,1,0,0,0
13.69005,51.0747,9,19,5,3,0,1,0,0
13.48175,51.16351,5,12,6,2,1,0,0,0
12.85687,50.53325,5,1,6,3,0,1,0,0
13.67226,51.05026,5,12,6,3,1,1,0,0
13.71589,51.07796,5,22,6,3,1,0,0,0
13.73573,51.0997,7,6,2,3,1,1,0,0
13.74079,51.05814,7,13,2,3,1,0,0,0
13.054,50.87914,5,16,6,2,0,0,0,1
13.11496,50.67805,5,8,6,3,0,1,0,0
13.10053,50.98664,8,22,5,3,0,0,0,0
12.52144,51.42626,5,11,5,3,0,0,0,1
12.33112,51.20441,5,17,5,3,1,1,0,0
12.38788,51.2222,5,17,5,3,0,1,0,1
12.39211,51.34641,6,19,3,3,0,1,0,1
12.42209,51.30784,5,14,5,3,1,0,1,0
13.71233,51.03928,7,2,3,3,0,0,0,0
12.60743,51.30203,5,11,5,3,0,1,0,0
13.72535,51.08727,9,15,6,3,1,1,0,0
13.707,51.0414,9,13,2,3,1,1,0,0
14.66128,51.20625,5,5,5,3,0,1,0,0
12.51562,50.67616,7,8,4,2,0,1,1,0
14.90613,51.10703,5,10,5,2,0,1,0,1
14.20814,51.02924,5,17,5,2,0,1,0,0
13.93421,50.96403,5,17,5,3,1,0,0,0
14.11854,50.92383,5,9,5,3,0,0,0,1
12.95716,50.83158,7,14,1,3,0,1,0,0
12.24101,50.40278,7,12,4,3,0,1,0,0
13.43945,51.18985,5,8,5,2,1,1,0,0
13.44891,51.25416,5,16,5,3,1,0,0,0
13.4676,51.22678,5,18,5,3,1,0,0,0
13.68723,50.94743,5,16,5,2,0,0,0,1
13.63301,51.12449,5,13,5,3,0,1,0,0
13.73937,51.07917,5,10,5,2,1,0,0,0
12.23511,50.34925,8,7,4,2,0,0,0,1
12.80212,50.68411,5,9,5,3,0,1,0,1
13.08601,50.85056,5,16,5,3,0,0,0,1
13.42378,50.86158,5,16,5,2,0,1,0,1
12.3018,50.25221,7,17,6,2,0,1,0,0
13.341,51.01957,5,17,5,3,1,0,0,0
13.02363,51.10322,6,15,3,2,1,0,0,1
13.54777,50.76878,5,5,5,3,0,1,0,0
12.63497,50.52223,5,12,5,3,0,0,0,1
13.76788,51.01715,9,9,2,3,0,1,0,0
12.44098,51.39039,9,17,7,2,0,1,0,0
12.8223,50.83022,5,19,5,3,1,1,0,0
12.84554,50.84954,5,4,5,3,0,1,0,0
13.55197,50.8005,5,17,5,3,0,1,0,0
12.2863,51.33115,6,15,5,3,0,1,0,0
13.04649,51.50726,5,10,4,3,0,1,0,0
12.69799,51.36266,5,18,4,2,0,1,0,1
12.48933,51.11234,8,14,4,3,0,1,0,0
12.40731,51.31834,5,15,4,3,1,0,0,0
12.93163,51.45786,5,12,4,2,1,1,0,0
12.15211,50.50205,5,12,2,3,0,1,0,0
12.71156,51.23093,5,15,4,2,0,1,0,1
12.55494,51.0691,5,19,4,2,0,0,0,1
12.76507,50.85924,7,21,1,3,1,0,0,0
14.67136,51.08784,5,16,4,3,0,1,0,0
14.61206,50.98169,5,17,4,3,1,1,0,0
12.76519,50.70032,9,11,5,3,0,1,0,0
14.02239,51.14993,5,8,4,2,1,0,0,0
12.99247,50.98338,10,16,2,3,0,1,0,0
12.8407,50.91836,8,11,4,3,1,1,0,0
13.61422,51.0383,5,16,4,3,0,1,0,0
13.72752,51.08493,5,10,4,3,1,1,0,0
13.73175,51.12639,5,16,4,2,0,1,1,0
12.69841,50.72773,5,14,4,3,0,1,0,1
13.08798,50.81977,5,21,4,3,0,1,0,0
13.39608,50.83878,5,14,4,3,0,0,0,1
14.27009,51.20287,8,16,6,3,0,1,0,0
13.13055,51.12306,5,18,4,3,1,1,0,0
13.82493,51.18485,8,7,2,3,1,0,0,0
12.7373,50.70751,8,16,2,2,0,1,0,1
12.92872,50.82671,5,2,4,3,1,0,0,0
13.05019,51.12696,5,13,4,1,0,1,0,0
12.71137,50.7247,5,10,4,3,0,1,0,1
12.31364,50.75261,5,16,3,3,0,1,0,1
12.61038,50.66833,5,18,3,3,1,0,0,0
13.72777,51.08467,9,14,5,2,1,1,0,0
14.51297,51.52867,7,14,2,2,0,1,0,0
12.3528,50.58334,5,10,3,3,0,1,0,0
11.9969,50.39632,5,5,3,3,0,1,0,0
12.21286,51.42563,6,14,1,2,0,1,0,0
12.57584,50.84383,5,9,3,3,0,1,0,0
12.58482,51.59476,5,16,3,3,0,1,0,1
12.57117,51.12059,5,9,3,3,0,1,0,0
12.34328,51.47683,5,10,3,2,0,1,0,0
14.99074,51.14508,5,21,3,3,0,1,0,0
12.63392,51.54657,7,17,5,2,0,1,0,0
14.78335,51.14831,5,11,3,2,0,1,0,0
13.63377,50.92931,7,15,4,3,0,1,0,0
12.44949,51.3831,6,7,3,3,0,1,0,0
13.42656,51.2293,5,12,3,3,0,1,0,0
13.59976,50.90919,5,23,3,2,0,1,0,0
12.37152,51.31469,10,11,4,3,1,1,0,0
13.76105,51.06389,5,17,3,3,1,1,0,0
13.73442,50.76959,7,11,1,3,1,0,0,0
13.76119,51.08322,5,20,3,3,1,0,0,0
12.52992,51.32782,6,6,3,3,0,0,0,1
13.8173,50.9729,5,15,3,3,0,1,0,0
12.62223,50.47542,8,13,1,3,0,1,0,0
13.58001,51.12478,5,15,3,3,1,0,0,0
13.91797,50.95636,5,15,3,2,0,1,0,0
13.04074,50.91017,5,5,3,3,0,1,0,0
13.05876,50.64926,5,11,3,2,0,0,0,0
13.01344,50.58949,5,14,3,3,0,0,0,1
12.8387,50.76525,9,16,2,3,0,1,0,0
12.92935,50.8559,5,12,3,3,0,0,0,1
12.80385,50.53482,5,6,3,2,0,1,0,0
13.11495,50.67805,9,10,3,3,0,1,0,0
12.38291,50.56525,5,10,2,3,0,1,0,0
12.46829,50.50988,5,13,2,2,0,1,0,0
12.87677,50.77656,8,19,2,3,1,1,0,0
12.48875,50.69607,5,11,2,3,0,1,0,0
12.48268,51.37526,5,14,2,2,0,1,1,0
12.71395,51.36379,5,15,2,1,0,1,0,0
12.44409,50.70099,8,14,4,3,0,1,0,0
13.54569,50.78359,7,6,5,3,0,0,0,1
14.79528,51.00472,5,20,2,3,0,1,0,0
14.69451,51.08272,5,16,2,3,0,1,0,0
13.82679,51.18094,5,15,2,3,1,1,0,0
12.87675,50.77656,7,17,2,3,1,1,0,0
13.93446,50.96741,5,14,2,3,1,1,0,0
13.60785,51.29955,5,1,2,2,0,1,0,0
13.66822,50.98858,5,15,2,3,0,1,0,0
14.4789,51.22683,10,17,4,3,0,1,0,0
13.64473,51.08535,5,8,2,3,0,1,0,0
13.49777,51.26111,5,14,6,3,0,0,0,1
13.72041,51.04996,5,8,2,3,0,1,0,0
13.73321,51.03903,5,13,2,3,0,1,0,0
13.74346,51.04759,5,11,2,3,1,1,0,0
13.76471,51.11988,5,16,2,3,0,1,0,0
12.74987,50.72077,5,11,2,3,0,1,0,1
13.40978,50.8084,5,16,2,3,0,1,0,1
12.94772,50.59755,5,11,2,3,0,0,0,1
12.16099,50.43994,7,1,2,3,0,0,0,1
12.92952,50.83513,5,17,2,3,1,1,0,0
12.75526,51.36312,5,14,1,3,1,1,0,0
13.69933,50.95276,9,12,7,3,0,1,0,0
13.97445,51.03053,5,19,2,3,0,0,0,0
14.2364,51.23928,5,15,1,3,0,1,0,0
12.23433,51.31078,10,16,5,1,1,1,0,0
14.54717,51.1444,5,16,1,3,0,1,0,0
12.39334,50.8164,9,9,2,2,0,1,0,1
14.52358,51.15894,5,20,1,3,0,1,0,0
13.36069,51.05118,5,16,6,3,0,1,0,0
13.76655,51.09404,5,13,1,2,1,0,0,0
13.78965,51.06718,7,15,1,3,0,1,0,1
13.10649,50.68489,5,15,1,3,0,1,0,0
12.91219,50.6877,9,11,5,3,0,1,0,0
12.11713,50.46505,5,3,7,3,0,1,0,0
12.5877,51.61275,6,3,1,2,1,0,0,0
12.69673,50.78257,5,15,7,2,1,0,0,0
12.30168,50.25194,8,14,6,2,0,1,0,0
12.31879,50.60209,5,10,7,2,0,1,0,0
12.35768,51.34181,5,11,6,3,1,1,0,0
12.04382,50.54448,5,10,7,2,0,1,0,0
13.77672,51.11102,5,10,7,3,1,0,0,0
12.5058,51.13202,5,14,7,3,0,1,0,1
12.39538,51.34108,5,13,7,3,1,1,0,0
12.37839,51.31496,5,22,7,3,1,0,1,0
12.39261,51.33394,5,14,3,3,1,0,0,0
12.56796,51.36046,5,8,7,2,0,1,0,0
14.50248,51.22252,5,18,7,2,1,0,0,0
14.1752,51.36482,5,5,5,3,0,1,0,0
14.80757,50.89907,5,13,7,2,0,1,0,1
13.26068,51.2647,9,16,6,2,0,0,0,1
13.82267,51.06345,8,15,6,3,0,1,0,0
13.20676,51.24184,5,11,7,3,0,1,0,0
13.06045,50.98875,5,20,7,3,0,0,0,1
13.3267,50.87088,5,9,7,3,0,0,0,0
12.68789,50.6101,5,6,7,2,0,1,0,0
12.37235,50.71482,5,17,6,3,0,1,0,1
12.18679,50.60549,5,21,6,3,0,0,0,1
12.23489,50.34944,5,8,6,2,0,1,0,0
12.64197,50.81958,5,17,6,3,0,1,0,0
14.5978,51.53173,5,8,6,3,0,1,0,0
13.92468,51.12869,5,6,6,3,1,1,0,0
14.95403,51.14912,5,14,6,3,0,1,0,0
14.81794,51.21486,5,14,6,3,0,1,0,0
14.00909,51.34683,5,14,6,2,0,1,0,0
12.3675,51.53393,9,9,4,3,0,1,0,1
13.94495,50.93842,5,7,6,3,0,1,1,0
13.4901,51.16717,5,10,6,3,0,1,1,0
13.63544,51.01938,5,14,6,3,0,1,0,0
11.92395,50.53806,8,11,7,3,0,1,0,0
13.73404,51.07494,5,14,6,3,0,1,0,0
13.84266,51.12641,5,14,6,2,1,1,0,0
13.04926,51.16275,5,4,6,3,0,1,0,0
12.7571,50.81475,6,18,2,3,0,1,0,0
12.81206,50.91793,5,11,6,3,0,1,1,0
12.43477,50.76711,5,19,5,3,0,1,0,0
12.41203,50.8265,5,13,5,2,1,1,0,0
12.71632,50.78461,5,0,5,2,0,1,0,0
12.28504,50.61329,9,12,4,3,0,1,0,0
13.72494,51.04395,7,14,4,3,1,1,0,0
12.30752,51.34181,5,9,5,1,1,0,0,0
12.91436,51.22242,5,7,5,3,0,0,0,1
12.55879,51.16034,5,12,5,2,0,1,0,0
14.0521,51.16363,8,17,2,3,0,1,0,0
12.27742,51.40174,5,21,5,3,0,1,0,0
14.81129,50.89179,5,17,5,3,0,1,0,1
13.81618,51.17223,7,17,1,3,0,1,0,0
14.05515,51.09671,5,9,5,3,1,1,0,0
13.22086,50.79854,5,19,6,2,1,0,0,0
13.71043,50.88653,5,13,5,2,1,0,0,0
12.98259,50.87959,8,20,1,2,0,1,0,0
13.69003,51.06309,5,10,5,3,0,0,0,1
13.82114,51.06381,5,19,5,3,0,1,1,0
13.3014,51.05735,5,11,5,2,0,1,0,0
13.72064,51.07585,9,19,3,3,0,0,0,1
13.72987,51.08265,5,10,5,3,0,1,0,1
13.26789,50.93182,5,14,5,2,0,0,0,1
13.01092,50.5742,5,16,5,3,1,1,0,0
12.53379,50.84901,5,0,4,3,1,0,0,0
12.14032,50.48427,5,12,4,2,0,1,0,1
12.61053,51.33666,5,16,4,3,0,1,0,1
13.2631,51.31472,7,18,3,3,1,0,0,0
12.33886,51.33535,5,9,4,3,1,0,1,0
14.66852,50.93451,5,12,4,2,0,0,0,1
14.39741,51.47725,5,13,4,3,0,0,0,1
14.41833,51.097,5,14,4,3,1,0,0,1
13.70505,51.04447,6,18,5,3,1,1,0,0
14.25933,50.98376,5,11,4,3,0,0,0,1
13.5978,51.16292,5,16,4,3,0,1,0,0
13.0967,50.76655,8,18,5,2,0,1,0,1
13.74493,51.32267,5,13,4,3,0,0,0,1
13.79806,50.8103,5,16,4,3,0,0,0,1
13.73883,51.02898,5,10,4,3,1,1,0,0
13.69316,51.08171,5,18,4,3,1,1,0,0
13.85414,50.95882,5,0,4,1,1,0,0,0
12.71377,50.59227,10,14,3,3,0,1,0,0
12.68824,50.70715,5,16,4,2,0,1,0,0
13.101,51.09365,5,15,4,3,0,1,0,0
13.5817,50.95208,9,7,4,2,0,1,0,1
13.01156,50.86467,8,16,7,3,0,1,0,0
13.09572,51.29588,7,10,4,2,0,1,0,1
12.98742,50.60533,5,13,4,2,0,0,0,1
14.07398,51.08522,5,17,7,2,0,1,0,1
13.11611,50.99199,5,21,4,3,0,1,0,0
12.94417,50.49781,5,12,4,1,0,0,0,1
12.50402,50.71714,4,10,3,3,0,1,0,0
12.12877,50.49232,4,22,3,3,1,0,1,0
13.72434,51.05575,9,4,1,3,0,1,0,0
12.35788,50.48254,4,23,3,2,0,0,0,1
12.2696,51.22666,8,8,6,2,0,0,0,1
12.15624,50.36097,4,18,3,2,1,0,0,0
13.00001,51.54148,4,16,3,3,1,1,0,0
12.296,51.33816,6,11,6,3,0,1,0,1
12.66375,51.46728,4,13,3,3,1,1,0,0
12.49365,51.35572,4,15,3,3,0,1,0,0
12.6217,51.45787,4,19,3,2,0,1,0,1
12.41268,51.15189,4,15,3,2,0,1,1,0
14.79901,50.84,4,12,3,3,0,0,0,1
14.04871,51.23135,4,14,3,2,1,1,0,0
12.80628,50.70338,5,13,1,2,0,1,0,1
14.09045,51.29375,4,6,3,3,1,1,0,0
14.93146,51.20993,9,14,1,2,0,1,0,0
14.43716,51.17307,4,8,3,3,0,0,1,0
14.63986,51.50318,4,7,3,2,1,1,0,0
14.52921,51.15738,4,5,3,2,0,1,0,0
13.73964,51.19748,9,14,1,3,0,1,0,0
12.86135,51.62339,8,3,1,2,0,1,0,0
13.91759,50.95887,4,15,3,2,1,0,0,0
13.92057,50.95385,6,14,3,3,0,1,0,0
13.41183,51.16395,4,18,3,2,0,0,0,1
12.33327,51.39371,8,6,6,3,1,1,0,0
13.50533,51.22805,4,18,3,3,0,1,0,1
13.729,51.0593,4,19,3,3,1,1,0,0
13.61189,51.04457,4,7,3,3,1,1,0,0
12.92802,51.14824,8,14,7,2,0,1,0,1
13.45817,51.22574,5,3,4,3,0,1,0,0
13.88993,50.89861,4,15,3,3,0,1,0,1
13.66591,51.03411,4,7,3,3,0,1,0,0
13.75341,51.15802,4,10,3,3,0,1,0,0
13.75896,51.08,4,17,3,3,0,1,0,0
13.5561,51.06107,4,13,3,2,1,1,0,0
13.91733,50.8998,4,20,3,1,0,1,0,0
12.52576,51.28689,7,13,6,3,0,1,0,0
13.18177,51.01271,5,11,1,3,1,1,0,0
12.77446,50.97181,4,19,3,2,1,0,0,0
14.14636,51.15317,8,7,5,3,0,0,0,1
13.12084,50.62981,5,18,6,3,0,1,0,1
13.06577,50.9327,4,10,3,3,0,1,0,1
12.78657,50.56431,4,12,3,3,0,1,1,0
12.84687,50.52933,4,12,3,3,0,1,0,0
12.93902,50.65222,5,16,2,3,0,1,0,0
13.01961,50.59613,4,17,3,3,0,1,0,0
12.38786,51.22183,4,7,3,3,0,1,0,0
12.88907,51.06988,4,10,3,2,0,0,0,1
12.48925,50.73914,4,13,2,3,0,0,0,1
12.37645,50.73975,4,11,2,3,0,0,0,1
13.35625,51.19677,5,14,3,3,0,1,0,0
12.1689,50.61278,4,15,2,3,0,1,0,1
12.41589,50.51045,4,17,2,2,0,0,0,1
12.33679,50.46832,4,11,2,3,0,1,0,0
12.84253,51.48877,4,5,2,2,0,0,0,0
12.53761,51.40792,9,17,6,3,0,1,0,0
12.33801,51.50939,4,16,2,3,0,1,0,0
14.40194,51.17978,8,10,5,3,1,1,0,0
12.28683,51.15141,4,13,2,3,1,1,0,0
14.72338,51.06358,4,11,2,3,0,1,0,0
14.50879,51.05099,4,15,2,3,0,1,0,0
14.96608,51.14181,4,12,2,2,0,1,0,1
14.44528,51.10522,4,9,2,3,0,1,1,0
14.45942,51.09952,4,9,2,3,0,0,0,1
14.49793,51.18242,4,16,2,1,0,1,0,1
12.45091,51.46908,9,7,2,3,0,1,0,0
14.00154,50.90695,4,17,2,2,0,1,0,1
13.64437,50.96141,7,10,1,2,0,1,0,0
13.51788,51.28464,4,7,2,3,0,1,0,1
13.76439,51.1201,4,14,2,3,1,1,0,0
13.51995,51.06058,4,11,2,3,0,1,0,0
13.73547,51.07301,4,8,2,3,1,1,0,0
13.63038,51.10815,4,15,2,3,1,1,0,0
12.47126,51.46105,10,15,6,3,0,1,0,0
13.087,50.83052,4,12,2,3,0,1,0,0
13.01057,50.89997,4,12,2,3,0,1,0,1
13.50221,50.75697,4,16,2,3,1,0,0,0
13.34258,50.94815,4,14,2,2,0,1,0,0
13.01816,50.91468,4,9,2,2,0,0,0,0
12.90834,50.87473,4,8,2,3,0,1,0,0
12.86347,51.06837,4,19,2,2,0,0,0,1
12.19599,50.49986,4,20,1,2,0,1,0,0
12.20206,50.38124,4,17,1,2,0,1,0,0
13.49476,51.05999,9,11,2,3,0,0,0,0
12.72844,50.80171,4,19,1,2,0,1,0,0
12.5408,51.08025,4,14,1,3,1,1,0,0
12.37643,51.34445,10,4,5,2,0,0,0,0
12.5144,50.67428,8,11,7,3,0,1,0,0
12.50543,51.34772,4,6,1,3,0,1,0,0
12.37082,50.34304,9,16,2,3,0,1,0,0
14.86628,51.00351,4,13,1,3,1,0,0,0
13.77763,51.01283,6,15,7,3,0,1,1,0
14.02809,51.24177,4,16,1,2,0,0,0,1
14.2656,51.40311,4,1,1,2,1,0,0,0
13.94011,51.15264,4,15,1,1,0,0,0,1
13.50398,51.35613,4,0,1,2,1,0,0,0
13.76826,51.0157,9,13,6,3,1,1,0,0
13.703,51.08944,4,17,1,3,1,0,0,0
12.33617,50.41464,6,19,5,3,0,1,0,1
13.74465,51.06428,4,14,1,3,1,1,0,0
13.80828,51.3489,4,18,1,1,0,1,0,1
12.64915,50.63332,4,11,1,3,0,1,0,0
12.27551,50.55644,4,19,7,2,0,0,0,1
12.27508,51.38449,4,5,7,3,0,1,0,1
12.35153,51.34045,4,18,7,3,0,1,0,0
14.65493,51.06082,4,13,7,3,1,0,0,0
14.81159,50.89712,4,20,7,2,1,0,0,0
14.01694,51.09751,4,16,7,3,0,0,0,1
14.44171,51.28687,4,15,7,3,0,1,0,0
12.6637,51.46728,8,10,7,3,1,1,0,0
14.29173,51.41492,4,12,7,2,0,0,0,1
12.85907,50.85463,8,10,3,3,0,1,0,0
13.95433,50.88463,4,11,7,2,0,1,0,0
13.42917,51.10687,4,11,7,3,1,1,0,0
13.74684,51.06375,4,22,7,2,0,1,0,1
14.02621,51.00522,6,20,5,3,0,0,0,1
13.7613,51.08337,4,13,7,3,0,1,0,1
13.02863,50.82176,4,9,7,2,0,1,0,0
12.84767,50.92151,4,12,7,3,0,1,0,0
13.40408,50.81918,4,15,7,2,0,0,0,1
12.71536,50.92098,4,8,7,3,0,1,0,0
12.49027,50.73623,4,13,6,3,1,1,0,0
12.80388,51.13048,4,14,6,2,0,1,0,1
13.34052,51.2556,7,11,4,2,1,0,0,0
12.46473,51.30639,4,7,6,3,1,1,0,0
12.92529,50.76155,8,18,6,3,0,1,0,1
13.82504,51.17653,4,15,6,3,0,1,0,0
14.29787,51.46243,4,21,6,3,0,1,0,0
14.46838,51.17423,4,13,6,2,0,1,0,0
14.53258,51.25651,4,5,6,2,0,1,0,0
14.63989,51.5032,4,3,6,2,0,1,0,0
14.9573,51.41655,9,20,1,3,0,1,0,0
13.27985,51.32071,4,15,6,3,0,1,0,1
13.82143,51.16664,9,19,7,3,1,0,0,0
13.07769,50.82088,4,10,6,3,0,1,0,0
12.13017,50.50317,8,14,7,3,1,1,0,0
12.97632,51.56596,8,7,4,2,1,0,0,0
13.18515,51.01261,4,9,6,3,0,1,0,0
13.08067,50.65236,4,15,6,2,0,1,0,0
13.53149,51.05116,7,11,3,3,1,0,0,0
12.7335,50.5632,4,12,6,3,0,1,0,0
12.58572,51.07749,4,14,6,2,0,1,0,0
14.45312,51.1784,6,14,6,3,0,1,0,0
12.25245,50.30073,4,11,5,3,0,1,0,0
12.33201,50.59695,4,7,5,3,0,1,0,0
12.57665,50.7413,4,13,5,2,0,1,0,0
12.39967,51.36207,8,0,7,2,0,0,0,1
12.43066,50.69498,4,15,5,3,0,1,0,0
14.22044,51.03642,9,6,4,3,1,0,0,0
12.726,50.8363,9,7,4,3,0,1,0,0
12.39736,50.83404,4,15,5,2,0,1,0,0
12.45459,51.59217,4,17,5,3,0,1,0,1
12.40106,50.60827,6,16,6,3,0,1,0,0
12.41787,51.16853,4,17,5,2,0,1,0,0
14.78402,50.88172,7,20,7,3,1,0,0,0
12.32971,51.336,4,18,5,3,1,1,0,0
12.26132,51.31522,4,7,5,3,1,1,0,0
13.69968,50.95347,7,6,2,2,0,1,0,1
14.94998,51.14842,6,9,6,3,0,1,1,0
12.17075,51.3244,4,12,5,3,0,1,0,0
12.3943,51.33681,4,19,5,3,0,1,0,0
12.37961,50.83535,6,12,1,3,0,1,0,0
13.99303,51.09792,4,15,5,3,1,0,0,0
14.12909,51.22178,9,16,2,3,0,1,0,1
14.01633,51.18386,4,5,5,3,0,1,0,0
14.03484,51.02548,4,12,5,2,0,1,0,1
13.65857,51.00657,4,15,5,3,0,1,0,0
13.76097,50.99622,4,11,5,3,0,1,0,0
12.26933,51.26235,10,4,1,3,0,1,0,0
13.75543,51.07654,7,7,3,2,1,1,0,0
13.20985,50.6559,4,10,5,3,0,1,0,0
12.31869,51.37566,6,13,6,3,0,1,0,0
13.12671,51.12357,4,18,5,3,0,1,0,0
12.87089,50.94552,7,10,3,3,0,1,0,0
12.93616,50.84532,4,9,5,3,1,1,0,0
12.34159,50.66284,9,16,4,3,0,1,0,0
12.39977,51.36196,8,2,7,2,0,1,0,0
12.82511,50.64548,4,7,5,2,0,1,0,0
12.67128,50.66161,4,12,4,3,0,1,1,0
12.52859,50.67328,4,18,4,3,0,1,0,0
12.40451,50.52841,4,16,4,3,0,1,0,1
12.44227,50.70036,4,13,4,2,0,1,0,0
13.71807,51.03588,8,7,5,3,1,1,0,0
12.11469,50.49627,4,5,4,3,0,1,0,0
12.6807,51.35536,4,12,4,3,0,1,0,0
12.364,51.34297,4,7,4,3,1,0,0,0
12.20527,51.2755,4,11,4,3,0,1,0,0
12.37166,51.37603,4,16,4,3,1,1,0,0
12.5021,50.53633,7,14,4,3,0,1,0,1
12.43351,51.35519,4,23,4,3,0,1,0,0
14.21196,51.25703,4,14,4,2,0,0,1,0
13.73432,51.10726,8,13,2,3,1,0,0,0
14.96058,51.16384,4,17,4,3,1,1,0,0
14.53333,51.21597,4,17,4,2,0,1,0,1
14.38614,51.17949,4,11,4,3,0,1,0,0
14.38473,51.27581,4,11,4,3,0,1,0,0
14.25691,51.44574,10,7,7,3,1,1,0,0
14.52414,51.09854,6,8,3,3,0,1,0,0
13.92748,50.95764,5,13,6,3,1,0,0,0
13.74179,51.04613,4,13,4,3,0,1,0,0
13.72786,51.04313,4,13,4,3,1,0,0,0
12.19875,51.51146,9,14,3,3,0,1,0,0
12.71298,51.22466,7,7,6,3,1,1,0,0
13.72738,51.058,5,20,6,3,0,1,0,0
13.70591,51.05129,4,10,4,3,0,0,1,0
13.7653,50.73642,7,15,1,3,0,1,0,1
13.91459,50.96625,4,17,4,3,0,1,0,0
13.5479,51.17472,6,20,5,2,1,0,0,0
12.53217,50.8207,4,9,3,3,0,1,0,1
13.09722,51.289,4,13,3,3,0,0,0,1
12.48757,51.12082,4,15,3,2,1,0,0,0
12.39797,51.32998,4,8,3,3,1,1,0,0
12.91539,50.67448,6,11,2,3,0,1,0,0
12.34713,51.33956,4,17,3,3,1,0,0,0
14.49676,51.05688,4,22,3,3,0,1,0,0
14.10046,51.44224,4,8,3,2,1,1,0,0
14.97217,51.16423,4,7,3,3,0,1,0,0
14.97778,51.15551,4,7,3,3,0,1,0,0
14.00145,51.09364,9,17,7,3,0,1,0,0
14.0747,50.91895,7,8,3,3,0,1,0,0
13.99249,51.284,4,21,3,1,0,0,0,0
12.80235,50.5358,8,15,4,2,0,1,0,1
14.74147,51.01778,8,14,3,3,0,1,0,0
13.21379,51.2436,4,15,3,2,1,1,0,0
13.00865,51.35826,7,12,3,2,0,1,0,0
13.6091,51.22832,4,10,3,3,1,1,0,0
12.91263,50.82774,5,12,2,3,0,0,0,1
13.53178,51.28837,4,10,3,3,0,1,1,0
14.5823,51.00909,8,12,5,3,0,0,0,1
13.76914,50.95084,6,17,4,3,1,0,0,0
13.02292,50.53924,5,11,6,2,0,1,0,0
13.72438,51.08834,4,17,3,3,1,0,1,0
13.69674,51.04336,5,0,4,3,1,1,0,0
13.74453,51.04887,4,12,3,3,0,1,0,0
13.75917,51.06358,4,11,3,3,0,1,0,1
13.50507,50.92513,7,5,4,3,0,0,0,1
13.3595,50.90918,4,7,3,3,1,1,0,0
13.05312,50.60017,4,12,3,3,0,1,0,0
12.76459,50.88597,4,8,3,3,0,1,0,0
12.84068,50.91838,4,6,3,2,0,1,0,1
13.05692,51.23305,9,13,5,3,0,1,0,0
12.80123,51.50785,4,18,2,3,0,1,0,0
12.21498,51.46516,4,7,2,2,0,1,0,0
12.31819,51.3812,4,11,2,1,1,1,0,0
12.39975,51.36199,8,19,3,2,0,1,0,0
14.42656,51.16698,6,17,3,3,0,1,0,0
12.37487,51.34436,4,16,2,3,1,1,0,1
13.68697,50.93725,8,10,3,2,0,1,0,1
14.78122,50.8993,4,17,2,3,0,1,0,1
14.71306,50.94454,4,10,2,3,0,0,0,0
12.42415,51.35211,8,14,4,3,0,1,0,1
13.9399,50.95749,5,11,5,3,0,1,0,1
13.32272,51.29008,4,18,2,2,0,0,0,1
12.78803,50.77384,9,16,1,2,0,1,0,1
13.70391,51.04311,4,11,2,2,1,0,1,0
13.73259,51.07721,4,18,2,3,1,0,0,0
13.63352,51.08749,4,9,2,3,0,1,0,0
14.28364,51.16786,7,13,3,2,0,1,0,0
12.78869,50.56418,4,6,2,3,0,1,1,0
12.95373,50.49457,4,9,2,3,0,1,0,0
12.7429,50.79052,5,16,3,2,1,0,0,0
12.87236,50.79078,4,8,2,2,0,1,0,0
12.40142,50.41664,4,18,1,2,0,1,0,0
13.108,51.29987,4,17,1,3,0,1,0,0
12.21652,51.30564,4,16,1,3,0,1,0,0
13.68528,51.10083,9,11,5,3,1,1,0,0
14.64903,51.12047,4,4,1,3,0,1,0,0
13.0205,50.82116,4,14,1,3,0,1,0,0
12.45795,50.71796,4,2,7,3,0,1,0,0
12.40061,50.36484,4,13,7,2,0,1,0,0
12.65812,50.81661,4,18,7,3,0,1,0,0
12.4841,51.37577,8,11,7,3,0,1,0,0
12.82408,50.87492,6,15,6,2,0,1,0,0
12.68155,50.6895,4,19,7,2,0,1,0,0
12.26397,51.33776,4,22,7,3,0,1,0,0
13.74729,51.12377,4,10,7,3,0,1,0,0
13.78554,51.06695,4,17,7,3,1,1,0,0
13.74087,51.06478,4,17,7,3,1,0,0,0
13.34258,50.94815,4,12,7,2,0,1,0,0
12.47619,50.5099,4,10,7,3,0,1,0,0
12.72501,51.23799,4,12,6,3,1,0,0,1
12.81929,50.97621,8,20,2,3,0,0,0,1
13.73688,51.06308,8,15,2,3,1,0,0,0
12.47233,50.73618,7,12,7,3,0,1,0,0
12.38283,51.34351,4,19,6,3,0,1,0,0
12.97349,50.93898,5,17,6,3,0,1,0,0
12.48278,51.2486,4,15,6,2,0,1,0,0
14.23589,51.44578,4,5,6,3,1,1,0,0
14.80912,51.29457,4,22,6,3,0,1,0,0
12.80316,50.91575,7,17,3,2,1,1,0,0
14.4746,51.21138,4,7,6,3,0,1,0,0
13.29527,51.3027,4,7,6,3,1,1,0,0
13.81139,50.89357,4,17,6,3,0,1,0,1
14.15413,50.92579,4,19,6,2,0,1,0,0
14.57778,51.14578,6,5,7,2,0,1,0,0
13.17317,50.85787,4,12,6,3,0,1,0,0
12.50111,51.38661,5,11,5,3,0,1,0,0
12.9071,50.8358,4,15,6,3,0,1,0,0
12.86295,50.85663,4,13,6,2,0,1,0,0
12.59667,50.74513,4,21,5,2,0,1,0,1
12.36969,50.34295,4,8,5,3,0,1,0,0
12.49227,50.40328,4,21,5,3,0,1,0,0
13.05728,51.42666,4,17,5,3,0,1,0,0
12.39485,51.34276,4,7,5,2,1,1,0,0
14.39899,51.1797,4,15,5,2,1,0,0,0
14.98087,51.23542,4,18,5,2,0,1,0,0
13.93475,50.96897,9,15,2,3,0,1,0,0
12.49482,51.12552,6,10,2,2,1,0,0,1
13.4982,51.28847,4,9,5,2,1,0,0,0
13.75399,50.76532,4,11,5,3,0,1,0,0
13.72085,51.04131,4,14,5,3,1,0,0,0
13.71311,51.03876,4,9,5,3,0,0,0,1
13.71992,51.01184,4,10,5,3,0,1,0,0
13.67884,50.90154,4,6,5,2,0,1,0,0
14.89908,51.17539,5,18,6,3,0,1,0,0
13.30242,51.02334,4,9,5,2,0,1,0,0
14.30874,51.36927,7,9,4,2,0,1,0,0
14.54635,51.19333,5,10,7,2,0,1,0,0
12.50898,50.67851,4,17,4,3,0,1,1,0
12.44518,50.79779,4,17,4,3,0,1,0,0
12.13134,50.50751,4,16,4,2,0,1,1,0
13.73191,51.07969,8,8,2,3,1,0,0,1
14.8577,50.97189,8,16,3,3,0,1,0,0
12.62081,50.76906,4,6,4,2,0,1,0,0
12.76209,50.79086,4,15,4,3,0,1,0,0
12.57486,50.80712,4,12,4,3,0,1,0,0
12.30214,50.62702,4,13,4,3,0,1,0,0
13.89577,51.06542,5,16,3,3,0,1,0,0
12.47233,50.73621,4,17,4,3,0,1,0,0
14.03438,51.07806,6,12,7,3,0,0,0,1
12.38868,50.50918,4,10,4,3,0,1,0,0
12.33785,50.59363,4,7,4,3,0,1,0,0
13.58983,51.09917,7,17,5,2,0,1,0,0
12.99445,51.37093,4,16,4,3,0,1,0,0
12.8641,50.80929,7,13,2,3,0,1,0,0
12.62895,51.35732,4,12,4,3,0,1,0,0
12.4861,50.7255,8,5,5,2,1,1,0,0
12.35351,51.34118,4,17,4,3,1,1,0,0
12.84056,51.25052,4,17,4,2,0,1,0,0
12.86516,51.34129,4,14,4,3,0,1,0,0
14.15966,51.23675,4,22,4,3,0,1,0,0
13.92543,50.98535,9,11,5,3,0,0,0,1
13.98893,51.15427,4,10,4,3,0,1,0,0
13.29282,51.31117,4,12,4,3,1,0,0,0
13.73828,51.2126,4,14,4,3,0,1,0,0
12.93175,51.18855,4,11,3,3,0,1,0,0
13.29076,51.05346,4,5,4,3,0,1,0,0
13.81645,51.05443,4,15,4,3,1,0,0,0
12.98868,50.91171,4,11,4,2,0,1,0,0
13.057,50.93129,4,18,4,3,0,1,0,0
12.92874,50.82667,9,22,2,3,1,1,0,0
13.55039,51.1751,8,16,4,3,1,0,0,0
12.88225,50.79619,4,11,4,3,0,1,0,0
12.43226,50.69592,4,18,3,2,0,1,0,0
12.37928,51.34416,4,12,3,3,0,1,1,1
12.38792,51.40254,4,7,3,3,0,1,0,0
14.61471,50.99032,4,19,3,3,0,1,0,0
14.6795,51.45265,4,6,3,2,0,1,0,0
12.36688,50.76793,10,15,6,2,1,1,0,0
14.31237,51.20313,4,18,3,3,0,1,0,0
12.34328,51.47684,10,7,3,3,0,1,0,0
14.24158,51.40154,4,9,3,2,0,1,0,0
13.7602,51.02329,4,15,3,3,1,0,0,0
12.37499,51.34436,6,18,1,3,0,1,0,0
13.69726,51.01451,4,19,3,3,0,0,0,0
13.82875,51.05854,4,14,3,3,0,0,0,1
12.79462,51.04778,4,17,3,3,0,1,0,0
14.42697,51.16874,8,9,6,3,0,1,0,1
13.16826,50.65377,4,16,3,3,0,1,0,0
12.99765,50.55884,4,14,3,3,0,1,0,1
12.55552,50.7462,4,7,2,3,0,1,0,0
12.51057,51.1112,5,11,4,2,0,1,0,0
12.55622,50.82849,4,9,2,3,0,1,0,1
12.2797,50.59269,4,7,2,3,0,1,0,1
12.44825,50.58278,9,9,7,3,0,1,0,0
14.32215,51.17892,7,12,5,2,0,1,0,0
12.73997,51.38464,4,5,2,3,0,1,0,0
12.71948,50.90788,8,4,4,3,0,0,0,1
12.14854,50.42464,6,15,5,3,0,1,0,0
12.34458,51.2128,4,15,2,3,0,1,0,0
12.37948,51.28601,4,7,2,3,0,1,0,0
14.10311,51.27892,4,14,2,3,0,1,0,1
13.76929,50.93786,4,18,2,3,0,0,0,1
12.79237,50.73229,4,17,2,3,0,1,0,0
12.83747,50.76266,4,15,2,3,0,1,0,0
12.64852,51.08268,10,15,5,2,0,1,0,0
12.61764,50.47735,4,14,2,3,0,1,0,0
12.94335,50.83143,8,14,6,3,0,1,0,0
12.43504,50.73246,4,18,1,3,1,1,0,0
12.46479,50.45277,4,14,1,3,1,1,0,0
13.85767,50.9551,4,16,3,2,0,1,0,1
12.31293,50.61483,4,12,1,2,0,1,0,0
12.27763,50.55264,10,15,7,2,0,1,0,0
12.64719,51.46368,4,12,1,3,1,1,0,0
12.42472,51.18968,4,16,1,3,0,0,0,1
14.45726,51.15719,8,16,4,3,1,1,0,0
13.60959,50.98308,6,18,7,2,0,1,0,0
12.38025,51.53862,4,16,1,2,0,1,0,0
14.92215,51.11196,4,17,1,3,0,1,0,0
13.95188,50.87858,4,13,1,3,0,0,0,1
13.50503,51.35779,4,10,1,3,1,0,0,0
13.5869,50.94375,4,14,1,2,0,1,0,1
12.63359,50.66621,6,18,6,2,0,1,0,0
13.73937,51.07872,4,13,1,3,1,1,0,0
13.73869,51.06855,4,17,1,3,0,1,0,0
12.76744,50.69958,4,16,1,3,0,1,0,0
13.12898,51.00473,4,1,1,2,0,1,0,0
12.95402,51.20822,4,14,1,2,0,0,0,0
12.74136,50.8062,4,16,7,3,0,1,0,1
12.33753,50.5275,4,19,7,3,0,1,0,1
12.472,50.71082,4,14,2,3,0,1,0,1
12.29318,51.21075,4,14,7,2,1,0,0,0
12.35065,51.34053,6,17,1,2,0,1,1,0
12.30802,51.14393,5,11,4,3,0,0,0,0
12.26352,51.27576,4,1,7,3,0,1,0,0
14.88842,50.9511,6,9,2,2,1,0,0,0
12.39356,51.35135,4,12,7,3,0,1,0,1
12.26683,51.31693,4,21,7,3,1,0,0,0
14.29386,51.09798,6,16,4,3,0,1,0,0
14.61409,50.93812,4,7,7,3,0,1,0,0
14.95631,51.18851,8,8,3,2,0,1,0,0
14.65566,50.86885,4,0,7,3,0,1,1,0
12.9088,50.83138,9,1,2,2,0,1,0,0
14.53094,51.54672,4,14,7,3,1,1,0,0
14.46762,51.04478,4,18,7,2,1,1,0,0
13.99406,51.28433,8,8,4,3,0,1,0,1
14.56676,51.20733,4,14,7,3,0,0,0,1
14.75957,50.86489,8,16,4,3,1,1,0,0
14.39002,51.10834,4,16,7,3,0,0,0,1
14.94064,51.20326,4,18,7,3,0,1,0,0
14.02503,50.98829,4,13,7,3,0,1,0,1
13.40473,51.20087,4,7,7,3,0,1,0,0
13.50246,51.14203,4,6,7,3,0,1,0,0
13.71047,50.97348,4,13,7,3,0,0,0,1
13.76968,50.90863,6,19,3,3,0,0,0,1
13.63278,51.06928,4,15,7,3,0,1,0,0
13.86012,51.17187,8,12,2,3,0,1,0,0
13.69804,51.02257,4,14,7,3,0,1,0,1
12.98671,51.11217,9,7,6,3,0,1,0,0
12.98532,50.98509,4,19,7,3,0,1,0,1
13.21058,50.71202,4,8,7,3,0,1,0,0
13.68103,51.06191,7,13,1,3,0,1,0,0
13.32807,50.65855,4,14,7,2,0,1,0,0
12.89411,50.8578,4,17,7,3,0,1,0,1
12.26739,50.31881,4,12,6,3,0,1,0,0
13.62993,50.98067,9,20,2,2,0,1,0,1
12.39357,51.3537,8,14,5,3,0,1,0,0
12.16102,50.43562,4,12,6,2,0,1,0,1
12.03696,50.40266,4,23,6,2,0,0,0,1
12.23518,50.48592,4,15,6,2,0,1,0,0
13.21926,51.09467,7,15,2,3,0,1,0,0
13.19317,51.27858,4,21,6,3,0,1,0,0
13.16436,50.65078,6,10,2,3,0,1,0,1
14.24416,50.96421,5,19,2,2,0,0,0,1
12.7124,51.46626,4,20,6,2,1,1,0,0
12.2747,51.44043,4,7,6,3,0,1,0,0
13.72151,51.04726,10,15,7,1,0,1,0,0
12.7274,51.36647,4,14,6,3,0,1,0,0
14.99074,51.14508,5,20,6,3,0,1,0,0
12.35572,51.34138,4,8,6,2,1,0,0,0
13.3754,51.32464,5,15,3,3,0,1,0,0
12.34593,51.37518,4,8,6,3,1,1,0,0
12.3783,51.37584,4,15,6,3,0,1,1,0
13.68475,51.06212,6,6,4,3,0,0,0,1
13.7884,51.07011,5,12,2,3,0,1,0,0
12.32806,51.41465,4,14,6,3,0,1,0,0
12.42223,51.54783,4,15,6,2,0,1,0,1
14.80978,50.89309,4,6,6,3,1,1,0,0
14.89415,51.02381,4,17,6,2,0,1,0,0
14.52788,51.5287,4,16,6,3,0,1,0,0
14.72281,51.47529,4,16,6,3,0,1,0,0
12.36219,51.31377,5,10,2,3,0,1,0,0
14.95725,51.13835,4,15,6,3,1,1,0,0
14.1972,51.19309,4,14,6,3,0,1,0,0
14.3979,51.09807,4,15,6,2,0,1,1,0
14.22138,51.03488,4,12,6,3,0,0,0,1
14.19829,51.0057,4,14,6,2,0,1,0,0
12.1212,50.51343,8,20,1,3,1,0,0,0
14.81246,50.90381,6,14,2,2,1,1,0,0
14.23264,51.02385,4,7,6,3,1,1,0,0
13.66973,50.89415,4,14,6,2,0,0,0,1
13.74911,51.06963,4,15,6,3,0,1,0,0
12.36577,50.70946,7,15,6,2,0,1,0,1
13.74506,51.04951,4,7,6,3,1,0,0,0
13.94865,50.89259,9,13,2,3,0,1,0,0
13.76781,51.14611,4,15,6,3,0,1,0,0
14.80495,50.91017,8,15,3,3,1,0,0,0
13.75089,51.13431,4,14,6,3,0,1,0,0
13.67136,50.94461,8,11,7,3,1,0,0,0
13.93153,50.96246,4,7,6,3,0,1,0,0
13.06947,50.85595,4,18,6,3,0,1,0,0
12.81862,50.5164,4,15,6,3,0,0,0,1
12.18563,50.46432,7,1,7,3,0,1,0,0
12.7826,50.7384,4,15,6,3,0,0,0,0
12.92527,50.76157,4,16,6,2,0,1,0,0
12.70059,50.6873,4,15,5,3,0,1,0,0
14.90677,51.12669,9,16,4,3,0,1,0,0
12.48667,50.72024,4,11,5,3,1,1,0,0
12.37113,51.34443,4,20,5,3,0,1,0,0
12.86316,51.24105,8,7,7,2,0,1,0,0
12.69416,50.58008,4,14,7,2,0,1,0,1
12.52867,51.36365,4,10,5,3,0,1,0,1
12.39967,51.36207,4,11,5,3,0,1,0,0
12.43097,51.28112,4,13,5,3,0,1,0,0
14.78787,50.89916,4,10,5,3,0,1,0,0
13.79153,50.81085,6,15,4,3,0,1,0,0
13.86408,51.24274,4,10,5,3,0,1,0,0
14.4416,51.13573,4,6,5,3,0,1,0,0
14.44145,51.14005,4,6,5,2,1,0,0,0
13.82851,50.86577,4,15,7,2,0,0,0,1
13.5676,51.15099,4,22,5,2,1,1,0,0
13.55027,51.12901,4,15,5,3,1,1,0,0
13.80358,51.26461,4,18,5,3,1,1,0,0
13.62911,50.97918,4,11,5,3,0,1,0,0
13.72483,51.05614,4,17,5,3,1,1,0,0
13.73833,51.2126,4,7,5,3,0,1,0,0
13.85128,51.02583,7,15,1,2,1,0,0,0
13.94042,50.95171,5,7,5,3,1,1,0,0
13.8168,50.98714,4,21,5,2,0,1,0,0
13.86665,51.10386,4,7,5,3,0,1,0,1
13.93485,50.95071,5,17,2,3,0,0,0,1
13.33878,50.92205,4,17,5,3,0,1,0,0
13.32235,51.31834,7,23,3,2,1,0,0,0
12.95194,50.55959,4,16,5,3,0,1,0,1
12.77238,50.80984,4,10,5,3,1,1,0,0
12.99014,50.83278,4,7,5,2,0,1,0,1
13.11965,51.11864,4,16,4,3,0,1,1,0
12.92875,50.82667,4,7,5,3,1,1,0,0
13.37786,51.32492,9,10,2,3,0,1,0,0
12.48486,51.17909,6,2,6,3,0,0,0,1
13.06133,50.93723,4,13,5,3,0,1,0,0
14.45888,51.24785,5,14,7,3,0,0,0,1
12.41344,50.60143,4,15,4,3,0,1,0,0
12.50363,51.12748,4,16,4,3,0,1,0,0
14.66082,51.52124,4,19,4,2,0,1,0,0
13.60129,51.3004,5,7,2,3,0,1,0,0
14.13434,51.44349,4,20,4,2,0,0,0,1
13.07025,51.31753,7,15,7,2,1,1,0,0
14.24436,51.38178,4,7,4,3,1,1,0,0
14.42061,51.17958,4,16,4,3,1,1,0,0
13.88021,51.15918,4,16,4,2,0,1,1,0
13.82878,51.05855,4,7,4,3,1,1,0,0
13.729,51.0593,4,19,4,3,1,1,0,0
13.09408,50.82799,4,16,6,2,0,0,0,1
12.80747,51.0229,4,15,4,2,0,1,0,0
12.96228,50.96834,4,15,4,3,0,1,0,0
13.40503,50.83031,4,9,4,1,0,1,0,0
12.73753,50.63068,4,10,4,2,1,1,0,0
13.72327,51.08974,4,15,6,3,0,1,0,0
12.94355,50.84812,4,9,4,3,1,0,0,0
12.76997,50.80976,4,14,4,2,0,1,0,1
12.3769,50.73823,4,19,3,3,0,1,0,0
13.69968,50.95348,8,6,5,2,0,1,0,1
12.21965,50.50385,4,17,3,2,0,1,0,0
12.00052,50.50844,4,21,3,2,0,1,0,0
12.41332,50.82712,9,10,5,3,0,1,0,0
12.64189,50.83595,4,16,3,2,0,1,0,0
12.9883,51.5593,4,15,3,3,1,1,0,0
12.72848,51.249,4,15,3,3,0,1,0,0
12.70303,51.05165,4,11,3,3,0,1,0,1
12.27886,51.41455,4,4,3,3,1,1,0,0
12.34053,51.4142,4,10,3,3,0,1,0,0
14.77727,50.90168,4,17,3,2,1,0,0,0
14.52719,51.03689,4,7,3,2,0,1,0,1
14.26754,51.16094,4,6,3,3,1,0,1,0
13.68962,51.06875,8,13,7,3,1,1,0,0
14.2651,51.09804,4,5,3,3,1,1,0,0
14.19879,51.0657,4,18,3,3,1,1,0,0
13.84569,51.16148,9,10,2,2,1,1,0,0
13.28428,51.28566,4,10,3,3,0,1,0,0
12.57026,50.65415,8,14,2,2,0,1,0,0
12.40376,50.5324,4,10,5,3,0,1,0,0
13.53458,51.05126,4,17,3,3,1,1,0,0
13.83273,50.98445,4,18,3,3,0,1,0,1
13.79104,51.12153,4,6,3,3,1,1,0,0
13.8674,50.90592,4,18,3,2,0,0,0,1
12.61398,51.44335,4,17,2,3,0,0,0,0
12.7468,50.74195,4,7,3,2,0,1,0,0
12.80209,51.04838,4,11,3,3,0,1,0,1
13.68964,51.07034,8,18,5,2,0,1,0,0
12.38784,51.22151,7,16,3,2,0,1,0,0
12.96727,50.64342,4,12,3,3,0,1,0,0
13.01315,50.54967,4,14,3,3,0,1,0,1
12.90411,50.82565,7,6,5,2,1,1,0,0
13.05157,50.90813,4,15,3,3,0,1,0,0
13.52652,51.28904,6,12,4,3,0,1,0,1
12.71671,50.89192,4,16,2,3,0,1,0,1
12.67172,50.80437,4,15,2,2,0,1,0,1
13.65535,51.06819,4,14,7,3,1,1,0,0
12.25163,50.58203,4,12,2,3,0,1,0,1
12.34807,50.46662,4,14,2,2,0,0,0,0
12.40658,51.3141,4,15,2,2,1,1,0,0
12.80422,51.27791,4,9,2,2,1,1,0,0
12.28782,51.33186,4,11,2,2,0,1,0,0
12.51055,51.11126,7,16,3,3,0,1,0,0
14.63092,50.97914,4,11,2,3,0,1,0,0
13.99223,51.09773,4,23,2,3,1,1,0,0
14.76805,51.29106,4,6,2,3,0,1,0,0
14.15861,50.92207,4,17,2,3,1,0,0,0
13.24909,51.31136,4,15,2,2,0,1,0,1
13.34537,51.32196,9,5,3,3,0,1,0,0
13.94195,50.99957,4,7,2,3,0,0,0,1
14.62886,51.02957,8,12,6,3,0,1,0,0
13.63037,51.10815,4,12,2,3,0,1,0,0
13.6907,51.07835,4,7,2,3,0,1,0,0
12.43944,51.29462,5,11,4,3,0,1,0,0
13.71804,51.09778,4,15,2,3,0,1,0,0
13.86594,51.1039,4,15,2,3,0,1,0,0
13.83306,51.05938,4,15,2,3,1,0,0,0
14.10659,51.27328,6,15,2,3,0,0,0,1
13.67978,51.16391,4,14,2,3,1,1,0,0
12.71698,50.74911,4,15,2,3,1,1,0,0
13.74684,51.06432,9,7,4,3,1,1,0,0
12.92617,50.73357,4,22,2,3,0,0,0,1
13.74676,51.12266,5,7,2,3,0,1,0,0
13.05744,50.70218,4,7,2,3,0,1,0,0
13.31855,50.93229,4,10,2,3,0,1,0,0
12.67106,50.89903,5,15,4,3,0,1,1,0
12.50261,50.50369,4,10,2,2,0,1,0,0
12.92192,50.83088,4,13,2,3,0,1,0,0
12.40184,51.35135,6,7,4,3,1,1,0,0
12.96632,50.64143,4,13,2,2,0,1,0,1
13.08565,50.84889,4,15,2,1,0,0,0,1
12.96618,51.10464,4,14,2,2,0,1,0,0
14.23613,51.22053,4,14,4,3,0,1,0,0
12.64674,50.76369,4,12,1,3,0,0,0,1
12.65862,51.34559,4,14,1,3,0,1,0,1
14.22749,51.42328,9,14,2,3,1,0,0,0
12.37318,51.31478,5,18,1,3,1,1,0,0
12.30033,51.29271,4,14,1,2,0,1,0,1
14.53769,51.54359,4,9,1,3,0,1,0,0
13.37571,50.9134,7,12,3,3,0,1,0,0
13.69023,51.07517,6,15,4,3,0,1,0,0
13.91284,51.17012,4,21,1,3,0,1,0,0
13.86126,51.17185,4,17,1,2,0,1,0,0
13.63471,51.10749,4,14,1,3,1,1,0,0
13.71248,50.78777,4,17,1,3,0,1,0,1
13.03631,50.96499,8,12,7,2,1,0,0,0
13.58172,50.95199,4,15,1,2,0,1,0,1
13.53407,51.29815,6,15,5,3,1,0,0,0
13.78488,51.1147,4,10,1,3,0,1,1,0
14.75657,50.87049,6,17,5,3,0,0,1,0
13.88145,50.80885,4,1,1,2,0,1,0,0
14.41719,51.17939,7,16,5,3,1,0,0,0
13.29142,51.25012,4,14,1,2,0,1,0,1
12.85803,50.75615,4,14,1,3,0,1,0,1
12.74351,51.09163,4,14,1,2,0,0,0,1
13.73773,51.06156,8,18,7,3,0,1,0,0
13.37283,50.86754,4,15,1,3,0,0,0,1
13.54382,50.78633,4,15,1,2,0,0,0,1
12.72352,50.45604,4,11,1,1,0,0,0,1
12.386,50.81731,4,13,7,3,0,1,0,0
12.56981,50.654,4,16,7,2,1,0,0,0
12.33736,50.39882,4,12,7,3,0,1,0,0
12.93065,51.56584,4,18,7,3,0,1,0,1
12.79634,51.50769,4,0,7,3,1,0,0,0
12.45878,51.19863,4,13,7,3,1,0,0,1
12.25552,50.54107,7,14,2,3,0,1,0,0
12.48819,51.35872,4,18,7,3,0,1,0,0
14.63259,51.04164,4,14,7,3,0,0,0,1
14.02048,51.15184,6,18,3,3,1,0,0,0
14.66628,51.09376,4,15,7,3,0,1,0,1
14.71179,51.50225,4,7,7,2,0,1,0,1
13.25221,50.89994,8,1,7,2,1,0,0,0
14.61627,51.38041,4,13,7,3,0,0,0,1
13.87738,51.1607,4,1,7,2,1,0,0,0
14.25065,51.44234,4,17,6,3,0,1,0,0
13.99777,51.03328,4,15,7,3,0,1,0,0
14.54704,51.14438,4,8,5,3,0,1,0,0
13.87595,50.96817,4,17,7,3,0,0,0,1
14.70075,50.97302,6,18,2,3,0,1,0,1
13.57453,51.13912,4,9,7,3,1,0,0,0
13.73788,51.06966,4,15,3,3,1,1,0,0
13.6137,50.82445,4,13,7,2,0,0,0,1
13.83365,51.03673,4,15,7,3,0,1,0,0
13.68056,51.15481,4,11,7,3,0,1,0,1
12.71158,50.76764,4,16,7,3,0,0,0,1
13.06384,50.65691,4,13,7,3,1,0,0,0
12.50863,50.46737,4,14,7,3,0,0,0,1
14.4405,51.12289,9,12,3,2,0,1,0,1
12.94412,50.57986,4,13,7,3,0,0,0,1
12.85138,50.86473,4,15,7,3,1,1,0,0
12.3596,50.33592,9,16,5,3,0,1,0,0
13.10645,50.98171,4,10,7,2,0,1,0,1
12.39446,51.31463,9,13,3,3,0,1,0,0
12.18276,50.56006,5,18,6,2,1,0,0,0
13.55428,51.11599,4,16,7,3,0,0,0,1
13.14261,50.98409,4,16,7,2,0,1,0,1
12.43884,50.72116,4,15,6,3,0,1,0,0
12.50395,50.71654,4,11,6,3,0,1,0,0
12.5322,50.61731,4,16,6,3,0,1,0,1
12.47387,51.35156,4,20,6,3,0,1,0,0
13.06961,50.95552,10,19,6,3,0,1,0,0
12.45767,51.35036,4,14,6,2,1,0,0,0
14.63995,51.50325,9,14,6,3,1,1,0,0
12.23897,51.54913,8,11,3,3,0,1,0,0
12.45158,51.20888,4,13,6,3,0,1,0,0
14.79585,50.89154,4,0,6,3,0,1,0,0
13.88909,51.26584,4,7,6,3,0,1,0,0
14.19708,51.13075,4,16,6,3,1,0,0,0
14.81468,51.03545,10,16,3,3,0,1,0,0
14.80781,51.24317,4,17,6,2,0,1,0,1
14.20358,51.14129,8,7,3,3,1,1,0,0
13.87168,50.95154,4,16,6,2,0,1,0,0
12.35146,51.37515,5,17,4,3,0,0,0,0
13.67964,51.0626,4,18,6,3,0,1,0,0
12.37591,51.3444,9,15,7,3,0,1,0,0
12.92527,51.39823,8,13,7,3,0,0,0,1
13.88617,51.06204,4,13,6,3,0,1,1,0
13.72767,51.04309,10,10,5,3,1,0,0,0
13.83465,51.05887,4,10,6,3,0,1,0,0
13.78553,51.15667,4,15,6,3,0,1,0,0
14.06603,50.91284,4,17,6,2,0,0,0,1
13.58055,51.12615,7,7,3,3,1,1,0,0
12.96618,50.99148,5,18,7,3,0,0,0,0
12.25656,51.46353,5,10,1,3,0,1,0,0
12.80813,51.04392,4,14,6,3,0,1,0,0
13.00789,50.86235,4,11,6,3,0,1,0,0
12.91249,50.82769,4,21,6,2,0,1,0,0
13.34963,50.90738,9,17,5,3,0,1,0,1
13.19736,51.00125,4,10,6,3,0,1,0,0
12.40864,50.67676,4,14,5,3,0,1,0,0
12.29427,51.29097,4,13,5,3,0,1,0,0
12.32378,51.37943,4,11,5,2,0,1,0,0
14.78565,50.8991,4,22,5,3,0,1,0,0
14.76122,50.86655,4,9,5,3,0,1,0,0
12.70196,50.77535,9,12,6,3,0,1,0,1
13.89298,51.17099,4,8,5,2,0,1,0,0
13.37378,51.39837,7,18,6,3,1,0,0,0
14.66269,51.49131,4,6,5,2,1,0,0,0
13.30966,51.30175,4,19,5,3,0,1,1,0
13.9085,50.95684,4,12,5,2,0,0,1,0
13.71912,50.96637,4,16,5,3,0,1,0,0
13.76998,50.9055,4,11,5,3,0,1,0,0
13.44975,51.06051,4,18,5,2,0,1,0,0
14.72721,51.52641,9,16,4,3,1,1,0,0
14.23174,51.13076,9,21,3,2,0,1,0,0
13.73431,51.0616,4,21,5,2,1,0,1,0
13.72478,51.0879,4,15,5,3,0,1,0,0
12.76124,50.82132,6,11,7,2,0,1,0,0
12.82257,50.64043,4,11,5,2,0,1,0,0
12.78197,50.8807,4,6,5,3,0,1,0,0
13.31353,50.90594,4,15,5,3,0,1,0,1
13.90755,51.15536,6,14,3,3,0,1,0,0
12.91397,51.17573,4,8,5,3,0,1,0,0
12.91468,50.8181,4,16,5,3,0,1,0,0
12.85639,50.81834,4,12,5,3,0,1,0,0
12.73975,50.79031,8,5,3,3,0,1,0,0
11.98839,50.49686,4,8,4,2,0,1,0,0
13.10395,51.59044,4,16,4,3,0,1,0,0
13.01687,51.27763,4,8,4,3,0,1,0,0
12.4587,51.5714,4,5,4,3,0,1,0,0
12.39193,51.3465,4,14,4,3,0,1,0,0
13.0787,51.16789,4,13,4,3,0,0,0,0
12.90373,51.12389,7,6,2,3,0,1,0,0
12.48394,51.36116,4,15,4,3,0,1,0,0
13.82679,51.18095,4,9,4,3,1,1,0,0
12.9177,50.631,7,17,1,2,0,0,0,1
13.88024,51.24704,4,16,4,3,0,1,0,1
14.40362,51.24601,4,9,4,3,1,1,0,0
13.68976,51.07125,4,13,4,3,0,1,0,0
13.72793,51.1144,4,14,4,3,0,1,0,0
13.87906,51.01335,4,17,4,3,0,1,0,0
12.14476,50.49537,7,21,4,3,1,1,0,0
13.84612,51.06006,4,14,4,2,0,1,0,0
13.50738,51.24485,4,5,4,3,0,0,0,1
13.3069,50.90285,4,19,4,3,0,1,0,0
13.08955,50.51421,4,7,4,3,0,1,0,0
13.16452,50.90522,9,16,1,2,0,1,0,0
12.48723,50.74488,5,15,6,2,0,1,0,0
13.16045,51.00017,4,12,4,2,0,1,0,0
12.69951,50.58916,5,17,5,3,0,1,0,1
12.81225,51.1245,4,9,3,3,0,1,0,0
13.08058,50.8462,6,15,2,3,0,1,0,1
12.36619,51.34355,4,18,3,3,1,1,0,0
12.42872,51.30208,4,16,3,3,0,1,0,0
12.9177,50.63098,8,17,3,3,0,0,0,1
12.33108,51.2044,4,6,3,3,0,1,0,0
14.67053,50.88263,4,15,3,3,0,1,0,0
12.78971,50.81146,7,9,1,3,0,1,0,1
14.60476,51.09894,4,18,3,3,0,1,0,0
14.21121,51.25711,4,16,3,2,0,1,0,0
14.41359,51.18996,4,17,3,3,0,1,0,0
14.68072,51.45996,4,13,3,2,0,0,0,0
13.49251,51.16697,4,14,3,3,1,1,0,0
13.70745,51.05846,9,14,4,3,1,0,0,0
13.70167,51.09103,4,10,3,3,1,0,0,0
13.73701,51.06315,4,8,3,3,0,1,0,0
13.74555,51.11917,4,8,3,3,0,1,0,0
14.99281,51.14473,9,16,2,3,1,1,0,0
13.73731,51.08539,4,12,3,3,0,1,0,0
13.29056,50.74469,5,10,5,2,0,1,0,1
13.61412,51.03828,4,17,3,3,0,1,0,0
13.35896,51.35735,5,14,5,2,0,1,0,0
12.9219,50.83087,4,16,3,3,1,0,0,0
12.84574,50.79348,4,14,3,2,0,1,0,0
12.93524,50.54823,4,15,3,3,0,1,0,0
12.48711,50.64942,4,16,2,3,0,1,0,1
14.09277,51.04878,4,10,2,2,0,0,0,1
12.79034,51.05556,4,17,2,3,1,0,0,0
12.69665,50.66359,3,21,1,3,0,1,0,0
12.63592,50.75028,3,12,1,3,0,1,0,0
13.7918,51.12556,7,16,2,3,0,1,0,0
12.4758,51.37275,3,23,1,2,0,1,0,0
14.39265,51.24407,3,11,1,3,1,1,0,0
13.30221,51.20947,3,22,1,3,0,1,0,0
13.70696,51.08453,3,20,1,3,1,0,0,0
12.70283,50.72563,3,10,1,3,0,1,0,1
13.76431,50.76263,9,12,4,2,0,1,0,0
12.95112,50.55842,6,10,4,3,0,0,0,0
12.50064,50.61681,3,11,7,3,1,1,0,0
12.73043,51.25559,8,12,3,3,0,1,0,0
12.51316,50.86345,3,22,7,3,0,0,0,1
12.6492,51.46423,3,19,7,3,1,1,0,0
14.77203,51.30429,9,9,5,3,1,1,0,0
12.27522,51.5359,3,21,7,3,0,1,0,0
12.42353,51.12345,3,12,7,3,1,0,0,0
13.05126,51.58077,3,11,7,2,0,1,0,0
14.0164,51.18394,3,21,7,3,0,1,0,0
12.91777,50.63117,8,12,5,2,0,0,0,1
14.4287,51.181,3,13,7,3,1,1,0,0
13.72745,51.07151,5,12,6,3,0,1,0,0
14.26651,51.1486,3,19,7,3,0,0,0,1
12.86284,50.90641,5,15,6,3,0,0,0,1
14.03984,51.10944,3,18,7,3,0,1,0,0
13.40057,51.29775,3,15,7,2,1,0,0,0
13.55523,51.17252,5,13,3,3,0,1,0,0
13.73267,51.00728,3,22,7,2,0,1,0,0
13.27521,51.0824,3,12,7,3,0,1,0,0
13.73718,51.02918,6,12,2,3,1,0,0,0
13.5932,51.09132,3,16,7,3,0,0,0,1
12.7,50.79988,5,9,2,3,0,1,0,0
12.65861,50.74923,3,10,7,3,0,1,0,0
12.69628,50.91834,3,8,7,3,0,1,0,0
12.27456,51.39677,3,11,1,3,0,1,0,0
12.26798,51.54121,3,21,6,3,0,1,0,0
14.81235,50.90601,3,5,6,3,0,1,0,0
13.29318,51.30781,5,19,7,3,1,0,0,0
12.23826,50.52485,5,20,4,3,0,1,0,0
14.62201,51.1574,3,3,6,2,0,1,0,0
13.95574,51.0217,3,18,6,3,0,0,0,1
14.00914,50.89593,3,17,6,3,0,1,0,0
13.48837,51.16659,7,20,7,3,0,1,0,0
13.72312,51.08996,3,12,6,2,0,1,0,0
13.74036,51.06471,3,3,6,3,0,1,0,0
14.22826,51.33119,4,10,3,3,0,0,0,1
13.80584,51.12459,3,12,6,2,1,0,0,0
13.3025,50.84888,3,14,6,3,0,1,0,0
13.37378,51.11658,9,12,1,3,0,1,0,0
13.25307,50.80831,7,14,1,2,0,1,0,0
12.84604,50.83646,3,10,6,3,0,1,0,0
12.49366,50.7049,3,15,5,3,0,1,0,0
12.32581,50.75563,3,11,5,2,0,1,0,0
14.13309,51.44358,8,14,6,3,0,1,0,0
12.48218,50.73136,3,13,5,3,0,1,0,0
12.49168,50.71651,3,11,5,3,0,1,1,0
14.75015,51.01044,3,9,5,3,0,0,0,1
14.80934,50.89891,4,14,2,3,0,0,0,1
14.7704,50.87082,3,14,5,3,0,1,0,0
14.73459,51.08101,3,19,5,3,0,1,0,1
13.73168,51.22291,8,19,6,2,0,1,0,0
14.10197,51.29792,3,13,5,3,0,1,0,0
12.61206,50.86622,5,10,7,3,0,1,0,0
14.03261,51.02028,3,7,5,3,0,1,0,0
13.46983,51.1571,3,4,5,3,1,1,0,0
13.70376,51.05063,3,19,5,3,0,1,0,0
13.78701,51.00659,3,16,5,3,1,1,0,0
13.9141,51.26433,10,10,4,3,0,1,0,0
13.75073,51.07142,3,17,5,3,1,1,0,0
13.42936,51.14281,3,13,5,3,0,1,0,0
13.81579,51.05364,3,7,5,3,1,0,0,0
12.74366,50.73444,3,16,5,3,0,1,0,1
12.84518,50.70454,10,15,4,3,1,1,0,0
13.76832,51.01525,5,14,6,3,1,1,0,0
12.89794,50.84815,3,22,5,3,0,1,1,0
12.93013,50.83502,3,15,5,3,0,1,0,0
13.73913,51.0589,10,22,5,3,1,0,0,0
14.04405,51.38684,8,14,1,2,0,1,0,0
13.12738,51.38665,6,18,2,3,0,0,0,1
12.21195,50.36975,3,11,4,3,0,1,0,0
12.72903,50.78859,3,14,4,2,0,1,0,1
12.46908,50.35648,3,16,4,3,0,1,1,0
12.47132,51.56076,3,6,4,3,0,0,0,1
12.73143,51.2564,3,16,4,3,0,1,0,0
12.37699,51.3445,3,10,4,3,0,1,0,0
12.72844,50.80171,5,8,2,3,1,1,0,0
12.37186,51.34408,3,6,4,2,0,1,0,1
12.31629,51.30059,3,11,4,3,1,1,0,0
12.31926,51.37555,3,16,4,2,1,0,0,0
13.0034,50.63866,6,20,1,2,0,1,0,0
12.21383,51.45509,3,9,4,1,0,0,0,0
14.33884,51.12235,8,10,2,3,0,1,0,0
13.81923,51.20999,6,18,7,3,1,1,0,0
12.46578,51.19284,3,19,4,1,0,0,1,0
14.65003,51.51143,3,10,4,3,0,1,0,0
13.01866,51.39055,5,14,2,3,0,1,0,0
14.498,51.18244,3,13,4,3,0,1,0,0
14.49132,51.25993,3,12,4,3,0,1,0,0
13.49416,51.17242,3,14,4,3,1,1,0,0
12.80821,51.04394,6,16,6,3,1,1,0,0
13.76987,50.95213,3,12,4,3,0,1,0,0
12.22389,51.38534,6,17,1,3,1,0,0,0
12.78841,50.55984,3,14,4,3,0,1,1,0
12.97822,50.79779,3,6,4,3,0,0,0,1
12.75842,50.82095,3,11,4,3,0,1,0,0
12.78437,50.74078,3,16,4,2,0,1,0,0
12.70848,50.78312,4,18,3,3,1,0,0,0
12.45796,50.71797,3,8,3,3,0,1,0,0
12.42163,50.69905,3,14,3,3,1,1,0,0
12.39739,51.36961,3,17,3,3,1,0,0,0
14.78961,50.89915,3,6,3,3,0,1,0,0
14.02825,51.19237,3,18,6,2,0,1,0,0
14.67405,51.03307,3,12,3,2,0,1,0,0
12.5437,51.31226,8,8,7,2,0,0,0,1
14.27187,51.42934,7,17,6,2,0,1,0,1
14.61027,50.98038,3,16,3,3,0,1,1,0
13.96097,51.14875,3,15,3,3,0,1,0,0
14.49186,51.26036,3,6,3,3,0,1,0,0
13.71491,50.98933,9,12,3,3,0,1,0,0
14.48348,51.09709,3,9,3,3,0,1,0,0
13.34264,51.19194,3,6,3,3,0,0,0,1
13.49183,51.16704,3,15,3,3,1,1,0,0
13.06146,50.93752,7,8,4,3,0,1,0,0
13.84987,51.03176,5,18,1,3,1,0,0,0
13.55386,51.0649,3,18,3,2,1,0,0,0
14.46974,51.05548,9,14,1,1,0,0,0,1
13.80186,50.99409,3,17,3,3,0,1,0,0
12.82143,50.68473,3,10,3,3,0,1,0,0
12.71983,51.05444,3,12,3,3,0,1,0,0
13.67332,50.87574,7,14,3,3,0,0,0,1
13.72258,51.03349,7,16,2,3,1,1,0,0
13.82508,51.15872,3,13,4,2,0,1,0,1
12.93659,50.51003,3,8,3,3,0,1,0,1
14.44681,51.17753,6,17,2,3,1,0,1,0
12.46523,50.37726,3,16,2,3,0,1,0,0
12.31301,50.61478,3,7,2,3,0,0,0,0
13.30242,51.02334,9,6,4,3,0,1,0,0
12.42335,50.49417,3,11,2,2,0,1,0,0
13.64621,50.99536,4,15,3,3,1,1,0,0
12.54647,51.31147,3,16,2,3,0,1,0,0
14.06614,51.37048,7,15,2,3,1,0,0,0
12.8042,51.27791,3,14,2,2,0,1,0,0
14.86267,51.10926,6,8,5,2,0,1,0,0
14.14135,50.99935,3,15,2,2,0,1,0,0
12.71017,50.59625,6,16,7,3,0,1,0,0
13.47131,51.00753,3,14,2,3,0,1,0,0
13.0617,50.74244,6,8,5,2,1,0,0,0
13.75896,51.06354,3,12,2,3,0,1,0,0
13.61094,51.11483,3,5,2,2,1,0,0,0
12.98513,50.98526,3,11,2,3,0,1,0,0
14.06886,51.37462,4,9,2,3,1,1,0,0
12.68573,51.02502,3,10,2,2,0,1,0,0
13.84648,51.23477,6,11,4,3,0,0,0,1
12.81795,50.91747,3,17,2,3,0,0,0,1
12.17344,50.41275,3,12,1,3,0,1,0,0
12.36956,51.40939,3,9,1,3,0,1,0,0
12.78449,50.53392,7,17,6,3,0,1,0,0
13.7964,50.84646,3,3,1,3,0,1,0,0
13.44346,51.16271,4,16,2,3,0,1,0,0
13.74212,51.06467,3,9,1,3,1,0,0,0
14.53046,51.33655,6,15,1,3,0,1,0,0
12.13432,50.58383,3,19,7,3,0,1,0,0
13.72528,51.07286,6,6,7,3,1,0,0,0
12.99652,51.55758,3,16,7,3,0,0,0,1
12.39664,51.3536,7,22,4,3,1,1,0,0
12.30406,51.18368,3,17,7,2,0,1,0,0
12.31651,51.30057,3,12,7,3,0,1,0,0
14.38854,51.09571,3,12,7,3,0,1,0,0
12.46969,51.37044,9,10,7,3,0,1,0,0
13.88839,50.97779,3,19,7,3,1,0,0,0
12.97024,50.48487,8,7,2,3,0,0,0,0
13.69192,51.08435,3,0,7,3,0,1,0,0
13.48031,51.05925,3,12,7,2,0,1,0,0
13.87988,51.11025,3,11,7,3,0,1,0,0
12.78453,50.72218,3,10,7,3,0,1,0,0
13.73564,51.06231,7,19,7,2,0,1,0,0
13.45129,50.64948,3,7,7,3,1,1,0,0
12.63713,50.733,3,13,6,3,0,0,0,0
12.96873,50.60845,4,7,5,2,0,1,0,0
12.80214,51.56641,3,8,6,2,0,1,0,0
12.80306,51.12704,3,12,6,3,0,1,0,0
13.68329,51.13701,3,17,3,3,0,1,0,1
12.50538,51.38927,3,21,6,3,0,1,0,0
12.30778,51.41546,7,16,1,2,0,0,0,1
14.4458,51.17664,3,0,6,3,1,0,0,0
13.45899,51.06031,9,14,1,2,0,1,0,0
14.23891,51.42726,7,10,5,2,0,1,0,0
13.92526,50.99741,3,17,6,3,0,0,0,0
13.60328,51.19415,3,16,6,3,1,0,0,0
13.76377,51.06454,3,20,6,3,1,0,0,0
13.70462,51.01506,3,11,6,2,0,1,0,1
13.55039,51.1751,3,21,6,2,0,1,0,1
13.71656,51.07759,3,20,6,3,1,0,0,0
12.70913,50.69135,3,9,6,3,0,1,0,0
12.94073,50.84622,3,15,6,2,0,1,0,0
12.32172,50.22278,3,19,5,2,0,1,0,0
12.20483,50.37715,3,0,5,3,0,1,0,0
12.75419,50.70521,9,16,6,3,0,1,0,0
14.91256,51.02195,7,15,6,2,0,0,0,1
14.67072,51.10686,5,15,2,3,0,1,1,0
13.108,51.29987,3,11,5,2,0,1,0,0
12.90638,50.8387,9,23,7,3,0,1,0,0
12.72304,51.38594,3,22,5,2,0,1,0,0
14.68279,51.10309,5,12,2,3,0,1,0,0
12.72371,51.44377,3,13,5,3,0,1,0,0
12.85312,51.42757,3,16,5,3,1,1,0,0
12.50364,51.12748,3,9,5,3,1,1,0,0
12.31353,51.37663,3,17,5,3,0,1,0,0
12.38559,51.37614,3,7,5,3,1,1,0,0
12.26862,51.26305,3,12,5,2,0,1,0,0
12.53285,51.09055,4,20,6,3,0,1,0,0
12.69751,51.23199,3,9,5,3,0,1,0,0
14.81254,50.90582,3,13,5,3,0,0,0,1
14.53917,51.54414,3,17,5,2,1,0,0,0
15.00557,51.18204,3,5,5,3,0,1,0,0
12.20064,51.30397,6,14,4,3,0,1,0,0
13.86632,50.97151,3,7,5,3,0,1,0,0
12.24544,51.38905,6,9,6,3,1,1,0,0
14.06013,51.19855,5,19,1,2,1,0,0,0
13.93315,50.95649,3,8,5,3,0,1,0,0
13.79278,50.98194,6,15,4,3,1,0,0,0
13.7651,51.00346,5,14,2,2,0,1,0,1
13.74698,51.05177,3,16,5,3,1,0,0,0
13.91468,50.90036,9,9,6,2,0,1,0,0
13.6898,51.07035,3,7,5,3,1,0,0,0
13.7222,51.05408,3,8,5,3,1,1,0,0
13.33379,51.06252,3,10,5,3,0,1,0,0
13.66092,51.10612,3,14,5,3,0,0,0,0
12.83113,50.55263,3,14,5,2,0,1,0,0
12.45211,50.7191,3,7,4,3,0,1,0,0
12.39228,51.34543,3,13,4,3,0,1,0,0
12.86515,51.34129,3,17,4,2,0,1,0,0
13.10215,50.80248,5,7,6,3,1,0,0,0
14.44787,51.17975,5,8,3,3,0,1,0,0
14.86909,51.05573,3,16,4,3,0,1,0,0
14.11932,51.44572,3,5,4,3,0,1,0,0
14.57065,51.14832,3,16,4,3,0,1,0,0
12.99296,50.60667,9,14,6,3,0,1,0,0
12.22266,50.4046,7,14,6,2,0,1,0,1
13.66929,51.01597,3,7,4,3,1,1,0,0
14.1326,50.92534,7,3,3,3,0,1,0,1
13.73928,51.06697,3,18,4,3,1,1,0,0
13.7907,50.76836,10,11,7,3,0,1,0,0
14.6165,51.50853,4,12,2,2,1,1,0,0
12.77419,50.76022,3,8,4,2,0,1,0,0
13.41967,51.06076,6,18,1,2,0,1,0,0
13.6142,51.08834,6,16,3,3,0,1,0,0
12.98619,50.89233,3,5,4,3,0,1,0,0
12.82998,50.53171,3,16,4,3,0,1,0,0
12.50318,50.71551,10,5,3,3,0,1,0,1
12.65233,51.57776,8,18,7,3,0,1,0,1
12.9273,50.79094,3,19,4,3,1,0,0,0
12.73001,50.8039,3,15,3,2,0,1,1,0
14.06846,50.91949,10,14,4,3,0,1,0,0
14.70677,51.53048,7,11,3,3,0,1,0,1
12.41257,50.53113,3,18,3,2,0,1,0,1
12.65801,51.46668,3,11,3,3,0,1,0,0
13.67615,51.0002,7,7,3,2,0,1,0,1
12.66095,51.1604,3,18,3,3,0,1,0,0
12.6086,51.30166,3,19,3,2,0,1,0,0
12.97418,50.48729,8,10,4,2,1,0,0,0
13.73443,51.10759,4,7,4,3,0,1,0,0
12.7348,51.25909,3,20,3,3,0,1,0,0
14.81036,50.90042,3,10,3,3,0,1,0,0
14.72219,50.88022,3,10,3,3,1,1,0,0
14.93648,51.11782,3,14,3,3,0,1,0,1
12.38276,50.48253,6,10,2,3,0,1,0,0
14.19655,51.1062,3,11,3,3,0,0,0,1
14.66057,51.1968,3,7,3,3,0,1,0,0
14.51564,51.20674,3,11,3,3,0,0,0,0
12.95276,51.10266,8,15,3,3,0,1,0,1
13.86266,51.05571,3,17,3,3,1,0,0,0
13.35262,50.80475,3,6,3,2,0,0,0,0
13.1636,51.20004,3,10,3,2,0,1,0,0
12.39242,51.24142,3,18,3,3,0,1,0,0
12.9068,50.82656,3,14,3,3,0,0,0,0
12.4685,50.35581,3,14,2,3,1,1,0,0
12.3744,50.57454,3,18,2,3,0,1,0,0
14.82654,51.29127,6,11,7,2,1,0,0,0
12.80281,51.12732,3,22,2,2,0,1,0,0
12.35171,50.76751,4,11,1,3,1,0,0,0
13.48148,51.16285,4,15,5,3,1,0,0,0
12.24977,51.17164,3,17,2,3,0,1,0,0
12.55421,51.16137,3,15,2,3,1,1,0,0
12.27414,51.397,3,8,2,3,0,1,0,0
13.14346,51.12111,7,12,2,3,0,1,0,0
12.69678,51.26399,3,7,2,3,0,1,0,0
12.40173,51.32425,3,11,2,3,0,1,0,1
14.52788,51.5287,3,13,2,3,0,1,0,0
14.38676,51.41463,3,10,2,3,0,1,0,0
13.3364,50.66145,4,14,1,3,1,1,0,0
14.97265,51.14337,3,9,2,3,0,1,0,0
14.17125,51.41686,3,14,2,2,0,1,0,0
14.63019,51.49494,3,10,2,1,1,0,0,0
13.64241,50.99033,3,17,2,3,1,0,0,1
13.69052,51.06161,3,14,2,3,1,1,0,0
13.11003,51.14556,5,9,5,3,0,1,0,1
13.80029,50.98409,5,16,3,3,1,1,0,0
13.77778,51.06752,3,17,2,3,0,1,1,0
12.50713,51.34427,4,10,1,2,0,0,0,1
13.69292,51.08205,3,12,2,3,0,1,0,0
13.737,51.06314,3,8,2,3,0,1,0,1
14.55505,51.02974,9,10,6,3,0,1,0,0
12.9312,50.82436,3,15,2,3,0,1,0,0
12.70781,50.75777,3,19,1,3,0,0,1,0
12.68081,51.19563,3,15,1,1,0,0,0,1
14.46631,51.23033,4,9,7,3,0,0,0,1
14.59928,50.95974,3,9,1,2,0,1,0,0
14.59821,50.95732,3,10,1,3,0,1,0,0
13.73107,51.03442,3,11,1,3,0,1,0,0
13.73519,51.21137,3,11,1,3,0,0,0,1
14.10302,51.27881,3,13,7,2,0,1,0,0
13.75688,51.02543,3,8,1,3,0,1,0,0
14.80834,51.25589,4,18,7,3,1,0,0,0
12.95991,50.64678,3,12,1,2,0,1,0,0
12.84193,50.85086,3,13,1,3,0,1,0,0
14.21931,50.92554,6,14,1,3,1,0,0,0
14.37225,51.17925,5,13,6,2,0,1,0,0
12.98828,51.5593,3,19,7,3,0,1,0,0
12.98457,51.51881,3,19,7,3,0,1,0,0
13.33942,51.06742,9,16,2,2,0,1,0,0
13.86658,50.92379,4,19,6,3,0,0,0,1
12.72338,51.23398,3,14,7,3,1,1,0,0
12.38367,51.34376,3,23,7,3,0,1,0,0
12.96702,50.80859,8,13,6,3,0,1,0,0
14.58228,51.00911,3,12,7,3,0,1,0,1
13.83155,50.92116,3,19,7,2,0,1,0,0
13.87494,50.94369,6,14,3,2,0,0,0,0
13.82713,51.05825,3,11,7,3,1,1,0,0
13.68963,51.06893,8,17,3,3,1,1,0,0
13.17317,50.85786,8,14,6,3,0,1,0,0
13.71439,51.07976,3,10,7,2,1,0,0,0
14.77742,51.14695,7,12,6,3,0,1,0,0
12.71484,50.59942,3,11,7,2,0,1,0,0
12.83471,50.66205,3,11,7,2,0,1,0,0
12.454,50.79965,3,14,6,3,0,1,0,0
12.63286,50.85222,3,13,6,3,1,0,0,1
12.54148,50.87822,3,6,6,3,0,1,0,0
12.40373,50.53238,3,10,6,3,0,1,0,0
13.74563,51.0493,6,21,3,3,0,1,0,0
12.36304,50.47905,3,7,6,3,1,0,0,0
12.47613,50.73613,7,6,2,3,0,1,0,0
12.45715,50.64724,3,23,6,3,0,0,0,0
12.46316,51.19506,3,13,6,3,0,1,0,1
12.5156,51.10277,3,14,6,3,1,1,0,0
12.38538,51.34468,3,17,6,3,0,1,0,0
12.20018,51.43142,7,5,3,3,0,1,0,0
13.68872,51.08304,5,4,2,2,1,1,0,0
13.71422,51.03785,4,20,6,3,1,0,0,0
14.85044,51.0484,3,15,6,3,0,0,0,1
14.21046,51.42343,3,17,6,3,0,1,0,0
13.42655,51.31904,3,6,6,3,0,1,0,0
13.61151,51.11465,3,14,6,3,0,1,0,0
14.0727,51.30462,6,19,1,3,0,0,0,1
13.61094,51.11483,3,5,6,3,1,1,0,0
12.36282,51.31422,9,6,3,3,1,0,0,0
13.63378,50.98375,3,10,6,3,0,1,0,0
13.75897,51.08001,3,20,6,3,0,1,0,0
13.16494,51.04668,3,15,6,2,0,1,0,1
12.52466,50.53309,3,10,6,3,0,1,0,0
12.44211,50.63939,3,23,6,3,0,1,0,0
12.74951,50.96611,8,15,2,3,0,1,0,0
12.20032,51.47262,3,16,5,3,0,1,0,0
12.28632,51.21216,3,9,5,3,0,1,0,0
13.94454,50.93971,3,7,5,3,1,1,0,0
12.39665,51.3536,3,19,5,3,1,1,0,0
13.73095,51.06863,8,11,6,3,0,1,0,0
13.74688,51.06509,6,6,4,3,0,0,0,1
12.18824,51.41022,3,13,5,2,0,1,0,0
14.6649,51.2028,3,16,5,3,0,1,0,0
14.43181,51.27266,3,13,5,3,0,1,0,0
14.68365,51.20743,3,23,5,2,0,1,1,0
12.92801,51.14824,7,12,3,3,0,1,0,0
14.25067,50.96513,3,8,5,3,0,1,0,0
13.92452,50.95758,3,13,5,3,0,0,0,1
13.34729,50.93072,7,10,6,3,0,1,0,0
13.50731,51.07626,3,0,5,3,0,1,0,0
13.37378,51.11658,3,7,5,3,0,1,0,0
12.81875,50.75217,3,11,5,3,0,1,0,0
12.25558,50.53856,9,11,6,2,0,1,0,0
12.69219,50.58205,3,14,5,3,0,1,0,0
12.7087,50.59571,3,7,5,2,0,1,1,0
13.0228,50.59789,3,10,5,3,0,1,0,0
14.33695,51.32182,3,23,5,1,0,1,0,0
12.87949,50.79271,3,7,5,3,0,1,0,0
13.42792,51.14229,10,2,7,3,0,1,0,0
12.8795,50.79273,3,7,5,3,0,1,0,0
13.01234,50.91392,8,15,4,3,0,1,0,0
12.09586,50.5732,7,8,2,3,0,1,0,0
12.48648,50.73756,3,22,4,3,0,1,0,1
12.37627,50.73979,3,22,4,3,0,1,0,0
12.12424,50.51161,3,15,4,3,0,1,0,0
13.69229,51.04283,8,15,1,3,1,1,0,0
12.87675,50.77656,7,16,3,3,0,1,0,0
12.19447,50.49946,3,5,4,3,0,1,0,0
12.66618,51.47165,3,7,4,3,1,1,0,0
12.39328,51.33338,3,19,4,3,1,1,0,0
14.62053,51.18933,6,16,1,3,0,1,0,0
12.33633,51.33542,3,7,4,3,1,1,0,0
13.64029,51.10662,3,10,7,2,0,1,1,0
12.39013,51.34676,3,7,4,3,1,1,0,0
12.69267,51.46682,3,16,4,3,0,1,0,0
14.88692,50.95783,3,7,4,3,0,1,0,0
14.21534,51.08774,3,14,4,3,0,1,0,0
14.17614,51.12554,3,9,4,3,0,1,0,0
13.63374,51.27354,9,6,3,3,0,0,0,1
14.40669,51.20071,3,11,4,3,0,1,0,0
14.43181,51.27266,3,10,4,2,0,1,0,0
13.73644,51.0638,3,9,4,3,1,1,0,0
13.12204,51.15607,3,22,4,2,0,1,0,0
12.32537,50.61598,6,17,6,1,0,1,0,0
13.59052,50.98321,3,16,4,2,0,1,0,0
14.09656,51.0171,5,17,6,3,0,1,0,0
13.73049,51.23066,3,6,4,3,1,1,0,0
12.80681,50.63127,9,14,7,3,0,1,0,0
13.90791,51.04592,3,10,4,2,1,0,0,0
13.03763,50.7716,3,14,4,3,1,0,0,0
13.28173,50.9627,3,12,4,2,0,1,0,0
14.41794,51.17946,9,16,6,3,0,1,0,0
13.01801,50.54942,3,10,3,3,0,1,0,0
13.34901,50.92247,3,12,4,3,1,1,0,0
12.57233,50.81021,6,17,3,2,0,1,0,1
12.99532,50.55614,3,17,4,3,0,1,0,0
13.89767,51.13133,5,17,4,3,1,1,0,0
12.49148,50.73839,3,14,3,3,1,1,0,0
13.46713,50.67357,5,13,2,3,0,0,0,1
12.4788,50.71319,3,6,3,3,1,1,0,0
12.64692,50.84652,3,6,3,3,0,0,1,1
13.68494,51.10418,8,20,4,3,0,1,0,0
12.44854,51.13682,3,17,2,2,0,1,0,0
12.64943,50.81793,3,16,3,3,0,1,0,0
12.09684,50.43498,3,19,3,3,0,1,0,0
12.78922,50.81128,9,17,1,3,1,0,0,1
12.51951,50.66604,3,10,3,3,0,1,0,0
12.91761,51.25969,3,13,3,3,1,1,0,0
12.67797,51.36078,3,13,3,3,0,1,0,0
13.2905,51.28976,7,17,4,3,1,1,0,0
13.00852,51.18801,3,8,3,3,0,1,0,0
12.332,51.33592,3,11,3,2,1,0,0,0
12.49251,51.33529,3,7,3,2,0,1,1,0
14.9946,51.16408,3,8,3,3,0,0,0,1
14.63623,51.50386,8,13,7,3,1,1,0,0
14.79426,50.84407,7,20,5,2,0,0,0,1
14.45812,51.17706,3,11,3,3,0,1,0,1
13.75657,51.0775,3,7,3,3,1,1,0,0
13.2216,51.25888,8,9,7,3,0,1,0,1
14.07533,51.35093,5,14,2,2,0,0,0,1
14.71506,51.53381,3,6,3,2,0,1,0,0
13.06927,50.74387,3,15,3,2,0,0,0,0
12.35231,50.32896,4,15,3,2,0,1,0,0
13.18617,50.65427,3,15,3,3,1,1,0,0
13.01801,50.54941,6,13,3,3,1,1,0,0
12.9991,50.60085,3,12,3,3,1,1,0,0
12.67157,51.51561,8,16,6,3,0,1,0,0
14.80212,50.89404,8,19,1,3,0,0,0,1
12.88942,50.77124,3,7,3,3,0,1,1,0
14.78648,50.83015,7,18,3,2,0,0,0,1
12.90702,50.83603,3,7,3,2,0,1,1,0
12.32733,50.68886,3,14,2,2,0,1,0,0
12.7204,51.2397,3,17,2,3,0,1,0,1
13.6485,50.99763,4,5,4,3,0,1,0,0
12.37998,51.34431,3,15,2,3,0,1,0,0
12.20617,51.29492,3,14,2,2,0,1,0,1
12.40482,51.15654,3,14,2,2,0,1,0,0
12.38381,51.37602,3,17,2,3,0,1,0,0
13.65737,50.95802,9,8,4,3,0,0,0,1
13.54768,51.24958,7,14,2,3,0,1,0,1
14.80072,50.89784,3,18,2,2,0,0,0,1
14.66654,51.09911,3,18,2,3,0,1,1,0
13.8623,51.16749,3,16,2,3,0,1,0,0
14.23606,51.2205,3,7,2,3,0,1,0,0
14.13584,51.44161,3,12,2,2,1,0,0,0
13.7308,51.03358,9,20,6,3,0,0,0,1
14.93491,51.1769,3,18,2,3,0,0,0,1
14.93404,51.20804,3,11,2,3,0,1,0,0
12.31478,50.54614,4,18,5,2,0,1,0,0
14.11155,51.29134,3,7,2,1,0,1,0,0
13.10164,50.81736,8,11,4,3,0,1,0,0
13.56968,51.14616,3,12,2,3,1,0,0,0
13.81533,50.98783,3,15,2,3,0,1,0,0
12.73482,51.48969,6,6,2,2,0,1,0,0
13.72472,51.05939,3,18,2,2,0,0,1,1
12.86646,50.80996,3,4,2,3,0,1,0,0
12.49616,50.71482,8,10,4,3,0,1,0,0
12.45081,50.83008,3,18,1,3,0,1,0,1
12.62551,51.3583,3,13,1,3,0,1,0,0
12.73535,50.62241,10,13,6,3,0,1,0,0
12.78963,51.13756,3,15,1,3,0,0,0,1
13.29074,51.05342,8,21,7,2,1,0,0,0
12.6956,51.05028,3,19,1,3,1,1,0,0
13.26398,51.02555,4,4,4,2,0,0,0,0
14.42634,51.16743,3,16,1,3,0,1,0,0
13.91639,51.11528,9,16,2,3,0,1,0,0
14.23069,50.89171,3,10,1,3,0,1,0,0
13.74147,51.06473,3,17,1,3,1,0,1,0
13.33282,50.89477,3,18,1,3,0,1,0,0
13.32818,50.91339,9,9,6,3,1,0,0,0
12.86972,50.44792,3,1,1,3,0,1,0,0
14.3699,51.48825,8,15,4,3,0,1,0,0
13.73459,51.10747,6,5,5,3,0,1,0,0
12.49817,50.71472,3,15,7,3,0,1,0,0
12.42325,51.11548,6,16,2,3,0,1,0,0
12.37777,50.52689,3,17,7,2,0,1,0,1
12.36106,51.28074,6,9,5,3,0,1,1,0
12.64102,51.45207,3,16,7,3,0,1,0,0
12.57901,51.54779,3,10,7,3,0,1,0,0
14.24654,51.23847,3,14,7,3,1,0,0,0
14.0231,51.14902,3,14,7,3,1,0,0,0
13.23436,50.70363,7,12,5,3,0,1,0,1
14.91395,51.14881,3,15,7,2,0,1,0,1
12.38115,51.34383,8,19,2,3,1,1,0,0
13.69601,51.04328,3,19,7,3,1,0,0,0
12.59404,50.68539,9,20,1,2,0,1,0,0
13.37722,51.05757,3,3,7,2,0,1,0,0
13.88486,50.83275,3,9,7,2,0,1,0,0
13.04077,50.89031,3,14,7,2,0,1,0,0
13.0541,50.87909,3,14,7,2,0,0,0,1
12.46088,51.36724,9,21,6,3,0,1,0,0
12.84424,50.92087,3,16,7,2,1,1,0,0
12.50001,50.73473,3,9,6,3,0,1,0,0
12.45795,50.71796,3,6,6,2,0,1,0,0
13.03335,51.23632,6,19,7,2,1,1,0,0
12.13714,50.48777,3,20,6,3,0,1,0,0
12.42594,51.11164,5,14,6,3,0,1,1,0
12.82153,51.50982,3,17,6,3,0,1,0,0
12.88134,50.81616,3,17,7,3,0,0,0,1
12.36054,51.34223,3,10,6,3,1,1,0,0
14.21799,51.19782,4,13,5,3,0,1,0,0
12.18891,51.30398,3,12,6,3,1,1,0,0
14.41019,51.19327,8,15,4,3,1,0,0,0
12.28518,51.38219,3,11,6,3,0,1,0,0
12.45228,51.35023,3,20,6,3,0,1,1,0
13.29421,51.30896,3,16,6,3,0,0,0,1
13.4873,51.16582,3,18,6,2,1,1,0,0
13.60126,51.30041,3,14,6,3,0,1,0,0
13.50198,51.01496,3,9,6,3,0,0,0,0
13.76942,50.90883,3,21,6,3,0,1,0,0
12.41273,50.53113,9,16,2,3,0,1,0,0
13.67112,51.01674,9,12,2,3,0,1,0,0
12.82032,50.83096,5,17,3,2,1,0,0,0
13.76836,51.01577,3,16,6,3,1,0,0,0
13.72216,51.05405,3,17,6,3,1,1,0,0
14.44686,51.17982,7,15,2,3,1,1,0,0
14.33815,51.15236,7,10,1,2,0,0,0,1
13.38261,51.0589,3,0,6,3,0,1,0,0
13.76239,51.14337,3,15,6,3,0,1,0,0
13.77798,50.75916,7,17,1,2,0,0,0,1
13.7207,51.04929,3,17,6,3,1,0,0,0
13.15712,50.64986,3,6,6,2,1,0,1,0
12.85086,51.24106,10,20,2,2,0,1,0,0
14.0149,51.18731,7,12,6,2,0,1,0,1
12.48074,50.81555,3,18,5,3,0,1,0,0
12.97452,51.5676,3,10,5,3,1,1,0,0
13.76293,51.0219,9,7,3,3,0,1,0,1
12.72776,51.2503,3,7,5,3,0,1,0,0
12.32683,51.29817,3,14,5,3,1,1,0,0
13.64237,50.9903,9,15,1,3,1,1,0,0
12.34487,51.33919,3,7,5,3,1,1,0,0
14.8093,50.88544,3,14,5,3,1,0,1,0
14.76063,51.20438,3,6,5,2,0,1,0,0
13.52271,51.28168,3,11,5,3,0,1,0,0
12.11093,50.43339,10,18,3,3,0,1,0,0
12.96867,50.98535,3,20,5,3,0,1,0,1
14.6516,51.12187,6,16,3,2,0,0,0,1
13.60471,50.98339,4,12,1,3,1,1,0,0
13.20974,50.80008,3,7,5,2,0,1,0,0
12.7509,51.2884,9,20,5,3,0,1,0,0
13.00565,50.63988,3,14,5,3,0,1,0,0
12.59088,51.59133,8,17,5,3,0,1,0,0
13.00777,50.86235,3,13,5,2,0,1,0,0
12.49798,51.12609,3,7,4,3,1,1,0,0
12.29499,51.13804,3,9,4,3,1,1,0,0
12.24328,51.34593,3,11,4,3,0,0,0,1
12.78268,50.58169,10,17,7,3,0,1,0,0
13.20388,51.3286,5,15,2,3,0,1,0,0
12.46444,51.35054,3,15,4,1,1,1,0,0
14.20709,51.23645,3,8,4,2,0,1,0,0
14.21768,51.25629,3,14,4,3,1,1,0,0
12.72408,50.45251,7,5,4,3,0,1,0,0
14.41064,51.07413,3,15,4,3,0,0,1,1
13.68962,51.02254,3,20,6,3,0,1,0,1
14.2701,50.96646,3,15,4,3,0,1,1,0
13.28573,51.22429,8,11,6,2,0,1,1,0
13.94586,50.95749,3,12,4,3,0,1,0,0
13.84723,51.06182,3,8,4,3,1,0,0,0
12.58846,50.74201,3,18,3,2,0,1,0,0
12.827,50.64637,3,15,4,3,0,1,0,1
12.63936,50.59183,3,15,4,3,0,1,1,0
13.92557,50.8728,8,6,3,3,0,1,0,0
12.91153,51.42428,3,16,3,2,0,1,0,0
12.27153,51.47471,3,11,3,2,0,0,0,0
12.91945,51.24722,9,15,2,3,0,1,0,0
13.33943,51.06744,3,16,3,3,0,1,0,0
13.76877,50.95044,3,14,3,3,0,1,0,0
14.95695,51.18782,3,14,6,3,0,1,0,0
13.70038,51.01615,3,17,3,3,1,0,0,0
13.72604,51.05703,3,7,3,3,0,1,0,1
12.622,50.54797,3,12,3,1,0,1,0,0
12.73481,51.25909,9,7,7,3,0,1,0,0
12.55383,51.0412,6,12,3,2,0,1,0,1
12.324,50.75525,3,10,2,3,0,0,0,1
12.63043,50.75618,3,15,2,3,0,1,1,0
12.74465,51.25787,8,16,6,2,0,1,0,0
12.18032,51.40038,4,11,7,3,0,1,0,0
13.12452,51.28898,3,8,2,3,0,1,0,1
13.67377,50.88473,8,17,1,3,0,1,0,1
12.3935,51.33342,7,17,4,3,0,1,0,1
12.74491,51.36873,3,20,2,2,1,0,0,0
12.34288,51.33864,3,15,2,3,1,0,0,0
12.25351,51.42018,3,2,2,3,0,0,0,0
12.31565,51.41502,3,6,2,3,0,1,0,0
12.41362,51.31352,3,16,2,3,0,1,0,0
14.66048,51.09422,3,18,2,3,0,1,0,1
13.66363,50.94245,8,5,6,3,0,0,0,1
12.83634,51.11632,4,22,7,3,0,1,0,0
14.61639,51.17447,3,15,2,3,0,1,0,0
12.23514,50.34919,9,2,3,2,0,0,0,0
13.79624,50.91765,3,11,2,2,0,1,0,0
13.04071,50.90992,5,12,7,3,0,1,0,0
13.92649,50.98159,3,8,2,3,0,1,0,0
13.87121,50.97059,3,18,2,3,0,1,0,1
13.57254,51.01585,3,8,2,3,0,1,0,0
13.84081,51.13373,5,11,5,3,0,1,0,1
13.81667,51.05483,3,9,2,3,1,1,0,0
13.76247,51.08506,3,15,2,3,1,1,0,0
13.59618,51.05472,9,15,2,3,0,1,0,0
13.9977,50.91159,3,9,2,2,0,1,0,0
14.58043,51.0685,5,15,1,2,0,1,0,0
12.81394,50.62523,3,14,2,3,0,1,0,0
12.89856,50.96778,3,13,2,3,0,1,0,1
13.16342,50.6501,3,16,2,3,0,0,1,1
12.44316,50.63738,3,11,1,3,0,1,0,0
12.06477,50.48936,3,14,1,3,0,0,0,1
12.4731,50.37359,3,11,1,3,0,1,0,0
12.42705,50.44944,3,11,1,2,0,1,0,0
12.30016,50.54123,3,16,1,3,0,1,0,1
12.3878,51.40355,3,14,1,3,0,1,0,0
14.07238,51.05263,3,14,1,3,0,0,0,1
14.41449,51.0403,8,23,4,2,0,1,0,0
13.87092,50.96548,3,0,1,3,1,0,0,0
12.92772,50.82813,6,13,6,3,0,0,0,0
13.85532,50.96645,3,14,1,3,1,1,0,0
13.42497,51.05928,3,4,1,2,0,1,0,0
12.75527,51.24433,7,0,2,3,1,0,0,0
12.24246,50.62283,7,1,1,2,0,0,0,1
13.05404,50.62823,3,10,1,2,0,0,0,1
13.36479,50.83283,3,14,1,2,0,0,0,1
12.43306,50.82553,6,12,7,3,0,1,0,0
12.37365,50.80322,3,3,7,3,0,1,0,0
13.70145,51.09118,6,19,2,3,1,0,0,0
12.34912,50.79959,3,13,7,2,0,0,0,1
12.7468,50.74192,10,15,3,3,1,0,1,0
12.39458,51.31462,3,17,7,2,1,0,0,0
13.58038,51.12747,9,10,6,3,0,1,0,0
14.14137,50.99936,3,11,7,2,0,1,0,1
14.75492,51.08668,3,17,1,3,0,0,0,1
13.59082,51.139,3,19,7,2,1,0,0,0
13.58059,51.12852,3,17,7,3,0,1,0,0
13.89402,50.89826,3,18,7,3,0,1,0,0
13.18427,50.73457,5,18,1,3,0,1,0,0
13.47412,51.15139,3,17,7,3,0,1,1,0
13.45288,50.6952,3,0,7,2,0,1,0,0
12.74829,50.55799,3,13,7,3,0,1,0,0
12.47918,50.78127,3,15,6,3,1,1,0,0
12.89043,50.94108,4,16,5,3,0,1,0,0
12.5688,50.73586,3,10,6,3,0,1,0,0
12.23463,50.58845,3,15,6,3,0,1,0,0
12.28695,51.15582,3,6,6,3,0,1,0,0
12.77519,51.29624,3,13,6,2,0,1,0,0
12.8433,50.80496,8,14,4,3,0,1,0,0
14.24566,51.14084,3,22,6,2,1,0,0,0
14.43181,51.27268,3,8,6,2,0,1,0,0
13.07004,50.95633,9,22,1,2,0,1,0,0
14.94892,51.20529,3,16,6,2,0,1,0,0
12.49361,50.71424,12,20,3,3,0,1,0,0
12.35378,51.29303,12,12,3,2,0,1,0,0
14.22217,51.1255,12,17,3,3,1,0,1,0
14.37955,51.09649,12,8,3,3,0,1,0,0
12.45886,50.70685,12,11,2,3,0,1,0,0
12.77551,50.85568,12,17,2,3,0,1,0,0
12.46416,50.52277,12,22,2,3,0,1,0,0
12.62507,51.35837,12,9,2,3,0,1,0,0
12.45511,51.20383,12,11,2,3,0,1,0,0
12.27453,51.44059,12,13,2,2,0,1,0,0
14.00664,51.18056,12,12,2,3,0,1,0,0
14.777,51.19632,12,1,2,3,0,1,0,0
14.43196,51.1566,12,18,2,3,0,1,0,0
13.27445,50.98603,12,13,2,3,0,1,0,0
13.34806,50.92172,12,19,2,3,0,1,0,0
13.13438,51.08925,12,15,2,3,0,1,0,0
12.89245,50.85055,12,9,2,2,0,1,0,0
13.02238,51.34919,12,17,1,3,0,1,0,0
14.42855,51.09258,12,22,1,3,0,1,0,0
12.81212,50.76682,12,11,1,3,0,1,0,0
12.49335,50.70446,12,13,7,3,0,1,0,0
12.1233,50.49565,12,15,7,3,0,1,0,0
12.42662,51.35191,12,17,7,3,0,1,0,0
14.84287,51.05009,12,8,7,3,1,1,0,0
14.63215,51.4966,12,19,7,3,0,1,1,0
14.21127,51.26271,12,13,7,2,0,1,0,0
14.08588,51.42965,12,12,7,3,0,1,0,0
13.58015,51.12475,12,11,7,3,0,1,0,0
13.74508,51.04954,12,1,7,3,0,0,0,0
13.23244,50.57816,12,18,7,3,0,1,0,0
12.61881,50.77827,12,16,6,3,0,1,0,0
12.68756,50.67134,12,17,6,2,0,1,1,0
12.74306,51.36568,12,15,6,3,1,1,0,0
14.51155,51.04736,12,17,6,2,0,1,1,0
14.31515,51.09402,12,17,6,3,1,1,0,0
13.57382,51.16367,12,13,6,3,0,1,0,0
13.17598,50.86082,12,15,6,2,0,1,0,0
12.47961,50.68337,12,9,5,3,0,1,0,1
11.94943,50.53461,12,2,5,3,0,1,1,0
13.0401,51.58042,12,20,5,3,0,1,0,0
13.0436,51.04268,12,15,5,3,0,1,0,0
13.05958,50.65051,12,14,5,3,0,1,0,0
13.42073,50.71217,12,2,5,3,0,1,0,0
12.25494,51.54445,12,11,4,1,0,1,0,0
14.24118,51.3982,12,21,4,3,0,1,0,0
13.95161,51.14285,12,18,4,1,0,1,0,0
14.00463,50.8743,12,10,4,3,0,1,0,0
13.50346,50.95197,12,16,4,2,0,1,1,0
12.98706,50.88415,12,20,4,3,0,1,0,0
14.61436,50.98896,12,13,3,3,0,1,0,0
13.71753,50.99347,12,12,3,3,0,1,0,0
12.97576,51.5647,12,7,2,2,1,0,0,0
12.64101,51.45206,12,8,2,2,0,1,0,0
12.39252,51.33401,12,9,2,3,0,1,0,0
14.67005,51.10443,12,15,2,3,0,1,0,0
14.74513,50.91845,12,12,2,3,1,0,0,0
13.2855,51.30379,12,8,2,3,0,1,0,0
13.4976,51.09069,12,19,2,3,0,1,0,1
13.45254,51.19506,12,15,2,2,0,1,0,0
13.58098,51.12978,12,10,2,3,0,1,0,0
13.64247,50.99041,12,12,2,3,1,1,0,0
13.69201,50.89652,12,7,2,3,0,1,1,0
13.73262,51.1095,12,9,2,3,0,1,0,0
12.81954,50.64179,12,10,2,3,0,1,0,0
12.84218,50.70485,12,14,2,3,0,1,0,0
13.1769,51.09672,12,7,2,3,0,0,1,0
13.11991,50.96816,12,19,2,2,0,1,1,0
12.2141,51.45508,12,13,1,2,0,1,0,0
13.99395,50.93507,12,0,1,3,0,0,0,1
12.75813,51.05958,12,11,1,3,0,1,0,0
12.27509,50.58883,12,10,7,2,0,1,0,0
12.13111,50.49045,12,18,7,3,0,1,0,1
12.65806,51.46667,12,12,7,3,0,1,0,0
12.18921,51.36418,12,21,7,3,0,1,0,0
14.63389,51.04371,12,18,7,3,0,1,0,0
14.49012,51.07873,12,20,7,3,0,1,0,0
13.71971,51.0943,12,18,7,3,1,1,0,0
13.78386,51.00965,12,20,7,3,1,0,0,0
13.75657,51.13941,12,10,7,3,0,1,0,0
13.5752,51.13804,12,10,7,3,1,1,0,0
13.73477,51.10527,12,16,7,3,0,1,0,0
13.0864,50.84978,12,19,7,3,0,1,0,0
13.00982,50.98116,12,19,7,2,0,1,0,0
13.33706,50.90186,12,13,7,3,0,1,0,0
12.78707,50.74287,12,14,7,2,0,1,0,0
13.21655,50.55391,12,16,7,3,0,1,0,0
12.48776,50.69001,12,11,6,3,0,1,0,0
12.32993,50.75647,12,14,6,3,0,1,0,0
12.17892,50.42941,12,14,6,3,0,1,0,0
12.503,50.76529,12,7,6,3,0,1,0,0
12.48955,50.73829,12,11,6,2,0,1,1,0
12.49126,51.43511,12,20,6,3,0,1,0,0
12.27525,51.53588,12,17,6,3,0,1,0,0
12.69923,51.36249,12,9,6,3,0,1,0,0
12.51497,51.32499,12,15,6,3,0,1,0,0
12.64208,51.14229,12,6,6,2,0,1,0,1
14.6367,51.50369,12,11,6,2,0,1,1,0
14.97831,51.14802,12,17,6,3,1,0,0,0
14.66814,51.03552,12,20,6,3,0,0,0,1
14.24229,51.20112,12,7,6,3,0,1,0,0
13.92042,50.98864,12,13,6,3,0,1,0,0
13.60413,51.29975,12,9,6,3,0,1,0,0
13.56846,51.00328,12,14,6,3,0,1,0,0
13.48029,51.05925,12,20,6,2,0,1,0,0
13.3057,51.30217,12,2,6,2,0,1,0,0
14.13041,51.03105,12,9,6,2,0,1,0,0
13.27494,51.08219,12,18,6,2,0,1,0,0
12.84427,50.92087,12,7,6,3,0,1,0,0
13.33865,51.0144,12,20,6,3,0,0,0,0
12.4684,50.72013,12,12,5,3,0,1,0,0
12.49001,50.737,12,18,5,2,0,1,1,0
12.41372,50.82725,12,17,5,3,0,1,0,1
12.15369,50.4939,12,14,5,3,0,1,0,0
12.30744,50.62962,12,17,5,3,0,1,1,0
12.38738,50.8176,12,16,5,3,0,1,0,0
14.81654,50.89767,12,16,5,3,0,1,0,1
14.80078,50.89597,12,8,5,3,0,1,0,0
14.81031,50.89333,12,7,5,3,0,1,1,0
14.86036,51.4801,12,17,5,2,0,1,0,0
13.89885,51.13688,12,12,5,3,0,1,0,0
14.14139,50.99733,12,13,5,3,0,1,0,0
13.58045,51.1271,12,16,5,3,0,1,0,1
13.47316,51.05943,12,16,5,3,0,1,0,0
13.68865,51.0832,12,17,5,3,0,1,0,0
12.69594,50.71143,12,17,5,3,0,1,0,0
13.33705,50.90185,12,12,5,3,0,1,0,0
12.64319,50.58968,12,15,5,3,0,0,0,1
12.92791,50.84589,12,17,5,3,1,0,0,0
13.32459,50.91164,12,7,5,2,0,1,0,1
12.8773,50.58304,12,6,5,2,0,1,0,0
12.33739,50.42169,12,6,4,3,0,1,0,0
12.48661,51.23513,12,6,4,3,0,1,0,0
12.36213,51.40941,12,22,4,2,0,1,0,0
12.55589,51.24505,12,5,4,2,0,1,0,0
14.51631,51.5308,12,13,4,2,1,1,0,0
13.95601,51.1576,12,11,4,3,0,1,0,0
13.86206,51.17184,12,9,4,3,0,1,0,0
13.61479,51.0385,12,11,4,3,0,1,0,0
13.80265,50.98861,12,20,4,3,1,0,0,0
13.78787,51.06703,12,16,4,3,0,1,0,0
13.78179,51.06696,12,7,4,3,0,0,1,0
13.74122,51.04633,12,10,4,3,0,1,0,0
13.82423,51.17186,12,11,4,3,0,1,0,0
13.88645,50.8177,12,15,4,3,0,0,0,0
13.71594,51.06286,12,15,4,3,0,1,0,1
12.89504,50.87096,12,0,4,3,0,1,0,0
13.05814,50.72461,12,15,4,2,0,1,0,0
12.2157,50.45759,12,6,3,3,0,1,0,0
12.75658,51.5013,12,12,3,2,0,1,0,0
12.49471,51.12549,12,17,3,3,0,1,0,0
14.24884,51.43492,12,16,3,3,0,1,0,0
13.95452,50.95715,12,12,3,3,0,0,0,0
13.69083,51.07834,12,15,3,3,1,0,0,0
13.743,51.0287,12,16,3,3,1,1,0,0
13.66817,50.89105,12,17,3,3,0,1,0,0
12.74352,50.72326,12,15,3,3,0,1,0,1
13.2035,50.73116,12,8,3,3,0,1,0,0
12.89228,50.85957,12,16,3,3,0,1,1,0
13.06345,50.75416,12,19,3,2,0,0,0,0
12.58237,50.74114,12,12,2,3,0,1,0,0
12.37627,50.73979,12,8,2,2,0,1,0,0
12.40852,50.52897,12,15,2,3,0,1,0,0
12.454,50.79965,12,15,2,2,0,1,0,0
13.12907,51.2747,12,20,2,3,1,0,0,0
12.68518,51.36131,12,12,2,2,0,1,0,0
12.4866,51.2351,12,21,2,2,0,1,0,0
14.01055,51.18153,12,13,2,3,1,0,0,0
14.98503,51.15683,12,6,2,3,1,1,0,0
14.97119,51.15084,12,16,2,3,0,1,0,0
14.9788,51.15568,12,13,2,2,0,1,1,0
13.45887,51.15105,12,16,2,3,0,1,0,0
13.88852,51.00401,12,22,2,3,0,1,0,0
12.94142,50.50071,12,12,2,3,0,1,0,0
12.94898,50.57599,12,17,2,3,0,1,0,0
12.952,50.86062,12,13,2,3,0,1,1,0
12.92551,50.78502,12,11,2,2,0,1,0,0
12.8226,50.64046,12,15,2,2,0,1,0,0
12.65211,50.64344,12,14,1,3,0,1,0,0
12.47368,50.72047,12,4,1,2,0,1,1,0
12.36377,51.28331,12,16,1,3,0,1,1,0
12.62807,51.45836,12,3,1,3,0,1,0,0
13.97315,50.83073,12,12,1,3,0,1,0,0
12.78496,50.77204,12,20,1,3,0,1,0,0
13.14577,50.86271,12,0,1,3,0,1,0,0
12.4861,50.69968,12,12,7,3,1,1,0,0
12.6634,50.6526,12,10,7,3,0,1,1,0
12.99799,51.54722,12,9,7,3,1,1,0,0
12.48661,51.11575,12,17,7,3,0,1,0,1
14.16826,51.18362,12,9,7,3,0,1,0,0
13.81281,50.97408,12,23,7,3,0,1,0,0
13.47093,51.15826,12,14,7,3,0,1,0,0
13.73314,51.03888,12,20,7,3,1,0,0,0
13.73809,51.06931,12,0,7,2,0,0,0,0
13.079,50.59975,12,10,7,3,0,1,0,0
12.50072,50.70678,12,12,6,3,1,1,0,0
12.62866,50.63713,12,13,6,3,0,1,0,0
12.37627,50.73979,12,21,6,3,0,0,0,1
12.27918,50.59178,12,12,6,3,0,1,0,0
12.27831,50.55328,12,6,6,3,0,1,0,0
12.43236,50.51658,12,10,6,2,0,1,0,0
12.3861,51.21404,12,10,6,3,0,1,0,0
12.3016,51.34268,12,12,6,3,0,1,0,0
14.7986,51.29442,12,15,6,3,0,1,0,0
14.51339,51.09743,12,8,6,3,0,1,0,0
14.18746,51.19016,12,16,6,2,0,1,0,0
13.67362,51.01747,12,21,6,2,1,0,0,0
13.7826,51.06711,12,10,6,3,0,1,1,0
13.24452,51.34801,12,6,6,2,0,1,0,0
13.17115,50.65746,12,18,6,3,0,1,0,0
13.219,50.87815,12,14,6,3,0,1,0,0
12.80592,50.7577,12,16,6,2,0,1,0,0
12.58736,50.63466,12,8,5,3,0,1,0,0
12.14518,50.5023,12,15,5,3,0,1,1,0
12.12781,50.50032,12,7,5,3,0,1,1,0
12.05887,50.41861,12,20,5,3,0,1,0,0
12.34556,50.64035,12,5,5,3,0,1,0,0
12.48339,51.18076,12,6,5,3,0,1,0,0
12.16566,51.31904,12,14,5,3,0,1,0,0
14.40381,51.37766,12,23,5,2,0,1,0,0
14.62063,51.18932,12,8,5,3,0,1,0,0
13.30206,51.24441,12,11,5,3,0,1,0,0
13.93598,50.95218,12,11,5,3,0,1,1,0
13.71248,50.96753,12,7,5,3,0,1,0,0
13.73072,51.03029,12,14,5,3,1,1,0,0
13.83712,51.14677,12,8,5,3,0,1,0,0
13.74915,51.13046,12,6,5,2,0,1,0,0
13.742,51.06468,12,1,5,3,1,0,0,0
13.01202,50.64057,12,21,5,2,0,1,0,0
13.27452,50.98612,12,23,5,3,0,1,0,0
12.52396,50.66015,12,14,4,2,1,1,0,0
12.38259,50.55895,12,12,4,2,0,1,0,0
12.46906,51.25517,12,10,4,3,0,1,0,0
12.53296,51.31436,12,15,4,3,0,1,0,0
14.95994,51.13943,12,14,4,3,0,1,0,1
14.65641,51.28332,12,15,4,3,0,1,0,0
14.49674,51.19478,12,5,4,3,1,1,0,0
14.32051,51.0926,12,6,4,3,0,0,1,0
14.62065,51.18932,12,11,4,3,0,1,0,0
13.36233,51.31825,12,12,4,3,0,1,0,0
13.62497,50.75245,12,18,4,3,0,1,0,0
13.76503,51.09152,12,14,4,3,0,0,0,1
12.81454,50.65201,12,6,4,3,0,1,0,0
13.01727,50.98108,12,13,4,2,0,1,0,0
12.99788,51.27531,12,9,4,3,0,1,0,0
12.70353,50.99608,12,6,4,2,0,1,0,0
12.14666,50.49304,12,7,3,3,0,1,0,0
12.97478,51.27171,12,13,3,3,0,1,0,0
12.23636,51.54989,12,5,3,3,0,1,0,0
12.37112,51.34443,12,8,3,3,1,1,0,0
12.26164,51.31617,12,18,3,3,0,1,0,0
14.72335,51.02842,12,17,3,3,0,1,0,1
14.02015,51.14495,12,16,3,2,0,1,0,1
14.97017,51.16727,12,22,3,3,0,1,1,0
14.91617,51.11126,12,16,3,3,0,1,0,0
14.92216,51.11197,12,15,3,2,0,1,0,0
13.94488,50.95585,12,10,3,3,0,1,0,0
13.85413,50.88228,12,19,3,2,0,1,0,0
13.68769,51.09967,12,17,3,3,0,1,0,0
13.69497,51.09582,12,8,3,3,0,1,1,0
13.7422,51.06466,12,9,3,3,0,0,0,0
13.49029,51.16332,12,16,3,2,1,1,0,0
13.76137,51.08348,12,7,3,2,0,0,0,1
12.75564,50.7221,12,19,3,2,0,1,0,0
12.87496,51.01423,12,16,3,3,0,1,0,0
13.38668,50.78194,12,6,3,3,0,1,0,0
13.29151,50.79685,12,7,3,2,0,1,0,0
12.75496,50.70524,12,7,3,3,0,1,0,0
13.337,50.91393,12,16,3,2,0,1,1,0
12.20462,50.50147,12,15,2,3,0,1,0,0
12.27196,50.40335,12,9,2,3,0,1,0,0
12.13117,50.50457,12,18,2,2,1,0,1,0
12.52273,50.82292,12,10,2,2,0,1,0,0
12.51832,50.83393,12,15,2,2,0,1,0,0
12.99566,51.55761,12,7,2,3,1,1,0,0
12.17575,51.27904,12,9,2,3,0,1,0,0
12.19588,51.42862,12,10,2,2,0,1,0,0
14.63207,51.49653,12,16,2,2,0,1,1,0
14.97933,51.14355,12,18,2,3,0,1,1,0
14.46508,51.19448,12,6,2,3,0,1,0,0
14.17602,51.03333,12,12,2,3,0,1,0,0
13.24921,51.31352,12,16,2,3,0,1,0,0
13.68728,51.35176,12,9,2,3,0,1,0,0
12.85243,50.92463,12,15,2,3,0,0,0,0
13.33796,50.92398,12,15,2,3,0,1,0,0
13.34454,50.91505,12,19,2,2,0,1,1,0
13.01083,50.44276,12,15,2,3,0,1,0,0
12.96497,50.49105,12,22,2,3,0,1,0,0
12.13632,50.50708,12,14,1,3,0,1,0,0
12.6044,50.87529,12,17,1,3,0,1,1,0
12.11886,50.48782,12,0,1,2,0,1,0,0
12.39228,51.34811,12,16,1,3,0,1,0,0
12.67169,51.35958,12,11,1,3,0,1,0,0
12.72521,51.38417,12,5,1,3,0,1,0,0
14.13276,50.92969,12,15,1,2,0,1,0,0
13.21952,51.34891,12,16,1,3,0,1,0,0
12.92923,50.95911,12,6,1,2,0,1,0,0
12.49092,50.40233,12,16,7,3,0,1,0,0
12.55901,51.27276,12,17,5,3,0,1,0,0
12.48958,50.72667,12,14,7,3,0,1,0,0
12.26159,51.31599,12,17,7,3,0,1,0,0
14.77963,51.06958,12,1,7,3,0,0,1,1
14.79473,50.89823,12,19,7,3,0,1,1,0
14.31446,51.36158,12,13,7,3,0,1,0,0
14.13548,51.13561,12,2,7,3,0,1,0,0
13.70404,50.74393,12,18,7,3,0,1,0,0
13.47888,51.05943,12,12,7,3,0,1,0,0
13.14169,50.65136,12,5,7,3,0,1,0,0
12.50452,50.68162,12,12,6,3,0,1,0,1
12.23899,50.28268,12,19,6,3,0,1,1,0
12.24417,50.61072,12,10,6,2,0,1,0,0
12.25245,50.30074,12,6,6,3,0,1,0,0
12.47164,50.73739,12,14,6,3,0,1,0,0
12.36378,51.31203,12,14,6,3,0,1,0,0
12.43201,51.3946,12,13,6,3,0,1,0,0
13.16436,50.65078,12,16,4,3,0,1,0,0
12.50872,51.33987,12,14,6,3,0,1,0,0
14.46199,51.18997,12,6,6,3,1,1,0,0
13.86832,50.94749,12,10,6,3,0,1,0,0
14.09666,50.92533,12,17,6,2,0,1,0,0
13.2686,51.07956,12,7,6,3,0,1,0,0
13.31799,51.06577,12,22,6,3,0,1,0,0
13.86328,51.10366,12,14,6,2,0,1,0,0
13.75899,51.08004,12,7,6,3,0,1,0,0
12.48962,50.72668,12,19,2,3,0,1,0,0
13.47602,51.05949,12,22,6,3,0,1,0,0
13.89586,50.89856,12,14,6,1,0,1,0,0
13.32345,50.67335,12,7,6,2,0,1,0,0
13.34993,50.91717,12,7,6,3,0,1,1,0
13.10801,51.08672,12,13,6,3,0,1,0,0
12.64315,50.58963,12,16,6,3,0,1,0,0
12.48705,50.72204,12,17,5,3,0,1,0,0
12.38789,50.54739,12,13,5,3,0,1,0,0
12.55994,50.7311,12,15,5,2,0,1,0,0
12.1156,50.4962,12,18,5,2,0,0,0,0
12.62638,51.45772,12,7,5,3,0,1,0,0
13.66254,51.04952,12,21,2,2,0,1,1,0
12.29232,51.19442,12,10,5,3,0,1,0,0
12.42851,51.15379,12,8,5,3,0,1,0,0
12.21403,51.39461,12,15,5,3,0,1,1,0
12.64883,51.28324,12,11,5,3,0,1,0,0
14.298,51.44183,12,8,5,3,0,1,0,0
14.37385,51.15761,12,15,5,3,0,1,0,0
14.46183,51.18922,12,14,5,3,0,1,0,0
14.97142,51.14318,12,16,5,3,1,1,0,0
14.41285,51.18755,12,17,5,3,0,1,0,0
13.65789,51.10564,12,17,5,3,0,1,0,0
13.67725,51.10314,12,12,5,2,0,1,0,1
13.67081,51.30598,12,19,5,3,0,0,0,1
13.73685,51.0292,12,19,5,3,1,0,1,0
13.74226,51.11276,12,5,5,2,0,1,0,0
13.85715,50.97095,12,6,5,2,0,1,1,0
13.12161,50.96654,12,7,5,3,0,1,1,0
12.98651,51.20738,12,9,5,3,0,0,0,0
12.9365,50.84526,12,9,5,3,0,0,0,1
12.95939,50.81251,12,8,5,3,0,1,0,0
13.45188,51.06053,12,8,5,3,0,1,0,0
13.09295,50.97964,12,21,5,2,0,1,0,0
13.08375,50.90865,12,14,5,3,0,1,0,0
12.50241,50.70174,12,17,4,3,0,1,0,0
12.48825,50.70162,12,15,4,3,0,1,0,0
12.47208,50.72126,12,9,4,3,0,1,0,0
12.13634,50.50707,12,11,4,3,0,1,0,0
12.26797,51.54121,12,15,4,3,0,1,0,0
12.85929,51.22332,12,7,4,2,0,1,0,0
12.5329,51.26008,12,7,4,3,0,1,0,0
12.6424,51.14222,12,6,4,3,0,1,0,1
12.29847,51.18101,12,17,4,3,0,1,0,0
12.4645,51.28423,12,12,4,3,0,1,0,0
12.34443,51.39398,12,17,4,3,0,1,0,0
12.36328,51.34281,12,19,4,3,0,0,1,0
14.92217,51.112,12,11,4,3,0,1,0,0
14.47308,51.19028,12,12,4,3,0,1,0,0
14.62515,51.21113,12,11,4,3,0,1,0,0
13.29535,51.30268,12,21,4,3,0,1,1,0
13.93336,50.95733,12,16,4,2,1,0,0,0
13.47261,51.16001,12,11,4,2,0,0,0,0
13.76027,50.94533,12,16,4,3,0,1,1,0
13.67587,50.83749,12,16,4,3,0,1,1,0
13.70234,51.04374,12,11,4,3,0,1,0,0
13.10736,50.98319,12,10,4,3,0,1,0,0
13.35568,50.91215,12,21,4,3,0,1,0,0
13.16444,51.07296,12,6,4,3,0,1,0,0
13.18429,51.06904,12,7,4,3,0,1,0,1
14.44794,51.17968,12,14,7,3,0,1,0,0
12.93335,50.65215,12,15,4,3,0,1,0,0
12.92557,50.78534,12,7,4,3,0,1,0,0
12.92342,50.68124,12,15,4,2,0,1,0,0
12.47917,50.78125,12,21,3,3,1,1,0,0
13.76844,51.00831,12,17,7,2,0,1,1,0
12.48744,50.72129,12,13,3,3,0,1,0,0
12.5891,51.27509,12,7,3,3,1,0,0,0
12.20712,51.22552,12,5,3,3,0,1,0,0
12.41169,51.3146,12,17,3,3,1,0,0,0
12.61698,51.14689,12,18,5,3,0,1,0,0
12.171,51.32542,12,12,3,3,0,1,0,0
12.38854,51.23092,12,7,3,2,0,1,0,0
12.45599,51.36547,12,7,3,3,1,1,0,0
12.25463,51.28117,12,8,3,2,0,1,0,0
13.09705,51.38824,12,15,3,1,0,1,0,0
14.79953,50.89917,12,14,3,3,1,0,0,1
14.81892,50.90153,12,9,3,3,0,1,0,0
13.94361,51.12623,12,17,3,3,0,1,0,0
13.89652,51.11314,12,6,3,3,0,1,0,0
13.69562,51.04324,12,11,3,3,1,1,0,0
13.77782,51.0129,12,10,3,3,1,1,0,0
13.73228,51.06097,12,18,3,3,0,1,0,0
13.8197,51.05637,12,7,3,3,1,0,0,0
13.69688,51.11693,12,7,3,1,0,1,1,0
12.69469,50.96718,12,16,3,3,0,1,0,0
12.97041,50.95107,12,4,3,2,0,0,0,0
13.47959,51.05942,12,9,5,2,0,1,0,0
13.35313,50.91356,12,14,3,3,0,1,1,0
12.94626,50.66964,12,14,3,3,0,1,0,0
13.8906,51.06477,12,7,5,2,0,1,0,0
12.86015,50.8553,12,15,3,2,0,1,0,0
13.01345,50.58949,12,21,3,2,0,1,0,1
12.503,50.76529,12,6,2,3,0,1,0,0
12.08016,50.47439,12,16,2,3,1,1,0,0
12.61538,50.82682,12,4,2,3,0,0,0,0
13.07799,51.31518,12,7,2,3,0,1,0,0
12.64969,51.14091,12,16,2,3,1,0,0,0
12.4897,51.12259,12,13,2,3,1,0,0,0
12.42643,51.35182,12,5,2,3,0,1,0,0
12.5784,51.32992,12,15,2,2,0,1,0,1
14.63553,51.49948,12,17,2,3,0,1,1,0
14.22516,51.28414,12,16,2,3,0,1,0,0
13.825,51.17703,12,11,2,3,1,0,0,0
14.22719,50.94181,12,9,2,3,0,0,0,0
13.32084,51.29865,12,8,2,3,1,0,0,0
13.96983,50.98244,12,10,2,3,0,1,0,0
13.45768,51.31328,12,7,2,3,0,1,0,0
13.76247,51.08506,12,17,2,2,1,1,0,0
13.83093,51.0619,12,6,2,3,0,1,1,0
13.18693,50.701,12,7,2,3,0,0,0,0
13.22408,50.93748,12,6,2,3,0,1,0,0
12.93519,51.15859,12,5,2,3,0,1,0,0
12.83201,50.57814,12,6,2,3,0,1,0,0
13.00003,50.59954,12,7,2,3,0,1,0,0
12.99359,50.89176,12,15,2,2,0,1,0,0
12.52832,50.67298,12,8,1,3,0,1,0,0
14.00869,51.18144,12,17,1,3,1,0,0,0
14.16205,51.04572,12,8,1,3,0,1,0,0
12.75812,50.91022,12,20,1,3,0,0,0,1
13.29552,50.94957,12,6,1,3,0,1,0,0
13.32485,50.83187,12,13,1,3,0,1,0,0
12.49943,50.72875,11,14,7,3,1,0,0,0
12.18521,51.37728,11,9,7,2,0,1,0,0
12.20448,51.42742,11,17,7,3,0,1,0,0
14.19833,51.23412,11,9,7,2,1,1,0,0
14.07158,51.28087,11,1,7,3,0,0,0,0
14.97414,51.15493,11,18,7,3,0,1,0,0
14.35928,51.19266,11,7,7,3,0,1,0,0
13.936,50.95221,11,12,7,3,1,1,0,0
13.66833,51.073,11,18,7,2,0,1,0,0
13.69999,51.09647,11,19,7,3,0,1,0,0
13.45824,51.41357,11,17,7,1,0,1,1,0
13.07197,50.84277,11,20,7,3,0,0,0,1
13.34107,50.95005,11,13,7,3,0,1,0,0
13.29771,50.83194,11,17,7,3,0,1,1,0
12.83007,50.99457,11,8,7,2,0,1,0,0
12.35402,50.38182,11,19,6,3,0,1,0,0
12.17211,50.41747,11,11,6,3,0,1,0,0
12.75594,50.86354,11,13,6,3,1,1,0,0
12.59151,51.5932,11,10,6,3,0,1,1,0
12.27518,51.53594,11,13,6,3,0,1,0,0
12.54561,51.45678,11,8,6,2,0,1,0,1
14.80976,50.89308,11,18,6,3,0,1,0,0
14.29788,51.4621,11,4,6,3,0,0,0,0
14.03396,51.35621,11,18,6,3,0,1,0,0
14.43607,51.18116,11,11,6,3,1,1,0,0
12.38734,50.8233,12,17,5,2,0,1,1,0
13.24925,51.31352,11,7,6,3,1,0,0,0
13.2524,51.30323,11,14,6,3,1,1,0,0
13.91284,50.95665,11,13,6,3,1,1,0,0
13.4345,51.1644,11,12,6,3,0,1,0,0
13.52958,51.05879,11,14,6,3,0,1,0,0
13.58605,51.03898,11,15,6,3,0,1,0,0
13.67808,51.04946,11,22,6,3,0,1,0,0
12.33786,50.59363,12,17,4,2,0,1,0,0
13.74681,51.06385,11,14,6,3,0,1,0,0
13.75666,51.06318,11,7,6,3,1,0,0,0
13.87844,51.05996,11,9,6,3,0,1,0,0
13.74728,51.12352,11,17,6,3,0,1,0,0
13.33972,50.91446,11,7,6,3,0,1,1,0
13.21461,50.80427,11,22,6,3,0,1,0,0
13.35018,50.92044,11,14,6,3,0,1,0,0
13.2839,50.87521,11,13,6,3,0,1,0,1
12.71557,50.44174,11,7,6,3,0,1,0,0
12.95342,50.55598,11,18,6,3,0,1,0,0
12.2856,51.41593,12,13,4,3,0,1,0,0
13.11315,50.90391,11,11,6,2,0,1,0,0
12.2311,50.42762,11,15,5,3,0,1,0,0
12.34988,50.65311,11,14,5,2,0,1,0,0
12.51465,50.76526,11,13,5,3,0,1,0,0
12.16814,50.41402,11,18,5,2,0,1,1,0
13.82678,51.18094,12,14,2,3,1,1,0,0
12.51577,50.71838,11,14,5,3,0,1,0,0
12.62694,51.35821,11,12,5,3,0,1,0,0
12.74605,51.14151,11,13,5,3,0,0,0,0
12.26602,51.16519,11,7,5,3,0,1,0,0
13.25456,51.02002,12,15,7,2,0,1,0,0
12.26603,51.16519,11,7,5,3,0,1,0,0
12.35031,51.29505,11,21,5,3,0,1,0,0
13.02142,51.18448,11,2,5,2,0,1,0,0
12.32256,51.37494,11,11,5,3,0,0,1,0
12.59685,51.36051,11,13,5,2,0,1,0,0
12.39466,51.41024,11,22,5,2,0,1,0,1
12.46124,51.48739,11,16,5,3,0,1,0,0
12.44004,51.35082,11,17,5,3,0,1,0,0
14.44163,51.17545,11,15,5,3,0,1,0,0
13.58105,51.12979,12,14,2,3,0,1,0,0
14.02677,51.00872,11,7,5,3,0,1,1,0
14.07592,51.04683,11,12,5,3,0,1,0,1
14.19815,50.98675,11,3,5,3,0,1,0,0
13.30834,51.31828,11,16,5,3,0,1,0,0
13.58729,51.12315,11,16,5,2,0,1,1,0
13.53309,51.06916,11,17,5,3,0,1,0,0
13.76217,51.12012,11,17,5,3,1,1,0,0
12.65373,50.71813,11,7,5,3,0,0,0,0
13.23955,50.66575,11,12,5,2,0,0,0,1
13.26954,51.02995,11,10,5,3,0,1,0,0
12.77562,50.85766,11,9,4,3,1,1,0,0
12.71634,50.81051,11,8,4,3,0,1,0,0
12.50022,50.70513,11,10,4,3,0,1,0,0
12.59099,51.32907,11,15,4,3,1,1,0,0
12.42802,51.35155,11,19,4,3,1,0,0,0
13.36625,50.91363,12,14,2,3,0,1,0,0
12.44027,51.29404,11,9,4,2,0,1,1,0
13.49029,51.1633,11,8,4,3,1,0,0,0
13.70356,51.04371,11,9,4,2,1,0,1,0
13.74129,51.05764,11,19,4,3,1,0,1,0
13.52735,51.28928,11,16,4,1,0,1,1,0
12.73909,51.10255,11,6,4,3,1,1,0,0
12.7426,50.56057,11,7,4,2,0,1,0,1
12.95049,50.55713,11,11,4,3,0,1,0,0
12.99009,50.60516,11,7,4,2,0,1,0,0
12.95181,50.89673,11,4,4,2,0,0,0,0
12.8182,50.86077,11,6,4,3,0,1,0,0
12.93851,50.83088,11,13,4,3,0,1,0,0
12.80414,50.84605,11,13,4,2,1,1,0,0
12.13513,50.50244,11,10,3,3,0,1,0,0
12.71457,50.79886,11,12,3,3,0,1,0,0
12.51316,50.50507,11,15,3,3,0,1,0,1
12.44292,51.3888,11,17,3,3,0,1,0,0
15.00026,51.1773,11,14,3,3,0,0,0,1
14.39868,51.1797,11,12,3,3,0,1,0,0
14.27687,50.97612,11,18,3,3,0,1,0,0
13.67201,51.1038,11,13,3,3,1,0,0,0
13.61557,51.11368,11,15,3,3,0,1,0,0
13.72995,51.08257,11,19,3,3,1,0,1,0
13.72443,51.03304,11,9,3,3,1,0,0,0
13.69067,51.07832,11,6,3,3,0,1,1,0
12.84785,50.91983,11,5,3,2,1,1,0,0
12.92456,50.85936,11,18,3,3,1,1,0,0
12.75554,50.55585,11,12,3,3,0,0,0,1
13.341,51.01957,11,16,3,2,0,1,0,1
12.90806,50.83306,11,7,3,3,0,1,1,0
12.42845,50.71491,11,15,2,3,0,1,0,0
12.50197,50.74592,11,13,2,3,0,1,0,0
12.23117,50.3329,11,8,2,2,0,1,0,0
12.5284,50.81567,11,9,2,3,0,1,0,1
12.37178,50.57373,11,11,2,2,0,1,0,0
12.5264,50.6701,11,21,2,3,0,1,0,0
12.23815,50.62696,11,10,2,3,0,0,0,0
12.84187,51.32475,11,10,2,3,0,1,0,0
12.49268,51.1247,11,12,2,3,1,1,0,0
12.38729,51.25251,11,17,2,3,0,1,0,0
14.60626,50.9776,11,17,2,3,0,1,0,0
14.81935,51.32676,11,8,2,3,0,1,0,0
14.91653,51.21914,11,17,2,3,0,1,0,0
14.06328,51.09072,11,15,2,1,0,1,0,0
14.22477,51.02348,11,18,2,3,0,1,0,1
13.47584,51.16442,11,15,2,3,0,0,0,1
13.64491,51.01453,11,16,2,3,0,1,0,0
12.96088,50.99991,11,15,2,3,1,1,0,0
13.08054,50.65246,11,12,2,3,0,1,0,0
12.72108,50.58832,11,7,2,3,0,1,0,0
12.92653,50.83381,11,7,2,3,0,0,1,1
13.26423,50.78801,11,15,2,2,0,1,0,1
13.98705,50.92434,12,16,2,2,0,1,0,1
12.4907,50.71759,11,9,1,3,1,0,0,0
12.46666,50.57659,11,12,1,3,0,0,0,1
12.42593,50.6799,11,3,1,3,0,1,0,0
12.39128,51.27668,11,14,1,3,0,1,0,0
12.19484,51.34761,11,12,1,3,0,1,0,0
14.68902,51.52625,11,16,1,3,0,1,0,0
13.49015,51.16721,11,9,1,3,1,0,0,0
13.58644,50.9406,11,15,1,3,1,0,0,0
12.96625,50.8091,12,10,6,3,0,1,0,0
13.70651,51.0287,11,8,1,3,1,1,0,0
13.83562,51.12557,11,17,1,3,0,1,0,0
12.79373,50.88968,11,22,1,3,0,0,0,1
13.01207,51.0661,11,22,1,2,0,1,0,0
12.40169,51.31425,11,14,7,3,0,1,0,0
12.86676,51.37159,11,9,7,2,1,1,0,0
14.83805,50.90727,11,18,7,3,0,1,0,0
14.69134,50.97466,11,17,7,3,0,1,0,0
14.70959,51.50251,11,12,7,2,0,1,0,0
14.70953,51.50251,11,12,7,3,0,1,0,0
12.72964,51.24021,12,18,3,3,0,1,0,0
13.9362,51.1135,11,12,7,3,0,1,0,0
14.82799,51.29242,11,13,7,3,1,1,0,0
13.71242,50.96823,11,16,7,3,0,1,1,0
13.86313,51.10362,11,9,7,3,0,1,0,0
12.97459,50.9361,11,7,7,3,0,0,0,0
13.05239,50.82398,11,1,7,3,0,1,0,0
13.01647,50.76407,11,11,7,2,0,1,0,0
13.37325,50.91331,11,17,7,3,0,1,0,0
12.91568,51.11455,11,2,7,3,0,1,0,0
12.9477,50.59753,11,15,7,3,0,1,0,0
12.81512,50.86396,11,0,7,3,0,1,0,0
13.18386,50.70066,11,10,7,2,0,1,0,0
12.46976,50.83572,11,6,6,3,0,1,0,0
12.3583,50.83985,11,7,6,1,0,1,0,0
12.59096,51.59626,11,17,6,3,0,1,0,0
12.48997,51.37817,11,11,6,2,0,0,0,0
12.42653,51.35187,11,16,6,2,0,1,1,0
14.70058,50.89896,11,17,6,2,0,1,0,0
14.65433,51.07614,11,11,6,2,0,1,0,0
14.07992,51.326,11,10,6,3,0,1,0,0
14.35278,51.20096,11,7,6,3,0,1,0,0
14.60646,51.26676,11,17,6,3,0,0,0,0
13.55477,51.17334,11,20,6,2,0,1,0,0
13.53777,51.04713,11,13,6,3,0,1,0,0
13.66874,50.88912,11,18,6,3,0,1,0,0
13.81905,51.05178,11,7,6,3,0,1,0,0
13.40381,51.05954,11,16,6,3,0,1,0,0
13.61065,51.0376,11,10,6,3,0,1,0,0
12.91366,50.9524,11,13,6,2,0,1,0,0
13.1166,50.96945,11,12,6,3,0,1,0,0
13.14762,50.62192,11,13,6,3,0,1,0,0
13.18247,51.11074,11,13,6,3,0,0,0,0
12.63609,50.58549,11,13,6,3,0,1,0,1
12.36635,50.65539,11,11,5,1,0,1,0,0
12.1949,51.42178,11,0,5,3,0,1,0,0
14.80697,50.89912,11,11,5,3,0,1,0,0
14.658,51.08197,11,7,5,3,0,1,0,0
14.17111,51.41684,11,20,5,2,0,1,0,0
13.64018,51.10663,11,14,5,3,0,1,0,0
13.78471,51.00886,12,16,7,3,1,1,0,0
13.53525,51.05133,11,6,5,3,0,1,0,0
13.71967,51.0944,11,9,5,3,0,1,1,0
13.73514,51.06199,11,18,5,3,0,1,0,0
13.11116,51.03823,11,22,5,2,0,1,0,0
13.26027,50.64542,11,4,5,3,0,1,0,0
12.89917,50.8245,11,15,5,3,0,1,0,0
13.1788,50.65429,11,16,5,2,0,1,0,0
12.83941,50.9795,12,0,1,2,0,1,0,0
12.48079,50.71411,11,14,4,3,0,1,0,0
12.76268,51.16094,11,11,4,3,0,1,0,0
12.20584,51.3532,11,20,4,3,0,1,0,0
14.38111,51.07596,11,17,4,3,0,1,0,0
13.69365,51.01204,11,14,4,3,1,1,0,0
13.0227,50.45327,11,7,4,3,0,1,0,0
12.54697,50.69289,11,23,3,3,0,0,0,1
12.124,50.51176,11,16,3,3,0,1,1,0
12.24005,50.57336,11,11,3,3,1,1,0,0
12.75141,51.35409,11,11,3,3,0,1,0,0
12.39523,51.33221,11,14,3,3,1,1,0,0
12.2609,51.3075,11,15,3,3,0,1,0,0
12.29044,51.39282,11,21,3,3,0,1,0,0
14.80305,50.91763,11,13,3,3,0,1,0,0
14.43733,51.181,11,7,3,3,1,1,0,0
14.6127,51.00352,11,15,3,3,0,1,0,0
14.09514,51.30312,11,5,3,3,0,1,0,0
14.31917,51.39507,11,15,3,3,0,1,0,0
14.44106,51.18053,11,15,3,3,0,1,0,0
14.21782,51.14476,11,17,3,2,1,1,0,0
14.23706,51.09863,11,16,3,1,0,1,1,0
14.82103,50.90035,11,7,3,2,0,0,0,1
13.36033,51.32852,11,6,3,3,1,1,0,0
13.29155,51.30604,11,17,3,3,0,1,1,0
13.92666,50.98147,11,16,3,3,1,1,0,0
13.93112,50.9574,11,7,3,3,0,1,1,0
13.93401,50.96372,11,5,3,3,1,1,0,0
13.87392,50.96641,11,21,3,3,1,0,0,0
13.49102,51.16039,11,16,3,3,1,0,0,0
13.6536,50.99531,11,18,3,3,0,1,0,0
13.7514,51.06303,11,13,3,3,1,1,0,0
13.7344,51.06552,11,16,3,3,1,1,0,0
13.61063,51.0376,11,17,3,3,0,1,0,0
13.8168,50.98714,11,9,3,3,0,1,0,0
13.77963,51.24955,11,11,3,2,0,1,0,0
12.75482,50.72121,11,7,3,3,0,1,1,0
13.33841,50.91352,11,17,3,3,0,1,1,0
13.05584,51.1916,11,7,3,3,0,1,0,0
13.79239,51.12722,12,5,2,3,0,1,0,0
13.04236,50.51167,11,15,3,3,0,1,0,0
12.93976,50.84579,11,14,3,3,0,1,0,0
12.59666,50.74513,11,7,2,3,0,0,0,1
12.60618,50.68555,11,15,2,3,0,1,0,0
12.38677,50.82133,11,5,2,3,0,1,0,0
12.22383,50.50518,11,5,2,2,0,1,1,0
12.37347,50.80347,11,7,2,2,0,0,0,0
12.50827,51.13584,12,14,5,3,0,1,0,0
12.51799,51.12712,11,8,2,3,0,1,0,0
12.39348,51.37188,11,10,2,3,0,1,0,0
12.2359,51.40208,11,10,2,3,0,1,0,0
14.64777,51.06576,11,14,2,3,0,1,0,0
13.82117,51.16867,11,11,2,3,0,1,0,0
14.05239,51.1593,11,16,2,3,0,0,0,1
13.92098,51.11943,11,9,2,3,0,1,1,0
14.77707,51.22061,11,7,2,2,1,1,0,0
14.26147,51.04828,11,7,2,3,0,0,0,0
14.24557,50.99381,11,8,2,3,0,0,0,0
13.48974,51.10152,11,7,2,3,0,1,0,0
13.73698,50.84417,11,8,2,3,0,1,0,0
12.45164,51.279,11,11,7,3,0,1,0,0
13.60499,51.06288,11,17,2,3,0,1,0,0
13.72086,51.09259,11,17,2,3,1,0,0,0
12.72898,51.05659,11,16,2,3,0,1,0,0
13.42495,50.96658,11,7,2,3,0,1,0,0
12.63251,50.45421,11,5,2,2,0,1,0,0
13.02893,50.50068,11,5,2,2,0,1,0,0
12.99958,50.91332,11,7,2,3,0,1,0,0
12.68342,50.6958,11,17,1,3,0,1,0,0
12.50509,51.13003,11,14,1,3,1,1,0,0
12.54461,51.054,11,14,1,3,1,0,0,0
12.45182,51.27907,11,12,1,3,0,0,0,1
12.71906,51.2578,11,19,1,3,0,1,0,0
14.80694,51.14849,11,15,1,2,0,1,0,0
12.94486,50.91349,11,16,1,3,0,0,0,1
13.2225,51.00425,11,17,1,3,0,1,0,0
13.05258,51.15961,11,0,1,2,0,1,0,0
12.62715,50.75518,11,1,7,3,0,0,0,1
12.29226,50.62475,11,14,7,2,0,1,0,0
12.39246,51.34541,11,15,7,3,1,1,0,0
14.5983,51.33957,11,1,7,2,0,1,0,0
13.67516,51.1036,11,23,7,2,1,1,0,0
12.93625,50.8453,11,14,7,3,1,1,0,0
12.79844,50.75064,11,10,7,3,0,1,0,0
12.76736,50.69963,11,17,7,3,0,1,0,0
12.4868,50.7225,11,16,6,3,0,1,1,0
12.37839,51.31496,11,6,6,3,0,0,0,1
12.43705,51.19859,11,12,6,3,0,1,0,0
12.34517,51.37518,11,13,6,3,0,1,0,0
12.43027,51.28377,11,9,6,3,0,1,0,0
12.31665,51.38169,11,5,6,1,0,1,0,0
13.82796,51.18244,11,8,6,3,0,1,0,0
14.36889,51.16663,11,9,6,2,0,1,0,0
13.44207,51.39015,11,20,6,3,1,0,0,0
13.85543,50.96561,11,13,6,3,1,1,0,0
13.9416,50.95769,11,18,6,3,0,1,0,1
13.68794,50.90581,11,10,6,3,0,1,0,0
13.73864,51.06839,11,23,6,3,0,0,0,0
13.78212,51.11342,11,9,6,3,1,1,0,0
13.65286,50.99586,11,14,6,3,1,1,0,0
13.0727,50.8536,11,13,6,3,1,1,0,0
13.17422,51.11162,11,6,6,3,0,1,0,0
12.86929,50.88158,11,10,6,2,0,1,1,0
12.66801,50.6678,11,15,5,3,0,0,0,1
12.41094,50.61736,11,22,5,2,0,1,0,0
12.95596,51.56651,11,8,5,2,1,1,0,0
12.61477,51.14079,11,19,5,2,0,1,0,0
12.70584,50.72434,12,16,2,3,0,1,1,0
12.29888,51.52924,11,10,5,1,0,1,0,0
14.78577,50.8991,11,22,5,3,0,1,0,0
14.73924,51.01947,11,16,5,2,0,1,1,0
14.17112,51.03504,11,6,5,3,0,1,0,0
13.9149,50.90031,11,7,5,3,0,1,0,0
13.93468,50.96974,11,16,5,3,0,1,0,0
13.80951,50.97484,11,7,5,2,0,1,0,0
13.86404,50.94541,11,6,5,3,0,1,0,0
12.36875,50.78209,12,15,2,3,0,1,0,0
13.58548,51.11186,11,6,5,3,0,0,0,1
13.71102,51.1004,12,16,7,3,0,1,0,0
13.77807,50.8972,11,6,5,3,0,1,0,0
13.47126,51.00737,11,4,5,3,0,0,0,1
13.58478,50.98348,11,5,5,3,1,0,0,0
13.7557,50.945,11,6,5,3,0,1,0,0
13.70045,50.94803,11,8,5,3,0,1,0,0
13.65389,51.06785,11,6,5,3,1,0,0,0
13.80288,50.98634,11,7,5,2,0,1,0,0
13.72809,51.04332,11,9,5,3,0,0,0,1
13.89237,50.91439,11,15,5,3,0,1,0,0
13.60564,51.09392,11,6,5,2,0,1,0,0
13.01474,50.8614,11,5,5,3,0,1,0,0
12.98152,50.91955,11,21,5,3,0,1,0,0
12.91318,50.81472,11,6,5,3,0,1,0,0
12.9265,50.83378,11,13,5,3,0,1,0,0
12.94821,51.09917,11,13,5,2,0,1,0,0
12.27803,50.31655,11,15,4,3,0,1,0,0
12.76403,50.80956,11,15,4,2,1,0,0,0
12.75736,50.85605,11,10,4,3,0,1,0,0
12.35078,50.59806,11,20,4,3,0,1,0,0
12.31701,50.75707,11,7,4,3,0,1,0,0
12.19643,50.49658,11,6,4,3,0,1,0,0
12.36435,51.47554,11,7,4,2,1,0,0,0
12.3962,51.41546,11,7,4,3,0,1,0,0
12.3763,51.3759,11,6,4,2,0,1,0,0
12.27322,51.32659,11,8,4,2,0,1,0,0
14.22398,51.20432,11,12,4,2,0,1,0,0
14.25363,51.43274,11,17,4,3,1,1,0,0
14.90691,51.14832,11,9,4,2,0,1,0,0
14.30755,50.92753,11,22,4,3,0,1,0,0
13.67363,50.9065,11,17,4,3,0,1,1,0
13.76229,51.12017,11,5,4,3,1,1,0,0
12.89646,51.22957,11,1,5,2,0,0,0,0
13.5347,51.29184,11,17,4,2,0,1,1,0
13.60126,51.30041,11,10,4,3,0,1,0,0
13.0951,50.82899,11,0,4,3,0,1,0,0
13.45896,50.73051,11,7,4,3,0,1,0,0
13.63342,50.8403,12,8,4,2,0,1,0,0
12.90323,50.84589,11,14,4,3,0,0,0,0
13.43497,50.64585,11,14,4,2,0,1,0,0
13.20055,51.00013,11,6,4,2,0,1,0,0
12.62936,50.75964,11,6,3,3,0,1,0,0
12.29254,50.62953,11,14,3,3,0,1,0,0
12.32371,51.37946,11,22,3,3,0,1,1,0
14.14988,51.19914,11,4,3,3,0,1,0,0
14.99837,51.17029,11,10,3,2,0,1,0,1
13.53326,51.28669,11,9,3,3,1,1,0,0
12.51694,51.29238,12,22,6,3,0,1,0,0
13.54379,51.32703,11,21,3,3,0,1,0,0
13.80366,50.99537,11,3,3,2,0,1,0,0
13.33783,50.66149,11,15,3,3,1,1,0,0
13.33407,50.66183,11,13,3,2,0,1,0,0
13.11018,50.64692,11,6,3,3,0,1,0,0
13.01519,50.55719,11,15,3,3,0,1,0,0
12.92025,50.82541,11,16,3,3,0,1,0,0
12.48987,50.71821,11,7,2,3,0,1,0,0
12.47936,50.71345,11,15,2,3,0,1,0,0
12.55566,50.68391,11,16,2,3,0,1,0,0
12.61546,50.8268,12,5,2,3,0,1,0,0
14.42934,51.08071,11,9,6,3,0,1,0,1
12.12868,50.50825,11,8,2,3,0,1,1,0
12.64674,50.8274,11,21,2,3,0,1,0,0
12.52705,50.82468,11,16,2,3,0,1,0,0
12.41737,50.68842,11,16,2,1,0,1,0,0
13.63319,51.10773,12,12,4,3,1,1,0,0
12.44137,50.82507,11,11,2,2,0,0,0,0
12.40702,51.24771,11,14,2,3,0,1,0,0
12.54654,51.13921,11,11,2,2,0,1,0,0
12.62084,50.76917,12,18,5,3,0,1,0,0
13.82267,51.17184,11,16,2,3,1,0,0,0
14.0279,51.1456,11,14,2,3,0,0,1,0
14.01854,51.18331,11,7,2,3,0,1,1,0
13.83691,51.14893,11,4,2,3,0,0,0,0
14.06574,51.35245,11,15,2,3,0,1,0,0
14.30832,51.17914,11,6,2,2,0,0,0,1
13.94762,50.87548,11,6,2,3,0,1,0,1
13.7475,51.05162,11,5,2,3,1,1,0,0
13.74134,51.14324,11,16,2,2,0,1,0,0
13.53091,51.28567,11,5,2,2,0,1,0,0
12.74963,50.70447,11,17,2,3,0,1,0,0
13.05996,50.66306,11,11,2,3,0,1,0,0
12.62356,50.59965,11,14,2,3,0,1,0,0
12.96799,50.64494,11,17,2,3,0,1,1,0
12.89401,50.89207,11,6,2,3,0,1,0,0
12.95025,50.83184,11,11,2,3,0,1,0,0
12.82707,50.85557,11,8,2,3,0,1,0,0
13.46019,50.62492,11,11,2,2,0,1,0,0
12.8956,51.51856,11,15,1,3,1,0,0,0
12.68775,51.37746,11,1,1,2,0,1,0,0
14.44784,51.17964,12,17,4,3,0,1,0,0
14.79233,50.89885,11,13,1,3,0,1,0,0
13.26319,50.68552,12,18,7,2,0,1,0,0
14.67051,50.88266,11,19,1,3,0,1,0,0
12.47305,50.64887,12,10,2,3,0,0,0,0
14.55555,51.40894,11,18,1,3,0,1,0,0
13.44855,51.05005,11,14,1,1,0,0,0,1
13.57203,51.04012,11,11,1,2,0,1,0,0
12.71032,50.7139,11,12,1,2,0,1,0,0
12.87755,50.58276,11,14,1,3,0,1,0,0
13.30547,51.19389,12,9,5,2,0,1,0,1
13.01512,50.9995,11,17,1,2,0,1,0,1
13.20094,50.70126,11,11,1,3,0,1,0,0
12.69898,50.80989,11,4,7,3,0,0,0,0
13.07644,51.54573,11,13,7,3,0,1,0,0
14.58035,50.99992,11,11,7,3,0,1,0,0
14.34792,51.30749,11,19,7,3,0,1,0,0
14.22849,50.96661,11,8,7,3,0,0,0,0
12.31509,50.403,12,6,4,3,0,1,0,0
13.73828,51.06392,11,11,7,3,1,1,0,0
13.86793,50.95634,11,17,7,3,0,1,0,0
13.32501,50.9224,11,4,7,3,1,1,0,0
12.93683,50.54867,11,9,7,3,0,1,0,0
12.83451,50.85057,11,18,7,2,0,1,0,0
12.90627,50.8396,11,11,7,2,1,1,0,0
12.15048,50.41434,11,14,6,3,0,1,0,0
12.19456,50.49947,11,13,6,3,0,1,0,0
12.36863,50.68748,11,19,6,3,0,1,0,0
12.19875,51.42817,11,12,6,3,0,1,0,0
12.19685,51.22354,11,15,6,2,0,1,0,0
12.38272,51.34346,11,19,6,3,1,1,0,0
12.43756,51.35716,11,22,6,3,0,1,0,0
14.61653,51.50849,11,10,6,3,1,0,0,0
14.97381,51.1596,11,10,6,3,0,1,0,0
13.89728,51.17087,11,10,6,3,0,1,0,0
13.30908,51.31822,11,13,6,3,0,1,0,0
13.78534,51.24429,11,14,6,3,0,1,0,0
13.68956,51.06961,11,12,6,3,0,1,0,0
12.82767,50.917,11,15,6,3,1,1,0,0
13.33547,50.89845,11,15,6,3,0,1,0,0
12.91239,50.82796,11,15,6,3,0,1,0,0
12.92651,50.83379,11,5,6,3,0,1,0,0
12.69199,50.96899,11,10,6,3,0,1,0,0
12.93636,50.8221,11,11,6,3,0,1,0,0
12.70286,50.93367,11,5,6,3,0,1,0,1
12.21569,50.50763,11,23,5,3,0,1,0,0
12.78944,50.83142,12,10,1,2,0,1,0,0
12.97862,51.27145,11,20,5,1,0,1,1,0
12.26484,51.2762,11,17,5,2,0,1,0,0
14.66479,51.52049,11,20,5,2,0,1,0,0
14.35555,51.43401,11,14,5,3,0,1,0,0
13.49139,51.16707,11,11,5,2,1,0,0,0
13.63533,51.10741,11,20,5,3,0,1,0,0
13.88442,50.8993,11,8,5,1,0,1,0,1
13.09281,51.12303,11,17,5,3,0,1,0,0
13.04905,50.92231,11,18,5,3,0,1,0,0
12.54807,50.60492,11,10,4,3,0,1,0,0
12.40002,50.51242,11,14,4,3,0,1,0,0
12.95456,51.5464,11,17,4,3,0,1,0,0
13.5969,51.0624,11,10,1,3,0,1,0,0
12.67805,51.3608,11,22,4,3,0,1,0,0
12.36778,51.45968,11,16,4,2,0,1,0,0
14.88882,51.24627,11,15,4,3,0,1,0,0
13.58184,51.00351,11,14,4,3,0,1,0,0
13.72859,51.07087,11,17,4,3,0,1,0,0
13.72788,51.0602,11,20,4,3,1,0,0,0
13.50607,50.74428,11,15,4,3,0,1,0,0
13.44348,50.84845,11,6,4,3,0,1,0,0
12.39463,51.3547,11,21,3,3,1,0,0,0
12.58923,50.67787,11,18,3,3,0,0,0,1
12.13183,50.48965,11,10,3,3,1,1,0,0
12.12012,50.51523,11,19,3,3,0,0,0,1
13.57074,51.16301,12,11,3,2,0,1,0,0
12.75738,50.80852,11,12,3,3,1,1,0,0
12.31912,51.30037,11,18,3,3,0,1,0,0
12.42218,51.35166,11,18,3,3,0,1,0,0
12.4638,51.2624,11,17,3,3,0,1,0,0
12.28859,51.52007,11,6,3,3,0,1,0,0
14.03778,51.07877,11,21,3,2,0,1,0,0
14.81124,50.89187,11,6,4,3,1,1,0,0
14.02322,51.15263,11,15,3,2,1,0,0,0
14.19346,51.10479,11,12,3,2,0,1,0,0
14.43181,51.1694,11,16,3,3,0,1,0,0
14.43551,51.18123,11,15,3,3,0,1,0,0
14.14267,50.9719,11,19,1,3,0,1,0,0
14.74636,51.46245,11,14,3,2,0,1,0,0
13.49373,51.16686,11,7,3,3,1,1,0,0
13.72045,51.33189,11,6,3,2,0,1,0,1
13.28966,51.04981,12,12,6,3,0,1,0,0
13.77026,51.10261,11,15,3,3,0,0,1,0
13.79976,50.99836,11,10,3,3,0,1,1,0
13.77967,51.24957,11,13,3,2,0,1,0,0
12.63322,50.59686,11,6,3,3,0,1,0,0
12.80027,50.58131,11,7,3,3,0,0,0,1
12.83785,50.82066,11,17,3,3,1,1,0,0
12.82588,50.78125,11,17,3,2,0,0,0,0
12.98283,51.27194,11,7,2,3,0,1,0,0
12.36848,51.52544,11,19,2,3,0,1,0,0
14.72659,51.52939,11,14,2,3,0,1,0,0
13.39517,50.8786,11,9,3,3,0,1,0,0
14.48659,51.3681,11,7,2,3,0,1,0,0
14.1017,51.27646,12,16,2,2,0,1,1,0
13.72153,51.04721,11,7,6,3,0,1,0,0
14.74633,51.46246,11,20,2,3,0,1,0,0
14.97361,51.15816,11,6,2,3,0,1,0,0
14.96899,51.16808,11,9,2,3,0,1,0,0
13.6026,51.11792,11,7,2,3,1,0,0,0
13.90471,50.94627,11,8,2,3,0,1,0,0
13.86027,51.04313,11,15,2,3,0,1,0,0
13.70768,51.05843,11,6,2,3,1,0,0,0
13.35028,50.91869,11,16,2,3,0,1,0,0
12.50366,51.12748,12,7,2,3,1,1,0,0
12.87589,50.81003,11,13,2,3,0,1,0,0
12.16883,50.45027,11,14,1,3,0,1,0,0
12.38054,50.48193,11,17,1,2,0,1,0,1
12.44575,50.64842,11,18,1,3,0,1,0,0
12.72023,51.36297,11,15,1,3,0,1,0,1
14.77421,50.86471,11,19,1,3,0,1,1,0
14.16683,51.35996,11,14,1,3,0,1,0,0
13.85486,51.06189,11,11,1,3,0,0,0,0
13.72102,51.04822,11,17,1,3,0,1,0,1
13.05531,51.09982,11,15,1,3,0,0,0,1
14.69099,51.10497,12,16,4,3,0,1,0,0
12.75031,50.82974,11,12,7,3,0,1,0,0
12.48957,50.73824,11,14,7,3,0,1,0,0
12.71156,51.23091,11,12,7,3,0,0,0,1
12.27993,51.17348,11,15,7,3,0,0,0,1
14.04975,51.16599,11,17,7,3,0,1,0,0
14.9526,51.14888,11,10,7,3,0,1,0,1
13.712,51.10295,12,15,2,3,0,1,1,0
14.47377,51.16091,11,11,7,3,0,1,0,0
13.58512,51.12363,11,13,7,3,0,1,0,0
12.80478,50.78209,11,19,7,3,1,0,0,0
13.1309,50.85953,11,12,7,3,0,0,0,1
12.75503,50.82035,11,9,7,2,0,1,0,0
12.4481,50.81643,11,9,6,3,1,1,0,0
12.31347,50.43976,11,11,6,2,0,0,0,1
12.39796,51.35808,11,18,6,2,0,1,1,0
13.98079,51.24534,11,10,6,3,1,0,0,0
14.45158,51.17884,11,10,6,3,1,1,0,0
14.14018,51.17478,11,15,6,2,0,1,0,0
14.43336,51.18121,11,9,6,2,1,1,0,0
14.2317,51.01093,11,16,6,3,0,1,0,0
14.16567,50.92593,11,14,6,3,1,0,0,0
13.87052,50.94757,11,13,6,2,0,1,0,0
13.87615,51.06029,11,12,6,3,1,1,0,0
13.86679,51.1345,11,12,6,3,1,0,0,0
13.3039,50.76373,11,16,6,3,0,1,0,0
14.39753,51.10257,11,15,2,3,0,1,0,0
12.95908,50.82987,11,9,6,3,0,1,0,0
12.87066,50.87873,11,19,6,2,0,1,1,0
12.77127,50.82454,11,15,6,3,0,1,0,0
12.7093,50.59582,11,17,5,3,0,1,1,0
12.96703,50.64291,11,14,6,2,0,1,0,0
12.764,50.55262,11,19,6,3,0,1,0,1
12.32824,50.59075,10,19,5,2,0,1,0,0
12.26574,51.45219,10,13,5,1,0,0,0,1
14.13322,51.36001,10,15,5,3,0,1,0,0
14.52869,51.30092,10,10,5,3,0,0,0,1
13.64407,51.15247,10,7,5,2,0,0,0,0
13.11336,51.29731,11,13,2,3,0,1,0,1
13.73427,51.04034,10,0,5,2,0,1,1,0
13.70552,51.04598,10,12,5,3,0,1,0,1
14.21148,51.04774,10,20,5,2,0,0,0,0
13.32732,50.86919,10,17,5,3,0,1,0,1
12.46438,51.35054,10,16,4,3,1,1,0,0
13.04467,51.62547,10,8,4,3,0,0,0,1
12.67811,51.36082,10,18,4,3,0,1,0,0
12.85242,51.34315,10,11,4,3,0,1,0,0
14.82877,51.04787,11,16,5,3,0,1,0,0
12.30435,51.2526,10,20,4,3,0,1,0,0
12.74886,51.27589,10,21,4,1,0,1,0,0
12.38148,51.34337,10,17,4,2,0,1,1,0
14.12641,51.22044,10,7,4,3,0,0,0,1
14.07045,51.37613,10,10,4,3,0,1,0,0
14.39093,51.17061,10,8,4,3,0,1,0,0
13.65052,51.0068,12,16,3,3,0,1,0,0
14.44548,51.17999,10,11,4,3,1,1,0,0
13.34254,51.19214,10,12,4,3,0,1,0,0
13.22668,51.25177,10,16,4,3,0,1,0,0
12.94994,50.81645,11,17,5,2,0,1,0,0
13.66528,50.85994,10,9,4,3,0,1,0,1
13.9121,50.95661,10,15,4,3,0,1,0,1
13.85529,50.96624,10,13,4,2,0,1,0,1
13.57121,51.00069,10,9,4,3,0,0,0,1
13.6601,51.04923,10,18,4,3,1,0,1,0
13.70353,51.03458,10,21,4,3,0,1,1,0
13.7147,51.07936,10,5,4,2,1,0,0,0
12.65179,50.63957,12,14,7,3,0,1,0,0
13.73425,51.02935,10,9,4,3,1,0,0,0
13.86355,51.06593,11,14,6,2,1,0,0,0
13.69314,51.08182,10,9,4,3,0,1,0,0
13.73915,51.06574,10,6,4,3,0,0,0,1
13.8814,50.80792,10,12,4,1,0,0,0,0
13.72429,51.0433,10,14,4,3,1,0,1,0
13.6905,51.06161,10,7,4,3,1,0,0,0
13.19621,50.94087,10,7,4,3,0,1,0,0
13.35375,50.9362,10,14,4,3,0,1,0,1
12.97829,51.17515,10,14,4,3,0,1,0,0
13.11798,51.15108,10,18,4,3,0,1,0,0
12.72218,50.58935,10,13,4,3,0,1,0,0
12.95742,50.8648,10,15,4,2,0,1,0,1
12.39531,50.69171,10,15,3,2,0,0,0,1
12.37195,50.73958,10,17,3,3,0,1,1,0
12.19133,50.43621,10,5,3,3,0,1,0,0
12.2868,50.31469,10,10,3,2,0,1,0,0
12.62084,50.76917,10,15,3,2,0,1,0,0
13.10352,51.30068,10,12,3,3,0,1,0,0
12.84102,51.13713,10,7,3,3,0,0,0,0
13.87538,50.79272,11,16,6,3,0,1,0,0
12.46446,51.30484,10,18,3,2,1,0,0,1
12.37898,51.39294,10,13,3,3,1,0,0,0
14.60942,50.98935,10,14,3,3,0,1,0,1
14.50441,51.06039,10,18,3,2,1,1,0,0
13.34443,50.91502,12,20,1,3,0,1,1,0
14.39436,51.39805,10,9,3,3,1,0,0,0
14.77511,51.17383,10,12,3,3,0,1,0,0
13.93036,50.97935,10,15,3,3,0,1,0,1
13.47681,51.17085,10,7,3,3,1,0,0,1
13.49649,51.09599,10,6,3,2,0,1,0,1
13.61512,51.03855,12,18,3,3,0,1,0,0
13.49089,51.16127,10,15,3,3,1,1,0,0
13.71042,51.02174,10,15,3,3,0,1,1,0
13.68348,51.07693,10,14,3,3,0,1,0,0
13.71505,50.98766,10,6,3,3,0,1,0,0
13.10978,51.12215,10,14,3,3,1,1,0,0
13.01139,50.58691,10,9,3,3,0,0,0,0
12.95587,50.41487,10,13,3,2,0,0,0,1
13.74498,51.11738,12,6,6,3,0,1,0,0
13.00622,50.58626,10,15,3,3,1,1,0,0
12.87452,50.76429,10,23,3,2,1,0,0,0
12.91545,50.82905,10,15,3,3,0,1,0,0
12.57386,50.85625,12,14,4,2,0,1,0,1
12.79467,51.04821,10,16,3,2,0,0,0,1
12.64921,51.46423,10,7,2,3,1,1,0,0
12.61238,51.23869,10,7,2,3,0,1,0,0
12.40011,51.24778,10,23,2,3,0,1,0,0
12.33593,50.46444,12,6,5,3,0,1,0,0
14.96335,51.34708,12,15,4,3,1,0,0,0
14.73708,51.08791,10,7,2,3,0,1,1,0
14.13489,51.44344,10,14,2,3,0,1,0,0
14.23858,51.1123,10,14,2,3,0,1,0,0
14.42068,51.16399,10,15,2,2,0,1,0,1
13.58299,51.16466,12,9,2,3,0,1,0,0
13.95796,50.95649,10,9,2,3,0,1,1,0
13.78946,50.85386,10,11,2,2,0,1,0,1
13.69016,51.07337,10,16,2,3,1,1,0,0
13.84439,51.0619,10,8,2,3,0,1,0,0
13.74902,51.13002,10,10,2,3,0,1,0,0
13.80081,51.16617,10,6,2,3,0,1,0,0
13.95552,50.86188,10,8,2,2,0,1,0,0
13.68125,51.06185,10,16,2,2,0,0,0,1
12.78697,50.95077,10,6,2,2,1,0,0,0
12.9125,50.82774,10,7,2,3,0,1,0,0
13.10238,51.12168,10,14,2,3,1,1,0,0
12.90806,50.83306,10,21,2,1,1,1,0,0
12.49153,50.71668,10,11,1,3,0,1,0,1
12.20261,50.50164,10,13,1,2,0,1,0,0
12.55494,51.05392,10,21,1,2,1,0,0,0
12.21717,51.22548,10,1,1,2,1,0,0,0
12.20302,51.47199,11,12,4,3,0,0,0,0
12.33106,51.2044,10,2,1,2,0,1,1,0
12.38063,51.42144,10,19,1,3,0,1,0,0
14.66162,51.52012,10,11,1,3,1,1,0,0
13.98717,51.24066,10,18,1,2,1,0,0,0
14.89299,51.14719,11,18,5,3,0,1,0,0
14.95419,51.11931,10,17,1,2,1,0,1,0
13.93607,50.97258,10,15,1,3,0,1,0,1
14.90106,51.37627,12,10,5,2,0,1,0,0
13.8388,50.81947,10,11,1,3,0,0,0,1
13.62559,50.75097,10,20,1,3,0,1,0,0
13.95562,51.02232,10,12,1,3,0,1,0,0
13.16711,50.80042,10,10,1,3,0,1,0,0
12.63653,50.55985,10,14,1,3,0,1,0,1
12.75731,50.50184,10,13,1,2,0,1,0,1
12.95497,50.81434,10,13,1,2,0,1,0,1
14.406,51.3903,11,11,7,3,0,1,0,0
12.86934,50.53545,10,14,1,2,0,1,0,1
12.49936,50.72815,10,14,7,3,0,1,1,0
12.27677,50.58745,10,11,7,3,0,1,0,0
12.66832,51.46931,10,12,7,3,1,1,0,0
13.72394,51.26731,11,19,2,3,0,1,0,0
12.58204,51.01718,10,23,7,3,1,0,0,0
12.40519,51.31395,10,12,7,3,0,1,0,1
12.3905,51.37814,10,14,7,3,0,1,0,0
12.226,51.44705,10,11,7,2,0,0,0,1
12.39053,51.37809,10,14,7,3,0,1,0,0
12.39918,51.36408,10,15,7,3,0,1,0,0
14.68001,51.52475,10,19,7,3,0,1,0,0
14.30984,51.2187,10,13,7,2,1,0,0,0
14.41818,51.15654,10,20,7,3,1,0,0,0
14.13513,50.92362,10,12,7,3,0,1,0,1
13.84276,50.95967,10,15,7,3,0,0,0,1
13.93618,50.95247,10,10,7,2,1,1,0,0
13.29074,51.05342,10,8,7,3,0,1,0,0
13.51496,51.01943,10,11,7,3,0,1,0,0
13.79991,50.99846,10,16,7,3,1,0,1,0
13.46891,51.05968,10,9,7,1,0,1,0,0
13.73244,51.06102,10,16,7,3,0,1,0,0
12.48164,51.37485,11,9,1,3,1,1,0,0
12.90299,50.7248,10,3,7,2,1,0,0,0
12.70351,50.99607,10,18,7,2,0,1,0,0
13.71972,51.03515,11,15,2,3,0,1,0,1
13.12188,51.15338,10,14,7,3,0,1,0,0
12.89656,50.62298,10,11,7,3,0,1,0,0
13.05425,50.9269,10,13,7,3,0,1,0,0
13.27632,50.96736,10,17,7,3,0,1,0,1
13.22838,50.8828,10,15,7,2,0,1,0,0
12.26335,51.27609,11,6,5,3,0,1,0,0
12.4602,50.70731,10,7,6,3,0,1,0,0
12.70563,50.79893,10,12,6,2,1,0,1,0
12.54347,50.8417,10,14,6,3,0,1,0,0
12.50301,50.76529,10,15,6,3,0,1,0,0
12.62792,51.45823,10,14,6,3,1,1,0,0
12.21698,51.29936,10,14,6,3,0,1,0,0
13.55927,51.01634,10,6,2,3,0,1,0,0
12.37982,51.31481,10,7,6,3,0,1,0,0
12.3947,51.35491,10,17,6,3,0,1,0,0
12.48287,51.37533,10,18,6,3,0,1,0,0
12.68139,51.26887,10,10,6,3,0,1,0,0
12.63702,51.28732,10,9,6,2,0,1,0,0
12.64317,50.58966,11,7,2,3,0,1,0,0
12.63113,51.28982,10,13,6,3,0,1,0,0
12.62011,51.29563,10,9,6,3,0,1,0,0
12.23271,51.46419,10,16,6,2,0,1,0,0
12.43407,51.45577,10,6,6,3,0,1,0,0
13.92415,51.09937,10,12,6,3,0,1,0,0
13.91717,51.09092,10,14,6,2,0,1,1,0
14.30685,51.32352,10,14,6,2,0,1,0,0
14.97594,51.15522,10,12,6,3,0,1,0,1
12.95003,50.8497,12,14,4,2,0,1,0,0
14.51065,51.29427,10,15,6,3,1,0,0,0
13.48512,51.1553,10,16,6,3,0,1,0,0
13.57544,51.32428,10,18,6,3,0,0,0,1
13.76821,51.01991,10,15,6,3,1,0,0,0
13.7988,51.06595,10,22,6,2,1,0,0,0
13.70231,51.04374,10,2,6,3,1,0,0,0
12.8057,50.91827,10,18,6,3,1,0,0,0
13.04299,50.75335,10,12,6,3,0,1,0,0
13.31822,50.85797,10,14,6,2,0,1,0,1
12.94299,50.79414,10,7,6,3,0,1,0,1
12.68977,51.0005,10,8,6,3,0,1,0,0
12.49488,50.70789,11,23,6,3,1,0,0,0
12.98032,50.89723,10,6,6,3,0,1,0,0
12.9228,50.83153,10,12,6,3,0,0,1,0
12.06031,50.44537,10,9,5,3,0,1,0,0
12.46373,51.58742,10,15,5,3,0,1,0,1
12.54609,51.349,10,9,5,3,0,1,0,0
12.84901,51.13929,10,11,5,2,0,0,0,0
14.71802,51.15054,10,2,5,2,0,1,0,0
14.64215,51.05682,10,16,5,3,0,1,0,1
14.57883,51.06799,10,14,5,2,1,1,0,0
14.14146,51.28622,10,22,5,3,0,1,0,0
14.09157,51.38827,10,18,5,2,0,1,0,0
13.30479,51.31687,10,11,5,3,0,1,0,0
13.48626,51.38896,10,8,5,3,0,1,0,0
13.94398,50.95779,10,16,5,3,0,0,1,0
13.66269,51.04953,10,14,5,2,1,1,0,0
13.85537,50.95953,10,7,5,3,0,1,0,1
13.74664,51.05718,10,14,5,3,1,1,0,0
13.74032,51.06469,10,15,5,3,1,1,0,0
13.94236,50.95771,10,7,5,3,0,1,1,0
13.57394,50.97965,10,13,5,2,0,1,0,0
12.87972,50.68142,10,10,5,3,0,1,0,0
13.45369,50.99492,12,6,2,2,0,1,0,0
12.85134,50.70268,10,7,5,3,0,1,1,0
12.89511,50.81989,10,21,5,3,0,1,0,0
12.79768,50.74992,10,13,5,3,0,1,0,0
12.67999,50.94371,10,16,5,3,0,1,0,1
12.50042,50.70519,10,4,4,3,0,1,0,0
12.16267,50.50955,10,12,4,3,0,1,0,0
12.39319,50.48836,10,8,4,2,0,1,0,0
12.54736,50.75465,10,16,4,2,0,1,0,0
13.10907,51.30003,10,15,4,3,1,0,0,0
12.63195,51.35838,10,18,4,3,0,1,0,0
12.20943,51.48595,10,16,4,2,0,0,0,0
12.95808,50.85381,12,6,5,3,0,1,0,0
12.56892,51.42584,10,15,4,3,0,1,0,0
12.41938,51.46358,10,19,4,2,0,1,0,0
12.33833,51.50847,12,10,2,3,0,1,0,0
13.99458,51.34055,10,5,4,3,0,1,0,0
12.75033,50.81981,11,9,1,3,0,1,0,0
14.94708,51.14818,10,14,4,3,0,1,0,0
14.14473,51.11497,10,17,4,3,0,1,0,0
14.07045,51.37613,10,9,4,1,1,0,0,0
13.26308,51.31471,10,17,4,3,0,1,0,0
13.72094,51.04138,10,16,4,3,1,0,1,0
13.74153,51.06472,10,12,4,3,0,0,1,0
12.83746,50.76263,10,16,4,2,0,1,0,0
12.92295,50.97457,10,19,4,3,0,0,0,1
12.5592,50.65086,10,15,3,3,0,0,0,1
12.49347,50.71442,10,15,6,3,0,1,1,1
12.14071,50.49065,10,10,3,3,0,1,0,1
12.75252,50.86084,10,10,3,3,0,1,0,0
12.39133,51.34742,10,17,3,3,1,1,0,0
12.21284,51.42579,10,16,3,1,0,1,0,0
14.66953,51.09015,10,14,3,3,0,1,1,0
14.11934,51.44571,10,15,3,3,0,1,0,0
13.93102,50.96233,10,6,3,3,1,1,0,0
13.56044,51.16217,10,17,3,3,0,1,0,0
13.67084,51.07139,10,13,3,3,1,1,0,0
13.19051,51.10602,10,10,3,2,0,1,0,0
13.10728,50.96802,10,6,3,3,0,0,0,1
13.0565,50.70981,10,14,3,3,0,0,0,1
13.09908,51.13927,10,11,3,3,0,1,0,0
12.93316,50.82325,10,14,3,3,1,0,0,0
12.52902,50.82323,10,14,2,3,1,1,0,0
12.25751,50.3214,10,6,2,3,0,0,1,0
13.0205,51.56294,10,15,2,3,0,1,0,0
14.69882,50.97418,10,16,2,3,1,1,0,0
14.19021,51.42044,10,7,2,3,0,1,0,0
12.18263,51.40046,12,21,3,3,0,1,0,0
14.77742,51.14695,10,8,2,3,0,1,0,0
12.61299,51.44893,10,13,7,2,0,1,0,0
14.77073,51.14853,10,15,2,3,0,1,0,0
14.33309,51.09694,10,17,2,3,1,0,1,0
13.71063,51.08356,10,16,2,3,0,1,0,0
13.7192,51.07647,10,12,2,3,0,1,0,1
13.69357,51.10885,10,17,2,2,1,1,0,0
12.78266,50.48726,10,14,2,3,0,1,0,0
12.19701,51.34797,11,11,2,2,0,1,0,0
12.79192,50.54306,10,7,2,2,0,0,0,0
12.38034,51.28499,11,18,4,3,0,1,0,0
12.9263,50.77722,10,11,2,3,0,1,0,0
12.95783,50.85359,10,14,2,3,0,1,0,0
13.77734,51.1113,11,21,7,3,1,1,0,0
13.48626,50.78826,10,15,2,2,0,1,0,0
12.9751,51.27169,11,14,4,3,0,1,0,0
12.54123,50.84327,10,6,1,3,0,1,0,0
13.95455,51.12971,10,16,1,3,1,0,0,0
14.11237,51.1208,10,16,1,1,0,1,0,0
13.69776,51.04347,10,14,1,3,0,1,1,0
13.67112,51.01674,10,15,1,3,0,1,0,0
12.97215,50.97287,10,15,1,3,0,0,0,1
12.70538,50.59556,10,14,1,3,0,1,1,0
12.62115,50.47596,10,15,1,2,0,0,0,1
12.70898,50.59574,10,12,1,3,0,1,0,0
12.84556,50.84962,10,3,1,3,0,1,0,0
12.51166,50.67594,10,16,7,3,0,1,0,1
13.05924,50.81744,12,12,3,3,0,1,0,0
14.80168,50.89444,10,12,7,3,0,1,0,0
14.24152,51.40098,10,7,7,3,0,1,0,0
14.24169,51.39585,10,17,7,3,1,0,0,0
14.32698,51.08631,10,20,7,3,1,0,0,0
13.3664,51.07601,10,7,7,3,0,1,0,1
13.71501,50.98815,10,13,7,3,0,1,0,0
13.37982,51.05843,10,11,7,2,0,1,0,0
13.94762,50.95937,10,21,7,3,0,1,0,0
13.6929,51.08017,12,1,6,3,0,1,0,0
13.55227,51.04904,10,16,7,3,0,1,0,0
12.39605,51.41548,11,22,6,3,0,1,0,0
13.52586,50.87279,10,12,7,2,0,1,0,0
12.74666,51.00696,10,16,7,3,0,0,0,1
13.07765,50.75261,10,12,7,2,0,1,0,1
13.45626,50.87326,10,11,7,3,0,1,0,1
12.99511,50.71102,10,15,7,3,0,1,0,1
12.67251,51.04395,10,19,7,2,0,1,0,0
13.06426,50.74048,10,22,7,3,0,1,0,0
12.6314,50.55854,10,10,7,2,0,1,0,0
12.73628,51.37269,10,14,6,3,1,1,0,0
12.5579,51.15793,10,11,6,3,0,1,0,0
12.45628,51.13632,10,14,6,3,0,1,0,0
12.27409,51.19213,10,21,6,2,0,0,0,1
12.25464,51.28117,10,18,6,3,0,1,0,1
12.39538,51.34103,10,16,6,3,0,1,0,1
13.87657,51.24704,10,16,6,2,0,1,0,0
14.56071,51.23946,10,14,6,3,0,1,0,1
13.97212,51.1085,11,12,3,3,0,1,0,0
14.44551,51.1036,10,14,6,3,0,1,0,1
14.48504,51.24245,10,14,6,3,0,1,0,0
14.07506,51.1707,10,17,6,3,0,1,0,0
14.23577,50.98217,10,23,6,2,1,0,0,0
13.73014,51.20165,10,14,6,3,0,1,0,0
14.14337,51.17745,12,13,6,2,0,0,0,0
13.76041,51.08208,10,8,6,3,0,0,0,0
12.77259,50.78229,10,5,6,3,1,1,0,0
12.71551,50.69413,10,12,6,3,0,0,0,0
13.07561,50.74999,10,10,6,2,0,1,1,0
14.23629,51.52346,12,13,4,3,0,1,0,0
13.47801,51.15841,11,19,7,3,0,1,0,0
13.54309,50.79683,10,16,6,3,0,1,0,1
12.98223,50.63332,10,11,6,3,0,1,0,0
13.33502,50.91329,10,18,6,2,1,0,0,0
13.00845,50.98804,10,23,6,2,0,1,0,0
12.64096,50.75522,10,19,5,3,0,1,0,0
14.09367,51.31048,11,8,5,3,0,1,0,0
12.5786,51.28571,10,11,5,3,1,1,0,0
12.26673,51.21847,10,14,5,3,1,1,0,0
14.97366,51.15867,10,14,5,3,0,1,0,0
14.52293,51.20625,10,8,5,3,0,1,0,0
13.93884,50.95795,10,18,5,3,0,1,0,0
13.48649,51.16531,10,12,5,3,1,1,0,0
13.25867,51.055,10,15,5,2,0,0,0,1
13.72934,51.05977,10,17,5,3,0,1,0,0
13.47242,51.15983,10,10,5,2,0,1,1,0
13.73998,51.04515,10,22,5,3,1,0,0,0
13.47591,50.66906,10,13,1,2,0,1,1,1
13.04834,51.16302,10,22,5,3,0,1,0,0
12.93013,50.83502,12,14,4,3,0,1,0,0
14.81151,50.90212,11,7,5,3,0,1,0,1
12.93351,50.82314,10,18,5,3,0,1,0,0
12.72228,51.48009,10,16,4,3,0,1,0,0
12.43204,51.27777,10,9,4,3,0,1,0,0
14.66561,51.09699,10,11,4,2,0,1,1,0
14.62092,51.01089,10,14,4,3,0,1,0,0
13.82378,51.17767,10,16,4,3,0,1,0,1
14.32054,51.09259,10,13,4,3,1,0,1,0
14.54675,51.153,10,8,4,3,0,0,0,0
13.30915,51.30089,10,8,4,3,0,1,0,0
13.86423,50.89662,10,7,4,3,0,1,0,0
13.49087,51.16135,10,11,4,3,1,0,0,0
13.53402,51.2996,10,17,4,3,1,0,0,0
13.4588,50.94046,11,17,3,3,0,1,0,0
13.47997,51.30783,10,9,4,3,0,1,0,0
14.44471,51.10153,10,16,3,3,0,1,0,0
13.71667,50.99228,10,9,4,3,0,0,0,0
13.72901,51.05929,10,14,4,3,0,1,0,0
13.72369,51.05527,10,11,4,3,0,1,0,0
13.40099,51.05925,10,11,4,3,0,1,0,0
13.00964,50.90293,10,15,4,2,1,1,0,0
13.33669,50.73439,10,11,4,3,0,1,0,0
12.61248,50.51817,10,17,4,3,0,0,0,1
12.95943,50.86634,10,15,4,3,0,1,0,0
13.16539,51.11707,11,13,7,2,0,1,0,0
12.92939,50.85371,10,15,4,3,0,1,0,1
12.43826,50.69897,10,14,3,3,0,1,0,0
12.35214,50.47733,10,14,3,3,0,1,0,0
12.99103,51.39651,10,17,3,3,0,1,0,0
12.48997,51.26783,10,20,3,3,0,1,0,0
12.36112,51.09119,10,16,3,3,1,1,0,0
12.39369,51.35133,10,17,3,3,0,1,0,0
13.08191,50.73382,11,6,6,3,0,1,0,0
13.77158,51.01575,10,7,6,3,1,1,0,0
12.39519,51.35536,10,14,3,3,0,1,0,0
14.19501,51.29853,10,6,3,2,0,1,0,0
14.40828,51.17301,10,14,3,3,0,1,0,1
14.23575,51.0032,10,13,3,2,0,1,0,0
13.36033,51.32852,10,13,3,3,1,1,0,0
13.85572,50.93703,10,9,3,3,0,1,0,0
14.00155,50.8692,10,17,3,3,0,1,1,0
13.87171,50.79152,10,6,3,3,0,0,0,0
13.82878,51.05855,10,16,3,3,1,1,0,0
13.61194,51.06447,10,16,3,3,0,1,0,0
13.80562,50.99342,10,14,3,2,0,1,0,0
13.69288,51.08179,11,11,7,3,0,1,0,0
13.10119,50.81002,10,11,3,2,0,1,0,0
12.94221,50.91609,10,17,3,3,0,0,0,1
13.05119,50.86616,10,17,3,3,0,1,0,0
13.33574,50.72959,10,6,3,3,0,0,0,1
13.30453,50.7633,10,19,3,3,0,1,0,0
13.56343,51.15851,12,12,2,2,1,1,0,0
12.62359,50.59965,10,8,3,3,0,1,0,0
12.6416,50.61602,11,13,6,2,0,1,0,0
13.72177,51.03413,10,11,5,3,1,0,0,0
12.92589,50.79213,10,12,3,3,0,1,0,0
12.92147,51.06922,10,10,3,3,0,0,0,0
13.20069,50.71481,10,12,3,2,0,1,0,1
12.14004,50.50528,10,19,2,2,0,0,0,1
12.5183,50.83394,10,14,2,3,0,1,0,0
12.39731,50.49681,10,16,2,3,0,1,0,0
12.45385,50.35579,10,15,2,1,0,0,1,0
12.85864,50.58813,12,20,1,3,0,1,0,0
12.3771,50.4814,10,20,2,3,0,1,0,0
12.71811,50.76004,10,6,2,3,0,1,0,0
12.41975,51.13012,10,8,2,3,0,1,0,0
12.23157,51.39301,10,18,2,2,0,0,0,1
12.82836,51.20487,10,17,2,3,0,1,0,0
13.73326,51.03909,10,17,2,3,0,1,1,0
13.70095,50.94126,11,10,3,3,0,1,0,0
12.86593,50.85919,10,18,5,2,0,1,0,0
13.72347,51.0551,10,14,2,3,0,1,0,0
13.02139,51.05198,10,15,2,3,0,1,0,0
13.3461,50.84541,10,11,2,3,0,1,0,0
12.69448,50.65645,10,16,2,2,0,1,0,1
12.80647,50.8443,10,19,2,3,0,1,0,0
12.59566,50.81002,10,15,1,2,0,1,0,0
12.24763,50.56831,10,15,1,2,1,1,0,0
12.43692,51.4726,10,1,1,3,1,0,0,0
12.25013,51.18319,10,18,1,2,0,1,0,1
14.7777,50.98177,10,10,1,3,0,1,0,0
13.72946,51.02088,10,0,1,3,1,0,0,0
13.30247,51.02338,12,7,3,3,0,1,0,0
13.797,51.07522,10,18,1,3,1,0,0,0
13.78645,51.06832,10,14,1,3,0,1,0,0
13.00288,50.74068,10,19,1,3,0,1,0,0
12.93192,50.8391,10,14,1,2,0,0,1,1
14.7107,51.03843,10,9,5,3,0,1,0,0
12.82938,50.85009,10,9,1,2,0,1,0,0
12.41418,50.71255,10,12,7,3,0,1,0,0
12.40776,51.33789,3,7,6,3,1,1,0,0
12.33816,51.33137,3,14,6,3,1,1,0,0
12.32103,51.30277,3,10,6,3,1,1,0,0
12.47929,51.3486,3,10,6,3,0,1,0,0
12.47847,51.34186,3,16,6,3,0,1,0,0
14.25497,51.43351,3,14,6,3,1,1,0,0
13.66799,51.01235,3,7,6,3,0,1,0,0
13.7414,51.02361,3,15,6,3,0,1,1,0
13.76525,51.04695,3,16,6,3,0,1,1,0
13.78532,51.03596,3,15,6,3,1,1,0,0
13.80929,51.02843,3,8,6,2,0,1,1,0
13.74155,51.0433,3,12,6,3,1,1,0,0
13.7496,51.03358,3,8,6,3,1,1,0,0
13.755,51.04596,3,22,6,3,0,0,1,1
13.32607,50.87372,3,8,6,3,0,1,0,0
12.88304,50.81792,3,14,6,3,0,1,1,0
12.90354,51.04238,3,13,6,2,1,1,0,0
12.1729,50.42645,3,8,5,3,0,1,1,0
12.67244,51.47427,3,14,5,3,0,1,0,0
12.42708,51.34502,3,19,5,3,1,1,0,0
12.36025,51.31909,3,18,5,3,0,1,0,0
12.406,51.31393,3,7,5,3,1,1,0,0
14.09478,51.45505,3,10,5,3,0,1,0,0
13.57204,51.16572,3,19,5,3,0,0,0,1
13.69035,51.04922,3,15,5,3,1,1,0,0
12.38456,51.32853,3,13,4,3,0,1,0,0
12.41279,51.37522,3,22,4,2,0,1,0,1
12.39379,51.34448,3,15,4,2,0,0,1,0
13.47189,51.16345,3,14,4,3,1,0,0,0
13.78951,51.12588,3,16,4,3,0,1,0,0
13.76154,51.052,3,14,4,3,1,1,0,0
13.82281,51.03208,3,14,4,3,0,1,0,0
13.76195,51.08169,3,13,4,1,0,0,0,1
13.76156,51.11793,3,7,4,3,0,1,0,1
12.88695,50.79538,3,15,4,3,0,1,0,0
12.87432,50.81927,3,5,4,3,1,1,0,0
12.39946,51.31938,3,7,3,3,1,1,0,0
12.33495,51.32919,3,12,3,3,1,0,0,0
12.41892,51.32106,3,15,3,3,0,1,1,0
12.43085,51.34404,3,14,3,3,1,1,0,0
12.41002,51.37551,3,10,3,3,1,1,0,0
12.37283,51.34319,3,14,3,3,0,1,0,0
12.37691,51.34437,3,14,3,3,0,1,0,0
14.98149,51.15078,3,20,3,3,0,1,0,0
13.93624,50.98989,3,17,3,2,1,1,0,0
13.75852,51.05418,3,8,3,3,1,1,0,0
13.56509,51.28495,3,18,3,3,0,1,0,1
12.54454,50.81655,3,8,2,2,1,1,0,0
12.37371,51.3315,3,18,2,3,1,1,0,0
12.39308,51.37636,3,15,2,3,0,1,0,0
12.39342,51.28618,3,19,2,3,1,1,0,0
12.39386,51.37844,3,14,2,3,0,1,0,1
13.28145,51.31747,3,8,2,3,0,1,0,0
13.66852,50.89519,3,15,2,3,0,1,1,0
13.74143,51.07306,3,7,2,3,1,1,0,0
13.78694,51.06938,3,15,2,3,1,0,1,0
13.77775,51.05299,3,11,2,3,1,1,0,0
13.72414,51.03096,3,8,2,3,0,1,0,0
12.94315,50.82147,3,11,2,3,0,1,0,0
12.37414,51.30345,3,18,1,3,1,0,0,0
13.89492,51.26189,3,9,1,3,0,1,0,0
13.7427,51.04795,3,14,1,3,1,0,0,0
13.77453,51.03312,3,18,1,3,0,1,0,0
13.80107,51.04826,3,12,1,3,0,1,0,0
13.76972,51.04478,3,9,1,3,1,1,0,0
12.13762,50.51562,3,19,7,3,0,1,1,0
12.37434,51.36037,3,11,5,3,1,0,0,0
12.74313,51.37267,3,10,7,3,0,0,0,1
13.58675,51.12639,3,15,7,3,1,0,0,0
13.68088,51.08828,3,9,7,3,1,0,0,0
12.8203,50.86458,3,17,7,2,0,1,0,0
12.36866,50.73284,3,12,6,3,0,1,0,1
12.36032,50.47529,3,12,6,3,0,1,1,0
12.37108,51.34402,3,13,6,3,0,1,0,0
12.27282,51.32466,3,16,6,3,1,1,0,0
12.37521,51.36437,3,13,6,3,1,1,0,0
14.24338,51.43524,3,11,6,3,0,1,0,0
14.44869,51.18843,3,13,6,3,0,1,0,0
13.56201,51.1518,3,23,6,3,1,0,0,0
13.5311,51.29276,3,9,6,2,0,1,1,0
13.69731,51.08627,3,15,6,3,0,0,0,1
13.77526,51.03284,3,19,6,3,1,1,0,0
13.81002,51.0489,3,18,6,3,1,1,0,0
13.76112,51.05053,3,12,6,3,1,0,1,0
13.72843,51.04332,3,14,6,3,0,1,0,0
13.71568,51.03691,3,16,6,2,0,1,0,0
13.77724,51.07008,3,7,6,3,1,1,0,0
13.74187,51.07176,3,11,6,2,0,1,1,0
13.0072,50.57252,3,8,6,3,0,1,0,0
12.37738,50.74098,2,18,5,3,1,1,0,0
12.55101,50.81642,2,11,5,3,0,1,0,0
13.07858,51.24926,2,14,5,3,1,1,0,0
12.3388,51.52547,2,10,5,3,0,1,0,0
12.37058,51.32812,2,15,5,3,0,1,0,0
12.36158,51.33275,2,11,5,3,0,1,0,0
12.33729,51.376,2,8,5,3,1,1,0,0
12.39594,51.3842,2,16,5,3,1,0,0,0
12.3269,51.33908,2,8,5,3,0,1,0,1
12.29854,51.33695,2,14,5,3,0,1,0,0
14.44488,51.18697,2,9,5,3,0,1,0,0
13.28489,51.30201,2,8,5,3,0,1,1,0
13.93152,50.9723,2,9,5,3,0,1,0,0
12.55039,51.05514,3,13,5,3,0,0,1,0
13.94139,50.95596,2,6,5,3,1,1,0,0
13.72675,51.21493,2,6,5,3,0,1,0,1
13.53366,51.00364,2,8,5,3,0,1,0,0
13.71888,51.09306,2,9,5,3,0,1,0,0
13.84067,51.05031,2,7,5,3,1,1,0,0
13.80661,51.03908,2,12,5,3,1,0,0,0
13.72277,51.05617,2,19,5,2,0,0,1,0
13.80286,51.03012,2,12,5,2,1,1,0,0
12.97413,51.09495,2,13,5,3,0,1,0,1
12.66546,50.59959,2,18,5,2,0,1,0,0
12.51125,50.73752,2,7,4,3,0,1,1,0
12.401,51.4,2,16,4,3,0,1,0,0
12.37365,51.30565,2,22,4,3,1,0,0,0
14.26729,51.44259,2,8,4,3,1,1,0,0
14.85823,51.33976,2,7,4,3,0,0,0,0
14.43392,51.17979,2,19,4,3,1,1,0,0
13.79522,51.00701,2,11,4,3,0,1,1,0
13.62441,51.10862,2,8,4,3,0,1,0,0
13.82587,51.01208,2,15,4,3,1,1,0,0
13.12319,51.11922,2,15,4,3,1,1,0,0
12.94389,50.815,2,6,4,2,0,1,1,0
12.15647,50.49131,2,11,3,3,1,1,0,0
12.38129,50.48252,2,9,3,3,0,1,0,0
12.35407,51.33456,2,10,3,3,0,1,0,0
12.333,51.33602,2,12,3,3,1,0,0,0
12.30302,51.35395,2,19,3,3,0,1,0,0
14.80539,50.89047,2,15,3,3,0,1,0,1
14.42351,51.17841,2,7,3,3,1,1,0,0
13.53599,51.2951,2,17,3,3,0,1,0,0
13.67763,51.01026,2,7,3,3,1,0,0,0
12.55827,51.18704,2,7,2,3,0,1,0,0
12.26646,51.16756,2,7,2,3,0,1,0,0
12.38409,51.33625,2,16,2,3,1,1,0,0
12.34252,51.3216,2,7,2,3,1,1,0,0
12.36837,51.31597,2,9,2,3,1,1,0,0
12.43734,51.39555,2,7,2,3,0,0,0,1
12.70344,50.59501,3,16,7,2,0,1,1,0
14.18448,51.13686,2,6,2,3,0,1,1,0
13.3002,51.28507,2,7,2,3,0,1,0,0
13.72591,51.03536,2,7,2,3,1,0,0,0
13.70877,51.03075,2,15,2,3,1,0,0,0
13.74704,51.07589,2,17,2,3,1,1,0,0
13.72853,51.08927,2,8,2,3,0,1,0,0
12.90264,50.78801,2,9,2,3,0,1,1,0
12.94299,50.82609,2,7,2,3,0,1,0,1
12.78822,50.81276,2,22,2,3,0,1,1,0
12.31447,51.36063,2,20,1,3,1,0,0,0
12.40634,51.35088,2,16,1,3,1,0,0,0
12.21073,51.46896,2,15,1,1,0,1,0,0
12.63204,51.45949,2,3,1,3,0,1,0,0
14.44246,51.18631,2,21,1,3,0,1,1,0
13.9398,50.96408,2,14,1,2,1,0,0,0
12.49981,50.73036,2,19,7,3,0,1,0,0
12.35049,51.33257,2,19,7,3,0,1,1,0
12.36594,51.34694,2,9,7,3,0,1,0,0
14.97755,51.15867,2,16,7,3,0,1,1,0
13.85764,51.01027,2,18,7,3,1,0,0,0
13.81013,51.01256,2,14,7,2,1,1,0,0
13.94234,50.95939,3,18,6,2,1,0,0,0
12.63275,50.61581,2,15,7,3,1,0,0,0
12.6348,51.24823,2,11,6,3,1,0,0,0
12.41845,51.31714,2,13,6,3,1,1,0,0
12.37129,51.33775,2,9,6,3,1,1,0,0
13.72898,51.09365,2,15,6,3,1,1,0,0
13.71887,51.01478,2,12,6,3,0,1,0,0
12.48063,50.67334,2,18,5,2,0,1,1,0
12.98617,51.46624,2,12,5,3,0,0,0,1
12.35844,51.3792,2,5,5,3,1,1,0,0
13.58701,51.11291,2,7,5,3,1,1,0,0
13.75598,51.05482,2,16,5,3,0,1,0,0
13.72324,51.04991,2,16,5,3,0,1,0,0
13.70863,51.0519,2,8,5,3,1,1,0,0
12.89582,50.844,2,8,5,3,0,1,0,0
12.92385,50.80605,2,11,5,3,1,1,0,0
12.87061,50.81794,2,18,5,3,1,1,0,0
12.49183,50.72401,2,13,4,3,0,1,0,0
12.37688,51.32422,2,10,4,3,0,1,0,0
12.42978,51.37415,2,18,4,3,1,0,0,0
12.70105,50.72805,2,8,4,3,0,1,0,0
12.37317,51.33129,2,14,3,3,0,1,1,0
12.40841,51.37075,2,17,3,3,1,1,0,0
13.71487,50.96551,2,10,3,3,0,1,1,0
13.83746,51.02486,2,7,3,3,0,1,0,0
13.73508,51.03365,2,12,3,2,1,0,0,0
13.70122,51.04175,2,9,3,3,1,0,0,0
12.33874,51.32253,2,10,2,3,0,0,0,1
12.36914,51.32095,2,10,2,3,1,1,0,0
12.37371,51.33123,2,12,2,3,1,1,0,0
13.71417,51.0795,2,13,2,3,1,0,0,0
13.74455,51.03731,2,7,2,3,1,1,0,0
12.93312,50.81153,2,16,2,3,1,1,0,0
12.37228,51.34961,2,21,1,3,1,1,0,0
13.34541,50.91003,2,11,1,3,0,1,0,0
12.33806,51.36961,2,12,7,3,1,1,0,0
13.65529,50.99342,2,22,7,2,1,1,0,0
13.70494,51.03314,2,15,7,3,0,1,0,1
12.48668,50.71931,2,11,6,3,0,1,0,0
12.64448,51.52909,2,16,6,2,0,1,0,0
13.9266,51.11253,2,14,6,3,0,1,1,0
14.03788,51.3757,2,11,6,3,0,1,0,0
14.80722,51.1523,2,19,6,3,0,1,0,0
13.75551,50.89156,2,16,6,3,0,1,1,0
13.67847,51.04788,2,15,6,3,0,1,0,0
13.77937,51.06086,2,5,6,3,0,1,0,0
13.78781,51.06005,2,17,6,3,1,1,0,0
12.86357,50.80998,2,14,6,2,0,0,0,0
12.32202,51.33267,2,9,5,3,1,0,1,0
12.35628,51.37235,2,8,5,3,1,1,0,0
12.42638,51.35179,2,9,5,3,0,1,0,0
14.2886,51.09613,2,16,5,2,0,1,0,0
14.44752,51.18371,2,19,5,3,1,1,0,0
13.80212,51.00324,2,21,5,3,0,1,0,0
13.75074,51.04724,2,11,5,3,1,1,0,0
13.71878,51.08785,2,7,5,3,1,1,0,0
12.88186,50.83158,2,9,5,2,0,1,1,0
12.54269,50.83949,2,14,4,3,0,0,0,1
12.3272,51.21775,2,13,4,3,0,1,0,0
12.40398,51.3361,2,22,4,3,0,1,1,0
12.40461,51.33821,2,16,4,3,0,1,0,0
13.96993,51.15621,2,18,4,3,0,1,0,0
13.62961,51.10702,2,18,4,3,0,1,1,0
13.65241,51.01556,2,6,4,3,0,1,0,0
13.75814,51.05254,2,16,4,3,0,1,1,0
13.75335,51.05827,2,7,4,3,0,1,0,0
13.77563,51.04536,2,16,4,3,1,1,0,0
13.7611,51.031,2,15,4,3,0,0,1,0
13.71618,51.06538,2,18,4,2,1,1,0,0
12.93158,50.83264,2,23,4,3,1,0,0,0
12.5725,51.35454,2,9,3,2,0,1,0,0
12.49382,51.12173,2,9,3,3,1,1,0,0
12.37035,51.35507,2,16,3,3,1,1,0,0
12.36883,51.32677,2,15,3,3,0,1,0,0
12.3495,51.36732,2,9,3,3,0,1,0,0
14.98365,51.15438,2,17,3,3,0,1,0,1
14.98597,51.15278,2,17,3,3,1,0,1,0
13.74986,51.03268,2,12,3,3,0,1,1,0
13.71244,51.03401,2,12,3,3,0,1,0,0
13.80863,51.02788,2,12,3,2,1,0,0,0
13.75544,51.05,2,19,3,3,1,1,0,0
13.75659,51.05512,2,10,3,3,1,1,0,0
13.34244,50.88304,2,6,3,3,0,1,1,0
12.90131,50.8305,2,17,3,3,1,1,0,0
12.14072,50.49077,2,8,2,3,0,1,0,0
12.37801,51.33266,2,18,2,3,1,0,1,0
12.44512,51.34261,2,15,2,3,1,1,0,0
13.65974,51.00146,2,6,2,3,0,1,0,0
13.67841,51.01049,2,13,2,3,0,0,0,1
13.82951,51.01711,2,13,2,3,1,0,0,0
13.71186,51.11259,2,9,2,3,1,0,0,0
13.78353,51.04343,2,8,2,3,1,0,0,0
13.75087,51.03104,2,18,2,3,1,1,0,0
13.50613,51.16977,2,15,2,2,0,1,1,0
12.35393,51.35092,2,14,7,2,1,0,0,0
13.70014,51.08492,2,9,2,3,1,1,0,0
12.95062,50.83014,2,10,2,3,0,1,0,0
12.37359,51.32765,2,19,1,3,1,0,1,0
12.39152,51.32228,2,15,1,2,0,1,0,0
12.42336,50.532,2,19,7,2,0,1,0,0
12.388,51.36103,2,22,7,3,1,1,0,0
13.45539,50.99967,2,17,7,3,0,1,0,1
13.45701,50.9718,2,13,7,3,0,1,0,1
12.94352,50.85297,2,21,7,2,1,0,0,0
12.36561,51.33953,2,14,6,3,1,0,0,0
12.37221,51.33138,2,14,6,3,1,1,0,0
14.68589,51.10725,2,8,6,3,0,1,0,0
13.34237,51.33906,2,11,6,3,0,1,0,0
13.79137,51.04678,2,6,6,3,1,1,0,0
13.67764,51.05895,2,9,6,3,0,1,0,0
12.85244,50.7526,2,9,6,3,0,1,0,0
12.89771,50.7819,2,17,6,2,0,0,0,0
12.49527,50.72003,2,15,5,3,0,1,1,0
12.39629,50.50245,2,13,5,2,0,1,0,0
12.94147,51.28034,2,12,5,3,0,1,1,0
12.39828,51.33947,2,9,5,3,0,1,1,0
12.38729,51.30925,2,6,5,3,1,1,0,0
12.3191,51.38023,2,17,5,3,0,1,0,0
14.20991,51.02299,2,13,5,3,0,1,0,0
13.80364,51.04026,2,18,5,3,0,1,0,0
13.75455,51.04575,2,16,5,3,0,1,0,0
13.77346,51.11833,2,11,5,3,0,1,0,0
13.82674,51.03324,2,20,5,3,0,1,0,0
12.78023,50.70886,2,15,5,3,0,1,0,0
12.93431,50.83763,2,11,5,3,0,1,0,0
12.49068,50.7224,2,13,4,3,1,1,0,0
12.49872,50.70433,2,17,4,3,0,1,1,0
12.32682,50.31047,2,18,4,2,0,1,0,0
12.37111,50.75755,2,12,4,2,0,1,1,0
12.47109,50.84767,2,7,4,2,0,1,0,1
13.07948,51.23735,2,7,4,2,0,1,0,0
12.43722,51.39577,2,14,6,3,0,1,0,0
13.09529,51.30999,2,11,4,3,1,0,0,0
12.41336,51.35493,2,20,4,3,0,1,1,0
12.37375,51.33116,2,17,4,3,1,1,0,0
14.50331,51.07561,2,8,4,3,0,1,0,0
13.791,51.03788,2,6,4,3,0,1,0,0
13.79815,51.04541,2,18,4,3,1,1,0,0
12.76868,50.54792,2,18,4,3,0,1,0,0
12.92372,50.83524,2,13,4,3,0,1,1,0
12.47789,50.73507,2,11,3,3,0,1,1,0
12.36825,51.34697,2,9,3,3,1,1,0,0
12.39831,51.33399,2,16,3,3,0,1,0,1
13.72028,51.01883,2,15,3,3,0,1,1,0
13.79136,51.03778,2,11,3,3,1,1,0,0
12.39135,50.80941,2,5,2,3,1,1,0,0
12.12531,50.49999,2,14,2,3,0,1,0,0
12.77565,50.85565,2,12,2,3,0,0,0,0
12.37367,51.33281,2,8,2,3,1,0,0,0
12.35934,51.35756,2,10,2,3,1,1,0,0
12.32625,51.53252,2,7,2,3,1,1,0,0
12.37875,51.36649,2,17,2,3,1,1,0,0
14.27253,51.44293,2,10,2,2,0,0,0,0
14.23277,51.43024,2,7,2,3,1,1,0,0
14.4314,51.05381,2,16,2,2,0,0,1,0
13.94506,50.95807,2,6,2,3,1,1,0,0
13.67669,51.06082,2,14,2,2,1,1,0,0
13.33493,50.92449,2,9,2,3,1,1,0,0
13.32644,50.94585,2,14,2,3,0,1,0,0
13.29488,50.84695,2,6,2,2,0,0,0,1
12.9873,51.08056,2,13,2,3,0,1,0,1
13.91335,51.10119,2,15,1,3,0,1,0,0
14.12975,51.48394,2,1,1,2,0,1,0,0
13.70033,51.04492,2,19,1,3,1,1,0,0
12.92201,50.84123,2,21,1,3,0,1,0,0
12.37001,51.34309,2,11,7,3,1,1,0,0
12.34052,51.31959,2,18,7,3,1,1,0,0
13.53053,51.29401,2,10,7,3,0,1,0,0
13.74897,51.0628,2,1,7,2,0,1,0,0
13.72515,51.0503,2,17,7,2,0,1,0,0
12.91833,50.84508,2,5,7,3,0,1,0,0
12.76358,50.82376,2,6,6,3,0,0,1,0
12.32221,50.60374,2,13,6,3,0,1,0,1
12.7157,51.23013,2,14,6,3,0,1,1,0
12.37822,51.35844,2,15,6,3,1,1,0,0
12.4034,51.32699,2,7,4,3,1,1,0,0
12.38492,51.33836,2,14,6,3,1,1,0,0
12.32662,51.32305,2,16,6,3,1,1,0,0
12.33898,51.3328,2,14,6,3,1,1,0,0
12.33552,51.32171,2,9,6,3,1,1,0,0
12.32409,51.33348,2,9,6,3,0,1,0,0
12.3628,51.36765,2,18,6,3,1,1,0,0
12.32802,51.32836,2,17,4,3,1,1,0,0
12.38486,51.37887,2,6,6,3,1,1,0,0
12.54706,51.23401,2,7,6,3,0,1,1,0
12.35467,51.26867,2,16,5,3,1,1,0,0
12.3745,51.33579,2,18,6,3,1,1,0,0
12.43342,51.39038,2,9,6,3,0,1,0,0
12.38034,51.38343,3,13,2,3,0,1,1,0
13.74514,51.06762,2,1,7,3,1,1,0,0
13.77729,51.05873,2,11,6,3,1,1,0,0
12.93919,50.84351,2,10,6,3,0,1,0,0
12.44884,50.83637,2,5,5,3,0,1,0,0
14.20555,51.02902,2,12,6,2,0,1,1,0
12.37669,51.35601,2,9,5,3,0,1,1,0
12.42679,51.31659,2,7,5,2,0,1,1,0
12.3582,51.36307,2,12,5,3,0,1,1,0
12.37129,51.32998,2,18,5,2,1,0,0,0
12.36001,51.31863,2,10,5,3,0,1,0,0
14.61583,51.5131,2,14,5,3,1,1,0,0
13.75917,51.02837,2,16,5,3,0,0,0,0
13.72865,51.01966,2,7,5,3,0,1,0,0
13.81472,51.00968,2,14,5,3,0,1,0,0
13.76029,51.08132,2,16,5,3,1,1,0,0
13.74185,51.0236,2,6,5,3,1,0,0,0
13.80742,51.04377,2,15,5,2,0,1,0,0
13.77496,51.03813,2,18,5,3,0,1,0,0
12.9163,50.79915,2,7,5,2,0,1,0,0
12.50013,50.68748,1,10,4,3,0,1,0,0
12.40154,50.67622,1,19,4,3,0,1,0,0
12.4006,51.324,1,10,4,3,1,1,0,0
12.34341,51.32323,1,14,4,3,0,1,1,0
12.28143,51.31157,1,16,4,3,0,1,0,0
12.26313,51.34463,1,5,4,3,1,1,0,0
12.39444,51.31453,1,14,4,3,0,1,0,0
12.36498,51.27713,1,15,4,3,0,1,0,0
12.47692,51.33982,1,11,4,2,1,1,0,0
13.27492,51.063,1,18,4,3,1,0,1,0
13.72227,51.03008,1,17,4,3,0,1,1,0
13.80198,51.05562,1,15,4,3,1,1,0,0
12.85087,50.70237,2,12,5,3,1,1,0,0
13.77559,51.04543,1,8,4,3,1,1,0,0
13.02992,50.75974,1,16,4,3,0,1,1,0
13.01092,50.58613,1,16,4,3,0,1,0,0
12.43367,50.72417,1,14,3,3,0,1,0,0
13.00048,51.5561,1,7,3,3,1,1,0,0
12.34787,51.52325,1,15,3,3,1,1,0,0
12.38515,51.33814,1,7,3,3,1,1,0,0
12.31364,51.34174,1,8,3,3,0,1,1,0
12.37019,51.36298,1,15,3,3,1,1,0,0
12.48652,51.38089,1,12,3,3,0,1,0,0
12.32662,51.32305,1,15,3,2,0,1,0,0
14.66684,51.09678,1,12,3,3,0,1,0,0
14.64408,51.5025,1,13,3,3,1,1,0,0
14.0498,51.22964,1,17,3,3,0,1,1,0
14.92432,51.19929,1,13,3,3,0,0,0,1
14.98075,51.16216,1,6,3,3,1,0,0,0
14.43082,51.18558,1,15,3,3,0,1,0,0
12.40908,51.34073,2,12,5,3,1,0,0,0
13.74961,51.0336,1,8,3,2,1,1,0,0
13.75334,51.05037,1,14,3,3,1,0,0,0
13.77949,51.06086,1,15,3,3,0,1,0,0
13.8024,51.02964,1,5,3,3,1,1,0,0
13.75777,51.0515,1,13,3,3,0,0,1,1
13.70317,51.03623,1,10,3,3,1,1,0,0
13.70248,51.01131,1,15,3,3,0,1,0,0
13.34452,50.92164,1,9,3,3,0,1,1,0
13.15455,51.47183,1,6,2,3,0,1,0,0
12.63183,51.4634,1,19,2,3,0,1,1,0
12.28601,51.1498,1,12,2,2,1,0,0,0
12.33542,51.32911,1,8,2,3,0,0,1,0
12.43345,51.39036,1,15,2,3,1,1,0,0
12.43002,51.35417,1,16,2,2,0,1,1,0
12.3493,51.3485,1,15,2,3,0,1,0,0
12.23277,51.31909,1,16,2,3,0,1,0,0
13.30514,51.29461,1,9,2,3,0,0,0,1
13.93152,50.9723,1,14,2,3,1,1,0,0
13.60626,51.10969,1,3,2,3,1,0,0,0
13.6244,51.08467,1,7,2,3,1,0,0,0
13.64855,51.0565,1,9,2,3,1,0,0,0
13.78694,51.0158,1,13,2,3,0,1,0,0
13.78253,51.0331,1,12,2,3,0,1,0,0
13.77472,51.04981,1,5,2,3,1,1,0,0
13.73706,51.03778,1,7,2,3,1,1,0,0
13.78037,51.04225,1,21,2,3,0,1,0,0
12.93451,50.82044,1,12,2,3,1,1,0,0
12.91712,50.82614,1,14,2,2,1,1,0,0
12.91947,50.85435,1,10,2,3,0,1,0,0
14.56669,51.35723,1,10,1,3,0,1,0,0
14.21227,51.02704,1,14,1,3,1,1,0,0
13.29713,51.29156,1,6,1,3,0,1,0,0
13.66308,51.12023,1,13,1,3,1,0,0,0
13.35214,50.90175,1,15,1,3,1,1,0,0
12.37166,50.78897,1,9,7,2,0,1,0,0
12.40599,51.34202,1,13,7,3,0,1,0,1
12.45905,51.39715,1,13,7,3,0,1,0,0
12.37086,51.33504,1,16,7,3,0,1,0,0
12.4267,51.30445,1,12,7,3,0,1,1,0
14.98291,51.15008,1,12,7,3,0,1,1,0
14.4294,51.17361,1,16,7,3,0,0,1,0
13.64881,51.09144,1,15,7,2,1,0,1,0
13.70588,51.02759,1,2,7,2,0,1,0,0
13.701,51.08231,1,14,7,3,0,1,0,0
13.7702,51.0289,1,6,7,3,1,1,0,0
12.29592,50.62403,1,18,6,3,0,1,0,0
12.37672,51.3565,1,13,6,3,0,1,0,0
12.39611,51.28102,1,0,6,3,0,1,0,0
12.43771,51.32756,1,19,6,3,0,1,1,0
12.53395,51.34779,1,6,6,2,0,1,0,1
12.38934,51.29177,1,7,6,3,1,0,0,0
12.23723,51.39791,1,5,6,3,0,1,0,0
13.92233,51.11812,1,13,6,3,0,1,1,0
14.263,51.4453,1,5,6,3,1,1,0,0
14.97883,51.12271,1,16,6,3,0,0,0,0
13.6735,51.04053,1,6,6,3,1,1,0,0
13.78829,51.00073,1,10,6,3,0,1,0,0
13.65659,51.0583,1,12,6,3,0,1,1,0
12.70091,50.58538,1,9,6,3,0,1,1,0
12.91651,50.839,1,7,6,3,1,0,0,0
12.90856,50.79637,2,12,6,2,1,0,0,0
12.88329,50.83366,1,19,6,3,0,1,0,0
12.72893,50.42916,1,14,6,3,0,1,0,0
12.50709,50.73572,1,15,5,3,0,1,0,0
12.37415,50.74418,1,5,5,3,0,1,0,0
12.50203,50.76448,1,19,5,3,0,0,0,0
12.70921,51.23742,1,10,5,3,0,1,0,0
12.34393,51.3511,1,11,5,3,1,1,0,0
12.34118,51.33233,2,18,7,2,0,1,0,0
12.47812,51.34141,1,17,5,3,1,0,0,0
12.40665,51.38051,1,21,5,3,1,0,0,0
12.37714,51.33318,1,17,5,3,1,1,0,0
14.98632,51.15305,1,11,5,2,0,1,1,0
14.82735,51.29485,1,13,5,2,0,0,0,1
13.73621,51.05327,1,21,5,2,0,1,0,1
12.90636,50.83872,1,18,5,3,0,1,0,0
12.44942,51.34558,1,5,4,3,1,1,0,0
12.2819,51.34983,1,18,4,2,0,1,1,0
13.70898,51.04722,1,23,4,3,1,0,0,0
13.74879,51.0359,1,5,4,3,0,1,0,1
13.01936,51.07312,1,22,4,2,1,0,1,0
12.17122,50.41583,1,10,3,3,0,1,1,0
12.47534,50.69219,1,8,3,3,0,1,0,0
12.37693,51.3437,1,17,3,3,1,1,0,0
12.36752,51.32094,1,20,3,3,0,1,0,0
12.30297,51.31447,1,14,3,2,0,1,1,0
14.10375,51.2724,1,11,3,2,1,0,0,0
13.70053,51.02454,1,7,3,3,1,0,0,0
13.75041,51.07941,1,8,3,3,1,0,0,0
13.32346,50.9092,1,19,3,2,0,0,0,0
12.90712,50.83293,1,14,3,3,0,1,1,0
12.90086,50.81653,1,9,3,2,0,0,0,0
12.25967,51.4058,1,18,2,3,0,1,0,0
12.32583,51.32037,1,17,2,3,0,1,0,0
13.54523,51.29981,1,12,2,3,1,0,0,0
13.74526,51.11375,1,8,2,3,0,1,0,0
13.76699,51.042,1,21,2,3,0,1,0,0
12.90529,50.78821,1,9,2,3,0,1,1,0
12.30767,50.62162,1,0,1,3,0,1,0,0
12.35755,51.34495,1,17,1,3,1,1,0,0
13.72913,51.03624,1,15,1,3,0,1,0,0
13.75799,51.03289,1,14,1,3,0,1,0,0
12.17034,50.42173,1,20,7,3,0,1,0,0
12.71451,51.53621,1,12,7,3,0,1,0,0
12.26326,51.33784,1,13,7,3,0,1,0,0
12.45449,51.46307,1,5,6,3,1,1,0,0
12.3878,51.3529,1,21,6,3,1,1,0,0
12.38591,51.36796,1,12,6,3,0,1,1,0
14.63998,51.495,1,19,6,3,0,1,1,0
14.82886,51.29546,1,5,6,3,1,1,0,0
14.15525,51.14758,1,9,6,3,0,1,0,0
13.75717,51.04978,1,8,6,2,0,0,1,0
12.71095,50.59646,1,17,6,3,0,1,1,0
12.84225,50.81633,1,16,6,2,0,1,0,0
12.39599,50.73542,1,6,5,3,0,1,0,0
12.28358,51.32567,1,10,5,3,1,0,0,0
12.39068,51.36187,1,11,5,3,1,1,0,0
12.37248,51.35011,1,13,5,3,0,0,0,0
12.34567,51.33002,1,17,5,3,1,1,0,0
14.2675,50.97577,1,14,5,3,0,1,0,0
13.61117,51.16093,1,14,5,3,0,1,0,0
13.29419,51.06055,1,21,5,3,0,1,0,0
13.76216,51.04669,1,15,5,2,0,1,0,0
12.93941,50.8305,1,9,5,3,0,1,0,0
12.9233,50.83466,1,17,5,2,0,0,0,0
12.69756,50.79603,1,7,4,3,0,0,1,0
12.52494,50.82615,1,8,4,1,0,1,0,0
12.37078,51.33545,1,8,4,3,0,1,0,0
12.37137,51.28823,1,19,4,3,1,0,0,0
12.4341,51.32468,1,10,4,2,0,1,0,0
12.32017,51.34471,1,7,4,3,0,1,1,0
14.87659,51.13254,1,20,4,3,0,1,0,0
13.5826,51.13392,1,12,4,3,0,1,0,0
13.77049,51.04553,1,1,4,3,1,0,0,0
13.38457,51.30578,1,6,4,2,0,1,1,0
13.72414,51.03096,1,15,4,3,0,1,0,0
12.70343,50.72673,1,14,4,2,0,1,1,0
12.90302,50.83884,1,13,4,3,0,1,0,0
13.01749,51.24363,1,10,3,3,0,1,0,0
12.40453,51.34561,1,10,3,3,1,1,0,0
12.37464,51.34787,1,15,3,2,1,0,0,0
12.34026,51.33036,1,7,3,3,1,1,0,0
12.35522,51.36097,1,9,3,2,1,0,0,0
12.31533,51.37995,1,5,3,3,1,0,0,0
12.28787,51.35725,1,18,3,3,0,1,0,0
12.37709,51.39023,1,10,3,2,0,1,0,0
14.70891,51.55896,1,14,3,2,0,0,0,0
14.25497,51.4335,1,12,3,3,1,1,0,0
14.88893,51.22041,1,7,3,3,0,1,0,0
14.96055,51.16381,1,16,3,3,0,1,0,0
13.68281,51.05189,1,12,3,2,1,0,1,0
13.7549,51.06083,1,7,3,3,1,0,0,0
13.74354,51.04021,1,17,3,2,0,1,1,0
13.78739,51.02735,1,8,3,3,0,1,0,0
12.54879,50.81889,1,15,2,2,0,1,1,0
12.48949,50.73287,1,15,2,3,0,1,0,0
12.98464,51.55517,1,9,2,3,1,0,0,0
12.375,51.31052,1,7,2,3,0,1,1,0
12.35179,51.38483,1,16,2,3,0,1,0,0
14.98778,51.14324,1,11,2,3,0,0,0,0
14.25771,51.43889,1,8,2,3,1,1,0,0
13.73058,51.07984,1,19,2,3,1,0,0,0
13.73092,51.09135,1,18,2,3,1,0,1,0
13.78155,51.05323,1,16,2,3,1,1,0,0
13.78295,51.11603,1,12,2,3,1,1,0,0
12.81141,50.91527,1,14,2,3,0,1,0,0
12.946,50.86078,1,3,2,3,0,1,0,0
12.94556,50.82173,1,12,2,2,0,1,0,0
14.90739,51.27986,1,11,1,3,0,1,0,0
12.95251,50.84143,1,5,1,3,1,0,1,0
12.70192,50.93303,1,15,1,3,0,1,0,1
12.58425,50.72996,1,4,7,2,0,1,0,0
13.76302,51.10717,3,6,3,3,1,0,0,0
12.33817,51.51159,1,22,7,3,0,1,0,0
12.46322,51.38332,1,17,7,3,0,1,0,0
14.68212,51.09709,1,14,7,1,1,0,0,0
13.46494,51.0047,1,20,7,3,0,1,0,0
12.50222,50.71674,1,7,6,3,0,1,0,0
12.71026,50.80069,1,15,6,3,0,1,0,0
12.57665,51.33225,1,7,6,3,0,1,0,0
12.32612,51.31572,1,15,6,3,1,0,0,0
12.4114,51.3892,1,10,6,3,1,0,0,0
13.77954,51.17582,1,21,6,3,0,1,0,0
13.26424,51.31179,1,20,6,3,0,0,0,0
13.49365,50.90333,1,13,6,3,0,1,0,0
13.69692,51.08207,1,6,6,3,1,1,0,0
13.7388,51.04487,1,10,6,3,0,1,0,0
13.77986,51.04425,1,18,6,3,1,1,0,0
13.75726,51.0185,1,16,6,2,0,1,1,0
13.12379,51.12006,1,14,6,3,0,1,1,0
12.40331,50.74177,1,9,5,3,0,1,0,0
12.30593,50.61885,1,15,5,3,0,1,0,0
12.35644,51.34693,1,8,5,3,1,1,0,0
12.333,51.33601,1,17,5,3,1,1,0,0
12.32568,51.31317,1,20,5,3,1,0,0,0
12.40443,51.37589,1,6,5,3,0,1,1,0
12.46063,51.36766,1,19,5,3,0,1,0,0
13.83389,51.02849,1,11,5,3,1,1,0,0
13.7501,51.07073,1,17,5,3,1,0,0,0
13.80305,51.0474,1,14,5,3,0,1,1,0
13.76825,51.04797,1,9,5,2,1,1,0,0
12.9657,50.8183,1,15,5,3,0,1,0,0
12.93736,50.83705,1,13,5,3,0,1,0,0
12.30126,50.63353,1,10,4,2,0,1,0,0
13.77282,51.11782,2,14,6,3,0,1,0,1
12.30846,51.32082,1,6,4,3,0,1,0,0
12.23047,51.33497,1,15,4,3,0,1,0,0
12.3796,51.32763,1,12,4,3,0,1,0,0
12.37093,51.33664,1,16,4,3,1,0,1,0
14.80221,50.90099,1,7,4,3,0,1,0,0
14.24391,51.44353,1,10,4,3,0,1,0,0
13.51704,51.06663,1,14,4,3,0,1,0,0
13.6678,51.10248,1,14,4,3,0,1,0,0
13.7171,51.05038,1,9,4,3,0,1,0,0
13.83389,51.02849,1,16,4,3,1,1,0,0
13.70767,51.02978,1,18,4,2,0,1,1,0
13.77369,51.04877,1,6,4,2,1,1,0,0
12.7104,50.92666,1,14,4,3,1,1,0,0
12.80295,50.58146,1,4,4,3,0,1,0,0
12.66246,50.55137,1,7,4,2,0,0,1,0
12.89084,50.78593,1,6,4,3,0,1,1,0
12.48354,50.71793,1,17,3,3,0,1,0,0
12.49043,51.37839,1,7,3,3,1,1,0,0
13.3149,51.2251,1,19,3,2,1,0,0,0
13.72616,51.02988,1,7,3,3,1,1,0,0
13.755,51.07695,1,16,3,3,1,0,0,0
13.71375,51.05664,1,18,3,3,1,1,0,0
13.6786,51.04225,1,8,3,2,0,1,0,0
13.72996,51.03287,1,15,3,2,0,0,1,0
13.46068,50.63673,1,8,3,3,0,0,0,0
12.91645,50.83439,1,14,3,2,0,1,0,0
12.90628,50.82122,1,8,3,3,0,0,0,0
12.10496,50.49453,1,15,2,3,0,1,0,0
12.72321,51.23873,1,13,2,3,0,1,0,0
12.49178,51.38003,1,7,2,3,1,1,0,0
13.91629,51.10672,1,7,2,3,0,1,0,0
14.26865,51.45261,1,10,2,3,0,1,0,0
14.09281,51.44581,1,6,2,3,0,1,0,1
14.82179,51.29144,1,11,2,3,0,1,0,0
13.64884,50.99298,1,13,2,3,0,1,1,0
13.64748,50.99448,1,11,2,3,1,1,0,0
13.72026,51.0378,1,16,2,3,0,1,0,0
12.89511,50.81989,1,15,2,2,0,1,0,0
12.37346,51.31598,1,10,1,3,1,1,0,0
12.41341,51.35957,1,18,1,3,0,1,0,0
12.43682,51.38326,1,12,1,2,0,1,0,0
13.07169,50.85635,1,17,1,2,0,1,0,0
12.64274,50.74626,1,2,7,3,0,1,0,0
12.58856,51.60779,1,6,7,3,0,1,0,0
12.40269,51.32586,1,9,7,3,0,0,1,0
13.77269,51.0478,1,13,7,3,1,1,0,0
12.8741,50.93063,1,12,7,2,0,1,0,1
12.52303,50.72536,1,10,6,3,0,1,0,0
12.82195,51.23039,1,17,6,3,0,1,1,0
12.37347,51.35167,1,22,6,3,0,1,0,0
12.53731,51.34778,1,9,6,3,0,1,1,0
13.6837,51.05151,1,7,3,3,1,0,0,0
14.60823,50.98096,1,9,6,3,0,1,0,0
14.64243,51.49801,1,9,6,3,0,0,0,0
14.28097,51.44217,1,12,6,2,0,1,0,0
13.87175,50.97279,1,12,6,3,0,1,1,0
13.85649,50.97743,1,9,6,2,0,0,0,0
13.69331,51.04552,1,16,6,3,1,1,0,0
13.77179,51.04087,1,5,6,3,1,1,0,0
13.77532,51.03298,1,10,6,3,1,0,0,0
13.77669,51.06007,1,0,6,3,1,0,0,0
13.76779,51.02614,1,10,6,3,0,1,0,0
13.74937,51.03572,1,6,6,2,0,1,0,0
13.33816,50.9058,1,15,6,3,0,1,0,0
13.12383,51.11929,1,10,6,3,0,1,0,0
12.47563,50.74104,1,13,5,3,0,1,0,0
12.40561,50.53098,1,18,5,3,0,1,1,0
12.37716,51.3332,1,4,5,3,1,0,0,0
12.37964,51.32759,1,10,5,3,1,0,0,0
12.39423,51.31454,1,7,5,3,0,1,1,0
12.36283,51.33355,1,10,5,3,1,1,0,0
12.35905,51.3872,1,13,5,3,1,1,0,0
14.57557,51.00917,1,13,5,3,0,1,0,0
14.26225,51.44115,1,7,5,3,0,1,0,0
14.9929,51.15232,1,7,5,2,0,1,1,0
13.56271,51.15856,1,9,5,2,0,0,0,1
13.81493,51.05403,1,22,5,3,0,1,0,0
13.72934,51.04569,1,7,5,3,1,0,1,0
13.7939,51.05038,1,9,5,3,1,1,0,0
12.85987,50.78078,1,16,5,3,0,1,0,1
13.00215,50.58053,1,11,5,2,0,0,1,0
12.70565,50.59319,1,14,5,3,0,1,1,0
12.2824,50.62365,1,15,4,3,0,1,0,1
12.38505,50.80332,1,9,4,1,0,1,0,0
12.39216,51.33883,1,18,4,2,1,1,0,0
13.72942,51.04591,2,6,2,2,0,1,0,0
12.37378,51.32422,1,17,4,3,1,1,0,0
12.40317,51.32702,1,18,4,2,0,1,1,0
13.66255,51.01509,1,5,4,3,0,1,0,0
13.76963,51.05111,1,22,4,3,1,1,0,0
13.72812,51.08184,1,13,4,3,1,1,0,0
12.89735,50.83151,1,18,4,3,0,1,0,1
12.41279,51.37522,1,7,3,3,0,1,1,0
12.40599,51.31391,1,18,3,3,1,1,0,0
12.3295,51.33988,1,14,3,3,0,1,0,0
12.36913,51.35671,1,8,3,3,1,1,0,0
13.80086,51.03854,2,12,2,3,1,1,0,0
14.26171,51.44955,1,13,3,3,0,1,0,0
13.64692,50.99278,1,12,3,3,0,1,0,0
13.82496,51.01027,1,16,3,3,0,1,0,0
13.66254,51.01509,1,19,3,3,0,1,0,0
12.90503,50.82481,1,11,3,3,0,1,0,0
12.90502,50.82482,1,7,3,3,0,1,0,0
12.4882,50.73629,1,15,2,2,0,1,0,1
12.37874,50.73068,1,1,2,3,0,1,0,0
12.43716,50.7139,1,0,2,3,0,1,1,0
12.31551,51.37091,1,0,2,3,1,0,0,0
12.49302,51.37541,1,20,2,3,0,1,0,0
14.2585,51.42913,1,15,2,2,1,0,1,0
14.28652,51.43374,1,18,2,2,0,1,0,0
13.77511,51.03842,1,14,2,2,0,1,1,0
13.06778,51.12156,1,11,2,2,1,0,0,0
12.43995,51.36131,2,8,5,2,0,1,0,0
12.51777,51.30942,2,15,5,3,0,1,0,0
12.40795,51.33566,2,11,4,3,0,1,0,0
14.43765,51.17111,1,14,2,2,0,0,0,1
12.92152,50.83335,1,20,2,3,1,0,0,0
12.37362,51.3214,3,0,1,3,1,1,0,0
12.73203,50.84388,1,16,3,3,0,1,0,0
12.3767,51.35323,2,12,5,3,0,1,0,0
12.92412,50.62463,1,16,5,3,0,1,0,0
13.79683,51.04149,1,15,5,3,1,1,0,0
13.77606,51.05117,3,17,6,3,0,1,1,0
12.37164,51.36478,1,16,6,3,1,0,0,0
12.4443,50.7012,2,12,6,3,0,0,0,1
12.9571,50.82829,3,19,1,3,1,0,0,0
12.32264,51.37477,1,12,6,3,0,1,1,0
13.78308,51.04345,3,17,1,3,1,1,0,0
12.38539,51.34045,1,16,2,3,1,1,0,0
13.69537,51.04772,1,5,2,3,0,1,0,0
12.9082,50.83859,2,14,4,3,0,1,0,0
13.8008,51.04123,1,16,2,3,0,1,0,0
13.58211,51.16639,3,17,2,2,1,0,0,0
13.65696,50.86292,1,2,1,2,0,1,0,1
12.37316,51.36712,3,16,7,3,1,1,0,0
12.37716,51.39044,3,18,3,3,0,1,0,0
12.41935,51.34799,3,8,6,3,1,0,0,0
13.72044,51.05464,1,6,5,3,0,1,1,0
12.35473,51.48257,2,15,5,3,1,0,0,0
13.74188,51.03224,1,16,2,3,0,1,0,0
14.09477,51.45506,1,19,4,3,1,1,0,0
12.92269,50.82806,1,8,3,3,1,1,0,0
13.90461,51.10905,3,7,5,3,1,1,0,0
12.89752,50.83795,1,16,3,3,0,1,0,0
12.30297,50.62506,2,13,5,3,0,1,0,0
12.30553,51.3518,2,13,5,3,1,1,0,0
12.74031,51.36858,3,7,4,3,0,1,1,0
12.22709,51.44475,1,9,3,3,0,1,1,0
13.30439,50.76451,1,11,5,2,0,1,0,0
13.75805,51.05229,2,11,7,2,1,0,0,0
13.29165,51.06267,5,17,4,3,1,1,0,0
13.77778,51.05316,5,12,4,3,1,1,0,0
13.75659,51.05512,5,21,4,3,1,0,0,0
13.76526,51.05156,5,9,4,3,0,1,0,1
13.75795,51.03289,5,16,4,3,0,1,0,0
13.7374,51.05141,5,15,4,3,1,0,0,0
13.73073,51.08318,5,11,4,3,1,1,0,0
12.68639,50.73516,5,10,4,2,0,0,0,0
12.82338,50.74989,5,5,4,3,1,1,0,0
12.69835,50.94854,5,7,4,3,0,1,0,1
13.03197,50.91203,5,12,4,3,0,1,1,0
12.82368,50.81271,5,14,4,3,0,1,0,1
12.93883,50.85158,5,14,4,3,1,0,0,0
12.876,50.82471,5,20,4,2,1,1,0,0
12.13109,50.49879,5,9,3,3,0,1,0,0
12.13301,50.49785,5,12,3,3,0,1,0,0
12.7124,50.80103,5,9,3,2,0,0,0,1
12.63686,51.45542,5,18,3,3,1,1,0,0
12.38708,51.32827,5,15,3,3,1,1,0,0
12.406,51.31393,5,15,3,3,1,1,0,0
12.40992,51.34532,5,13,3,3,0,1,1,0
12.38504,51.32821,5,15,3,2,0,1,1,0
12.39721,51.34386,5,14,3,3,0,1,0,0
12.71276,51.23734,5,7,3,2,1,1,0,0
14.10815,51.27326,5,7,3,3,0,1,1,0
14.17696,51.12714,5,18,3,3,0,1,1,0
13.8688,50.98394,5,14,3,3,1,1,0,0
13.64963,51.02676,5,16,3,3,0,1,0,0
13.78541,51.03593,5,15,3,3,0,1,0,0
13.77083,51.03987,5,14,3,2,1,0,0,0
13.77696,51.04502,5,10,3,3,1,1,0,0
13.30852,51.29996,5,18,3,2,1,1,0,0
12.93738,50.83706,5,11,3,3,0,1,0,0
12.85389,50.81855,5,6,3,3,0,1,0,0
12.93,50.83442,5,19,3,3,0,0,0,1
12.89392,50.82893,5,10,3,3,1,1,0,0
12.90455,51.0242,5,21,3,2,0,0,0,1
12.14171,50.50197,5,19,2,3,0,1,0,0
12.33526,51.51828,5,9,2,3,1,1,0,0
12.40259,51.32374,5,10,2,3,1,1,0,0
12.37935,51.32653,5,6,2,3,1,0,0,0
12.3726,51.33413,5,11,2,3,1,1,0,0
12.30521,51.32685,5,18,2,3,1,1,0,0
12.44308,51.3023,5,14,2,3,0,1,1,0
12.3863,51.36055,5,19,2,3,0,1,0,0
12.43061,51.36569,5,18,2,3,0,1,0,0
12.43776,51.32753,5,6,2,3,0,1,0,0
12.37338,51.31163,5,17,2,3,1,1,0,0
12.36153,51.33853,5,17,2,3,1,1,0,0
14.62978,51.49506,5,8,2,2,0,1,0,0
14.63858,51.49382,5,19,2,2,0,1,0,1
14.42536,51.17795,5,11,2,3,1,1,0,0
14.94081,51.14459,5,18,2,1,1,0,0,0
13.80181,51.00704,5,16,2,3,1,1,0,0
13.6996,51.07819,5,9,2,3,0,1,0,0
13.6996,51.07821,5,7,2,3,1,1,0,0
13.7609,51.0673,5,18,2,3,1,1,0,0
13.78759,51.03596,5,13,2,3,0,1,1,0
13.77358,51.04873,5,12,2,2,1,1,0,0
13.75517,51.0462,5,6,2,3,1,0,0,0
13.7313,51.07711,5,18,2,3,1,0,0,0
13.70216,51.07782,5,8,2,2,0,1,0,0
12.88304,50.96496,5,7,2,3,0,1,0,0
12.88673,50.82158,5,16,2,3,0,0,0,1
12.79883,50.80495,5,11,2,3,0,1,0,0
12.95755,50.81994,5,8,2,2,0,1,0,0
12.34178,51.33827,5,19,1,3,1,1,0,0
14.85622,51.17164,5,12,1,3,0,1,0,1
14.91589,51.27774,5,8,1,3,1,0,0,0
14.06114,50.92259,5,9,1,2,1,0,0,0
13.65209,51.02772,5,1,1,3,0,0,1,0
13.75871,51.057,5,16,1,3,1,0,0,0
13.73826,51.03923,5,20,1,2,1,1,0,0
13.80633,51.03788,5,13,1,3,0,1,0,0
13.74618,51.06822,5,5,1,3,0,1,0,1
12.76833,50.69913,5,10,1,3,0,1,0,0
12.59181,51.59861,5,17,7,3,1,0,0,0
12.33752,51.513,5,13,7,3,0,1,0,0
12.3507,51.34621,5,18,7,3,1,0,0,0
12.35871,51.36489,5,19,7,3,1,0,1,0
12.28198,51.35645,5,12,7,3,0,1,0,0
13.81086,51.01324,5,15,7,3,0,1,0,0
13.7803,51.04487,5,2,7,3,1,0,0,0
13.84265,51.00748,5,17,7,2,1,0,0,0
13.12738,50.64017,5,11,7,2,0,1,0,0
12.52499,50.73496,5,20,6,3,0,1,0,0
12.37313,50.70893,5,10,6,2,0,1,0,0
12.33159,51.53444,5,15,6,3,1,1,0,0
12.32521,51.20735,5,14,6,3,0,1,0,1
12.38162,51.31727,5,10,6,3,1,1,0,0
13.91987,51.11898,5,11,6,3,0,1,1,0
14.96464,51.14461,5,15,6,3,0,1,0,1
13.69987,51.04317,5,11,6,3,0,1,0,0
13.82216,51.0298,5,12,6,3,1,1,0,0
13.72422,51.21517,5,11,6,2,1,1,0,0
13.1217,50.97416,5,10,6,3,0,1,0,0
12.39108,50.48604,5,17,5,3,1,0,0,0
12.90869,51.4821,5,14,5,3,0,0,0,1
12.27802,51.50722,5,13,5,3,1,1,0,0
12.31962,51.33176,5,18,5,3,1,0,0,0
12.44248,51.30213,5,14,5,3,0,1,0,0
12.39629,51.30119,5,14,5,3,1,1,0,0
12.4916,51.38006,5,15,5,3,1,0,0,0
12.36924,51.32224,5,9,5,3,0,1,0,0
12.37256,51.37043,5,14,5,3,1,1,0,0
14.41532,51.19768,5,23,5,2,1,0,0,0
13.86034,50.97995,5,15,5,3,0,0,0,1
13.63121,50.97864,5,18,5,3,0,1,0,0
13.73269,50.98574,5,8,5,2,0,0,0,1
13.72949,51.08013,5,18,5,3,1,1,0,0
13.82819,51.01112,5,15,5,2,1,1,0,0
12.87866,50.82382,5,16,5,3,1,0,0,0
12.95653,50.87064,5,23,5,2,0,1,0,0
13.00414,51.55817,5,14,4,3,0,1,1,0
12.38097,51.33892,5,19,4,3,1,0,0,0
12.32583,51.32034,5,10,4,3,0,1,0,0
12.36671,51.34056,5,16,4,3,0,1,0,0
12.37656,51.34601,5,16,4,3,0,1,0,0
14.01923,51.18025,5,21,4,3,1,0,1,0
14.98732,51.15509,5,14,4,3,0,1,1,0
14.98939,51.15423,5,17,4,3,0,1,0,0
14.43332,51.18222,5,8,4,3,1,1,0,0
13.93214,50.96997,5,12,4,3,0,1,1,0
13.72281,51.06309,5,18,4,3,1,0,0,0
13.73935,51.03701,5,12,4,3,0,1,0,0
13.81161,51.02184,5,19,4,3,1,0,0,0
12.75223,50.6379,5,13,4,3,0,1,0,1
12.84636,50.81705,5,14,4,3,0,1,0,0
12.94116,50.82694,5,7,4,3,1,0,0,0
13.35853,50.86189,5,20,4,2,0,0,0,1
12.49591,50.73803,5,12,3,3,0,1,0,0
12.37088,51.33739,5,16,3,3,1,0,0,0
12.38654,51.33569,5,7,3,3,1,1,0,0
12.29831,51.31325,5,10,3,3,0,1,0,0
12.41346,51.34263,5,9,3,3,1,0,1,0
12.35926,51.33882,5,13,3,3,1,0,1,0
14.97515,51.14487,5,9,3,3,0,1,0,1
13.47381,51.23756,5,7,3,3,0,1,0,0
13.78097,51.04585,5,16,3,3,1,1,0,0
13.83918,51.02712,5,23,3,3,1,0,0,0
12.13609,50.50171,5,7,2,3,1,0,1,0
12.34365,51.32368,5,8,2,3,1,1,0,0
12.37368,51.32316,5,7,2,3,1,0,0,0
12.37559,51.35897,5,14,2,3,0,1,0,0
12.42804,51.35867,5,9,3,3,0,1,1,0
14.98963,51.15294,5,14,2,3,0,1,1,0
13.93217,50.96946,5,15,2,3,1,1,0,0
13.96142,50.92857,5,17,2,3,1,0,0,0
13.5957,51.13214,5,12,2,3,0,1,0,0
13.79317,50.85353,5,13,2,3,0,1,0,0
13.71444,51.02752,5,17,2,3,0,0,0,1
13.82928,51.00093,5,17,2,3,1,0,0,0
13.78036,51.03082,5,11,2,3,0,1,0,0
13.78541,51.03593,5,16,2,3,0,1,0,0
13.75726,51.05003,5,22,2,3,1,0,0,0
13.75659,51.04576,5,15,2,3,1,1,0,0
13.78697,51.01577,5,11,2,3,0,1,0,0
13.81225,51.01154,5,10,2,2,0,1,1,0
13.31852,50.90793,5,14,2,2,1,0,0,0
12.16275,50.41321,5,15,1,3,1,1,0,0
12.382,51.33859,5,17,1,3,0,1,1,0
12.339,51.33236,5,12,1,3,1,0,0,0
13.38301,51.31174,5,18,1,2,0,1,0,0
13.7591,50.95183,5,12,1,3,0,1,0,0
13.69841,51.06976,5,12,1,3,1,0,0,0
13.74649,51.03844,5,15,1,3,1,1,0,0
13.72356,51.05503,5,10,1,2,0,1,1,1
13.66942,51.11823,5,14,1,3,0,1,0,0
13.71281,51.07756,5,18,1,3,1,1,0,0
13.74551,51.05341,5,2,1,3,1,0,0,0
12.90441,50.81487,5,16,1,2,0,0,0,1
12.49086,50.72123,5,6,7,3,1,0,0,0
12.24947,51.12132,5,18,7,3,1,1,0,0
12.37687,51.34347,5,17,7,3,1,1,0,0
12.36189,51.33207,5,15,7,3,1,1,0,0
12.3927,51.33062,5,13,7,3,1,1,0,0
12.29098,51.3242,5,14,7,3,0,1,0,0
12.37007,51.2791,5,11,7,3,1,1,0,0
12.40626,51.35473,5,15,7,3,0,0,0,0
14.63185,51.5074,5,18,7,3,1,0,0,0
13.29588,51.21084,5,18,7,2,0,0,0,1
13.75057,50.90749,5,12,7,3,1,0,0,0
13.81044,51.05115,5,12,7,3,1,0,1,0
13.82807,51.01655,5,20,7,3,1,1,0,0
12.94225,50.84369,5,14,7,3,0,1,0,1
13.10733,51.11506,5,14,7,2,0,0,0,1
12.49668,50.72176,5,16,6,3,0,1,1,0
12.37461,50.72236,5,18,6,3,1,0,0,0
12.33543,51.51827,5,8,6,3,1,1,0,0
12.2745,51.30998,5,12,6,3,0,1,0,0
12.3425,51.34348,5,22,6,3,1,0,0,0
12.2997,51.34976,5,10,6,3,1,1,0,0
12.36927,51.32224,5,18,6,3,0,1,0,0
12.28729,51.38792,5,18,6,3,1,0,0,0
12.63283,51.46121,5,13,6,3,0,1,0,1
12.37976,51.34322,5,15,6,2,1,1,0,0
14.09657,51.4581,5,12,6,3,1,1,0,0
13.7794,51.02004,5,20,6,3,0,1,1,0
13.78345,51.03228,5,10,6,3,0,1,0,0
13.75089,51.06054,5,7,6,3,1,0,0,0
12.92971,50.86362,5,10,6,3,0,1,1,0
12.3779,50.74528,5,18,5,3,1,1,0,0
12.49773,51.1952,5,20,5,3,0,1,0,0
12.4931,51.135,5,1,5,3,1,1,0,0
12.33549,51.2221,5,18,5,3,1,1,0,0
12.37643,51.35139,5,15,5,3,1,0,0,0
12.3884,51.32763,5,13,5,3,1,1,0,0
12.3872,51.32681,5,13,5,3,0,1,0,1
12.26478,51.31922,5,21,5,3,0,1,0,0
12.33811,51.3272,5,16,5,3,1,1,0,0
12.45215,51.30405,5,15,5,3,1,1,0,0
12.36486,51.36459,5,18,5,3,1,0,1,0
12.42052,51.31927,5,17,5,3,1,1,0,0
12.36567,51.32104,5,10,5,3,1,1,0,0
14.02367,51.14448,5,18,5,2,0,1,0,1
13.87631,50.96591,5,15,5,3,0,1,0,1
13.57628,50.91964,5,23,5,3,0,0,0,1
13.71274,51.07936,5,15,5,3,1,0,0,0
13.69101,51.05285,5,8,5,3,1,0,0,0
13.80022,51.0342,5,17,5,3,0,1,0,1
13.74007,51.05377,5,16,5,3,1,0,0,0
12.93754,50.82312,5,6,5,3,0,0,0,1
12.89481,50.78692,5,14,5,3,1,1,0,0
12.65886,51.13291,5,0,4,2,1,0,0,0
12.4197,51.31064,5,12,4,3,1,0,0,0
12.33381,51.33743,5,21,4,3,0,0,0,0
12.43001,51.33162,5,19,4,3,1,1,0,0
12.41127,51.3544,5,19,4,3,0,1,0,0
14.46109,51.19827,5,20,4,3,1,0,0,0
14.07112,51.24981,5,17,4,3,0,1,0,0
13.94612,50.9603,5,11,4,3,1,0,0,0
12.6385,50.59,5,15,4,2,1,0,0,0
12.90252,50.8418,5,12,4,3,0,1,1,0
12.62981,50.7361,4,2,3,2,0,0,0,1
12.54543,50.81202,4,19,3,3,1,1,0,0
13.09576,51.30956,4,10,3,3,1,1,0,0
12.34117,51.52436,4,11,3,2,1,1,0,0
12.33821,51.51159,4,23,3,3,0,1,0,0
12.7412,51.36549,4,17,3,3,1,1,0,0
12.32528,51.20738,4,9,3,3,1,1,0,0
12.37371,51.33347,4,20,3,3,1,1,0,0
12.35774,51.3446,4,20,3,3,1,1,0,0
12.35176,51.34676,4,8,3,3,0,1,0,0
12.30573,51.32604,4,16,3,2,0,1,0,1
12.23587,51.3083,4,7,3,3,1,1,0,0
12.40598,51.3139,4,14,3,3,0,1,0,0
12.38233,51.36588,4,11,3,2,0,1,1,0
12.42139,51.37795,4,14,3,3,1,0,1,0
12.37078,51.33555,4,9,3,3,0,1,1,0
12.43971,51.32958,4,20,3,3,0,1,0,0
14.797,50.89626,4,10,3,3,1,1,0,0
14.79536,50.90092,4,17,3,3,0,1,1,0
13.79786,51.17019,4,7,3,3,0,1,0,0
14.95792,51.13319,4,23,3,3,1,0,0,0
13.12164,51.48161,5,15,2,3,1,1,0,0
14.18614,51.1232,4,9,3,2,0,1,1,0
13.58677,50.92351,4,23,3,3,1,0,0,0
13.72568,51.06525,4,20,3,3,1,0,0,0
13.70753,51.02965,4,14,3,3,0,1,0,0
13.83441,51.05713,4,8,3,2,1,0,0,0
13.74525,51.06622,4,17,3,3,1,1,0,0
13.66782,51.10244,4,7,3,3,1,0,0,0
13.04644,50.89053,4,16,3,2,0,0,0,1
13.34492,50.91612,4,16,3,3,1,1,0,0
12.9084,50.82252,4,17,3,3,1,1,0,0
12.52087,50.72386,4,13,2,2,1,0,0,0
12.37428,50.73656,4,18,2,3,0,1,0,1
12.39385,51.33142,4,11,2,3,0,1,0,0
12.26826,51.30791,4,14,2,2,0,1,0,0
12.384,51.38062,4,16,2,3,0,1,0,0
12.34869,51.33211,4,9,2,2,1,0,0,0
12.33715,51.3724,4,16,2,3,1,1,0,0
12.44288,51.30423,4,15,2,3,0,1,0,0
14.98199,51.15053,4,19,2,3,0,1,0,0
14.43534,51.184,4,18,2,3,1,1,0,0
14.44046,51.18571,4,9,2,3,1,1,0,0
14.24086,51.43542,4,9,2,2,0,1,1,0
13.30386,51.29664,4,13,2,3,1,1,0,0
13.69538,51.07285,4,14,2,3,0,1,0,0
13.75128,51.0473,4,13,2,2,0,0,1,0
13.75584,51.04747,4,17,2,3,1,0,0,0
13.71815,51.07758,4,13,2,3,1,0,1,0
12.82907,50.81216,4,8,2,2,0,0,0,0
12.90669,50.83595,4,9,2,3,1,1,0,0
12.94146,50.84177,4,17,2,3,0,0,0,0
12.6057,51.20195,4,17,1,3,0,1,0,1
12.41094,51.37331,4,10,1,3,0,1,0,1
12.56548,51.42253,4,11,1,2,0,1,0,0
14.82252,50.90433,4,11,1,2,1,0,0,0
13.88547,51.15803,4,17,1,3,1,1,0,0
14.12538,50.94193,4,14,1,2,1,0,0,0
13.85115,51.00818,4,19,1,3,0,0,0,0
13.75793,51.03286,4,16,1,3,0,1,0,1
13.30684,50.98566,4,17,1,3,0,1,0,1
13.349,50.92204,4,2,1,2,1,0,0,0
12.87549,50.53636,4,2,1,2,1,0,0,0
12.51147,50.67311,4,10,7,3,0,1,0,0
12.30638,50.30902,4,4,7,2,1,0,0,0
12.29487,50.54367,4,9,7,3,0,1,0,1
12.37974,50.48268,4,9,7,3,0,1,0,0
12.61833,51.41873,4,21,7,2,0,0,0,1
12.34993,51.36604,4,18,7,3,1,1,0,0
14.77349,51.38396,4,23,7,2,1,0,0,0
14.42216,51.17642,4,14,7,3,1,0,0,0
13.7219,51.07739,5,15,3,3,1,0,0,0
13.27578,51.30515,4,18,7,2,1,0,0,0
13.75237,51.06102,4,11,7,3,0,0,0,1
13.75305,51.04175,4,11,7,3,1,0,0,0
13.33116,51.17343,4,9,7,3,0,0,1,0
13.6733,51.06131,4,0,7,3,0,1,0,0
13.72364,51.05368,4,13,7,2,1,1,0,0
12.78787,50.883,4,10,7,3,0,0,0,1
13.12973,50.97688,4,5,7,2,1,0,0,0
12.94333,50.51465,4,17,7,3,0,1,0,1
12.91674,50.8372,4,18,7,3,1,1,0,0
12.33592,51.53061,4,12,6,3,1,0,0,0
12.40326,51.32702,4,15,6,3,0,1,1,0
12.43347,51.30181,4,7,6,3,1,0,1,0
12.38538,51.34357,4,12,6,3,1,1,0,0
12.42979,51.37956,4,9,6,3,1,1,0,0
12.42388,51.31838,4,8,6,2,1,0,1,0
12.40037,51.34578,4,18,6,3,1,1,0,0
12.37823,51.33252,4,9,6,3,0,0,1,0
13.57226,51.16551,4,17,6,3,0,1,0,1
13.56273,51.15856,4,17,6,3,0,1,0,0
12.96149,50.828,5,8,5,3,1,0,0,0
13.73721,51.03279,4,12,6,2,1,0,0,0
13.33844,50.91001,4,23,6,2,0,0,0,0
12.82778,50.81322,4,9,6,3,1,1,0,0
12.83102,50.81211,4,15,6,3,1,0,1,0
12.62564,50.62813,4,12,5,2,0,1,0,0
12.37124,50.75413,4,7,5,3,1,1,0,0
14.43579,51.15531,5,7,4,3,1,1,0,0
12.38803,50.50934,4,0,5,3,1,0,0,0
12.36845,50.72578,4,7,5,3,0,1,1,0
12.99987,51.56373,4,5,5,3,0,1,0,0
12.56574,51.32254,4,11,5,3,1,1,0,0
12.35504,51.34438,4,15,5,3,1,1,0,0
12.37126,51.33956,4,10,5,3,0,0,1,0
12.39611,51.33923,4,9,5,3,1,1,0,0
12.35053,51.33245,5,3,7,3,1,0,0,0
12.33993,51.33737,4,18,5,3,0,1,0,0
12.31469,51.33441,4,10,5,3,0,1,0,0
12.37165,51.29358,4,7,5,3,0,0,0,1
13.7745,51.06062,4,14,1,3,1,1,0,0
12.20676,51.40635,4,5,5,3,0,1,0,0
12.83264,50.81686,5,8,4,2,1,0,0,0
12.36807,51.3716,4,14,5,3,1,1,0,0
12.37804,51.33264,4,7,5,3,0,1,1,0
14.80276,50.89751,4,8,5,2,1,0,0,0
14.63251,51.50232,4,9,5,3,0,1,1,0
13.47367,51.15023,4,8,5,3,1,1,0,0
13.75171,51.06697,4,18,5,3,0,1,0,1
13.7647,51.09192,4,17,5,3,1,1,0,0
13.7908,51.05969,4,15,5,3,0,1,0,0
13.81272,51.02852,4,13,5,3,1,1,0,0
13.79739,51.04127,4,15,5,3,0,0,0,0
12.94679,50.85507,4,8,5,3,0,1,0,0
12.32381,51.32039,4,7,4,3,1,1,0,0
12.44131,51.33098,4,6,4,3,0,1,0,0
12.3922,51.37631,4,14,4,3,0,1,0,1
12.36158,51.33275,4,16,4,3,1,1,0,0
14.26666,51.4537,4,16,4,3,0,1,0,0
13.68864,51.07204,4,7,4,2,1,0,0,0
13.66896,51.05916,4,14,4,3,1,0,0,0
13.73856,51.08608,4,19,4,3,1,1,0,0
13.71901,51.04904,4,6,4,3,0,1,0,0
12.94891,50.84013,4,14,4,3,0,1,0,0
12.5244,50.73612,4,7,3,3,0,1,0,0
12.14509,50.51229,4,16,3,3,0,1,0,0
12.63055,50.75245,4,9,3,3,0,1,0,0
12.33752,51.5262,4,11,3,3,1,0,0,1
12.71195,51.23616,4,18,3,3,0,1,1,0
12.32956,51.33985,4,18,3,3,1,1,0,0
12.3249,51.37451,4,13,3,3,0,0,0,0
12.38537,51.34035,4,12,3,2,0,0,1,0
12.38409,51.36579,4,15,3,3,0,1,1,0
14.23119,51.44092,4,11,3,2,1,0,0,0
13.65249,51.12482,4,9,3,3,0,1,0,0
13.69256,51.04175,4,8,3,3,1,1,0,0
13.74894,51.0338,4,19,3,3,0,1,0,0
13.75108,51.0308,4,17,3,3,1,1,0,0
13.33413,50.86755,4,7,3,3,0,1,0,1
12.90589,50.83257,4,14,3,3,1,1,0,0
12.93138,50.84678,4,12,3,3,0,1,0,0
12.92624,50.84504,4,8,3,3,1,1,0,0
12.45898,50.84366,4,20,2,3,0,1,0,0
12.41137,51.33102,4,7,2,3,1,1,0,0
12.42122,51.35309,4,8,2,3,0,1,1,0
12.42838,51.34232,4,17,2,2,1,0,1,0
13.8726,50.97371,4,6,2,3,0,1,0,0
13.80387,51.0536,4,9,2,3,0,1,0,0
13.77369,51.04877,4,7,2,3,1,1,0,0
13.84892,51.0533,4,7,2,3,1,1,0,0
13.6867,51.09311,4,14,2,2,1,1,0,0
13.80991,51.04892,4,13,2,3,1,0,0,0
12.18821,50.33723,4,0,1,2,0,1,0,0
13.77609,51.05059,4,18,1,3,1,0,0,0
12.39434,51.33681,4,16,2,3,1,1,0,0
12.92371,50.83524,4,18,1,3,1,0,0,0
12.94814,50.79422,4,19,1,2,0,1,0,0
12.32868,51.3228,4,12,7,3,1,1,0,0
12.23188,51.33206,4,17,7,3,0,1,0,0
12.37854,51.25994,4,16,7,3,0,1,0,0
12.4137,51.32435,4,19,7,2,1,0,0,0
13.48194,51.16773,4,13,7,3,0,1,0,0
13.75659,51.05512,4,17,7,3,1,1,0,0
13.81121,51.00919,5,18,5,3,1,1,0,0
12.55003,50.81405,4,15,6,2,0,1,0,1
12.26267,51.16526,5,8,6,2,0,1,0,0
12.48654,50.72102,4,14,6,2,0,1,0,0
12.38659,51.33568,4,13,6,3,1,1,0,0
12.40414,51.33837,4,15,6,3,0,0,1,0
12.36807,51.32618,4,9,6,3,0,1,1,0
12.4022,51.33984,4,16,6,3,0,1,0,0
12.41205,51.33225,4,19,6,3,1,1,0,0
12.4086,51.36004,4,17,6,3,0,1,0,0
12.29101,51.32408,4,12,6,2,0,1,0,0
12.39345,51.39837,4,13,6,3,1,1,0,0
14.64299,51.50104,4,10,6,2,0,1,0,0
14.98685,51.15211,4,0,6,3,1,0,0,0
14.42799,51.18123,4,11,6,3,1,0,0,0
13.93333,50.961,4,13,6,3,0,1,0,1
13.67149,51.10168,4,9,6,3,1,0,0,0
13.66984,50.89582,4,13,6,3,1,1,0,0
13.80427,51.05221,4,15,6,2,0,1,1,0
13.74392,51.04962,4,14,6,3,0,1,0,0
13.75519,51.05555,4,15,6,3,1,1,0,0
13.01766,51.07329,4,16,6,3,0,0,0,1
12.90326,50.83984,4,16,6,3,1,1,0,0
12.33973,51.33629,4,19,5,3,0,1,1,0
13.68661,51.00594,5,21,3,3,1,0,0,0
12.42045,51.31926,4,17,5,3,1,1,0,0
12.45909,51.35314,4,7,5,3,0,1,0,0
12.37641,51.30917,4,16,5,3,0,1,0,0
12.76672,50.86042,4,14,4,3,1,0,0,0
12.64035,51.46175,4,14,4,2,1,0,0,0
12.40587,51.33177,4,13,4,3,0,1,0,0
12.37572,51.30889,4,11,4,3,0,1,1,0
13.7977,51.17,4,13,3,3,0,0,0,1
12.40792,51.33567,4,7,4,3,0,1,0,0
12.34,51.52404,4,9,4,2,1,1,0,0
12.47942,51.3506,4,13,4,3,1,1,0,0
13.5491,51.28624,4,9,4,3,0,1,0,0
13.77284,50.85195,4,17,4,3,1,1,0,0
13.69425,51.04481,4,12,4,3,1,0,0,0
13.85395,51.00846,4,14,4,3,1,0,0,0
13.78314,51.04744,4,16,4,3,1,0,1,0
13.7261,51.05654,4,7,4,3,1,1,0,0
13.77717,51.05991,4,15,4,3,1,0,0,0
13.59425,51.03547,4,7,4,3,0,1,0,0
13.20636,50.87661,4,6,4,3,0,1,0,0
12.89176,50.79319,4,13,4,3,0,1,0,0
12.36516,51.33324,4,19,3,3,0,1,0,0
12.41477,51.34529,4,12,3,3,0,1,0,0
12.42619,51.31928,4,15,3,3,1,1,0,0
12.4715,51.3575,4,18,3,3,0,0,1,0
13.68048,51.05137,4,8,3,3,1,1,0,0
13.82878,51.00883,4,18,3,3,0,1,0,0
13.77713,51.03577,4,17,3,3,0,1,0,0
13.75484,51.05012,4,8,3,2,0,1,1,0
13.80325,51.02174,4,6,3,3,1,1,0,0
12.92567,50.82334,4,6,3,3,1,1,0,0
12.98787,51.55578,4,16,2,3,1,0,0,0
12.74041,51.36874,4,7,2,3,1,1,0,0
12.64792,51.1439,4,5,2,3,0,1,1,0
12.37761,51.3578,4,15,2,3,0,1,0,0
12.37694,50.74142,4,15,2,3,1,1,0,0
12.30828,51.34961,4,19,2,3,0,1,0,1
12.37832,51.3205,4,16,2,3,0,1,0,0
12.39308,51.37636,4,15,2,3,0,1,0,1
12.34123,51.32192,4,17,2,3,0,1,1,0
12.82796,51.41725,4,9,2,2,0,1,0,0
12.36562,51.33958,4,16,2,2,1,0,0,0
12.38901,51.33555,4,11,2,3,1,0,0,0
13.67008,50.89579,4,9,2,3,0,1,0,0
13.69063,51.05377,4,13,2,3,1,0,0,0
13.76965,51.02486,4,8,2,3,1,0,0,0
13.82759,51.01628,4,7,2,3,1,0,0,0
13.79736,51.0242,4,15,2,3,1,1,0,0
12.80803,50.90922,4,7,2,3,0,1,0,0
12.90875,50.79668,4,8,2,3,0,1,0,0
12.93212,50.85095,4,6,2,3,0,0,0,0
12.91542,50.82922,4,14,2,3,0,1,0,0
12.3012,50.61882,4,18,1,2,1,0,0,0
12.40602,51.35077,4,19,1,3,1,0,0,0
12.39816,51.34441,4,11,1,3,1,1,0,0
12.72829,50.42903,4,13,7,2,1,0,0,0
12.43638,51.30565,4,15,1,3,1,1,0,0
12.36408,51.33772,5,8,4,3,1,1,0,0
13.70644,51.0287,4,15,1,3,1,1,0,0
12.87783,50.78812,4,16,1,2,1,1,0,0
12.12832,50.51817,4,2,7,3,0,1,0,0
12.56557,51.05797,4,15,7,2,1,1,0,0
12.37463,51.34773,4,0,7,3,1,1,0,0
12.39646,51.30665,4,18,7,3,1,1,0,0
12.31446,51.34885,4,15,7,3,0,1,0,0
14.97896,51.12702,4,10,7,3,1,0,0,0
13.8089,51.04666,4,17,7,3,1,0,0,0
13.78879,51.0432,4,0,7,2,0,1,0,0
12.85132,50.80459,4,14,7,3,0,1,0,0
12.90795,50.7944,4,18,7,2,1,1,0,0
12.94673,50.84062,4,12,7,3,0,1,0,0
12.48096,50.70924,4,9,6,3,0,1,0,0
12.38826,50.48666,4,9,6,3,0,1,0,0
12.88608,51.63661,4,9,6,3,1,1,0,0
12.55834,51.06811,4,18,6,2,1,0,0,0
12.36869,51.31278,4,21,6,2,1,0,0,0
12.3999,51.36205,4,19,6,3,0,1,0,0
14.44731,51.18658,4,23,6,3,1,0,0,0
12.39313,51.33696,4,18,3,3,1,1,0,0
13.65406,51.02761,4,9,6,3,0,1,1,0
13.74971,51.06753,4,8,6,3,1,1,0,0
13.70031,51.32371,4,12,6,2,0,1,0,1
13.78552,51.01671,4,16,6,3,1,0,1,0
12.85949,50.78257,4,8,6,3,0,1,0,1
12.93075,50.84568,4,7,6,3,0,1,0,0
12.86549,50.82404,4,19,6,2,1,0,0,0
12.48621,50.71839,4,15,5,3,1,1,0,0
12.50686,50.73499,4,17,5,2,1,1,0,0
12.37698,50.78909,4,16,5,3,1,1,0,0
12.15844,50.49726,4,9,5,3,0,1,0,1
12.54332,50.82176,4,11,5,3,0,1,1,0
12.64076,50.75522,4,6,5,2,0,0,0,0
12.14904,50.4912,4,15,5,2,1,1,0,0
12.30012,50.62188,4,11,5,3,0,1,1,0
12.33891,51.52379,4,16,5,3,1,1,0,0
12.4072,51.34459,4,11,5,3,0,1,0,0
12.35691,51.33608,4,6,5,3,0,1,0,1
12.39329,51.30338,4,13,3,3,1,1,0,0
12.28907,51.32356,4,12,5,3,1,1,0,0
12.28908,51.32356,4,12,5,3,1,1,0,0
12.37878,51.31244,4,19,5,3,1,1,0,0
12.46275,51.34643,4,16,5,3,1,0,0,0
12.23369,51.39344,4,11,5,3,0,1,1,0
14.26269,51.43895,4,20,5,3,1,0,0,0
14.87823,51.1334,4,11,5,3,0,0,0,1
14.44575,51.17146,4,15,5,3,1,1,0,0
14.19245,50.89224,4,19,5,3,0,1,0,0
13.71584,51.10676,4,17,7,2,1,0,0,0
13.75774,51.0514,4,16,5,3,0,1,1,0
13.73451,51.0508,4,10,5,3,0,0,1,0
13.78237,51.05534,4,10,5,3,0,1,1,0
13.78078,51.0589,4,8,5,3,0,0,0,0
13.78512,51.04815,4,16,5,3,1,1,0,0
13.21617,51.12737,5,22,3,3,0,0,0,1
13.80868,51.0116,4,19,5,3,1,0,1,0
13.7587,51.04948,4,15,5,3,1,1,0,0
12.77471,50.71027,4,10,5,3,0,1,1,0
12.91012,50.84061,4,16,5,3,1,0,0,0
12.92364,50.829,4,10,5,3,1,1,0,0
12.91937,50.84152,4,20,5,3,1,0,0,0
12.37576,51.17317,4,14,4,3,1,0,0,0
12.38206,51.33941,4,9,4,3,0,0,0,1
12.3793,51.35933,4,21,4,3,0,1,0,0
12.37358,51.35558,4,11,4,3,1,0,0,0
12.36565,51.33964,4,8,4,3,0,1,0,0
12.32304,51.31866,4,15,4,3,1,0,1,0
12.26827,51.30792,4,15,4,3,0,1,0,0
12.373,51.30968,4,15,4,3,1,1,0,0
12.40485,51.33029,4,8,4,2,1,0,0,0
14.63577,51.49462,4,14,4,3,0,1,0,0
14.02289,51.14401,4,15,4,3,0,1,1,0
14.44439,51.19247,4,9,4,3,0,1,0,0
14.42373,51.17303,4,16,4,3,0,1,0,0
14.42388,51.17202,4,15,4,3,0,1,0,0
14.89766,51.29753,4,17,7,3,0,1,0,1
13.61874,51.10733,4,16,4,3,0,1,1,0
13.79337,51.00411,4,7,4,3,1,1,0,0
13.75728,51.05009,4,14,4,3,0,0,0,1
12.76945,50.83861,4,21,3,3,1,0,0,1
12.76985,50.71147,5,14,5,3,1,0,0,0
12.37117,50.70837,4,20,3,2,0,1,1,0
13.00109,51.56126,4,10,3,3,1,1,0,0
12.9947,51.57152,4,7,3,2,1,1,0,0
12.72985,51.25402,4,13,3,3,1,0,0,0
14.78023,50.90035,4,13,3,3,0,1,0,0
14.62968,51.50182,4,7,3,3,0,1,0,0
13.92722,50.95865,4,16,3,3,0,1,1,0
13.57756,51.13105,4,16,3,3,1,0,0,0
12.14212,50.48662,5,8,4,2,0,1,0,0
13.82669,51.02565,4,15,3,3,0,1,0,0
13.79818,51.02382,4,17,3,2,0,1,0,1
13.66782,51.10244,5,8,5,3,0,1,0,0
13.74988,51.05092,4,16,3,3,1,1,0,0
12.97252,50.98636,4,15,3,3,1,1,0,0
13.01609,50.91985,4,6,3,3,0,1,0,0
13.00663,50.57175,4,13,3,2,0,1,0,0
12.92139,50.83807,4,16,3,3,0,0,0,0
13.34991,51.03764,4,15,3,2,1,1,0,0
12.98139,50.98545,4,13,3,2,0,1,1,0
12.46299,50.84804,4,15,2,3,0,1,1,0
12.48824,50.73607,4,12,2,3,0,1,0,0
12.4578,50.84639,4,15,2,2,0,1,0,1
12.63439,51.46099,5,14,1,3,0,1,1,0
12.37358,51.3303,4,14,2,3,1,0,0,0
12.37799,51.32787,4,7,2,3,1,1,0,0
12.36601,51.33114,4,9,2,3,1,1,0,0
12.52371,50.72509,4,12,6,2,0,1,1,0
14.03801,51.37547,4,0,2,3,0,0,0,1
12.31445,51.34737,5,7,7,3,0,1,1,0
14.42562,51.17855,4,10,2,2,1,1,0,0
14.44227,51.18624,4,19,2,2,0,1,1,0
13.6796,51.045,4,20,2,3,1,0,0,0
13.72095,51.05579,4,8,4,3,0,1,0,0
13.72894,51.08031,4,10,2,3,0,1,1,0
13.75043,51.07144,4,10,2,3,1,0,0,0
13.7772,51.06008,4,16,2,3,1,1,0,0
13.76955,51.02826,4,8,2,3,1,0,0,0
13.27096,51.29851,4,15,2,2,0,1,0,1
13.82275,51.01099,4,18,2,2,0,1,1,0
13.74992,51.07152,4,1,2,2,1,0,0,0
12.88822,50.8323,4,16,2,2,1,1,0,0
12.90901,50.79671,4,9,2,3,0,1,0,0
12.91554,50.87256,4,16,2,3,1,1,0,0
12.90032,50.86357,4,13,2,3,0,0,0,0
12.37521,50.7379,4,14,1,3,0,0,0,1
12.71637,51.25439,4,11,1,2,0,1,0,0
12.37719,51.33295,4,16,6,3,0,1,1,0
12.48944,51.12017,4,16,1,3,0,0,0,0
12.32771,51.33645,4,0,1,3,1,0,0,0
12.4794,51.35226,4,0,1,3,0,1,0,1
14.71573,51.36353,4,18,1,3,0,0,0,1
15.01065,51.23828,4,3,1,2,0,1,1,0
13.45471,50.64561,4,20,7,3,0,1,1,0
14.4204,51.17639,4,16,1,2,1,0,0,0
13.45953,51.15139,4,16,1,3,0,1,1,0
13.58065,51.14191,4,16,1,3,1,1,0,0
13.6734,51.06715,4,10,1,3,1,1,0,0
13.78828,51.03598,4,14,1,3,1,1,0,0
13.84167,51.00849,4,11,1,3,1,0,0,0
13.43044,50.93603,4,14,1,2,1,0,0,0
12.91496,50.83916,4,20,1,3,1,0,0,0
12.47009,50.36109,4,15,7,3,1,1,0,0
12.13925,50.507,4,17,7,2,0,1,0,1
12.7152,51.22504,4,9,7,3,1,0,0,0
12.52452,51.13702,4,8,7,2,0,0,0,1
12.34047,51.32519,4,19,7,3,0,0,0,0
12.34466,51.3256,4,0,7,3,1,1,0,0
12.43541,51.39119,4,17,7,3,0,1,0,0
12.49456,51.11085,4,16,7,3,0,1,0,0
13.11305,51.31656,4,20,7,2,0,1,0,1
14.62736,51.49645,4,20,7,3,0,1,0,0
14.11236,51.28481,4,18,7,2,0,1,1,0
13.92457,50.97555,4,17,7,3,1,0,1,0
13.69062,51.0538,4,16,7,3,1,0,0,0
13.77453,51.03311,4,20,7,3,0,1,0,0
13.72384,51.08458,4,12,7,3,1,1,0,0
12.67964,50.60781,4,16,7,3,0,1,0,0
12.52599,50.77886,4,13,6,3,0,1,0,0
12.71458,50.86526,4,16,6,3,1,0,0,0
12.36833,51.35785,4,17,6,3,1,0,0,0
12.48656,51.38601,4,0,6,3,0,1,0,0
12.36592,51.28556,4,16,6,2,0,1,0,1
14.7243,51.49733,4,21,6,2,0,0,0,1
14.27591,51.42532,4,11,6,3,1,0,0,0
14.96795,51.32903,4,11,6,3,1,0,0,0
13.68014,51.04284,4,19,6,2,0,0,1,0
13.70214,51.03496,4,13,6,3,0,1,0,1
13.75125,51.06008,4,15,6,3,0,1,0,1
13.81453,51.04644,4,16,6,3,1,0,1,0
13.80538,51.03287,4,10,6,3,0,1,0,0
13.10629,51.13681,4,11,6,3,0,1,1,0
12.13131,50.49489,4,17,5,3,1,1,0,0
12.54662,50.82061,4,21,5,3,0,1,0,1
12.31537,50.63259,4,11,5,3,1,0,0,0
12.38065,51.33085,4,14,5,3,0,1,0,0
12.33967,51.32951,4,18,5,3,1,1,0,0
12.32736,51.32544,4,18,5,3,1,0,0,1
12.34087,51.33781,5,18,3,3,1,0,1,0
12.26824,51.30791,4,16,5,3,0,1,0,0
12.42446,51.29467,4,7,5,3,0,1,0,1
12.37517,51.36446,4,13,5,3,0,1,0,0
12.49265,51.36799,4,17,5,3,1,1,0,0
13.92006,51.10616,4,14,5,3,1,1,0,0
13.725,51.05777,4,12,5,3,1,0,0,0
13.77897,51.04452,4,15,5,3,0,1,0,0
13.67687,51.10514,5,9,2,3,1,1,0,0
13.78146,51.04389,4,20,5,3,1,1,0,0
13.74901,51.03377,4,9,5,3,0,0,0,1
13.73351,51.05169,4,7,5,3,1,0,0,0
13.02799,50.90815,4,4,5,3,0,0,0,0
14.62638,51.49387,4,19,3,3,1,1,0,0
12.48665,50.72236,4,10,4,3,0,1,1,0
12.50408,50.66965,4,18,4,3,0,1,0,1
12.36728,50.69798,5,17,3,3,0,1,0,0
12.12042,50.49707,4,9,4,2,1,0,0,0
12.46435,50.85078,4,9,4,3,0,1,0,0
12.45361,50.70711,4,10,4,2,0,1,0,0
12.44789,51.30374,4,14,4,3,1,1,0,0
12.37149,51.32067,4,0,4,3,0,1,0,0
14.61013,50.98048,4,14,4,3,0,1,0,0
13.2865,51.29457,4,10,4,3,1,1,0,0
13.82323,51.03126,4,16,4,3,1,1,0,0
13.80958,51.0122,4,16,4,3,0,1,0,0
13.005,50.58053,4,14,4,3,1,1,0,0
12.87007,50.83368,4,19,4,3,1,1,0,0
12.87088,50.81345,4,7,4,3,0,1,0,0
12.48543,50.70341,4,7,3,3,1,1,0,0
12.51666,50.82584,4,16,3,3,0,1,0,0
12.72458,50.80239,4,10,3,2,1,0,0,0
12.46097,50.84791,4,5,3,2,0,1,1,0
12.34384,51.3686,4,17,3,3,0,1,0,0
13.38812,51.30004,4,11,6,3,1,1,0,0
14.16458,51.12894,4,15,3,3,0,1,0,0
13.28568,51.29469,4,11,3,3,0,1,0,0
13.51638,51.30161,4,18,3,3,0,1,0,0
13.83752,51.02475,4,14,3,3,1,0,0,0
13.73392,51.0498,4,11,3,3,1,0,0,0
13.78532,51.03596,4,7,3,3,1,0,0,0
13.68082,51.08979,4,11,3,2,0,1,1,0
13.40617,50.87113,4,16,3,3,0,1,0,1
13.67713,51.16347,4,15,2,3,1,0,0,0
13.5915,51.1397,4,17,2,3,1,1,0,0
13.00941,51.07487,4,13,2,3,0,0,0,1
12.92598,51.16252,4,14,2,3,0,1,1,0
12.31642,51.34965,3,14,1,3,1,1,0,0
12.37332,51.31153,3,16,1,3,0,0,1,0
12.32105,51.34363,3,11,1,1,0,0,1,0
14.98965,51.18212,3,20,1,2,1,0,0,0
13.57735,51.16861,3,15,1,3,1,0,0,0
13.71568,51.0481,3,14,1,3,1,0,0,0
13.81016,51.01254,3,22,1,3,0,1,1,0
13.71067,51.04512,3,12,1,3,1,0,0,0
12.14328,50.50234,3,14,7,3,1,0,0,0
12.12706,50.49578,3,11,7,3,1,0,0,0
12.30344,50.62202,3,9,7,3,0,1,0,0
12.64461,51.1436,3,11,7,3,1,1,0,0
12.37142,51.33159,3,0,7,3,0,1,0,0
12.37369,51.33258,3,12,7,3,1,0,0,0
12.31629,51.34655,3,17,7,3,1,0,0,0
14.65259,50.95703,3,16,7,3,0,1,0,1
14.62899,51.50899,3,9,7,3,1,0,0,1
13.67002,50.89624,3,20,7,3,0,1,0,1
12.62731,51.55002,3,17,6,3,0,0,0,1
12.37218,51.33526,3,15,6,3,0,1,0,1
12.41758,51.35865,3,22,6,3,0,0,0,0
13.90165,51.26373,3,12,6,2,0,1,0,0
12.26825,51.30791,4,18,7,3,0,1,0,0
13.31451,50.96289,3,20,6,2,1,0,0,0
13.47485,50.99765,5,19,1,3,0,1,0,1
12.38907,50.51071,3,13,5,3,0,1,0,0
12.49704,51.12473,3,17,5,3,1,0,0,0
12.36665,51.32966,3,19,5,3,1,1,0,0
12.46804,51.36287,3,6,5,3,0,0,0,1
12.22874,51.44241,3,22,5,2,0,0,0,1
12.35317,51.33278,3,13,5,2,1,1,0,0
14.4345,51.17627,3,17,5,3,1,1,0,0
13.67825,51.10109,3,19,5,2,0,1,1,0
13.75493,50.94385,3,14,5,3,0,1,0,1
13.69068,51.05365,3,10,5,3,1,0,0,0
13.71649,51.02993,3,7,5,3,1,1,0,0
13.80465,51.05248,3,17,5,3,0,1,1,0
12.90842,50.8225,3,13,5,3,1,0,0,0
12.94628,50.90549,3,8,5,2,0,0,1,0
12.26767,50.62146,3,11,4,2,0,1,1,0
13.00033,51.5611,3,16,4,3,1,1,0,0
12.36586,51.33983,3,17,4,3,0,1,0,0
12.36671,51.34688,3,14,4,3,0,1,0,0
12.39638,51.30618,3,10,4,3,0,1,0,0
12.38817,51.3535,3,4,4,3,0,1,0,0
13.91489,51.10713,3,16,4,3,1,0,0,0
14.0927,51.44555,3,18,4,3,0,1,0,0
13.86308,50.95171,3,16,4,3,0,1,0,1
14.64437,51.50819,4,12,7,3,1,1,0,0
13.75692,51.05524,3,15,4,3,1,1,0,0
13.47265,51.14867,3,9,4,2,0,1,0,1
13.73998,51.11728,3,11,4,3,1,1,0,0
13.74228,51.04803,3,14,4,3,1,0,0,0
13.77038,51.02904,3,17,4,2,0,1,1,0
13.0011,50.57345,3,11,4,3,0,0,1,0
12.43108,50.71927,3,16,3,3,0,1,0,0
12.16279,50.49133,3,15,3,3,0,1,0,1
12.36161,51.33273,3,8,3,3,1,1,0,0
12.33882,51.33243,3,12,3,3,1,0,0,0
12.30756,51.34608,3,17,3,3,0,1,0,0
14.9324,51.01291,5,15,4,3,1,1,0,0
12.37909,51.34617,5,12,4,3,1,1,0,0
12.82623,50.81641,4,15,4,2,1,0,0,0
12.32276,51.3749,3,10,3,3,0,1,0,0
12.35305,51.3479,3,8,3,3,1,0,0,0
12.23343,51.40449,3,6,3,3,0,1,1,0
12.37368,51.33268,3,20,3,2,0,1,1,0
12.1814,51.30953,3,16,3,3,0,1,0,0
12.37652,51.35319,3,7,3,3,1,1,0,0
14.58242,51.00698,3,10,3,2,1,1,0,0
14.42327,51.17708,3,15,3,3,0,1,0,0
13.30358,51.30469,3,12,3,3,0,1,1,0
13.83347,51.06489,3,15,3,3,1,1,0,0
13.76263,51.03275,3,16,3,3,0,1,0,0
13.79281,51.05935,3,12,3,3,0,1,0,0
13.75999,51.02726,3,16,3,3,0,1,0,0
13.04041,50.91011,3,12,3,3,0,1,0,0
12.1482,50.48701,4,14,6,3,0,1,0,0
12.94784,50.83486,3,12,3,3,0,0,0,0
12.1779,50.42087,3,19,2,3,1,0,0,0
12.33081,51.33511,3,16,2,3,1,1,0,0
12.32032,51.39102,3,14,2,3,0,1,0,0
12.38593,51.36432,3,10,2,3,1,0,0,0
12.47076,51.32165,3,16,2,3,1,0,0,0
14.67631,51.10195,3,8,2,3,0,1,0,0
13.68452,51.08506,3,17,2,3,1,1,0,0
13.72927,51.03937,3,7,2,3,1,1,0,0
13.78769,51.03595,3,8,2,3,0,1,0,0
13.66399,50.86346,3,14,2,3,1,1,0,0
13.72025,51.05463,3,17,2,2,0,1,1,0
12.96546,50.99467,3,15,2,3,0,1,0,0
13.07095,50.75541,3,12,2,2,0,1,0,1
12.76974,50.54617,3,12,2,3,0,1,0,0
12.8983,50.82668,3,12,2,3,1,1,0,0
12.92516,50.82538,3,17,2,3,0,1,0,0
12.37367,51.33051,3,20,1,3,1,1,0,0
12.29166,51.38076,3,18,1,3,0,1,0,0
13.80778,51.03718,3,10,1,3,1,1,0,0
13.7666,51.27166,3,18,1,2,0,1,0,0
13.75059,51.04183,3,23,1,3,0,1,0,0
12.36593,51.48161,3,8,7,3,0,1,0,0
12.38514,51.33832,3,18,7,3,0,1,0,0
12.39686,51.32384,3,17,7,3,0,1,0,0
12.47937,51.35162,3,20,7,3,0,0,1,0
12.40715,51.33864,3,15,7,2,1,1,0,0
14.97831,51.14609,3,9,7,3,1,0,0,0
13.28704,51.30348,3,18,7,2,0,1,0,0
13.68304,51.05179,3,0,7,3,1,0,0,0
13.7772,51.06005,3,7,7,3,1,0,0,0
12.96045,50.82273,3,11,7,3,0,1,1,0
12.37148,50.71051,3,17,6,3,1,1,0,0
12.66766,50.90228,3,12,6,3,0,0,0,0
12.71642,51.22661,3,14,6,3,0,1,0,0
12.37505,51.34167,3,18,6,3,1,1,0,0
12.34959,51.35071,3,7,6,3,0,0,0,1
12.36675,51.27934,3,8,6,3,1,1,0,0
12.36914,51.32095,3,14,6,3,0,1,0,0
12.90298,50.83884,3,10,7,3,0,1,0,1
12.37496,51.30925,3,16,6,3,1,1,0,0
12.44182,51.56489,3,13,6,3,0,1,0,0
12.40502,51.32301,3,14,6,3,0,1,0,0
13.29522,51.30267,3,17,6,3,1,1,0,0
13.93283,50.96952,3,19,6,2,0,0,0,0
13.71477,51.05132,3,14,6,3,1,0,1,0
13.74856,51.07174,3,13,6,3,0,1,0,1
13.7656,51.06926,3,15,6,3,1,1,0,0
12.37365,51.33303,4,7,5,3,1,0,0,0
13.7772,51.06009,3,20,6,3,1,1,0,0
13.86092,50.98056,3,13,6,3,1,1,0,0
13.76096,51.02608,3,9,6,2,1,0,0,0
12.78755,51.0496,3,13,6,3,0,1,0,0
13.35215,50.9019,3,14,6,3,0,1,0,0
12.88603,50.84347,3,11,6,3,0,1,0,0
12.59886,50.497,3,18,6,2,0,1,0,1
12.38388,50.80783,3,11,5,3,1,1,0,0
12.36944,50.47504,3,10,5,3,0,1,0,0
12.77212,50.85703,3,10,5,2,1,1,0,0
12.30283,50.62418,3,15,5,2,0,0,0,0
12.71578,51.23036,3,7,5,3,0,1,0,0
12.26628,51.31324,3,13,5,3,0,1,0,0
12.33192,51.34029,3,8,5,3,1,1,0,0
12.45565,51.397,3,5,5,3,0,1,0,0
12.34533,51.48989,3,19,5,2,0,1,0,1
12.4084,51.33726,3,16,5,2,0,1,0,0
14.81436,50.90915,3,13,5,3,0,1,1,0
14.27372,51.44277,3,14,5,3,0,1,0,1
13.78381,51.03641,3,9,5,3,1,1,0,0
13.80019,51.05739,3,7,5,3,0,1,0,0
13.73948,51.04543,3,7,5,3,0,1,0,0
13.78837,51.04868,3,11,5,3,0,1,0,0
13.6827,51.04241,3,7,5,3,1,1,0,0
13.77763,51.03744,3,12,5,3,0,1,0,0
12.76547,50.71243,3,16,5,3,0,1,0,1
12.79952,50.89172,3,14,5,3,1,1,0,0
12.05807,50.44953,3,14,4,3,0,1,0,1
12.46369,50.85258,3,16,4,3,1,0,0,0
12.44522,50.84171,3,16,4,3,0,1,1,0
12.6925,51.05805,3,10,4,2,0,1,1,0
12.28967,51.14679,3,23,4,3,0,1,0,0
12.40026,51.34499,3,7,4,3,1,1,0,0
12.34863,51.33215,3,13,4,3,1,0,0,0
12.35397,51.271,4,18,5,2,1,1,0,0
12.34563,51.33005,3,14,4,3,0,1,0,0
14.66685,51.08783,3,14,4,3,1,0,0,0
14.61088,50.97978,3,17,4,3,1,0,0,0
14.26467,51.43731,3,13,4,3,0,1,0,0
12.93114,50.82235,3,11,4,3,1,1,0,0
12.49542,50.7209,3,16,3,3,0,1,1,0
12.14578,50.48878,3,19,3,2,0,1,0,0
12.37217,51.33105,3,16,3,3,1,1,0,0
12.40602,51.36835,3,13,3,3,1,0,0,1
12.39835,51.33922,3,11,3,3,1,1,0,0
14.52979,51.23182,3,6,3,3,0,1,0,0
13.9434,50.95923,3,10,3,3,1,1,0,0
13.94667,51.00503,3,13,3,3,0,1,0,1
13.71783,51.02932,3,14,3,2,1,0,0,0
13.75782,51.01917,3,11,3,3,1,0,0,0
13.82739,51.00207,3,12,3,3,1,1,0,0
13.85925,50.98529,3,16,3,3,0,1,0,0
13.7385,51.03953,3,12,3,3,1,1,0,0
13.7221,51.03704,3,8,3,2,1,0,0,0
13.07129,50.75442,3,13,3,3,0,1,1,0
12.91403,50.82678,3,7,3,3,0,1,0,0
12.92481,50.83606,3,16,3,3,1,1,0,0
12.49367,50.68186,3,18,2,3,0,1,1,0
12.3945,50.82609,3,19,2,3,1,0,0,0
12.37423,50.70905,3,6,2,3,0,1,0,1
12.6461,50.74462,3,8,2,3,0,1,0,1
12.51565,50.83003,3,20,2,3,1,1,0,0
12.39619,51.28078,3,8,2,3,1,1,0,0
12.44895,51.27263,3,14,2,2,0,0,0,0
14.21062,51.02635,3,5,2,3,1,1,0,0
12.49208,51.38384,5,7,6,2,1,0,0,0
13.6519,51.00625,3,11,2,3,0,0,0,1
13.70762,51.03706,3,13,2,3,1,0,0,0
13.78637,51.0285,3,16,2,2,1,1,0,0
13.81736,51.0298,3,18,2,3,0,1,0,1
13.82317,51.01194,3,15,2,1,0,1,1,0
12.59862,50.74217,3,2,1,2,1,0,0,0
12.48795,50.75478,3,17,1,2,1,1,0,0
12.53327,50.71199,3,10,1,3,0,1,0,0
12.27949,51.38696,3,17,1,3,1,1,0,0
14.44153,51.18175,3,11,1,3,1,1,0,0
13.83844,51.00586,3,11,1,3,1,0,0,0
13.86002,51.03626,3,10,1,3,1,1,0,0
13.69069,51.05361,3,15,1,3,1,0,0,0
12.88831,50.83161,3,13,1,3,1,0,0,0
12.39416,50.82557,3,18,7,3,1,0,0,0
12.3534,51.53343,3,12,7,3,0,1,0,0
12.37443,51.33582,3,3,7,3,1,1,0,0
12.36545,51.32098,3,19,7,3,1,0,0,1
13.59983,51.13758,3,1,7,3,1,0,0,0
13.63303,51.10502,3,9,7,3,1,0,0,0
13.6908,51.0497,3,15,7,3,0,1,1,0
12.85881,50.80358,3,12,7,3,0,1,0,0
12.50057,50.73077,3,21,6,2,1,0,0,0
12.3838,50.73094,3,13,6,3,0,1,0,0
12.37409,50.73251,3,7,6,3,0,1,0,1
12.40178,51.34575,5,14,2,3,0,1,1,0
12.32728,51.21786,3,10,6,3,0,1,0,0
13.77566,51.05079,5,11,2,3,1,1,0,0
12.90124,50.83402,4,9,6,3,0,1,1,0
12.38152,51.33668,3,13,6,3,1,1,0,0
12.31725,51.34614,3,9,6,3,0,1,0,0
12.33359,51.33772,3,15,6,3,1,1,0,0
12.37909,51.39417,3,15,6,3,1,1,0,0
14.72858,50.8812,3,16,6,2,1,0,0,0
14.99749,51.1531,3,11,6,3,1,1,0,0
14.17834,51.14147,3,20,6,3,1,0,0,0
14.18933,51.11719,3,14,6,2,0,1,0,1
13.63842,51.01636,3,11,6,3,0,0,0,1
13.7192,51.05507,3,14,6,3,0,1,0,0
13.74521,51.06283,3,14,6,3,1,1,0,0
13.78235,51.04764,3,7,6,3,1,1,0,0
13.71239,51.0793,3,17,6,3,0,1,0,0
13.76242,51.03858,3,14,6,2,1,0,0,0
13.73055,51.07315,5,19,5,3,1,1,0,0
13.72565,51.08126,3,13,6,3,1,1,0,0
13.03843,50.91298,3,13,6,3,0,1,0,0
12.96802,50.65157,3,14,6,2,0,1,0,0
12.81858,50.81363,3,13,6,3,0,1,0,1
12.23903,50.27921,3,13,5,2,1,0,0,0
12.33434,51.32195,4,9,4,3,1,1,0,0
12.38005,51.32948,3,15,5,3,0,1,0,0
12.37835,51.33223,3,8,5,3,1,1,0,0
12.38056,51.31004,3,11,5,3,1,1,0,0
13.79618,50.99013,3,17,5,3,1,0,0,0
12.40758,51.3513,3,9,5,3,0,1,0,1
12.38534,51.3402,3,13,5,3,1,1,0,0
14.97405,51.10786,3,13,5,3,1,0,0,0
12.45469,51.29566,4,12,1,2,0,1,0,1
13.9043,50.95649,3,17,5,3,1,0,0,0
13.69781,51.00667,3,13,5,3,0,0,0,1
13.83716,51.02474,3,14,5,3,1,0,0,0
13.78161,51.04385,3,9,5,3,0,1,0,0
13.79931,51.04897,3,8,5,3,0,1,0,1
13.73444,51.03861,3,13,5,3,0,1,0,1
13.42656,50.80477,3,14,5,3,0,1,1,0
12.4768,50.71978,3,16,4,3,0,1,0,0
12.29782,50.62567,3,15,4,3,0,1,0,1
12.38061,51.34117,3,15,4,3,1,1,0,0
12.35512,51.33512,3,7,4,3,1,0,0,0
12.39603,51.31014,3,15,4,3,1,1,0,0
12.28023,51.31969,3,15,4,3,0,1,0,0
12.39617,51.35398,3,8,4,2,1,0,1,0
12.36967,51.30883,3,16,4,2,1,0,1,0
12.38938,51.33585,3,15,4,3,1,1,0,0
13.91929,51.11063,3,20,4,3,0,0,0,1
13.53382,51.28706,3,17,4,3,0,1,0,1
13.7104,51.07758,3,15,4,3,1,0,0,1
13.82126,51.00305,3,8,4,3,1,1,0,0
13.69685,51.01792,3,16,4,3,1,0,0,0
12.89644,50.80287,5,17,5,3,1,1,0,0
13.8043,51.05339,3,16,4,3,1,1,0,0
13.70911,51.05199,3,16,4,3,1,1,0,0
13.74648,51.11546,3,7,4,2,1,1,0,0
12.70758,50.71624,3,18,4,3,0,1,0,1
13.02574,50.86497,3,17,4,3,0,1,1,0
13.21226,50.79078,3,20,4,2,0,1,0,0
12.84677,50.82132,3,16,4,3,1,0,0,0
12.36641,50.5708,3,14,3,3,0,1,0,0
12.38781,51.43515,3,7,3,3,0,1,0,0
12.50772,51.12847,3,14,3,3,1,0,1,0
12.37231,51.3496,3,9,3,3,1,0,0,0
14.57725,51.52992,3,22,1,2,1,0,0,0
12.3736,51.32086,3,7,3,3,0,1,1,0
12.22332,51.39539,3,13,3,3,0,0,1,0
12.46872,50.84973,4,15,3,2,1,1,0,0
12.45005,50.83063,3,13,6,3,0,1,0,0
12.30698,51.35104,3,11,3,3,0,1,0,0
12.36919,51.34186,3,9,3,3,1,1,0,0
12.36861,51.31596,3,7,3,2,1,0,0,0
12.41263,51.32467,5,14,5,3,1,0,1,0
14.9484,51.14568,3,7,3,3,1,1,0,0
13.72055,51.05913,3,12,3,3,1,1,0,0
13.72042,51.02824,3,13,3,3,1,1,0,0
13.76021,51.02701,3,17,3,3,1,0,1,0
13.83407,51.11195,3,12,3,2,1,0,0,0
13.76964,51.05107,3,7,3,3,1,1,0,0
13.75677,51.049,3,21,3,3,1,0,0,0
12.90615,51.0767,3,14,3,3,0,1,0,0
12.37455,51.34772,4,16,3,3,0,1,1,0
12.12621,50.48749,3,7,2,2,0,1,0,1
12.9974,51.36409,3,9,2,3,0,1,0,0
12.92761,50.8272,3,15,3,3,0,1,1,0
12.37412,51.30334,3,5,2,3,1,1,0,0
12.37314,51.32423,3,16,2,3,0,1,0,0
12.36886,51.31782,3,9,2,3,1,1,0,0
12.42606,51.31982,3,7,2,3,0,1,1,0
12.28199,51.35791,3,9,7,3,1,1,0,0
13.88232,51.17775,3,16,2,2,0,1,0,0
14.32676,51.3109,3,16,2,3,1,1,0,0
13.78366,51.116,3,17,3,3,1,0,0,0
13.71618,50.97977,3,14,2,2,1,0,0,0
13.80533,51.01163,3,21,2,3,0,0,0,1
13.81588,51.03032,3,18,2,3,0,1,0,0
13.75598,51.05482,3,13,2,3,0,1,0,0
13.80481,51.03985,3,8,2,3,0,1,0,0
12.92456,50.83098,3,14,2,3,0,1,0,0
12.13704,50.51565,3,22,1,2,0,0,0,1
12.34231,51.3681,3,4,1,3,0,0,0,0
13.07422,50.65466,3,22,1,2,0,1,0,0
12.92429,50.83934,3,10,1,2,1,0,0,0
12.49693,50.71755,3,13,7,3,1,1,0,0
12.4073,51.34546,3,11,7,3,1,1,0,0
12.36248,51.36008,3,15,7,3,1,1,0,0
12.37926,51.31014,3,12,7,3,0,1,0,0
13.90329,51.26362,3,10,7,2,0,1,1,0
13.83711,51.03833,3,21,7,2,1,0,0,0
12.87479,50.53089,3,13,7,2,0,1,1,0
12.51911,50.67845,4,12,6,3,0,1,0,0
12.13531,50.50178,3,11,6,3,0,0,1,0
12.15417,50.49301,3,15,6,3,0,1,1,0
12.51283,50.82406,3,11,6,3,0,1,0,0
12.54974,51.33626,3,7,6,3,0,1,0,0
13.73854,51.07412,4,7,5,3,0,1,0,0
12.48412,51.11967,3,15,6,3,1,1,0,0
12.37048,51.32748,3,7,6,3,1,1,1,0
12.75739,50.70375,7,6,1,3,0,1,0,0
12.94332,50.51459,7,14,1,3,1,1,0,0
12.95389,50.81577,7,11,1,2,0,0,0,1
12.52283,50.51423,7,10,1,3,0,1,1,0
12.40302,50.51685,7,12,7,3,0,0,0,1
12.40378,51.31877,7,17,7,3,0,1,0,0
12.3267,51.30755,7,11,7,2,1,1,0,0
14.63948,51.50549,7,15,7,2,1,1,0,0
13.79458,51.03929,7,5,7,3,1,1,0,0
13.71483,51.0565,7,21,7,3,0,0,0,0
12.35687,51.52507,7,10,6,3,0,1,1,0
12.28375,51.31443,7,18,6,3,0,1,0,0
12.28199,51.35792,7,12,6,3,1,1,0,0
12.32445,51.37436,7,22,6,3,0,1,1,0
14.39356,51.39597,7,5,6,3,0,0,0,1
13.65417,51.00317,7,15,6,3,0,1,0,0
13.85112,51.00818,7,21,6,2,1,0,0,0
13.80883,51.05045,7,14,6,3,1,1,0,0
12.48271,50.71967,7,14,5,3,1,1,0,0
12.37625,50.73175,7,15,5,3,0,1,0,0
12.98652,51.56207,7,9,5,3,0,1,0,0
12.36942,51.32722,7,15,7,3,0,1,0,0
13.05378,51.23655,7,10,5,3,0,1,0,1
12.39604,51.31014,7,13,5,3,1,1,0,0
12.37135,51.36182,7,13,5,3,1,1,0,0
12.32942,51.32034,7,13,5,1,0,0,1,0
12.38059,51.30652,7,11,5,3,0,1,1,0
14.03056,51.3887,7,16,5,3,0,0,0,1
14.18833,51.11933,7,9,5,3,0,1,0,0
13.6809,51.06172,7,17,5,3,1,1,0,0
13.83967,51.02588,7,17,5,3,1,0,0,0
13.80311,51.01206,7,6,5,3,0,0,0,1
13.8169,51.01564,7,14,5,3,0,1,0,0
13.07167,50.85497,7,22,5,3,1,0,0,1
13.00915,50.58281,7,16,5,3,1,1,0,0
12.91605,50.81962,7,11,5,3,1,1,0,0
12.91338,50.83814,7,15,5,3,1,1,0,0
12.91672,50.83721,7,18,5,3,0,1,0,0
12.89419,50.82268,7,13,5,2,0,1,1,0
12.36174,51.35898,7,22,4,3,0,1,0,0
12.39118,51.32583,7,8,4,3,1,1,0,0
12.37371,51.30565,7,16,4,3,1,1,0,0
12.33321,51.29705,7,17,4,3,1,1,0,0
12.39629,51.27961,7,14,4,3,0,1,0,0
12.35151,51.34463,7,20,4,3,0,1,1,0
12.34117,51.33231,7,23,4,3,0,1,0,0
12.37698,51.32511,7,16,4,2,1,1,0,0
14.79604,50.90194,7,6,4,3,0,1,0,0
13.58008,51.12583,7,11,4,3,0,1,0,1
13.5837,51.12925,7,15,4,2,1,1,0,0
13.78531,51.12069,7,15,4,3,1,1,0,0
13.77698,51.06001,7,18,4,3,0,1,0,0
13.70698,51.08449,7,6,4,3,1,0,0,0
13.37981,50.92637,7,8,4,3,0,1,0,0
12.99722,50.53441,7,19,4,2,1,0,0,0
12.1822,50.4067,7,8,3,3,1,0,0,0
12.76196,50.85842,7,1,3,3,0,0,1,0
12.37331,51.31086,7,18,3,3,1,0,1,0
12.4592,51.40196,7,14,3,3,0,1,0,0
12.34911,51.34846,7,14,3,3,0,1,0,0
14.43018,51.17919,7,12,3,3,1,1,0,0
14.42836,51.18299,7,13,3,3,1,1,0,0
13.65215,51.00192,7,7,3,2,1,0,0,0
13.73014,51.07661,7,18,3,3,1,0,0,0
13.6714,51.01365,7,17,3,2,0,1,0,0
13.75235,51.06762,7,15,3,3,1,0,0,0
13.8119,51.02018,7,7,3,3,1,0,0,0
12.87816,50.78365,7,13,3,3,1,0,0,0
12.97468,50.76406,7,10,3,3,0,1,0,1
12.93955,50.81767,7,7,3,2,0,0,1,0
12.79792,51.04736,7,8,3,2,0,1,0,0
12.50577,50.72619,7,7,2,3,0,1,0,0
12.52857,51.58175,7,22,2,3,0,1,0,0
12.37241,51.43965,7,21,2,3,1,0,0,0
12.47206,51.1555,7,12,2,2,0,1,0,1
12.38692,51.33645,7,8,2,3,0,0,1,0
12.37114,51.33639,7,15,2,3,0,1,0,0
12.23989,51.31054,7,17,2,3,1,0,0,0
12.36233,51.35936,7,18,2,3,1,1,0,0
12.42868,51.35869,7,7,2,3,1,0,0,1
12.53553,51.34778,7,16,2,3,0,1,0,0
12.28151,51.32684,7,16,2,3,0,1,0,0
13.93151,51.20409,7,22,2,3,1,0,0,0
13.93979,50.96418,7,15,2,3,1,0,0,0
13.67977,51.10075,7,10,2,3,0,1,1,0
13.70216,51.07783,7,15,2,3,0,1,0,0
13.7436,51.03565,7,15,2,3,1,1,0,0
13.75109,51.0311,7,21,2,3,1,0,0,0
13.7384,51.04275,7,16,2,3,0,1,0,0
13.22607,50.78382,7,17,5,3,0,1,0,0
13.79738,51.02416,7,15,2,3,1,1,0,0
13.76746,51.0727,7,17,2,3,1,0,0,0
13.87201,50.97759,7,14,2,2,1,1,0,0
13.75799,51.03289,7,18,2,3,0,1,0,0
12.93673,50.84742,7,19,2,2,0,1,0,0
12.9613,50.82798,7,21,2,3,1,0,0,0
12.02727,50.44303,7,19,1,2,0,0,0,1
12.36062,51.33808,7,16,1,3,0,1,0,0
12.98787,51.39778,7,15,1,1,0,0,0,0
13.80824,51.00605,7,16,1,3,0,1,0,0
13.73822,51.03976,7,15,1,3,0,1,0,0
13.77702,51.0492,7,15,1,3,0,1,0,0
13.73579,51.05293,7,12,1,2,1,0,0,0
13.74118,51.06024,7,15,1,3,0,1,0,0
13.82657,50.99828,7,9,1,3,1,1,0,0
12.6524,50.94572,7,18,1,3,1,1,0,0
13.23953,51.13134,7,15,1,3,1,0,0,0
12.77298,50.55216,7,13,1,3,1,1,0,0
12.92236,50.83172,7,18,1,3,0,0,1,0
12.47024,50.68665,7,16,7,3,1,1,0,0
12.43669,50.71012,7,18,7,3,1,0,0,0
12.37337,50.73635,7,21,7,3,0,1,0,1
12.39309,51.32491,7,11,7,3,0,1,0,0
12.34891,51.34894,7,13,7,2,0,1,0,0
12.35401,51.31977,7,5,7,3,1,0,0,0
12.45925,51.40104,7,0,7,3,0,1,0,0
14.08946,51.27153,7,17,7,2,0,1,0,0
13.71595,51.06398,7,21,7,3,0,1,0,0
13.80356,51.05226,7,10,7,1,1,0,0,0
12.69973,50.58415,7,13,7,2,0,0,1,0
12.35413,51.33461,7,16,6,3,1,1,0,0
12.46029,51.3684,7,14,6,3,0,1,0,1
12.38378,51.36437,7,11,6,2,1,0,0,0
12.38409,51.38063,7,15,6,3,0,1,0,0
14.68273,51.10165,7,14,6,2,0,1,0,0
14.27199,51.43305,7,11,6,3,1,0,0,0
14.06751,51.36067,7,12,6,2,1,0,0,0
14.19005,51.11853,7,12,6,3,0,1,0,0
13.71211,51.07929,7,19,6,3,1,0,0,0
13.70816,51.03343,7,10,6,3,1,1,0,0
14.26371,51.44373,7,18,5,2,1,0,0,0
13.84301,51.06504,7,9,6,3,1,1,0,0
13.756,51.05591,7,9,6,3,0,1,0,0
13.72121,51.04721,7,12,6,2,1,0,0,0
12.88567,50.84338,7,11,6,3,0,1,0,0
12.69404,50.44124,7,15,6,2,0,1,1,0
12.37399,50.73258,7,16,5,2,0,1,0,1
12.33065,51.2231,7,9,5,2,0,1,0,1
12.3849,51.33813,7,15,5,3,0,1,0,0
12.31282,51.30916,7,12,5,3,1,1,0,0
14.21029,51.026,7,11,5,3,0,0,0,1
13.28564,51.30375,7,5,5,3,0,1,0,0
13.74294,51.06163,7,13,5,3,0,1,0,1
13.75306,51.05906,7,20,5,3,1,1,0,0
13.74847,51.05354,7,22,5,2,1,0,0,0
12.87811,50.68247,7,11,5,2,0,0,0,0
13.03963,50.91609,7,9,5,3,1,1,0,0
12.9188,50.82515,7,14,5,3,1,0,0,0
12.24847,50.6133,7,15,4,3,1,0,0,0
12.61772,51.46256,7,9,4,2,1,0,0,0
12.36001,51.52511,7,7,4,3,1,1,0,0
12.41059,51.34269,7,16,4,3,0,1,0,0
12.32747,51.30427,7,20,4,3,1,1,0,0
12.46648,51.34583,7,3,4,3,0,1,0,0
12.42722,51.34356,7,8,4,3,0,1,0,0
12.30719,51.32313,7,14,4,3,0,1,0,0
12.41999,51.38375,7,19,4,3,1,0,0,1
13.66246,51.01259,7,11,4,3,0,1,0,0
13.76924,51.04497,7,8,4,3,1,1,0,0
13.76778,51.02608,7,7,4,2,1,1,0,0
12.91578,51.17402,7,19,4,3,0,1,0,0
12.9625,51.38683,7,22,3,3,0,1,0,0
12.33821,51.32725,7,11,3,3,1,1,0,0
12.40214,51.33235,7,18,3,3,1,1,0,0
12.30828,51.31256,7,10,3,3,1,1,0,0
12.33834,51.32729,7,14,3,3,1,1,0,0
12.39838,51.31085,7,8,4,3,0,1,0,0
12.40497,51.33813,7,14,3,3,0,1,0,0
12.3784,51.32049,7,13,3,3,0,1,0,0
14.0165,50.95105,7,19,3,2,1,0,0,0
13.71614,51.05699,7,18,3,3,1,1,0,0
13.74647,51.11544,7,9,3,3,1,0,0,0
13.78332,51.03506,7,9,3,3,1,0,1,0
13.80028,51.03414,7,10,6,3,1,0,0,0
13.8398,51.02574,7,13,3,2,1,0,0,0
13.76444,51.06727,7,9,3,3,0,1,0,1
13.71256,51.05119,7,7,3,3,1,0,0,0
13.36649,50.90976,7,14,3,3,0,1,0,1
12.39377,50.81623,7,22,2,3,1,0,0,0
12.33656,51.52585,7,17,2,3,1,0,0,0
12.37036,51.35555,7,16,2,3,1,1,0,0
12.37506,51.34163,7,11,2,3,1,0,0,0
12.33072,51.33994,7,16,2,3,1,1,0,0
12.37345,51.31609,7,19,2,3,1,1,0,0
14.44094,51.1738,7,8,2,3,1,1,0,0
13.46256,51.14525,7,21,2,2,1,0,0,0
13.72421,51.08434,7,21,2,3,1,1,0,0
13.78953,51.04498,7,21,2,3,1,1,0,0
13.77949,51.041,7,10,2,3,0,1,0,0
13.75923,51.03425,7,17,2,3,1,0,0,0
13.68705,51.0425,7,12,2,3,0,1,0,1
13.78056,51.04216,7,14,2,2,0,1,0,0
13.79136,51.04677,7,8,2,3,1,1,0,0
13.7394,51.05504,7,22,2,3,0,0,0,0
12.9042,50.7876,7,17,2,2,0,1,0,0
12.93376,50.85111,7,14,2,3,1,1,0,0
12.57496,50.68368,7,14,1,3,1,1,0,0
12.54264,50.83955,7,0,1,3,0,1,0,1
12.69549,50.78929,7,16,1,3,0,1,1,0
12.4615,51.33241,7,9,1,3,0,0,0,1
14.48789,51.29093,7,13,1,2,1,0,0,1
14.42232,51.05095,7,13,1,3,0,1,0,0
12.37613,51.43531,7,11,7,3,0,0,0,0
12.86567,51.35458,7,16,7,3,0,0,0,1
12.40348,51.32759,7,16,7,2,1,0,0,0
14.24526,51.43914,7,12,7,3,1,0,0,0
13.69653,51.08204,7,5,7,3,1,0,0,0
13.69085,51.05323,7,17,7,3,1,0,0,0
13.80095,51.00843,7,20,7,3,1,1,0,0
13.71024,51.05089,7,3,7,2,0,1,0,0
12.91542,50.82904,7,14,7,3,0,1,0,0
12.93138,50.83171,7,6,7,3,1,1,0,0
12.14454,50.50771,7,21,7,3,0,1,0,0
13.17767,51.06367,7,15,7,2,0,1,0,0
12.68577,50.78656,7,0,6,3,0,1,1,0
12.78938,50.85008,7,13,6,3,1,0,0,0
12.37637,51.35045,7,3,6,3,1,0,0,0
12.32666,51.31222,7,19,6,3,0,0,0,1
12.3675,51.32079,7,13,6,3,0,1,0,0
12.406,51.31393,7,7,6,3,1,1,0,0
12.35441,51.36504,7,18,6,2,1,1,0,0
13.92071,51.11488,7,17,6,3,1,1,0,0
13.81669,51.16572,7,14,6,2,1,0,0,0
14.03259,51.14537,7,16,6,3,1,1,0,0
14.26148,51.44011,7,10,6,2,1,1,0,0
14.09679,51.45828,7,17,6,3,1,0,1,0
14.0859,50.92103,7,12,6,3,1,0,1,0
13.72419,51.0309,7,13,6,3,0,1,0,0
13.77097,51.04602,7,7,6,2,1,0,0,0
12.14707,50.52392,7,7,5,3,1,0,0,0
12.97431,51.56746,7,13,5,3,1,1,0,0
13.05446,51.23466,7,10,5,3,1,0,0,0
12.30265,51.51119,7,13,5,2,0,0,0,1
12.36667,51.34057,7,17,5,3,1,1,0,0
12.37351,51.32464,7,17,5,3,1,0,0,0
12.49759,51.22946,7,18,5,2,0,0,0,1
12.37424,51.33466,7,10,5,1,1,0,0,0
12.42208,51.31959,7,21,5,2,0,1,0,1
14.27466,51.44771,7,9,5,3,0,1,1,0
14.01749,50.95175,7,11,5,2,1,0,0,0
13.86052,50.97979,7,15,5,3,1,0,0,0
13.76641,51.04152,7,17,5,3,1,0,1,0
13.70761,51.02973,7,11,5,2,0,0,1,0
13.78683,51.05382,7,21,5,3,0,0,1,0
12.9555,50.87756,7,15,5,3,0,1,1,0
12.94368,50.82923,7,20,5,2,0,1,0,0
12.49593,50.72152,7,16,4,3,0,1,1,0
12.68175,50.67735,7,17,4,3,0,1,0,1
12.16777,50.49603,7,13,4,2,0,1,1,0
12.3736,51.32065,7,18,4,3,1,1,0,0
12.3756,51.36604,7,18,4,3,0,1,0,0
12.30467,51.31577,7,2,4,2,0,1,0,0
12.44486,51.34624,7,11,4,3,0,1,0,0
13.91591,51.1067,7,21,4,2,1,0,1,0
14.96121,51.14623,7,14,4,3,1,1,0,0
13.73068,51.03836,7,13,4,3,1,0,0,0
13.76976,51.0448,7,11,4,3,0,1,0,0
12.17426,50.41584,7,18,3,3,0,1,0,0
12.83478,51.47399,7,6,3,3,0,0,0,0
12.3712,51.33567,7,21,3,3,1,0,0,0
12.35707,51.33616,7,22,3,3,0,1,0,0
12.37127,51.33259,7,9,3,3,1,0,1,0
12.40342,51.37502,7,9,3,2,0,1,0,0
12.55711,50.81894,7,10,4,3,1,1,0,0
12.31384,51.36352,7,20,3,3,0,1,0,0
12.38025,51.34016,7,22,3,3,0,0,0,0
14.80567,50.89894,7,12,3,2,1,0,1,0
14.64698,51.50803,7,13,3,3,0,1,0,0
13.992,50.89053,7,12,3,3,1,0,0,0
13.71524,51.03647,7,16,3,3,1,0,0,0
13.77334,51.03194,7,18,3,3,0,1,0,0
13.77367,51.04876,7,11,3,3,1,1,0,0
13.78532,51.03595,7,8,3,3,1,1,0,0
13.75812,51.04482,7,7,3,3,1,0,0,0
13.84017,51.02161,7,6,3,2,1,0,1,0
13.6879,51.0425,7,11,3,2,0,1,0,0
12.79686,50.51424,7,6,3,2,0,0,0,1
12.41638,50.69719,7,16,2,2,1,0,0,0
12.47423,50.84606,7,14,2,3,0,1,0,0
12.58821,51.3582,7,14,2,3,0,1,0,0
12.38755,51.38128,7,12,2,3,0,1,0,0
12.3934,51.32293,7,16,2,3,0,1,0,0
14.02333,51.1448,7,14,2,2,1,1,0,0
14.26185,51.43365,7,16,2,3,1,1,0,0
13.61087,51.11396,7,13,2,2,1,0,0,0
13.67775,51.05242,7,11,2,3,0,1,0,1
13.81774,51.05359,7,10,2,3,0,1,0,0
13.72582,51.04678,7,15,2,3,0,1,1,0
13.7597,51.04932,7,15,2,3,1,0,0,0
13.64703,51.04003,7,22,2,3,0,1,0,0
13.72042,51.05465,7,8,2,3,1,1,0,0
13.33417,50.91136,7,7,2,2,1,0,0,0
12.91531,50.79869,7,15,2,3,0,1,0,0
12.70462,51.0087,6,14,1,3,0,1,0,1
12.36517,51.36125,6,17,1,3,1,1,0,0
12.31109,51.32879,6,17,1,3,1,1,0,0
12.40877,51.35381,6,15,1,3,0,1,1,0
12.441,51.30463,6,16,1,3,1,0,0,0
14.02881,50.95602,6,14,1,3,1,0,1,0
13.48164,51.04752,6,13,1,2,1,0,0,0
13.78902,51.05385,6,6,1,3,1,0,0,0
13.57903,51.12467,6,14,1,3,1,1,0,0
12.75206,50.73364,6,6,1,2,1,0,0,0
12.93622,50.50178,6,16,1,3,0,0,0,1
12.54111,50.76935,6,23,7,2,1,0,0,0
12.13131,50.49489,6,12,7,3,0,1,1,0
12.75012,50.8587,6,9,7,3,0,1,0,0
12.37126,51.3326,6,12,7,3,0,1,0,0
12.36155,51.36333,6,18,7,3,0,1,0,1
14.95465,51.13346,6,18,7,3,0,1,0,1
14.44854,51.03561,6,13,7,2,0,1,0,1
13.59082,51.13803,6,9,7,3,0,1,1,0
13.45821,51.15286,6,23,7,3,0,1,1,0
13.70334,51.08591,6,12,7,2,1,1,0,0
13.81375,51.05477,6,17,7,3,1,0,0,0
13.8605,50.96958,6,18,7,3,1,1,0,0
13.75217,51.06171,6,11,7,3,0,0,0,1
13.12919,51.12088,6,22,7,3,0,1,0,1
12.60068,50.59417,6,10,7,3,0,1,0,1
13.01039,50.57453,6,4,7,3,0,1,1,0
12.8952,50.79591,6,23,7,3,1,0,0,0
12.68313,50.78539,6,5,6,2,0,1,0,1
12.66556,51.46876,6,22,6,3,1,0,0,0
12.34872,51.26491,6,16,6,3,0,1,0,1
12.36154,51.33218,6,7,6,3,1,0,0,0
12.298,51.3251,6,18,6,3,0,1,0,0
12.26026,51.29971,6,15,6,3,1,0,0,0
12.38076,51.30658,6,18,6,3,1,1,0,0
12.42838,51.25555,6,18,6,3,1,0,0,0
12.31875,51.38664,6,21,6,3,1,0,0,0
12.39581,51.3236,6,19,6,3,0,1,0,0
12.49269,51.36799,6,7,6,2,0,1,0,0
13.09743,51.30636,6,16,6,3,1,0,0,0
14.17966,51.13496,6,15,6,3,0,1,0,0
13.68664,51.05716,6,7,6,3,0,1,0,1
13.70769,51.01809,6,12,6,3,1,1,0,0
13.85111,51.03513,6,23,6,3,1,0,0,0
13.74728,51.07199,6,9,6,3,0,1,0,0
13.77697,51.05019,6,10,6,3,1,1,0,0
13.74629,51.0534,6,17,6,3,1,0,0,0
13.77104,51.04005,6,10,6,3,0,1,0,0
13.83854,51.00582,6,15,6,3,0,1,0,1
13.32691,50.87481,6,11,6,2,1,0,0,0
12.96954,50.82997,6,15,6,3,1,0,0,0
13.3105,50.86455,6,9,6,2,1,0,0,0
12.46146,51.35257,7,9,4,3,0,1,0,0
12.46829,50.67092,6,15,5,3,1,1,0,0
12.50376,50.79979,6,14,5,3,1,1,0,0
12.63816,51.45898,6,15,5,3,1,0,0,0
12.37365,51.32237,6,20,5,3,1,1,0,0
12.39202,51.40322,6,0,5,3,0,1,0,0
12.38197,51.3834,6,17,5,3,1,1,0,0
12.59251,51.28337,6,16,5,2,1,0,0,0
12.39782,51.32387,6,10,5,3,0,1,0,0
14.10426,51.28525,6,14,5,3,0,1,0,0
13.79472,51.04196,6,11,5,3,0,1,1,0
12.70592,50.93384,6,10,5,3,0,1,1,0
12.47636,50.3512,6,13,4,3,1,1,0,0
12.3739,51.30293,6,12,4,3,1,0,0,0
12.36914,51.32334,6,13,4,3,0,1,0,0
12.32145,51.31803,6,17,4,2,1,0,0,0
14.42629,51.06915,6,12,4,3,1,0,0,0
14.18343,51.12884,6,10,4,3,1,1,0,0
14.25777,51.4389,6,14,4,3,0,1,1,0
13.76191,51.05327,6,8,4,3,1,0,0,0
13.71371,51.0507,6,16,4,2,0,0,1,0
13.33298,50.91723,6,10,4,3,1,0,1,0
12.99444,50.52701,6,18,4,3,1,0,0,0
12.89999,50.80221,6,11,4,3,0,1,0,0
14.92976,51.14998,7,14,6,2,1,0,0,0
12.89429,50.82198,6,17,4,3,0,1,1,0
12.92205,50.8413,6,5,4,3,0,1,0,1
12.89136,50.83585,6,13,4,2,1,0,0,0
12.94178,50.845,6,11,4,2,0,1,0,1
12.59962,51.27188,6,11,3,3,1,0,0,0
12.32401,51.20893,6,19,3,2,1,0,0,0
12.3737,51.33186,6,16,3,2,1,0,1,0
12.31026,51.31771,6,13,3,3,1,1,0,0
12.32703,51.34173,6,22,3,3,1,1,0,0
12.23809,51.33255,6,22,3,3,1,0,0,0
12.40727,51.33392,6,6,3,2,1,1,0,0
12.38169,51.36214,6,17,3,3,1,1,0,0
13.75155,51.05848,7,13,7,3,0,1,0,0
12.33816,51.36957,6,11,3,3,1,1,0,0
12.4472,51.35025,6,11,3,3,1,1,0,0
14.27465,51.44412,6,16,3,2,0,1,1,0
13.27246,51.30463,6,18,3,3,0,1,0,0
12.33141,51.34966,7,15,4,3,1,1,0,0
13.68498,51.05843,6,7,3,3,1,0,0,0
13.8385,51.00582,6,15,3,2,0,0,0,1
13.75247,51.03683,6,16,3,3,1,0,1,0
13.35413,50.65144,6,14,3,2,0,1,0,1
13.80358,50.97081,7,22,3,2,1,0,0,0
12.91711,50.8299,6,20,3,3,0,1,0,0
12.37383,50.78945,6,12,2,2,0,1,0,0
12.13605,50.49722,6,14,2,2,1,0,1,0
12.99922,51.56071,6,20,2,3,1,0,0,0
12.61972,51.01413,6,18,2,3,0,0,0,1
12.37406,51.33428,6,10,2,3,0,1,0,0
12.29265,51.35939,6,14,2,3,1,0,0,0
12.22453,51.30106,6,11,2,3,1,0,0,0
12.37998,51.32882,6,12,2,3,1,1,0,0
12.99842,51.55815,6,16,2,2,0,1,0,0
12.3816,51.33174,6,9,2,3,1,1,0,0
12.36914,51.30657,6,15,2,3,0,1,0,0
14.21165,51.02618,6,6,2,3,1,1,0,0
13.72503,51.09196,6,18,2,3,1,1,0,0
13.78219,51.05438,6,12,2,3,0,1,0,1
13.74896,51.03379,6,14,2,3,1,0,0,0
12.82004,50.88159,6,6,2,3,1,1,0,0
12.95705,50.8094,6,5,2,3,0,0,0,1
12.2686,51.32095,6,14,1,3,0,1,0,0
14.24665,51.02765,6,20,1,3,0,1,0,1
13.72046,51.02808,6,17,1,3,1,1,0,0
13.72475,51.06233,6,18,1,3,1,0,0,0
13.78109,51.03587,6,17,1,3,0,1,0,0
13.74191,51.05351,6,17,1,2,0,0,0,0
13.03799,50.91204,6,16,1,3,0,1,0,1
12.41729,51.23166,6,12,1,3,1,0,0,0
13.00834,50.57633,6,2,1,2,0,1,0,0
12.40586,51.33176,6,10,7,3,0,1,0,0
13.74012,51.05376,7,17,7,3,1,0,1,0
12.40833,51.33743,6,8,7,2,0,1,0,0
12.33041,51.32049,6,2,7,2,0,0,0,0
13.52006,50.84456,6,20,1,2,1,0,0,0
12.42154,51.31949,6,18,7,3,0,1,0,1
12.36999,51.32543,6,14,7,3,0,1,0,0
12.21735,51.40197,6,14,7,3,0,1,0,0
13.90883,51.26393,6,14,7,3,1,0,0,0
14.42335,51.17696,6,10,7,3,0,1,0,0
14.18256,51.12944,6,18,7,3,0,1,0,0
13.95088,50.95275,6,0,7,3,0,1,0,0
13.79723,51.14007,6,8,7,3,0,1,0,0
13.74743,51.07847,6,6,7,3,1,1,0,0
13.75285,51.0581,6,18,7,2,1,0,1,0
13.72675,51.05355,6,18,7,3,0,1,0,1
13.82086,51.02849,6,13,7,3,1,1,0,0
12.81492,50.91987,6,18,7,2,1,1,0,0
13.30613,51.30383,7,17,2,3,1,1,0,0
13.32579,50.87339,6,9,7,3,1,0,0,0
12.76497,50.85632,6,9,6,3,1,1,0,0
12.45793,50.84645,6,11,6,2,0,1,1,0
12.38876,51.33536,6,20,6,3,1,1,0,0
12.23218,51.32634,6,20,6,3,1,0,0,0
12.43779,51.39496,6,22,6,3,0,0,0,0
12.37888,51.32503,6,15,6,3,1,1,0,0
12.37571,51.35876,6,16,6,3,1,0,1,0
12.3624,51.33894,6,8,6,3,0,1,0,0
12.4865,51.38089,6,21,6,3,0,1,0,1
12.37839,51.33221,6,16,6,3,0,1,1,0
14.24275,51.44515,6,12,6,3,0,1,0,1
13.45085,51.41148,6,23,6,3,1,0,0,0
13.64369,50.88828,6,17,6,3,0,1,0,0
12.8048,50.55955,6,9,6,2,0,0,0,1
12.76076,50.55702,6,16,6,3,0,1,0,1
13.001,50.5796,6,9,6,3,0,1,0,0
12.99675,50.57036,6,15,6,3,0,1,0,0
12.90977,50.83775,6,8,6,2,1,0,0,0
12.9492,50.5862,6,15,6,3,1,1,0,0
12.56239,50.65076,6,14,5,3,0,1,0,0
12.71001,51.23807,6,6,5,3,1,1,0,0
12.42072,51.32459,6,8,5,3,0,1,1,0
12.40501,51.323,6,15,5,2,1,1,0,0
14.97462,51.10803,6,17,5,3,0,0,0,0
14.2768,50.97814,6,10,5,3,0,1,0,0
13.47196,51.16529,6,2,6,3,1,0,0,0
13.7634,51.05574,6,10,5,2,0,0,1,0
13.73933,51.03698,6,7,5,2,1,1,0,1
13.18272,50.64089,6,23,5,3,0,0,0,1
12.92241,50.83161,6,11,5,3,1,0,1,0
12.13581,50.49665,6,14,4,3,1,0,1,0
12.75715,50.80616,6,18,4,2,1,0,0,0
12.49824,50.38178,6,14,4,2,1,1,0,0
12.15761,50.49096,6,16,4,1,0,1,0,0
12.71605,51.23654,6,15,4,2,1,1,0,0
12.61137,51.33052,6,9,4,3,1,1,0,0
12.31722,51.31659,6,14,4,3,0,1,0,0
12.4345,51.37936,6,7,4,3,1,1,0,0
12.42412,51.30436,6,10,4,3,1,1,0,0
12.40326,51.32702,6,16,4,3,1,0,0,0
13.93291,50.96195,6,11,4,3,1,1,0,0
13.94404,50.96059,6,6,4,3,1,0,0,0
13.85833,50.9569,6,7,4,3,1,0,0,0
13.57626,51.12231,6,22,4,3,0,1,0,0
13.77521,51.03835,6,5,4,3,0,1,0,0
13.77777,51.05878,6,7,4,3,1,0,0,0
13.76895,51.04959,6,8,4,3,1,1,0,0
13.79458,51.04199,6,19,4,3,1,1,0,0
13.74558,51.0683,6,10,4,3,1,1,0,0
12.79333,50.81212,6,9,4,3,0,1,1,0
12.9169,50.85627,6,15,4,3,1,1,0,0
12.61856,50.75685,6,12,3,3,1,1,0,0
12.16849,50.49626,6,14,3,3,0,1,0,0
13.79874,51.01273,6,8,4,2,0,1,0,1
13.00028,51.36563,6,0,3,3,1,0,0,0
12.74184,51.37251,6,11,3,3,1,0,1,0
12.39086,51.33868,6,8,3,3,1,1,0,0
12.3878,51.35289,6,15,3,3,1,1,0,0
12.35696,51.33613,6,14,3,3,0,0,0,1
12.33129,51.33227,6,9,3,3,1,1,0,0
12.43034,51.35024,6,17,3,3,0,1,0,0
12.38963,51.32177,6,15,3,3,1,1,0,0
12.35653,51.37335,6,15,3,3,1,0,1,0
12.59394,51.59594,6,11,3,3,1,1,0,0
12.4,51.35387,6,15,3,3,1,0,1,0
12.36838,51.35893,6,23,3,2,1,0,0,0
12.37652,51.35322,6,16,3,3,0,1,1,0
14.23886,51.47303,6,16,3,2,1,1,0,0
14.41661,51.17431,6,14,3,3,1,0,1,0
14.61345,50.97714,6,14,3,2,1,1,0,0
13.71422,51.21443,6,7,7,3,0,1,0,0
13.97245,51.04363,6,9,3,3,0,0,0,1
13.22797,51.25844,6,22,3,3,0,0,0,1
13.84313,51.00262,6,16,3,3,1,1,0,0
13.68814,51.03831,6,13,7,3,0,1,1,0
13.80834,51.05271,6,16,3,3,1,1,0,0
13.74383,51.04039,6,7,3,3,1,1,0,0
13.80596,51.04952,6,17,3,3,0,1,0,0
13.79105,51.03789,6,16,3,3,0,1,0,0
13.76571,51.04836,6,14,3,3,0,1,0,1
13.69989,51.043,6,19,3,3,1,1,0,0
13.07286,50.85592,6,11,3,3,1,1,0,0
13.35677,50.88997,6,16,3,3,0,1,0,0
12.90169,50.83216,6,18,3,3,0,1,0,0
12.48703,50.73966,6,11,2,3,1,1,0,0
12.425,50.7039,6,10,2,3,0,1,0,0
12.64253,50.7225,6,16,2,3,0,0,0,1
12.30616,51.35148,6,18,2,3,0,0,1,0
12.38126,51.30557,6,15,2,3,1,1,0,0
12.40425,51.37591,6,16,2,2,1,1,0,0
12.43572,51.29522,6,19,2,3,0,0,0,0
14.11888,51.28673,6,11,2,3,1,0,0,0
14.98509,51.15175,6,19,2,3,1,0,0,0
13.62403,51.08473,6,12,2,3,1,1,0,0
13.71253,51.02874,6,16,2,3,0,1,1,0
13.7773,51.05873,6,16,2,3,1,1,0,0
13.64708,51.08867,6,14,2,3,0,1,0,0
13.74833,51.07322,6,8,2,3,1,1,0,0
12.92443,50.84514,6,8,2,3,0,1,0,0
12.77887,50.5414,6,15,2,2,0,0,0,1
12.48195,50.70701,6,9,1,3,0,1,0,0
12.32162,51.37258,6,15,6,3,0,1,0,0
12.44477,50.84209,6,12,1,3,0,1,0,0
12.70811,50.79658,6,14,1,2,1,1,0,0
12.64756,51.3502,6,16,1,3,0,1,0,0
12.377,51.34463,6,18,1,3,1,1,0,0
12.2912,51.32412,6,18,1,2,1,1,0,0
14.60948,50.97759,6,13,1,3,0,1,0,0
13.44828,51.20182,6,2,1,2,1,0,0,0
13.84607,50.99923,6,18,1,3,0,0,0,1
13.88613,51.00691,6,14,1,3,1,0,0,0
13.752,51.06228,6,15,1,3,1,0,0,0
13.79573,51.04856,6,12,1,3,1,1,0,0
13.31615,51.3226,6,13,1,2,0,1,0,1
12.96636,50.992,6,11,1,3,0,0,0,1
12.71914,50.43043,6,12,1,3,0,1,0,0
13.00893,50.59525,6,18,1,3,1,1,0,0
14.21621,51.02369,7,18,5,3,0,1,0,0
12.32778,50.31184,6,19,7,3,0,1,1,0
12.63994,50.72571,6,20,7,3,0,0,0,0
12.44013,51.33181,6,7,7,3,0,1,0,0
13.39977,50.93841,6,14,5,3,0,1,0,0
12.32739,51.30462,6,10,7,3,1,0,0,0
14.64883,50.96297,6,17,7,3,1,0,0,0
14.10471,51.27886,6,1,7,2,0,0,0,1
13.65384,51.12273,6,16,7,2,0,1,0,0
13.46337,51.20843,6,18,7,3,0,0,0,1
13.71226,51.02879,6,9,7,3,1,0,0,0
13.75219,51.03479,6,0,7,3,1,0,0,0
13.75729,51.04972,6,10,6,3,1,0,0,0
13.75292,51.04414,6,11,7,3,1,0,0,0
13.79077,51.01352,6,20,7,2,0,1,1,0
13.69806,51.08425,6,14,7,2,0,1,0,1
12.68882,50.57776,6,12,7,3,0,1,1,0
12.47728,50.82437,6,18,6,3,0,1,0,0
12.65087,50.74391,6,17,6,3,1,1,0,0
12.45985,50.84872,6,11,6,3,0,1,0,0
12.30431,50.54034,6,9,6,3,0,1,0,1
12.41972,51.33342,6,17,6,3,0,1,0,0
12.39457,51.37643,6,10,6,3,0,1,0,0
12.48037,51.3459,6,16,6,3,0,1,0,0
12.2893,51.29763,6,14,6,2,0,1,0,1
14.62435,50.92883,6,15,6,2,1,0,0,0
14.42374,51.18011,6,12,6,3,0,1,0,0
14.72779,51.54247,6,9,6,3,0,1,0,0
14.01588,51.06012,6,17,6,2,1,1,0,0
13.72527,51.05315,6,20,6,3,1,0,0,0
13.69923,51.08631,6,1,7,3,0,1,0,0
13.85488,51.05875,6,12,6,2,1,1,0,0
13.74882,51.06984,6,14,6,3,1,0,0,0
13.84033,51.00466,7,17,5,3,0,1,0,1
13.7973,51.14005,6,14,6,3,0,1,1,0
12.34302,51.3227,7,10,4,3,0,1,1,0
12.86688,50.99913,6,10,6,3,0,1,0,0
12.12357,50.49566,6,15,5,3,0,1,0,0
12.40614,51.34816,6,16,5,3,1,1,0,0
12.30718,51.32315,6,0,5,3,1,1,0,0
12.41392,51.31702,6,18,5,3,0,1,0,0
12.48821,51.37495,6,7,5,3,1,1,0,0
12.34269,51.3724,6,7,5,3,0,1,0,1
12.39858,51.33302,6,15,5,3,1,0,1,0
12.30478,51.31347,6,15,5,3,0,1,0,0
12.37319,51.31069,6,21,5,2,0,0,1,0
12.39857,51.33224,6,16,5,3,1,1,0,0
14.68233,51.09804,6,15,5,3,0,1,0,0
14.97962,51.16955,6,16,5,3,0,1,0,0
13.30935,51.29746,6,15,5,3,0,1,0,0
13.75691,51.05523,6,6,5,3,1,1,0,0
13.72503,51.05042,6,19,5,3,1,0,1,0
13.80119,51.02827,6,9,5,3,0,1,0,0
13.73315,51.04851,6,13,5,3,1,1,0,0
13.74093,51.0572,6,17,5,3,1,0,1,0
13.702,51.05206,6,11,5,3,0,1,0,0
12.53735,50.50352,6,14,5,2,1,0,0,0
12.84648,50.81708,6,14,5,3,0,1,0,0
12.89869,50.81491,6,6,5,3,0,1,0,0
12.91262,50.53889,6,13,5,2,0,0,1,1
12.62133,50.75665,6,21,4,3,0,1,0,1
12.97701,51.55364,6,14,4,3,1,0,0,0
12.40615,51.34686,6,7,4,3,1,1,0,0
14.80959,50.89713,6,12,7,3,0,1,1,0
12.37999,51.32886,6,19,4,3,1,1,0,0
12.42806,51.25584,6,16,4,3,1,1,0,0
12.45905,51.39715,6,0,4,2,1,1,0,0
14.17137,51.36045,6,9,4,3,0,1,0,0
14.25752,51.43519,6,15,4,3,0,1,1,0
14.43605,51.18439,6,9,4,3,0,1,0,0
14.02786,51.03764,6,15,4,3,1,0,0,0
14.64225,51.51073,7,18,7,3,0,1,1,0
13.93793,50.96114,6,11,4,3,0,1,0,0
13.48593,51.07714,6,16,4,3,0,1,0,1
13.02973,50.91766,7,14,2,3,0,0,0,1
13.51751,51.06522,6,7,4,2,0,0,1,1
13.68315,51.05963,6,20,4,3,0,0,0,0
13.70825,51.04452,6,7,4,3,1,0,0,0
13.78878,51.04781,6,9,4,3,1,1,0,0
13.75446,51.04566,6,19,4,2,1,0,0,0
13.74925,51.04783,6,16,4,3,0,0,1,0
13.7821,51.04732,6,20,4,3,1,0,0,0
13.80074,51.0277,6,18,4,2,1,0,0,0
13.77217,51.03961,6,8,4,3,0,1,0,0
13.77863,51.03334,6,16,4,2,1,1,0,0
13.93906,50.95845,6,7,4,2,1,0,0,1
13.35677,50.88997,6,16,4,3,0,1,0,0
12.69511,50.58383,6,9,4,3,0,1,0,0
12.89424,50.81742,6,6,4,3,1,1,0,0
12.95758,50.8335,6,20,4,3,0,1,1,0
12.91753,50.83985,6,14,4,2,1,0,1,0
13.34541,50.91003,6,16,4,3,0,1,0,0
12.63887,50.59368,6,17,4,2,1,0,0,0
12.128,50.54474,6,17,3,3,0,1,0,1
12.5228,50.62341,6,11,3,3,0,1,1,0
12.94674,51.4596,6,7,3,3,0,0,0,0
12.38985,51.32509,6,15,3,3,1,1,0,0
12.30553,51.35184,6,19,3,3,1,1,0,0
12.33225,51.32272,6,13,3,3,0,0,0,0
12.47603,51.40842,6,14,3,3,0,1,1,0
12.38176,51.32199,6,18,3,3,0,1,0,0
12.36692,51.33568,6,8,3,2,1,0,0,0
14.65704,50.98423,6,13,3,3,1,1,0,0
14.55316,51.54416,6,7,3,3,1,0,0,0
14.24111,51.17048,6,6,3,3,0,1,0,0
13.69254,51.04727,6,6,3,3,1,0,0,0
13.7988,51.00501,6,18,3,3,0,1,0,0
13.80923,51.04737,6,18,3,3,1,1,0,0
13.72911,51.05096,6,12,3,3,0,1,0,0
13.71672,51.0653,6,15,3,2,1,0,0,0
13.76585,51.0658,6,21,3,3,0,1,0,0
12.90748,50.79661,6,11,3,2,0,1,1,0
12.89712,50.82334,6,16,3,2,0,0,0,1
12.76326,50.85702,6,11,2,3,0,1,1,0
12.38118,51.3427,6,11,2,3,0,1,0,0
12.39828,51.33925,6,7,2,3,1,1,0,0
12.30421,51.34312,6,16,2,3,1,1,0,0
12.32254,51.33287,6,12,2,3,1,0,0,0
12.35563,51.33067,6,1,2,3,1,0,0,0
13.90337,51.26615,6,14,2,3,0,0,0,1
13.97274,51.22337,6,10,2,1,1,0,0,0
13.64025,51.10667,6,9,2,3,1,1,0,0
13.71582,51.02589,6,9,2,3,1,0,0,0
13.74842,51.09011,6,15,2,3,0,1,0,0
13.73879,51.05416,6,19,2,3,1,0,0,0
13.76896,51.04961,6,9,2,3,1,1,0,0
13.79885,51.00499,6,15,2,2,1,0,0,0
13.82829,51.00918,6,9,2,3,1,1,0,0
13.70557,51.04339,6,12,2,3,1,0,0,0
13.33551,50.92508,6,13,2,3,0,1,0,0
12.67899,50.53601,6,16,2,3,1,1,0,0
12.51876,50.61746,6,15,1,3,0,1,0,1
12.54102,50.8132,6,15,1,3,0,1,0,0
12.45211,50.84442,6,12,1,2,1,1,0,0
12.43573,51.29017,6,6,1,3,0,1,0,0
12.41683,51.32969,6,15,1,3,1,1,0,0
12.13388,50.50044,6,13,4,3,0,1,0,1
12.35788,51.36974,6,0,1,3,1,1,0,0
14.4743,51.044,6,14,1,3,1,0,0,0
13.28952,51.30021,6,20,1,3,0,1,1,0
13.83549,50.99976,6,13,1,3,0,1,0,0
13.6617,51.01039,6,17,1,3,0,1,0,1
13.74025,51.0367,6,14,1,3,1,0,0,0
13.75584,51.05598,6,11,1,3,1,0,0,0
13.75121,51.03092,6,18,1,3,1,0,0,0
12.32096,51.30275,6,11,7,3,1,1,0,0
12.37412,51.30334,6,11,7,3,1,1,0,0
12.3388,51.3324,6,12,7,3,0,1,0,0
14.65346,50.97853,6,19,7,3,1,1,0,0
14.57975,51.00712,6,15,7,3,0,1,0,1
14.10245,51.2705,6,11,7,2,1,1,0,0
14.45255,51.17531,6,11,7,3,1,0,0,0
14.18501,51.13108,6,14,7,3,1,0,0,0
14.42258,51.18437,6,21,7,3,1,0,0,0
13.94519,50.96369,6,17,7,3,1,0,0,0
12.34995,51.36604,7,16,2,2,0,1,0,1
13.6685,51.19188,6,15,7,3,1,1,0,0
13.65002,51.12983,6,16,7,2,1,0,0,0
13.83407,51.11195,6,11,7,3,1,0,0,0
13.65639,51.0553,6,21,7,2,1,0,0,0
13.77451,51.03312,6,8,7,3,1,1,0,0
13.80966,51.04957,6,18,7,2,1,0,0,0
12.63679,50.59891,6,12,7,3,0,1,0,0
12.86383,50.8324,6,10,7,3,0,1,0,0
12.86287,50.83239,6,10,7,3,0,1,0,0
12.71586,50.80367,6,16,6,2,1,0,0,0
12.37129,51.34449,6,18,6,3,1,1,0,0
12.37793,51.33398,6,20,6,3,0,1,0,1
12.34055,51.4919,6,16,6,2,1,1,0,0
14.74911,50.89682,6,21,6,3,0,1,0,1
14.18612,51.12322,6,9,6,3,0,1,1,0
13.68232,51.09985,6,17,6,3,0,1,0,0
13.68898,51.05793,6,16,6,3,1,1,0,0
13.73466,51.05078,6,21,6,3,1,0,1,0
13.73818,51.05036,6,21,6,3,1,0,1,0
13.7058,51.0909,6,15,6,3,1,1,0,0
12.36675,51.34624,6,15,1,3,1,1,0,0
13.73186,51.05042,6,9,6,3,1,1,0,0
13.73432,51.05185,6,13,6,2,1,1,0,0
14.64338,51.50086,6,11,3,3,0,1,0,0
13.34903,50.65724,6,0,6,3,0,1,0,1
12.70796,50.61899,6,16,6,3,0,0,0,1
13.03683,51.06946,6,14,6,2,0,1,0,0
12.3627,51.33104,6,14,5,3,0,1,0,0
12.34253,51.32162,6,11,5,3,1,1,0,0
12.39261,51.37633,6,10,5,3,0,0,0,1
13.74389,51.06638,6,15,5,3,1,1,0,0
13.58237,51.12391,6,14,5,2,1,0,0,0
13.63456,50.99001,6,8,5,3,0,1,0,0
13.82456,51.04755,6,14,5,3,1,1,0,0
13.77716,51.06047,6,7,5,3,0,0,0,0
13.75477,51.04628,6,18,5,3,1,0,1,0
13.77355,51.11824,6,7,5,2,1,1,0,0
13.72998,51.21087,6,11,5,1,0,1,1,0
12.68458,50.92633,6,12,5,2,0,0,0,0
13.31911,50.9075,6,17,5,3,0,1,1,0
12.88926,50.83919,6,7,5,3,0,1,0,1
12.91539,50.83253,6,10,5,3,0,1,0,0
12.92896,50.83764,6,12,5,2,0,0,1,1
12.9238,50.80792,6,15,5,3,1,1,0,0
12.54881,50.70275,6,21,4,3,0,1,0,1
12.37068,50.77249,6,20,4,3,0,0,0,1
12.1296,50.43072,6,17,4,3,0,0,0,1
12.30918,50.53984,6,8,4,3,0,1,0,1
12.37361,51.321,6,18,4,3,1,0,0,0
12.37423,51.34112,6,17,4,3,0,1,1,0
12.33017,51.32649,6,15,4,3,0,1,0,0
12.3338,51.33286,6,15,4,3,1,1,0,0
12.45109,51.34758,6,14,4,3,0,1,0,0
12.32568,51.31735,6,17,4,3,1,1,0,0
12.34181,51.37078,6,11,4,3,0,1,0,0
12.31499,51.37022,6,21,4,3,1,1,0,0
12.40444,51.36677,6,11,4,2,1,1,0,0
12.40268,51.34324,6,7,2,3,1,0,0,0
12.46172,51.28172,6,18,4,2,0,1,1,0
13.92298,51.11603,6,21,4,2,1,0,0,0
12.40803,51.33975,7,0,2,3,1,0,0,0
14.10168,51.27639,6,17,4,3,0,1,1,0
14.26291,51.43591,6,10,4,3,1,1,0,0
14.97006,51.16912,6,5,4,3,1,0,0,0
14.84548,51.28611,6,17,4,3,0,1,0,1
14.53018,51.09499,6,13,4,3,1,1,0,0
13.6738,51.10488,6,8,4,3,0,1,0,0
13.77446,51.03308,6,9,4,2,1,1,0,0
13.68356,51.0526,7,17,4,3,1,0,1,0
13.74524,51.02683,6,13,4,3,1,1,0,0
13.75164,51.04723,6,7,4,3,1,1,0,0
12.87978,50.82036,6,15,4,3,0,1,1,0
12.83334,50.83624,6,17,4,2,1,0,0,0
12.47837,50.58945,7,5,3,3,0,1,0,0
12.4665,50.84996,6,10,3,2,0,1,1,0
12.37969,51.3423,6,14,3,3,1,1,0,0
12.38524,51.33814,6,7,3,3,1,1,0,0
12.33506,51.33227,6,19,3,3,1,1,0,0
12.30936,51.27997,6,18,3,3,0,1,1,0
12.37196,51.30624,6,16,6,3,1,1,0,0
12.33993,51.33738,6,17,3,3,1,1,0,0
12.32442,51.32038,6,10,3,3,1,0,0,0
12.41675,51.32984,6,14,3,3,1,1,0,0
12.53686,51.36227,6,6,3,3,1,0,0,0
12.38531,51.37606,6,6,3,3,1,0,0,0
12.37316,51.36227,6,8,3,3,0,0,1,1
12.48212,51.33419,6,7,3,3,1,1,0,0
12.27795,51.36128,6,15,3,2,1,1,0,0
12.38674,51.35919,6,11,3,3,0,1,0,0
14.43503,51.18097,6,15,3,3,0,1,0,0
14.98939,51.15831,6,7,3,3,1,1,0,0
14.08339,51.00393,6,19,3,3,1,0,0,0
13.75042,51.07144,6,8,3,3,1,0,1,0
13.6962,51.0737,6,23,3,3,1,0,0,0
13.72911,51.05096,6,22,3,3,1,1,0,0
13.65666,51.0512,6,21,3,3,1,1,0,0
13.77533,51.04547,6,19,3,3,1,0,1,0
13.77368,51.11831,6,11,3,2,1,0,0,0
13.68292,51.09597,6,16,3,3,1,0,1,0
13.80942,51.02812,6,13,3,3,0,1,1,0
12.75752,50.89782,6,14,3,3,1,0,0,1
12.37327,51.30813,7,15,2,3,0,1,0,1
13.13672,50.80306,6,19,3,3,0,1,0,0
12.83347,50.82652,6,17,3,3,0,1,0,1
12.8675,50.81073,6,5,3,2,1,0,0,0
12.91787,50.82381,6,17,3,3,1,1,0,0
13.76845,51.02575,6,14,6,2,1,0,1,0
12.90842,50.84116,6,9,3,3,1,1,0,0
12.33453,51.3256,7,16,3,3,1,1,0,0
12.9737,51.25136,6,17,2,3,0,1,0,0
12.73878,51.25318,6,17,2,3,1,0,0,0
12.32476,51.37426,7,16,7,3,1,1,0,0
12.43359,51.08752,6,7,2,3,1,1,0,0
12.28806,51.32298,6,20,2,3,0,0,1,0
12.30574,51.32706,6,14,2,3,0,1,0,0
12.47953,51.37407,6,10,2,3,1,1,0,0
12.32457,51.29643,6,7,2,2,0,1,1,0
12.44522,51.34007,6,15,2,3,0,1,1,0
12.22144,51.39965,6,14,2,3,1,1,0,0
12.50267,51.12495,6,9,2,1,0,1,1,0
13.70769,51.04647,6,17,2,3,0,0,0,1
13.85269,51.01323,6,10,2,3,1,0,0,0
13.82503,51.01416,6,17,2,3,1,0,0,0
13.82109,51.03032,6,18,2,3,0,1,0,0
13.73743,51.0519,6,6,2,3,0,0,0,0
13.458,51.15037,6,8,2,2,0,1,1,0
13.34082,50.90985,6,6,2,3,0,0,1,1
12.94212,50.5122,6,6,2,3,0,1,0,0
12.35754,51.35054,6,1,1,3,0,0,0,1
12.3277,51.32669,6,18,1,3,0,1,0,1
12.19696,51.39331,6,16,1,3,0,1,0,0
14.87656,51.13254,6,16,6,3,0,1,0,0
14.97953,51.1389,6,18,1,3,0,1,0,0
12.98955,51.55317,6,9,7,1,1,0,0,0
12.37194,51.3993,6,22,7,3,0,0,0,1
14.72976,51.03048,6,17,7,3,0,1,0,0
13.71638,51.09271,6,19,5,3,1,0,0,0
13.74589,51.06615,6,14,7,2,0,1,0,0
13.6998,51.07736,6,17,7,3,0,1,0,0
13.73508,51.03365,6,1,7,3,0,0,0,0
13.72302,51.04986,6,11,7,3,0,1,0,0
12.53567,50.77337,5,7,6,2,1,0,0,0
14.92604,51.27494,6,19,7,3,0,0,0,1
12.38056,50.81558,5,7,6,2,0,1,1,0
12.34337,51.5263,5,11,6,3,0,1,1,0
12.39872,50.5074,6,14,3,2,0,1,1,0
12.443,51.09368,5,12,6,3,1,1,0,0
12.36903,51.33663,5,18,6,3,1,1,0,0
12.36847,51.27916,5,8,6,3,1,1,0,0
12.54307,51.35434,5,7,6,3,1,1,0,0
12.63204,50.60441,7,17,7,3,0,1,0,0
12.35209,51.34363,5,18,6,3,1,1,0,0
12.4695,51.28539,6,14,6,3,0,1,0,0
12.44533,51.34635,5,18,6,2,0,1,1,0
12.39432,51.34615,5,21,6,3,0,1,0,0
12.42007,51.35764,5,16,6,3,1,1,0,0
12.41014,51.35441,7,17,6,2,1,1,0,0
12.34362,51.32362,5,14,6,2,0,0,1,0
14.8363,51.29843,5,21,6,2,1,1,0,0
12.29073,51.41394,7,13,6,2,0,1,0,0
13.79545,51.24889,5,18,6,3,0,0,0,1
13.53266,51.04596,5,10,6,2,1,0,1,0
13.68298,51.03644,5,15,6,2,1,0,0,0
12.33047,51.34208,7,12,6,3,0,1,0,0
13.69021,51.07267,5,18,6,3,1,1,0,0
13.80811,51.05355,5,17,6,3,1,0,0,0
13.78857,51.026,5,15,6,3,1,1,0,0
12.32726,51.22772,6,18,1,3,1,1,0,0
13.80873,51.05052,5,16,6,3,0,1,0,0
12.97575,50.98612,5,22,6,2,1,0,0,0
13.06672,50.85857,5,10,6,3,0,1,0,0
14.64908,51.50224,6,10,6,3,1,0,0,0
13.07014,50.75654,5,7,6,3,0,1,0,1
12.60743,50.89379,5,16,5,2,0,1,0,0
12.74607,50.80508,5,19,5,3,1,1,0,0
12.33306,51.52986,5,11,5,3,0,1,0,1
12.37951,51.34236,5,8,5,3,1,1,0,0
12.33618,51.31922,5,13,5,3,1,1,0,0
12.31287,51.30906,5,13,5,3,0,1,0,0
12.35448,51.28018,5,22,5,3,1,0,0,0
12.38499,51.37883,5,10,5,3,0,1,1,0
12.44829,51.38302,5,7,5,3,0,1,0,0
12.36623,51.36536,5,9,5,3,1,0,0,0
12.45973,51.28174,5,7,5,2,1,1,0,0
12.34469,51.31896,5,18,5,3,1,0,0,0
12.32229,51.31938,5,19,5,3,1,1,0,0
12.31869,51.51891,6,11,4,3,0,1,0,0
14.7966,50.89135,5,14,5,3,1,0,0,0
14.97202,51.1676,5,12,5,3,0,1,0,0
13.71526,51.05158,5,17,5,3,1,0,1,0
13.68342,51.04243,5,16,5,3,1,1,0,0
13.67753,51.04708,5,9,5,3,0,1,0,1
13.72,51.07993,5,14,5,3,0,1,0,1
13.75041,51.0657,5,17,5,3,1,0,1,0
13.75028,51.06835,5,9,5,3,1,0,0,0
13.72171,50.99546,7,10,2,3,0,1,0,0
12.37677,51.32075,7,15,2,3,0,0,1,0
13.75723,51.04974,5,18,5,3,1,0,1,0
12.73077,50.84958,6,10,4,2,1,1,0,0
13.74224,51.0896,5,7,5,3,1,0,0,0
13.36143,50.92378,5,16,5,3,0,1,0,0
13.00656,50.58157,5,11,5,3,0,1,1,0
12.96636,50.82192,5,13,5,3,0,1,0,0
12.38396,50.82001,5,8,4,2,0,1,0,0
12.46769,50.84929,5,14,4,3,0,1,0,0
12.76842,50.85854,5,15,4,3,0,1,0,1
12.14781,50.50682,5,20,4,3,0,1,0,0
12.62631,51.45768,5,10,4,3,0,1,1,0
12.48255,50.72334,6,9,4,3,1,0,0,0
12.58454,51.35701,5,13,4,3,0,1,0,0
12.35802,51.28438,5,10,4,3,1,1,0,0
12.38872,51.36126,5,16,4,3,1,1,0,0
12.34931,51.34849,5,11,4,3,0,1,0,0
12.37344,51.35166,5,10,4,3,1,1,0,0
12.43086,51.3657,5,9,4,3,0,1,0,0
13.87135,50.97769,5,15,4,3,1,1,0,0
13.68801,51.05643,5,6,4,3,0,1,1,0
13.70231,51.04588,5,7,4,3,1,0,0,0
13.83148,51.12433,5,17,4,3,1,1,0,0
13.7466,51.0534,5,17,4,3,0,1,0,1
12.52207,50.82202,7,14,6,3,0,1,0,1
13.78431,51.03491,5,10,4,3,1,0,1,0
13.07244,50.8538,5,11,4,3,0,1,0,0
13.07083,50.85661,5,16,4,3,0,1,0,0
13.35245,50.91445,5,15,4,3,0,1,0,0
12.89975,50.82699,5,10,4,3,0,1,0,0
12.45707,50.84522,5,16,3,3,0,1,0,0
12.34665,51.31872,5,13,3,3,0,1,0,1
13.71759,51.07149,7,19,1,3,1,1,0,0
13.85713,51.00462,6,17,2,3,1,0,0,0
12.33024,51.33046,5,15,3,3,1,0,0,0
12.36189,51.27096,5,17,3,3,0,0,0,0
12.36846,51.35774,5,14,3,3,0,1,0,0
12.47331,51.34569,5,19,3,3,0,1,0,1
12.41909,51.35392,5,10,3,2,0,1,1,0
14.52587,51.2518,5,21,3,2,0,1,0,0
13.71502,51.07925,5,14,3,3,1,0,0,0
13.50369,51.296,5,13,3,2,1,1,0,0
13.73293,51.11831,5,7,3,3,1,1,0,0
13.70455,51.08538,5,20,3,3,0,1,0,1
12.9295,50.85259,5,13,3,2,0,0,0,1
12.36237,51.34722,5,14,2,3,0,1,0,0
12.33398,51.31933,5,16,2,3,1,0,0,0
12.37933,51.31014,5,19,2,3,1,1,0,0
12.37147,51.31494,5,7,2,3,0,0,0,1
12.37174,51.394,5,15,2,3,1,1,0,0
12.38537,51.34116,5,14,2,3,0,1,0,0
12.37376,51.28324,5,16,2,1,1,0,0,0
14.6178,51.51089,5,9,2,3,1,1,0,0
14.09791,51.28363,5,19,2,3,1,0,0,0
14.45117,51.16865,5,11,2,2,1,1,0,0
14.43147,51.05487,5,8,2,3,0,1,0,0
13.93327,50.96098,5,16,2,3,1,0,0,1
13.59783,51.03803,5,6,2,3,0,1,0,0
13.76547,51.07327,5,11,2,3,0,1,1,0
13.76039,51.10942,5,18,2,3,1,0,0,0
13.77466,51.03328,5,16,2,3,1,0,0,0
13.73803,51.05038,5,11,2,3,0,0,1,0
13.1096,51.1,5,19,2,2,0,1,0,0
13.1121,51.12127,5,15,2,3,1,1,0,0
12.89231,50.83612,5,19,2,2,0,1,0,0
12.89365,50.84671,5,5,2,3,0,1,0,0
13.18664,51.2893,5,3,1,2,0,0,0,1
12.34586,51.52319,5,10,1,3,1,0,0,0
12.38165,51.33184,5,16,1,3,1,1,0,0
12.42135,51.35288,5,21,1,3,1,1,0,0
12.37697,51.34455,5,19,1,2,0,1,0,0
13.77558,51.04537,6,14,2,3,0,1,0,1
12.3723,51.30597,5,4,1,3,1,1,0,0
14.14011,50.98085,5,4,1,3,0,0,0,1
13.93285,50.96785,5,6,1,2,0,1,0,0
12.77553,50.8484,5,1,7,2,1,0,0,0
12.53946,50.81377,5,6,7,2,1,1,0,0
12.44048,51.15829,5,5,7,3,0,0,0,0
12.64287,51.04293,5,12,7,2,0,1,0,0
12.31268,51.31644,5,14,7,3,0,1,0,0
12.47697,51.3399,5,15,7,3,0,1,0,0
12.37622,51.34832,5,16,7,3,1,1,0,0
13.87475,50.94456,5,19,7,3,1,0,0,0
13.66703,51.10114,5,18,7,3,1,0,0,0
13.68301,51.05974,5,20,7,3,1,0,0,0
13.7572,51.06941,5,0,7,3,1,0,0,0
13.09214,51.42161,7,17,6,3,0,1,0,0
12.72639,50.80079,5,8,6,3,1,1,0,0
12.74031,51.37034,5,10,6,2,1,1,0,0
12.73832,51.37057,5,9,6,3,0,1,1,0
12.64347,51.33167,5,14,6,3,0,0,0,0
12.50827,51.13589,5,6,6,3,0,1,0,0
12.38068,51.34135,5,14,6,3,0,1,1,0
12.37403,51.33478,5,11,6,3,1,1,0,0
14.06501,51.36874,7,13,5,3,1,0,0,0
12.37436,51.32205,5,19,6,3,1,1,0,0
12.3681,51.3672,5,13,6,3,1,1,0,0
14.82144,50.90326,5,7,6,3,1,1,0,0
14.40262,51.156,5,8,6,3,1,1,0,0
13.87946,50.97035,5,14,6,3,1,0,0,0
13.7099,51.08298,5,11,6,3,1,1,0,0
13.73935,51.03702,5,15,6,3,1,0,0,0
13.74898,51.03378,5,8,6,3,1,1,0,0
13.80955,51.01238,5,13,6,3,1,0,0,0
13.68463,51.08317,6,15,3,3,1,1,0,0
13.76043,51.02673,5,14,6,3,1,0,0,0
13.77274,51.0478,5,7,6,3,1,1,0,0
13.34113,50.91954,5,11,6,3,1,1,0,0
13.2338,50.70587,5,10,6,2,0,1,0,1
12.52135,50.74959,5,18,5,3,0,1,0,0
12.77523,50.85384,5,17,5,2,1,0,1,0
12.35801,51.34411,5,14,5,3,1,1,0,0
12.38016,51.33017,5,8,5,3,1,0,1,0
12.3781,51.33,5,21,5,3,0,1,1,0
14.65006,50.98366,5,19,5,3,1,1,0,0
14.09391,51.27069,5,14,5,3,1,1,0,0
13.3158,51.29937,5,13,5,3,1,1,0,0
13.67126,51.1294,5,15,5,3,0,0,0,1
13.49624,51.17141,5,15,5,3,1,1,0,0
13.57672,51.12298,5,12,5,3,0,1,0,1
13.57662,51.1186,5,21,5,3,1,1,0,0
13.66322,51.2247,5,14,5,3,0,0,0,1
13.08958,50.61116,7,17,5,2,0,0,0,1
13.6236,50.9777,5,13,5,3,0,1,0,1
13.68785,51.05651,5,15,5,3,0,1,1,0
13.71264,51.03107,5,15,5,3,1,1,0,0
13.74899,51.06881,5,19,5,3,1,1,0,0
13.76245,51.03261,5,10,5,2,1,0,0,0
13.77924,51.04445,5,9,5,3,0,1,0,0
13.22293,50.8393,5,14,5,3,0,1,0,1
12.90721,50.82251,5,20,5,3,1,1,0,0
12.95761,50.81999,5,10,5,3,0,1,0,0
12.92255,50.83406,5,15,5,2,1,0,0,0
13.84048,51.00064,7,11,3,3,1,0,0,0
11.96093,50.43182,5,17,4,3,0,1,0,0
12.96861,51.57153,5,14,4,3,0,1,0,0
12.54588,51.52116,5,3,4,2,0,0,0,0
13.79539,51.04284,6,20,1,3,1,1,0,0
12.38262,51.24598,5,8,4,3,1,0,0,0
12.36648,51.33451,5,8,4,2,0,1,1,0
12.30318,51.31435,5,16,4,3,1,1,0,0
13.97201,50.90586,5,6,4,3,0,0,0,1
13.66366,51.01212,5,7,4,3,1,0,0,0
13.83151,51.03735,5,8,4,2,1,0,0,0
13.756,51.05591,5,7,4,3,1,1,0,0
13.14196,51.12188,7,12,6,3,0,1,0,0
13.78792,51.06001,5,6,4,3,1,1,0,0
13.74191,51.03224,5,9,4,2,1,1,0,0
12.40597,50.52568,5,15,3,2,1,0,0,0
12.28463,50.62596,5,9,3,3,0,1,0,0
13.12916,51.33396,5,7,3,3,0,0,0,0
12.66912,51.46774,5,16,3,3,0,1,0,0
12.35632,51.37229,5,15,3,3,0,0,0,1
12.37113,51.34735,5,7,3,3,1,0,0,0
13.72248,51.05619,6,8,5,3,1,0,1,0
14.8033,50.88864,5,14,3,3,1,1,0,0
14.26997,51.43461,5,12,3,3,1,1,0,0
13.30628,51.30397,5,17,3,3,1,1,0,0
13.72499,51.05776,5,14,3,3,0,1,0,1
12.82776,50.81327,6,8,2,3,0,1,0,0
13.70218,51.03493,5,7,3,3,0,1,0,0
13.85745,51.00448,5,11,3,3,0,1,0,0
13.82088,51.02848,5,7,3,3,1,0,0,1
13.78097,51.057,5,14,3,3,1,1,0,0
13.7833,51.02966,5,15,3,3,1,1,0,0
13.75165,51.04723,5,16,3,3,0,1,0,0
13.32506,50.9213,6,8,7,3,0,1,0,0
13.66783,51.10244,5,11,3,3,1,1,0,0
13.79795,51.03509,5,6,3,3,0,1,0,1
13.32506,50.9213,5,8,3,3,0,1,0,0
13.14029,51.12543,5,14,3,2,0,1,0,0
12.69435,50.59628,5,6,3,3,1,0,0,0
12.77264,50.57517,5,14,3,3,0,1,0,1
12.64054,50.59651,5,13,3,3,0,1,1,0
12.89706,50.84007,5,16,3,3,0,0,0,0
12.08592,50.48185,5,16,2,2,1,1,0,0
12.72974,50.85794,5,1,2,3,1,0,0,0
13.50586,50.92764,6,22,6,3,0,1,0,1
12.38976,50.81424,5,12,2,3,0,1,0,0
12.74687,51.25657,5,20,2,3,0,0,0,1
12.38457,51.33722,5,17,2,3,1,1,0,0
12.36592,51.28556,5,20,2,3,0,1,0,0
12.35627,51.27982,5,14,2,3,1,0,0,0
12.31244,51.42058,5,17,2,3,0,0,0,1
13.9538,50.96797,5,15,2,2,1,0,0,0
13.65929,51.23587,5,20,2,3,1,0,0,0
13.73408,51.04936,5,17,2,3,1,0,0,0
13.7468,51.03831,5,17,2,3,0,0,0,1
13.80807,51.05107,5,16,2,3,1,0,0,0
13.75049,51.03201,5,13,2,3,0,1,1,0
13.82821,50.99885,5,18,2,3,0,1,0,1
12.37119,51.33567,6,13,2,3,1,1,0,0
12.81241,50.75069,5,12,2,3,1,0,0,0
13.87216,50.94496,6,11,6,3,0,0,0,1
12.97925,50.986,6,19,4,3,1,1,0,0
12.42503,50.70388,5,18,1,3,0,1,0,0
12.11592,50.51442,5,18,1,3,1,0,0,0
12.4114,51.3892,5,17,1,2,1,0,0,0
14.42619,51.0696,5,4,1,3,0,1,0,0
14.26936,50.97382,5,13,1,2,0,0,0,0
13.56834,51.08574,5,14,1,2,1,0,0,0
13.63103,51.27364,5,15,1,3,1,0,0,0
13.65331,50.99903,5,22,1,3,1,0,0,0
13.70612,51.07669,5,10,1,3,1,0,0,0
12.86347,50.92933,5,12,1,3,1,1,0,0
12.30524,50.43907,5,17,7,2,1,1,0,0
12.37298,51.34959,5,18,7,3,1,0,0,0
12.37337,51.32073,5,8,7,3,1,1,0,0
14.45257,51.27042,5,15,7,2,1,0,0,0
13.26859,51.30402,5,11,7,3,1,1,0,0
13.53521,51.04439,5,19,7,3,1,0,0,0
13.72388,51.0546,5,15,7,3,0,0,0,0
12.37355,51.32968,7,17,6,3,1,1,0,0
12.76728,50.70539,5,18,7,3,1,1,0,0
12.55032,50.81035,5,15,6,3,0,0,0,1
12.49412,51.11812,5,4,6,3,1,0,0,0
12.23241,51.33908,5,18,6,3,0,0,0,1
12.43372,51.34429,5,10,6,3,0,1,0,1
12.36518,51.37174,5,13,6,3,0,1,0,0
14.43759,51.17254,5,17,7,3,0,1,1,0
14.70403,51.5556,5,10,6,2,1,1,0,0
13.90229,51.22548,5,10,6,3,0,1,0,0
13.71177,50.99319,5,16,6,3,1,0,0,0
13.66329,51.01474,5,18,6,3,1,0,0,0
13.67886,51.05982,5,23,6,3,0,1,0,0
12.97728,51.10446,5,7,6,3,0,1,0,1
12.53688,50.77408,5,21,5,3,0,0,0,1
12.62878,50.75178,5,15,5,3,0,1,0,0
12.71222,51.35824,5,6,5,3,1,1,0,0
12.3708,51.33507,5,16,5,3,0,1,1,0
12.73839,51.37055,5,9,6,3,0,1,1,0
12.37155,51.34518,5,16,5,3,1,1,0,0
12.3784,51.34686,5,19,5,3,1,0,0,0
12.34317,51.32868,5,15,5,3,0,1,1,0
12.33427,51.32523,5,8,5,3,1,1,0,0
12.4604,51.35684,5,18,5,3,0,1,0,0
12.41253,51.33389,6,15,1,3,1,1,0,0
12.38495,51.33813,5,16,5,3,0,1,0,0
12.38051,50.82117,7,16,4,3,0,1,0,1
12.36627,51.33741,5,16,5,3,1,1,0,0
14.44316,51.18714,5,9,5,3,0,1,0,0
13.29009,51.30311,5,9,5,3,1,1,0,0
13.58397,50.94728,6,13,1,3,1,0,0,0
13.84096,51.00198,5,9,5,3,0,1,0,0
13.72913,51.03624,5,8,5,3,1,1,0,0
12.56443,50.81735,6,20,3,3,1,0,0,0
12.91937,50.83748,5,11,2,3,1,0,0,0
13.74286,51.06835,5,8,5,3,1,0,0,0
13.74196,51.06071,5,14,5,3,0,1,0,1
13.77124,51.02974,5,8,5,3,0,1,1,0
13.77221,51.11878,5,12,5,3,1,1,0,0
13.73435,51.03864,5,19,5,3,1,0,0,0
13.79805,51.02489,6,17,4,3,0,1,0,0
13.6967,51.08204,5,21,5,2,0,0,1,0
12.4059,51.33186,6,9,1,3,1,1,0,0
12.95018,50.67188,5,9,5,3,0,1,1,0
12.90608,50.78561,5,8,5,3,0,1,1,0
12.90303,50.7879,5,11,5,3,1,1,0,0
12.92502,50.8294,5,7,5,3,1,1,0,0
12.93918,50.8435,5,9,5,3,0,1,0,0
12.48142,50.71755,5,10,4,3,0,1,0,0
12.37168,50.71089,5,10,4,2,0,1,0,1
12.99955,51.55423,5,23,4,2,0,1,0,1
12.31303,51.5119,5,16,2,3,0,1,0,1
12.48921,51.11244,5,16,4,2,1,1,0,0
12.63704,50.58137,6,9,1,2,1,1,0,0
12.28234,51.32055,5,16,4,3,1,1,0,0
14.77294,50.87256,5,8,4,3,1,0,0,0
14.8053,50.88784,5,5,4,2,1,1,0,0
14.89334,51.12097,5,17,4,3,0,1,0,0
13.47836,51.38629,5,7,4,3,0,1,0,0
14.06814,51.30174,9,17,1,3,1,0,0,0
14.43409,51.17997,9,16,1,3,1,1,0,0
13.77742,51.06015,9,17,1,3,0,1,0,0
12.73851,50.70957,9,12,1,3,1,1,0,0
12.79967,50.88725,9,0,1,3,1,0,0,0
12.93472,51.45782,9,21,7,2,1,0,0,0
12.37133,51.43883,9,11,7,3,0,0,0,1
14.84237,51.28601,9,19,7,2,0,1,0,1
13.224,51.22385,9,19,7,2,1,0,0,0
13.5413,51.29502,9,14,7,3,0,1,0,1
13.71126,50.9992,9,23,7,2,0,0,0,1
12.9426,50.84679,9,11,7,3,0,1,0,0
12.7154,51.2285,9,12,6,3,0,1,0,0
12.40664,51.31402,9,6,6,3,1,1,0,0
12.45586,51.27347,9,18,6,3,0,1,0,0
14.45257,51.27025,9,15,6,2,1,0,0,0
13.6546,50.99895,9,14,6,3,0,0,0,1
13.67068,51.04233,9,16,6,2,1,0,0,0
13.81662,51.01095,9,14,6,3,0,1,0,0
13.70588,51.02767,9,17,6,3,0,0,0,0
13.77742,51.06015,9,9,6,3,0,1,0,0
13.37586,51.05652,9,21,6,3,0,1,0,1
13.78836,51.03059,9,13,6,2,0,0,0,1
13.744,51.08779,9,18,6,2,0,1,0,0
13.75341,51.05032,9,11,6,3,0,1,1,0
13.01946,51.07159,9,12,6,3,1,0,0,0
13.17796,51.06508,9,8,6,3,0,1,1,0
12.92208,50.84128,9,8,6,3,1,1,0,0
13.12898,51.11598,9,16,6,2,0,1,0,1
12.12015,50.49096,9,14,5,3,0,1,0,1
12.25417,50.29939,9,18,5,3,0,1,0,0
13.10257,51.29447,9,15,5,3,1,1,0,0
12.38493,51.33836,9,16,5,3,1,1,0,0
12.37329,51.30805,9,16,5,3,1,0,0,0
12.32311,51.34216,9,17,5,3,1,0,1,0
12.38554,51.33831,9,17,5,3,0,0,1,0
13.93507,51.12495,9,15,5,3,0,1,0,0
14.11489,51.26898,9,16,5,2,0,1,1,0
13.86759,50.97188,9,9,5,3,1,1,0,0
13.93219,50.96946,9,14,5,3,0,1,0,1
13.75621,51.07642,9,7,5,3,0,1,0,0
13.76166,51.06807,9,17,5,2,1,0,0,0
13.74861,51.12543,9,5,5,3,0,1,0,0
13.78822,51.04329,9,16,5,3,0,1,1,0
13.77179,51.04689,9,14,5,3,1,0,0,0
13.7784,51.05295,9,15,5,3,0,1,0,1
13.75794,51.0329,9,17,5,2,1,1,0,0
13.78332,51.04738,9,19,5,2,0,1,0,0
12.77551,50.5435,9,17,5,3,1,1,0,0
13.00833,50.58292,9,11,5,3,0,1,0,0
12.90636,50.82109,9,5,5,2,1,0,0,0
13.05329,51.14486,9,18,5,2,0,0,0,1
12.46103,50.7202,9,21,4,3,0,1,0,0
12.40157,50.81812,9,14,4,2,0,1,1,0
12.99569,51.55764,9,19,4,2,1,1,0,0
12.33533,51.53581,9,10,4,3,1,1,0,0
12.37664,51.35719,9,14,4,3,0,1,0,0
12.40863,51.3519,9,15,4,3,1,1,0,0
13.84449,51.18003,9,7,4,3,1,0,0,0
13.91748,51.11239,9,14,4,3,0,1,0,1
13.69263,51.08575,9,7,4,3,1,0,0,0
13.75595,51.05588,9,16,4,3,1,0,0,0
13.77731,51.05873,9,7,4,3,1,1,0,0
13.77986,51.04425,9,15,4,3,1,0,0,0
13.74663,51.03828,9,21,4,3,0,1,1,0
12.695,50.94657,9,19,4,2,0,0,0,1
12.88866,50.83152,9,17,4,3,0,1,0,0
12.39429,50.50673,9,21,3,3,0,1,0,1
12.61426,51.04172,9,17,3,2,0,0,0,1
12.36377,51.27936,9,11,3,3,0,1,0,1
12.48652,51.38597,9,17,3,3,1,1,0,0
12.39227,51.34635,9,7,3,3,0,1,0,0
12.382,51.3386,9,22,3,2,1,1,0,0
12.36354,51.36287,9,16,3,3,1,0,0,0
14.43969,51.17747,9,15,3,3,1,1,0,0
13.58981,51.13,9,8,3,3,1,0,0,0
13.70723,51.08216,9,14,3,3,0,1,0,0
13.74344,51.04884,9,19,3,3,0,0,0,0
13.77908,51.03797,9,17,3,3,1,1,0,0
13.7307,51.05003,9,19,3,3,0,1,0,1
13.71705,51.05262,9,15,3,3,1,1,0,0
13.78038,51.03091,9,6,3,2,0,0,0,1
13.74676,51.03833,9,22,3,3,0,0,0,1
12.93696,50.86249,9,6,3,3,1,1,0,0
12.89889,50.84056,9,5,3,3,0,1,0,0
12.48942,50.68533,9,8,2,3,0,1,0,0
12.39312,51.33696,9,8,2,3,1,1,0,0
12.35604,51.34367,9,14,2,3,0,1,1,0
12.41996,51.3438,9,12,2,3,1,1,0,0
12.42125,51.35304,9,6,2,3,0,1,1,0
14.67394,51.0987,9,18,2,3,1,0,1,0
14.86314,51.05276,9,10,2,3,1,0,0,0
13.91339,51.10061,9,6,2,3,1,1,0,0
14.98053,51.12296,9,15,2,3,1,0,0,0
14.98661,51.14647,9,19,2,3,0,1,0,0
13.93578,50.96198,9,22,2,3,0,0,0,1
13.77005,51.05722,9,14,2,3,1,1,0,0
13.77382,51.0489,9,7,2,3,0,0,0,1
13.71695,51.05579,9,5,2,3,0,1,0,1
13.76126,51.05092,9,12,2,3,0,1,0,0
13.77772,51.05288,9,9,2,3,0,1,0,0
12.46166,50.67183,9,16,1,3,0,1,0,0
12.08337,50.54069,9,2,1,3,0,1,0,0
12.71193,51.23613,9,18,1,3,0,1,0,0
12.37129,51.33971,9,0,1,3,0,0,0,1
12.41669,51.34343,9,16,1,3,1,1,0,0
12.38414,51.38066,9,20,1,3,0,1,0,0
13.71851,51.00059,9,13,1,3,0,1,0,0
13.12682,51.11969,9,9,1,3,0,1,0,1
12.90091,50.83546,9,17,1,2,0,0,0,1
12.49501,50.72262,9,9,7,3,0,0,1,0
12.33878,51.3281,9,18,7,3,1,0,0,0
12.36214,51.34501,9,17,7,3,1,1,0,0
12.37393,51.33405,9,18,7,3,1,0,0,0
12.31342,51.34791,9,14,7,2,0,1,0,0
14.26825,51.44476,9,11,7,3,0,1,0,0
14.23825,51.02453,9,11,7,3,1,1,0,0
13.73999,51.03866,9,12,7,3,0,0,0,1
13.74857,51.07174,9,12,7,3,0,1,0,1
12.90305,50.78805,9,13,7,3,1,1,0,0
12.96301,50.82224,9,20,7,3,0,1,0,0
12.51452,50.71919,9,9,6,3,0,1,0,0
12.37345,51.3161,9,15,6,3,0,1,0,1
12.35429,51.26666,9,14,6,3,0,1,0,0
13.5322,51.28921,9,7,3,3,1,0,0,0
12.3626,51.27831,9,13,6,3,1,1,0,0
12.37155,51.36981,9,13,6,2,1,1,0,0
14.71203,51.54917,9,13,6,3,1,1,0,0
14.26604,51.43592,9,7,6,3,0,1,0,1
14.2686,51.44787,9,11,6,3,0,1,0,0
14.41074,51.18497,9,14,6,3,0,0,0,1
14.3406,51.07121,9,10,6,2,0,0,0,0
14.97694,51.16843,9,13,6,2,0,1,1,0
13.92768,50.94996,9,11,6,2,0,1,0,1
13.73499,51.0726,9,17,6,3,1,1,0,0
13.74182,51.06543,9,15,6,3,0,0,0,1
13.75124,51.0425,9,8,6,3,0,1,0,0
13.78234,51.04763,9,22,6,3,0,1,0,0
13.75786,51.01918,9,18,6,3,0,1,0,0
13.789,51.02559,9,15,6,3,0,0,0,0
12.78472,50.70682,9,12,6,3,0,0,0,1
12.92193,50.83226,9,7,6,3,1,0,1,0
12.34279,51.52452,9,17,5,3,1,1,0,0
12.35498,51.34957,9,8,5,3,1,0,0,0
12.28148,51.31149,9,18,5,3,1,0,0,0
14.26578,51.4362,9,13,2,2,1,0,0,0
12.3281,51.31649,9,8,5,3,0,1,0,0
12.3483,51.32868,9,11,5,3,1,0,0,0
12.36673,51.36725,9,7,5,3,1,1,0,0
12.34015,51.52409,9,13,5,2,0,1,0,0
12.43291,51.3237,9,10,5,3,0,1,0,0
12.36596,51.33991,9,17,5,2,0,0,1,0
14.43018,51.17919,9,11,5,3,1,1,0,0
13.70179,51.04563,9,15,5,3,0,1,1,0
13.83179,51.00963,9,13,5,3,1,1,0,0
13.73818,51.05036,9,11,5,3,1,0,1,0
13.80743,51.04378,9,8,5,3,1,1,0,0
13.56589,51.13491,9,1,5,2,0,1,0,0
12.70076,50.58792,9,13,5,3,0,1,1,0
13.03076,50.90525,9,23,5,3,0,1,0,0
12.55419,50.81737,9,10,4,3,1,0,0,0
12.12798,50.51024,9,15,4,2,0,1,0,0
12.55504,51.05686,9,14,4,3,0,1,0,1
12.37616,51.33683,9,11,4,3,1,0,0,0
12.37405,51.36519,9,6,4,3,1,1,0,0
12.37033,51.26396,9,9,4,2,1,0,0,0
12.26591,51.3073,9,15,4,3,1,0,0,0
12.50745,51.12121,9,11,4,2,0,1,0,0
14.8743,51.33678,9,17,4,3,0,1,0,0
14.44105,51.18018,9,13,4,3,1,0,0,0
13.98086,50.95602,9,16,4,3,1,0,0,0
13.77179,51.04087,9,17,4,3,1,1,0,0
13.75319,51.06654,9,8,4,3,1,1,0,0
13.79263,51.05867,9,18,4,3,1,0,0,0
13.72365,51.05368,9,18,4,3,1,1,0,0
13.80273,51.02425,9,19,4,3,0,0,0,0
13.70662,51.04564,9,12,4,3,0,1,0,0
13.70049,51.09549,9,1,4,3,0,0,0,1
12.6373,50.60796,9,11,4,3,0,1,0,1
12.44187,50.72443,9,5,3,3,0,1,0,0
12.53814,50.81265,9,13,3,2,0,1,1,0
12.51004,50.84045,9,12,3,2,0,1,0,0
12.3543,51.52607,9,11,3,3,1,1,0,0
12.38208,51.33257,9,13,3,3,1,1,0,0
12.42162,51.34373,9,18,3,3,1,1,0,0
12.30339,51.31451,9,17,3,3,0,1,0,0
12.34563,51.36628,9,9,3,3,0,1,0,1
12.2732,51.32378,9,17,3,3,0,1,1,0
14.82098,51.24239,9,11,3,3,1,1,0,0
14.99051,51.14655,9,10,3,3,0,1,0,1
13.82946,51.00854,9,16,3,3,0,0,0,1
13.83779,51.02441,9,15,3,3,1,0,0,0
13.7994,51.05661,9,6,3,3,1,1,0,0
13.76159,51.04496,9,10,3,3,1,1,0,0
12.69375,50.59749,9,16,3,2,1,0,0,0
12.91597,50.87412,9,6,3,2,1,0,0,0
12.77572,50.85563,9,11,2,3,0,1,0,0
12.98853,51.55985,9,16,2,3,0,1,0,0
14.88751,50.94721,9,11,6,3,1,0,0,0
13.10679,51.30567,9,6,2,3,0,1,0,0
12.57832,51.32997,9,5,2,3,1,1,0,0
12.40605,51.34687,9,10,2,3,1,1,0,0
12.39741,51.34739,9,16,2,3,1,0,0,0
12.37369,51.326,9,10,2,3,1,1,0,0
12.28199,51.35792,9,16,2,3,1,1,0,0
12.29963,51.31621,9,15,2,3,1,0,0,0
12.42077,51.33462,9,8,2,3,0,1,0,0
12.39237,51.36239,9,23,2,3,0,1,0,0
12.36935,51.34421,9,12,2,3,1,0,1,0
14.63374,51.5077,9,7,2,3,1,1,0,0
14.84279,51.28827,9,13,2,3,0,1,0,0
14.43516,51.18384,9,10,2,3,1,1,0,0
13.65997,51.06368,9,12,2,3,1,1,0,0
13.78735,51.01134,9,7,2,3,1,1,0,0
13.73979,51.05014,9,18,5,3,1,1,0,0
13.75282,51.06465,9,16,2,3,1,0,0,0
13.80581,51.05231,9,9,2,3,0,1,0,0
13.77783,51.05362,9,8,2,3,1,1,0,0
13.6802,51.0425,9,18,2,3,0,1,0,0
12.89468,50.81048,9,8,2,3,0,1,0,0
12.99999,51.56445,9,17,1,3,1,0,0,0
12.33533,51.5232,9,10,1,3,1,1,0,0
12.37465,51.34776,9,12,1,3,1,1,0,0
12.30458,51.25484,9,15,1,3,0,1,1,0
12.41372,51.32001,9,9,7,3,0,1,0,0
12.33277,51.30507,9,9,1,3,1,1,0,0
14.13763,50.89822,9,14,1,3,1,0,0,0
14.13763,50.89822,9,14,1,3,1,0,0,0
13.69874,51.07427,9,16,1,3,1,1,0,0
13.84489,51.01749,9,15,1,3,1,0,0,0
13.78028,51.01958,9,17,1,3,1,0,0,0
13.77682,51.01142,9,1,1,3,0,1,0,0
13.75541,51.04614,9,20,1,3,1,0,0,0
12.98476,50.62295,9,19,1,2,0,1,0,0
12.76435,50.85559,9,17,7,3,1,1,0,0
12.33387,51.33225,9,0,7,3,0,1,1,0
12.80235,51.12629,9,12,7,3,0,1,0,1
14.18596,51.12334,9,20,7,3,0,1,0,0
13.8336,51.02191,9,19,7,3,1,0,0,0
13.53428,50.86565,9,21,7,3,1,0,0,0
12.43213,51.0903,9,8,6,3,0,1,0,0
12.32823,51.33355,9,11,6,3,1,1,0,0
12.45217,51.31031,9,15,6,3,1,1,0,0
12.39646,51.30544,9,9,6,3,1,1,0,0
12.35261,51.31945,9,16,1,3,1,1,0,0
12.3769,51.37109,9,13,6,3,1,1,0,0
12.40421,51.34164,9,10,6,3,1,0,0,0
12.47491,50.72617,9,13,2,3,0,1,0,0
13.06448,51.50525,9,22,6,3,0,0,1,1
12.37298,51.30138,9,14,6,3,1,1,0,0
12.29216,51.35485,9,20,6,3,0,1,0,0
12.35846,51.37921,9,12,6,3,1,1,0,0
14.50402,51.05642,9,12,6,3,0,1,0,0
13.91901,51.10997,9,11,6,3,0,1,0,0
13.77453,51.03311,9,19,6,3,0,1,0,0
14.23887,51.43553,9,7,6,2,1,0,0,0
14.98711,51.15198,9,14,6,3,0,1,1,0
14.4416,51.0572,9,21,6,2,0,0,0,1
13.70662,51.04564,9,8,6,3,1,0,0,0
13.75056,51.06094,9,7,6,3,0,0,0,1
13.74719,51.07196,9,8,6,3,1,1,0,0
13.80834,51.0509,9,14,6,3,1,1,0,0
13.80654,51.04215,9,17,6,3,1,1,0,0
13.658,51.00811,9,15,6,2,0,1,0,1
13.77134,51.06033,9,6,6,3,0,1,0,1
13.82867,50.99898,9,16,5,3,1,0,0,0
13.77026,51.02892,9,7,6,2,0,1,0,1
12.68658,50.53964,9,16,6,3,1,1,0,0
12.89315,50.85105,9,7,6,3,0,1,0,1
12.73102,51.23859,9,19,5,3,0,1,0,1
12.34738,51.35051,9,8,5,3,1,1,0,0
12.34869,51.33212,9,16,5,3,1,1,0,0
12.2796,51.3148,9,16,5,2,1,1,0,0
12.30154,51.32394,9,21,5,3,0,0,0,0
13.71524,51.03647,9,15,7,3,0,1,0,0
12.31183,51.32924,9,15,5,3,1,0,0,0
12.37114,51.32893,9,22,5,2,1,1,0,0
13.79901,51.02584,9,11,5,3,1,0,1,0
14.0936,51.44944,9,18,5,3,0,1,0,1
13.94239,50.95962,9,7,5,3,1,1,0,0
13.8669,50.98177,9,8,5,2,1,1,0,0
13.63764,51.10904,9,9,5,3,0,1,0,1
13.76932,51.1242,9,13,5,3,1,0,0,0
13.77758,51.13454,9,7,5,3,0,0,0,1
13.77639,51.04693,9,17,5,2,1,1,0,0
13.8505,51.02826,9,7,5,2,1,0,0,0
12.7093,50.70956,9,13,5,2,1,0,0,0
13.00252,50.57419,9,14,5,3,0,0,0,0
12.37627,50.7385,9,16,4,3,1,1,0,0
12.53951,50.68366,9,13,4,3,0,1,0,0
12.48005,50.84728,9,15,4,3,0,0,0,1
12.50425,50.73805,9,15,4,2,0,1,0,0
12.34655,51.32896,9,16,4,3,1,1,0,0
12.35266,51.33307,9,9,4,3,1,0,0,0
12.37511,51.33281,9,5,4,3,1,1,0,0
12.33668,51.32422,9,21,4,3,1,0,0,0
12.34053,51.33327,9,12,4,3,0,1,0,0
12.34984,51.36888,9,15,4,3,1,1,0,0
12.34117,51.33234,9,14,4,2,1,1,0,0
12.4121,51.34521,9,23,4,2,1,0,0,0
12.42926,51.33104,9,15,4,3,0,1,0,0
14.25382,51.43901,9,13,4,3,1,0,0,0
14.42918,51.1769,9,16,4,3,1,1,0,0
14.09556,50.9261,9,11,4,3,1,0,0,0
13.73585,51.04721,9,16,4,3,1,1,0,0
13.79863,51.01246,9,12,4,3,0,1,0,0
13.54904,51.13057,9,21,4,2,1,0,0,0
12.87529,50.57405,9,21,4,2,0,1,0,0
12.91963,50.8363,9,18,4,3,1,1,0,0
12.50684,50.7374,9,19,3,3,0,1,0,0
12.37375,50.72754,9,12,3,3,0,1,0,1
13.10069,51.30455,9,16,3,3,0,1,0,0
13.78551,51.03888,9,16,2,3,1,1,0,0
12.25384,51.16645,9,11,3,3,0,1,1,0
12.33598,51.33663,9,13,3,2,1,0,0,0
12.46772,50.69547,9,12,6,3,0,1,0,0
12.30598,51.32519,9,5,3,3,1,1,0,0
12.31862,51.5189,9,14,3,3,0,1,0,0
12.3264,51.30794,9,16,3,3,1,1,0,0
12.37727,51.27261,9,7,3,3,1,1,0,0
13.67498,51.10097,9,7,3,3,1,1,0,0
13.66444,50.89799,9,12,3,3,1,0,0,0
13.66722,51.0492,9,12,3,3,0,1,0,0
13.71088,51.04869,9,21,3,3,0,1,0,0
13.70225,51.09343,9,15,3,3,1,0,0,0
13.66845,51.04688,9,17,3,3,0,1,0,0
13.70816,51.03343,9,8,3,3,1,1,0,0
13.76779,51.04133,9,16,3,3,0,0,0,1
13.77358,51.04873,9,18,3,3,1,1,0,0
13.66844,51.04687,9,13,3,3,0,1,0,0
13.73932,51.037,9,6,3,3,0,1,0,0
13.75249,51.11618,9,8,3,3,1,1,0,0
12.96837,50.99115,9,18,3,3,0,1,0,1
13.33839,50.90691,9,16,3,3,0,1,0,0
12.92036,50.83695,9,14,3,3,0,1,0,0
12.89792,50.81408,9,13,3,3,0,0,0,0
12.92389,50.80572,9,7,6,3,0,0,0,1
12.48915,50.71928,9,14,2,3,1,0,0,0
12.25519,50.74825,9,17,2,3,0,0,0,1
12.13985,50.49646,9,18,2,3,0,1,0,0
12.45568,50.36332,9,13,2,3,0,0,1,0
12.41515,51.15102,9,18,2,3,1,1,0,0
12.47823,51.34148,9,7,2,3,1,1,0,0
12.46306,50.85323,9,10,2,3,0,1,0,1
12.37367,51.33051,9,19,2,3,1,1,0,0
12.40767,51.3393,9,7,2,3,0,1,0,1
12.32717,51.32961,9,19,2,3,1,1,0,0
12.39628,51.31029,9,10,2,3,0,1,1,0
12.39835,51.30169,9,11,2,3,1,0,1,0
12.40898,51.35212,9,20,2,3,0,1,0,0
12.40795,51.33562,9,17,2,3,0,1,0,0
12.36856,51.27918,9,17,2,3,1,1,0,0
12.36506,51.3762,9,15,2,3,0,1,0,0
14.61653,50.97995,9,17,2,3,0,1,0,0
14.96893,51.1524,9,15,2,3,1,1,0,0
13.76992,51.05901,9,15,2,3,0,1,0,0
13.78086,51.03605,9,7,2,3,0,1,0,1
13.77991,51.04124,9,14,2,3,0,1,0,0
12.55772,51.06674,9,13,2,3,0,1,1,0
12.92599,50.82553,9,16,2,3,1,1,0,0
12.95094,50.8397,9,9,2,3,1,0,0,0
12.36936,51.34418,9,15,3,3,1,1,0,0
12.4453,50.72527,9,18,1,3,1,1,0,0
12.98851,51.55492,9,12,1,3,1,1,0,0
12.38407,51.32816,9,1,1,3,1,1,0,0
12.3224,51.34999,9,17,1,3,1,0,0,0
12.29899,51.41321,9,15,1,3,0,1,0,1
12.33488,51.32048,9,14,1,3,1,1,0,0
12.38209,51.33876,9,0,1,3,0,1,0,0
13.99625,50.99043,9,12,1,2,0,1,0,1
13.93935,50.96092,9,18,1,3,1,1,0,0
13.74916,51.03356,9,16,1,3,1,1,0,0
13.84942,51.02823,9,12,1,3,1,0,0,0
12.98012,50.98584,9,15,1,3,0,1,0,1
12.63682,50.58858,9,10,1,3,0,1,0,0
12.49895,50.71877,8,20,7,3,1,0,1,0
12.4854,50.7023,8,20,7,2,0,1,0,0
12.33717,51.52194,8,18,7,3,0,1,0,1
12.65791,51.1432,8,15,7,2,1,0,0,0
12.3624,50.70633,9,17,7,2,1,1,0,0
12.36826,51.34697,8,23,7,3,1,0,0,0
12.42668,51.34347,8,12,7,3,1,0,0,0
14.01398,51.18209,8,12,7,3,1,1,0,0
14.97508,51.14927,8,17,7,3,1,1,0,0
13.87045,50.96826,8,6,7,3,1,0,0,0
13.93205,50.95946,8,22,7,2,1,0,0,0
13.67464,51.09995,8,23,7,3,0,0,0,1
13.69725,51.08762,8,9,7,3,0,1,0,0
13.82207,51.02989,8,13,7,3,1,1,0,0
13.61008,50.97703,8,18,7,2,0,1,0,1
12.82323,50.74985,8,14,7,3,0,0,0,1
12.72209,50.66153,8,15,7,2,0,1,0,1
13.34751,50.65547,8,7,7,3,0,1,0,1
12.92237,50.83591,8,11,7,3,1,1,1,0
12.46389,50.67254,8,16,6,3,1,1,0,0
12.76448,50.85823,8,21,6,3,0,1,1,0
12.13048,50.514,8,19,6,3,0,1,1,0
12.65348,51.46585,8,17,6,3,0,0,0,1
12.5686,51.31694,8,16,6,3,1,0,0,0
12.70291,51.35052,8,17,6,3,0,1,0,0
12.37128,51.34448,8,21,6,3,1,1,0,0
12.36907,51.33163,8,21,6,2,1,0,0,0
12.31934,51.33182,8,9,6,2,0,0,1,0
14.62789,51.50208,8,9,6,3,1,1,0,0
14.42815,51.1822,8,12,6,3,0,1,0,0
14.27071,50.97172,8,10,6,3,0,1,1,0
14.16468,50.94037,8,11,6,2,0,0,0,1
13.68199,51.09999,8,9,6,3,1,1,0,0
13.82667,51.02565,8,9,6,3,1,1,0,0
13.81233,51.0638,8,17,6,3,1,0,0,0
13.78891,51.01426,8,15,6,3,0,1,0,0
13.79768,51.0423,8,9,6,2,1,0,0,0
12.51301,50.66776,8,11,5,3,1,1,0,0
12.3875,50.72851,8,10,5,3,0,1,1,0
12.14749,50.50632,8,17,5,2,1,0,0,0
12.53812,50.81264,8,7,5,3,0,1,0,1
12.38112,50.81694,8,21,5,3,1,1,0,0
12.37841,51.34684,8,20,5,3,1,0,0,0
12.30314,51.31438,8,12,5,3,0,1,0,0
12.3176,51.33216,8,17,5,3,1,1,0,0
12.31638,51.32044,8,7,5,3,0,1,0,1
12.3295,51.32271,8,18,5,3,0,1,0,0
12.40175,51.3404,8,12,5,3,1,1,0,0
12.41278,51.34157,8,13,5,3,1,1,0,0
12.38473,51.36577,8,9,5,3,1,0,1,0
12.35394,51.38219,8,7,5,3,1,0,0,0
12.37548,51.36562,8,10,5,3,0,1,0,0
12.38075,51.35027,8,15,5,3,0,1,0,0
12.38194,51.33882,8,15,5,3,0,1,0,1
13.79301,51.03281,9,18,7,3,1,0,0,0
12.36749,51.27922,8,15,5,3,0,1,1,0
12.37073,51.32833,8,15,5,3,0,1,0,0
12.37065,51.33523,8,8,5,3,0,1,0,0
12.45845,51.35184,8,10,5,3,0,1,0,0
14.78815,50.89714,8,16,5,3,1,1,0,0
14.01017,51.1401,8,7,5,3,1,0,0,0
14.44172,51.16839,8,10,5,3,1,1,0,0
14.22871,51.026,8,9,5,2,0,1,0,0
13.30804,51.30157,8,18,5,3,0,1,1,0
13.25144,51.31806,8,16,5,3,0,0,0,1
13.66778,51.10245,8,15,5,3,0,1,0,0
13.74457,51.05343,8,19,5,3,1,0,0,0
13.74689,51.06179,8,14,5,3,0,1,1,0
12.81011,50.90697,8,1,5,3,0,1,0,0
13.32871,50.90499,8,15,5,3,0,1,0,0
13.33257,50.90778,8,10,5,3,1,0,1,0
13.01707,50.59188,8,10,5,3,1,0,0,0
12.94133,50.82583,8,15,5,2,1,1,0,0
12.36619,50.70725,8,12,4,3,0,1,0,0
12.52044,50.61858,8,9,4,3,0,1,0,1
12.13089,50.49734,8,17,4,3,0,1,0,1
12.63173,50.75677,8,9,4,2,0,1,1,0
12.40452,51.34561,8,15,4,3,0,1,0,0
12.37696,51.34391,8,17,4,3,1,0,0,0
12.39153,51.28945,8,18,4,3,1,0,0,0
12.47218,51.38271,8,12,4,3,1,0,0,0
12.37369,51.32056,8,16,4,3,1,1,0,0
12.40528,51.33809,8,14,4,3,0,1,0,0
14.61443,50.9809,8,17,4,3,1,1,0,0
13.71883,51.05968,8,17,4,2,1,0,0,0
13.73758,51.054,8,19,4,2,1,0,0,0
13.80055,51.02747,8,20,4,3,1,0,0,0
13.75533,51.04617,8,19,4,3,1,0,0,0
12.9168,50.66564,8,14,4,3,0,1,0,0
12.49263,50.72303,8,15,3,3,0,1,0,1
13.00107,51.56125,8,12,3,2,1,1,0,0
12.37251,51.43981,8,9,3,3,0,1,0,1
12.31515,51.34935,8,10,3,3,0,1,0,0
12.2662,51.30735,8,16,3,3,0,1,0,0
12.37113,51.33601,8,13,3,3,0,1,0,0
14.61694,50.98315,8,7,3,2,0,1,0,1
14.23965,51.43018,8,15,3,3,0,1,0,1
14.2652,51.44211,8,7,3,3,1,1,0,0
14.30531,51.09703,8,13,3,3,1,1,0,0
14.30646,51.18742,8,6,3,3,0,0,0,0
13.62762,51.10764,8,9,3,2,0,1,0,1
13.6113,51.10912,8,7,3,3,1,0,0,0
12.79005,50.71657,8,17,3,2,1,0,0,0
12.33546,51.33855,8,17,5,3,1,0,0,0
12.66179,50.57596,8,20,3,3,0,1,0,1
12.91083,50.81714,8,18,3,2,1,1,0,0
12.90312,50.83885,8,9,3,2,0,1,0,0
13.00066,51.557,8,17,2,3,1,1,0,0
12.38453,51.33714,8,17,2,3,1,0,1,0
12.3601,51.33382,8,22,2,3,1,1,0,0
12.36045,51.48182,8,10,2,3,1,1,0,0
14.97968,51.14532,8,15,2,3,0,1,1,0
14.44236,51.18648,8,8,2,3,1,1,0,0
14.28905,50.97209,8,13,2,3,0,1,0,0
13.66443,51.10693,8,11,2,3,0,0,0,1
13.69181,51.05051,8,17,2,3,1,0,0,0
13.71974,51.08115,8,14,2,2,1,0,0,0
13.75398,51.05768,8,16,2,3,1,0,0,0
13.7887,51.04333,8,21,2,3,1,0,0,0
13.74857,51.03982,8,16,2,3,1,0,0,0
13.78356,51.05027,8,21,5,3,1,0,0,0
13.75969,51.34575,8,15,2,2,0,0,0,1
13.64255,51.04486,8,13,2,3,1,0,0,0
12.81721,50.69075,8,5,2,3,1,0,0,0
13.32179,50.80069,8,11,2,3,0,1,1,0
12.90377,50.82816,8,13,2,3,0,1,0,1
12.90659,50.8213,8,20,2,3,0,0,0,0
12.90169,50.83216,8,11,2,3,0,1,0,0
12.91461,50.84616,8,15,2,3,0,1,1,0
12.95801,50.82189,8,14,2,3,0,1,0,0
12.94231,50.82349,8,19,2,3,0,1,1,0
12.55177,50.82851,8,17,1,3,0,1,0,1
12.37717,51.33321,8,17,1,3,0,1,0,0
12.37343,51.32914,8,7,1,3,1,0,0,0
12.40826,51.3361,8,1,1,3,0,1,0,0
13.79586,50.99602,8,13,1,3,0,1,0,1
13.7739,51.03347,8,14,1,3,1,0,1,0
13.80708,51.03453,8,10,1,3,0,1,0,0
13.76609,51.04107,8,13,1,3,1,0,1,0
13.21862,50.91644,8,17,1,3,1,0,0,0
12.84813,50.78687,8,19,1,2,0,1,0,1
13.76044,51.0684,9,20,3,3,1,0,1,0
12.18432,50.48883,8,15,7,3,0,1,0,0
12.56277,51.3044,8,10,7,3,1,0,0,0
12.32527,51.20738,8,16,7,3,0,1,0,0
12.32806,51.30176,8,16,7,3,1,0,0,0
12.42691,51.34314,8,12,7,3,1,1,0,0
12.41796,51.31141,8,15,7,3,0,0,1,1
12.41841,51.38407,8,7,7,3,0,1,1,0
12.36404,51.36275,8,10,7,3,0,0,1,0
12.3093,51.26899,8,10,7,3,0,1,0,1
14.62152,50.92947,8,17,7,3,1,0,0,0
13.69578,51.29629,9,17,1,3,0,0,0,1
14.25403,51.43442,8,19,7,3,1,0,0,0
14.07811,50.91944,8,13,7,3,1,0,1,0
13.67484,51.12144,8,22,7,3,1,0,0,0
13.63897,51.01477,8,20,7,3,1,0,0,0
13.83849,51.00582,8,3,7,3,0,1,0,1
13.72843,51.05662,8,7,7,3,1,1,0,0
13.8059,51.02631,8,12,7,3,1,0,0,0
13.77783,51.05289,8,7,7,3,0,1,0,1
13.77658,51.06669,8,11,7,2,1,0,0,0
12.64856,50.57908,8,0,7,2,0,1,0,0
12.87376,50.77704,8,11,7,3,1,1,0,0
12.20516,50.5138,8,18,6,3,0,0,0,1
12.26438,51.33471,8,13,6,3,0,1,0,0
12.48088,51.33486,8,12,6,3,1,1,0,0
13.68542,51.05807,8,7,6,3,1,1,0,0
12.4638,51.26384,8,12,6,3,0,1,0,0
12.38797,51.35324,8,12,6,2,0,0,0,1
14.98797,51.14643,8,19,6,3,0,1,0,0
14.96997,51.34075,8,23,6,2,0,1,0,0
13.30139,51.09828,8,20,6,2,0,0,0,1
13.68361,51.05879,8,12,6,3,1,0,0,0
13.71934,51.08109,8,14,6,3,1,0,1,0
13.75601,51.05591,8,16,6,3,1,1,0,0
12.35211,51.3335,8,7,3,3,1,0,0,0
13.78913,51.07533,8,17,6,3,1,0,0,0
13.78646,51.06017,8,15,6,3,1,1,0,0
13.7775,51.05604,8,8,6,3,1,1,0,0
13.84917,50.99457,8,23,6,2,0,1,0,0
13.98834,50.94945,8,12,6,2,1,1,0,0
13.72839,51.06099,8,0,6,3,1,0,0,0
13.78411,50.99482,8,18,6,3,1,0,0,0
13.071,50.85652,8,15,6,3,0,1,0,0
12.91412,50.83989,8,16,6,3,1,0,0,0
12.1421,50.5001,8,23,5,3,1,1,0,0
12.32242,51.53407,8,14,5,3,1,1,0,0
12.57208,51.31614,8,19,5,2,1,0,0,0
12.40311,51.33873,8,16,5,3,0,0,0,0
12.37833,51.33456,8,10,5,3,1,1,0,0
12.38977,51.35176,8,13,5,2,1,0,0,0
12.31795,51.3793,8,15,5,2,0,1,0,0
12.47539,51.34563,8,18,5,3,1,1,0,0
14.27633,51.42759,8,10,5,3,1,1,0,0
14.89754,51.24596,8,7,5,3,1,0,0,0
13.84279,51.00182,8,23,5,3,0,1,0,0
13.78532,51.03595,8,7,5,3,1,1,0,0
13.70889,51.04722,8,18,5,2,1,1,0,0
13.65846,51.05133,8,7,5,3,0,1,0,1
12.83929,50.81643,8,13,5,3,0,1,0,1
12.90722,50.79662,8,19,5,3,0,0,0,1
12.47612,50.67843,8,10,4,3,1,1,0,0
12.13815,50.50302,8,15,4,3,0,1,0,0
12.49067,50.72241,8,16,4,2,1,1,0,0
12.51513,50.72074,8,12,4,2,0,1,0,0
12.49855,50.70923,8,21,4,1,0,0,1,0
12.50831,51.27108,8,7,4,3,1,1,0,0
12.39461,51.29231,8,15,4,3,1,1,0,0
12.36856,51.28911,8,9,4,3,1,1,0,0
12.37714,51.27402,8,10,4,3,1,0,0,0
12.37146,51.36189,8,11,4,2,0,1,0,0
13.27039,51.30432,8,14,4,3,0,1,0,0
13.94184,50.96387,8,7,4,3,1,1,0,0
13.93906,50.95845,8,11,4,3,1,1,0,0
13.67137,50.90189,8,16,4,3,1,0,0,0
13.75491,51.05683,8,9,4,3,1,0,0,0
13.6485,51.05647,8,6,4,3,1,0,0,0
13.35682,50.91876,8,6,4,3,1,1,0,0
12.32551,51.38698,9,12,6,3,1,1,0,0
12.91746,50.82892,8,15,4,2,1,0,1,0
12.95685,50.82182,8,17,4,3,1,1,0,0
12.84244,50.85958,8,16,4,3,0,1,1,0
12.12884,50.50168,8,7,3,3,1,1,0,0
12.66274,51.4634,8,7,3,3,1,1,0,0
12.41033,51.19734,8,12,3,3,0,1,0,0
12.38945,51.33588,8,11,3,3,1,0,1,0
12.3666,51.32967,8,17,3,3,0,1,0,0
12.36779,51.34548,8,10,3,3,1,0,0,0
12.4124,51.33342,8,9,3,3,1,1,0,0
12.35511,51.36485,8,16,3,3,1,0,0,0
12.94778,50.81352,8,16,7,3,0,1,0,0
12.3995,51.35925,8,22,3,3,0,1,0,1
12.36547,51.36262,8,15,3,3,1,1,0,0
12.37079,51.2789,8,9,3,3,0,1,1,0
12.36113,51.36171,8,18,3,3,0,1,0,0
12.31172,51.34766,8,14,3,2,1,1,0,0
13.96494,51.15449,8,11,3,3,0,1,0,1
14.09488,51.45497,8,13,3,3,0,1,0,1
14.20965,51.02398,8,20,1,3,1,0,0,1
13.7026,51.04525,8,20,3,3,1,1,0,0
13.80323,51.02173,8,9,3,3,0,0,0,1
13.75205,51.06212,8,8,3,3,1,0,0,0
13.80137,51.02372,8,17,3,3,1,0,0,0
13.73353,51.05169,8,18,3,3,1,0,0,0
13.78865,51.03925,9,13,5,3,1,1,0,0
13.78905,51.05991,8,12,3,3,0,1,0,0
12.37884,51.38112,8,5,5,3,1,1,0,0
12.13819,50.4958,8,17,2,3,0,1,0,0
12.68198,50.7794,8,19,2,3,0,1,0,1
12.40573,51.35153,8,11,2,2,0,1,0,0
12.36662,51.32552,8,15,2,3,0,1,0,0
14.43244,51.18064,8,18,2,2,0,1,1,0
14.15001,50.91761,8,12,2,3,1,0,0,0
13.62456,51.11026,8,17,2,3,1,0,0,0
13.71546,51.06064,8,13,2,3,1,1,0,0
13.77345,51.10712,8,5,2,3,1,0,0,0
13.70528,51.051,8,14,2,3,0,1,0,0
13.32297,50.90532,9,19,1,3,0,1,0,1
13.78736,51.12002,8,18,2,3,1,0,0,0
13.73825,51.03922,8,8,2,3,0,1,0,1
13.79066,51.04613,8,16,2,3,1,1,0,0
12.93015,51.08582,8,15,2,3,0,1,0,0
12.53072,50.70433,8,2,1,3,1,0,0,0
14.68241,50.9871,8,0,1,3,0,1,0,1
14.2737,51.42526,8,0,1,3,1,0,0,0
14.25953,51.43942,8,17,1,3,1,0,0,0
14.52825,51.23319,8,3,1,3,1,0,0,0
13.66921,51.19893,8,9,1,3,1,1,0,0
13.65314,50.99712,8,12,1,3,1,0,0,0
13.71568,51.08796,8,21,1,3,0,1,0,0
13.71037,51.04893,8,12,1,3,0,1,0,0
13.7772,51.0601,8,5,1,3,1,0,0,0
12.39476,51.37637,9,14,7,3,1,1,0,0
13.78354,51.01783,8,10,1,3,0,1,1,0
12.44948,51.21326,8,15,7,3,0,1,1,0
12.38507,51.33832,8,16,7,3,1,0,1,0
14.31555,51.17853,8,22,7,2,1,0,0,0
13.43226,51.21303,8,1,7,3,1,1,0,0
13.79885,51.00499,8,15,7,3,0,1,0,0
13.77601,51.06905,8,10,7,3,1,1,0,0
13.77577,51.05087,8,15,7,3,0,1,0,0
13.48209,51.10635,8,13,7,2,1,1,0,0
13.73468,51.06311,8,20,7,3,1,1,0,0
13.42396,50.77245,8,18,7,2,0,0,0,1
13.02399,51.07254,8,10,7,3,0,1,0,0
12.95063,50.83014,8,13,7,3,0,1,0,0
12.54018,50.61312,8,7,6,3,1,1,0,0
12.37189,50.7337,8,17,6,3,0,1,0,0
12.46258,50.8484,8,18,6,3,0,1,0,0
13.10289,51.305,8,7,6,3,0,1,0,0
12.35553,51.33806,8,13,6,3,0,1,0,1
12.33973,51.33629,8,7,6,3,1,0,0,0
12.32309,51.30282,8,10,6,2,0,1,0,1
12.22481,51.30672,8,9,6,3,0,1,1,0
12.37231,51.3496,8,10,6,2,1,1,0,0
12.39135,51.33488,8,23,6,2,0,1,0,1
14.57703,51.06102,8,4,6,3,0,1,0,0
14.40477,51.10028,8,9,6,3,0,0,1,1
13.26949,51.30922,8,10,6,3,1,0,0,0
13.67344,51.09163,8,6,6,3,0,0,0,1
13.73277,51.03916,8,7,6,3,0,0,0,0
13.82402,50.99732,8,10,6,2,0,0,0,0
13.7772,51.06009,8,9,6,3,1,1,0,0
13.78996,51.04548,8,15,3,3,0,1,1,0
13.75133,51.04243,8,11,6,3,1,0,0,0
13.7318,51.05691,8,10,6,2,1,0,0,0
13.32514,50.92051,8,7,6,3,1,1,0,0
13.32716,50.90373,8,13,6,3,0,1,0,0
13.00701,50.93693,8,19,6,1,0,0,0,1
12.70336,50.59509,8,10,6,2,0,1,1,0
13.10964,51.1175,9,18,1,3,1,0,0,0
12.55056,50.7025,8,13,5,2,0,1,0,1
12.4911,50.7249,8,15,5,3,0,1,1,0
13.10243,51.29448,8,15,5,3,0,1,0,0
12.31025,51.31772,9,12,4,3,1,1,0,0
12.49992,51.12317,8,18,5,3,1,1,0,0
12.49828,51.12365,8,7,5,3,1,0,0,0
12.33995,51.33723,8,17,5,3,0,0,1,0
12.37796,51.3341,8,14,5,3,1,0,0,0
13.77775,51.05299,8,7,2,3,1,0,0,0
12.39874,51.34592,8,14,5,3,0,1,0,0
12.34574,51.32763,8,9,5,3,0,1,0,0
12.37149,51.32058,8,11,5,3,1,1,0,0
12.39252,51.38157,8,20,4,3,1,1,0,0
12.39927,51.36346,8,16,5,3,1,0,0,0
12.35867,51.34198,9,8,5,3,1,1,0,0
12.44149,51.33113,8,9,5,3,0,0,0,1
12.42497,51.36902,8,15,5,3,0,1,0,0
12.37339,51.32864,8,10,5,3,0,1,0,1
14.5969,51.42953,8,12,5,3,0,0,0,0
13.79771,51.17024,8,17,5,3,0,1,0,0
13.86242,50.98109,8,7,5,3,0,1,0,0
13.6155,51.11529,8,10,5,3,1,1,0,0
13.7498,51.05788,8,23,5,3,1,0,0,0
13.77467,51.03324,8,22,5,3,1,0,0,0
13.76931,51.05846,8,12,6,3,1,1,0,0
13.80129,51.0284,8,15,5,3,0,1,0,1
13.69565,51.04421,8,10,5,3,1,0,1,0
13.35119,50.65614,8,13,5,2,1,1,0,0
13.0165,50.49277,8,17,5,3,0,1,1,0
13.0104,50.59471,8,16,5,2,0,1,0,0
12.3988,50.82495,8,15,4,3,0,0,0,1
12.52217,50.78092,8,12,4,1,1,0,0,0
12.60829,51.33565,8,10,4,3,0,1,0,0
12.41338,51.20244,8,16,4,3,0,1,0,0
12.37854,51.34653,8,3,4,3,1,0,0,0
12.33899,51.33283,9,10,6,3,0,0,1,0
12.3881,51.33813,8,12,4,3,1,1,0,0
12.33647,51.31905,8,10,4,3,1,1,0,0
12.38818,51.35352,8,15,4,3,1,1,0,0
13.78138,51.0539,8,10,6,3,1,1,0,0
12.42045,51.35432,8,4,4,3,0,1,0,0
14.87914,50.97847,8,13,4,3,1,0,0,0
13.72234,51.08147,8,13,6,3,0,1,0,1
14.97831,51.14609,8,11,4,3,1,0,0,0
14.43827,51.17158,8,8,4,3,0,1,0,0
13.82767,51.0114,8,16,4,3,1,1,0,0
13.781,51.11811,8,8,4,3,1,0,0,0
13.07584,50.85649,8,14,7,3,0,1,0,0
13.76682,51.05136,8,6,4,3,0,1,0,1
13.77563,51.06978,8,10,4,2,0,1,0,0
13.73827,51.03924,8,6,4,3,1,1,0,0
12.77171,50.57457,8,10,4,2,0,1,0,0
12.15654,50.49126,8,12,3,3,0,1,0,0
12.65094,50.74391,8,19,3,3,1,1,0,0
12.47062,51.13125,8,7,3,3,1,1,0,0
12.34273,51.35082,8,10,3,3,1,0,0,0
12.42016,51.32565,8,9,3,3,0,1,0,0
12.22332,51.39534,8,7,3,3,0,1,0,1
14.90256,51.22706,8,14,3,2,0,1,0,1
13.4869,51.16734,8,18,3,3,0,1,0,1
13.48877,50.91214,8,20,3,3,0,0,0,1
13.79033,51.01327,8,8,3,3,0,1,0,0
13.75543,51.05567,8,10,3,3,0,1,0,1
13.33611,50.87075,8,13,6,3,0,1,0,1
13.80188,51.04248,8,10,3,2,1,1,0,0
13.80594,51.04049,8,16,3,3,1,1,0,0
13.76124,51.05089,8,17,3,2,0,1,0,1
13.76646,51.05297,8,15,3,3,0,0,1,0
13.77423,51.04346,8,6,3,2,1,0,0,0
13.70139,51.04088,8,8,3,3,1,1,0,0
13.82165,51.03186,8,16,3,3,1,1,0,0
12.79943,50.63496,8,17,3,3,1,1,0,0
13.00227,50.58144,8,11,3,3,0,1,1,0
12.83411,50.83618,8,19,3,3,1,1,0,0
13.0969,51.31099,8,18,2,3,1,0,1,0
12.66342,51.47052,8,8,2,3,0,1,0,1
12.33702,51.52352,8,11,2,3,1,1,0,0
12.36216,51.30382,8,15,2,3,1,0,0,0
12.30481,51.33387,8,11,2,3,1,1,0,0
12.38116,51.30574,8,20,2,3,1,0,0,0
12.3129,51.37463,8,5,2,3,0,1,0,1
12.64038,51.46134,8,12,2,2,1,1,0,0
13.73334,51.05102,9,16,4,3,1,0,0,0
14.9755,51.10651,9,16,3,3,1,0,1,0
14.11136,51.28475,8,20,2,2,1,1,0,0
14.98415,51.14948,8,12,5,3,0,1,1,0
14.98701,51.15211,8,11,2,3,1,0,0,0
14.35873,51.07406,8,5,2,3,0,1,0,0
14.45126,51.19063,8,11,2,3,0,1,0,0
13.30354,51.30492,8,10,2,2,0,0,1,0
13.49274,51.16755,8,7,2,3,0,1,0,0
13.62656,50.9787,8,15,2,3,1,0,0,0
12.39842,50.50882,8,9,5,3,0,1,1,0
13.68321,51.04776,8,7,2,3,1,1,0,0
13.77714,51.03578,8,6,2,3,0,0,0,0
13.79166,51.03859,8,12,2,3,0,0,1,0
13.77324,51.02934,8,7,2,3,0,1,0,1
13.8037,51.03109,8,15,2,3,1,0,1,0
13.33038,50.92081,8,13,2,3,0,1,0,0
12.88215,50.82081,8,16,2,3,0,1,0,1
12.93752,50.82313,8,15,2,3,0,1,0,0
13.83743,51.02493,9,12,5,3,1,0,0,0
12.89534,50.8625,8,15,2,3,1,0,0,0
12.92747,50.83189,8,4,2,3,0,0,0,1
12.90293,50.83989,8,15,2,3,1,1,0,0
12.91614,50.83405,8,10,2,3,1,0,0,0
12.92394,50.83505,8,15,2,2,1,1,0,0
12.49384,51.12175,8,19,1,3,0,1,0,1
12.39499,51.3391,8,14,1,3,1,0,0,0
12.40801,51.3357,8,13,1,3,1,1,0,0
12.37364,51.32222,8,14,1,3,1,0,0,1
12.35779,51.37961,8,15,1,3,1,1,0,0
14.19617,51.45648,8,14,1,3,1,0,0,0
14.64436,51.25752,8,18,1,3,1,0,0,0
13.29586,51.30905,8,20,1,2,1,0,0,0
13.66975,51.01322,8,11,1,3,1,1,0,0
13.33653,50.87143,8,0,1,3,1,0,0,0
12.73633,50.62589,8,2,1,2,1,0,0,0
12.37043,50.73252,8,20,7,2,1,0,0,0
13.75578,51.05604,9,16,2,3,0,1,0,0
13.10224,51.46457,8,17,7,3,0,0,0,1
12.34287,51.52452,8,21,7,3,1,0,0,0
12.39451,51.33678,8,12,7,3,0,1,0,0
12.32919,51.34281,8,20,7,3,0,1,1,0
12.31436,51.3488,8,0,7,3,1,0,0,0
12.37944,51.32684,8,18,7,3,1,0,0,0
12.33842,51.32719,8,14,7,3,1,1,0,0
12.42368,51.31992,8,11,7,3,1,1,0,0
12.39591,51.31089,8,13,7,3,1,1,0,0
12.36567,51.32105,8,10,7,3,1,0,0,0
14.62292,50.94368,8,10,7,3,0,0,0,1
14.64752,51.49843,8,15,7,3,1,0,0,0
14.09853,51.27788,8,17,7,3,1,0,0,0
14.43115,51.17274,8,12,7,3,1,1,0,0
13.4927,51.37704,8,18,7,3,0,1,0,1
13.57288,51.11819,8,11,7,3,1,0,0,0
13.58886,51.11239,8,9,7,2,0,1,0,0
13.69399,51.0858,8,20,7,3,0,1,1,0
13.7409,51.04985,8,14,7,3,1,1,0,0
13.75316,51.05037,8,3,7,3,0,0,0,1
12.77188,50.57199,8,19,7,3,0,1,1,0
12.72704,50.62242,8,22,7,2,0,1,0,1
13.12513,50.65328,8,12,7,2,1,0,0,0
13.81497,51.02047,8,15,5,2,0,1,0,1
12.46247,50.72038,8,14,6,3,1,1,0,0
13.09804,51.29977,8,18,6,3,1,0,0,0
12.38168,51.33871,8,17,6,3,1,1,0,0
12.38217,51.33889,8,20,6,3,1,0,0,0
12.38546,51.37616,8,13,6,3,1,0,0,0
12.35691,51.36008,8,8,6,3,1,1,0,0
12.21789,51.39533,8,11,6,3,0,1,0,0
13.77775,51.05288,8,13,4,3,1,0,0,0
12.36025,51.36802,8,13,6,3,0,1,0,0
14.23069,51.42848,8,14,6,3,0,1,0,0
14.4499,51.17631,8,15,6,3,0,1,0,0
13.99308,50.99131,8,16,6,3,0,1,0,1
14.03359,50.95701,8,16,6,3,0,1,1,0
13.68864,51.10009,8,18,6,3,0,0,0,1
13.75587,50.8281,8,17,6,2,0,1,0,0
13.72018,51.05484,8,17,6,3,1,0,0,0
13.82934,51.06412,8,15,6,3,1,0,0,0
13.82181,51.06279,8,17,6,3,1,0,0,0
13.75172,51.06698,8,20,6,3,0,0,1,0
13.77379,51.04607,8,14,6,3,1,1,0,0
14.01722,50.98619,8,16,2,3,1,0,0,0
13.79409,51.03667,8,14,6,3,1,1,0,0
13.74565,51.06332,8,11,6,3,0,1,0,1
12.96218,50.96692,8,7,6,3,1,1,0,0
13.43745,51.01482,8,18,6,2,0,0,0,1
13.01545,50.52576,8,20,6,2,1,1,0,0
13.00468,50.5784,8,16,6,2,1,1,0,0
12.95298,50.84231,8,9,6,1,0,0,0,0
12.35442,51.43411,8,16,5,3,0,1,0,0
12.74327,51.36697,8,8,5,3,0,1,0,0
12.40254,51.34081,8,1,5,2,1,1,0,0
12.39834,51.33922,8,16,5,3,1,1,0,0
12.80107,50.85952,9,7,4,3,0,1,0,0
12.37442,51.27952,8,18,5,3,1,1,0,0
12.37327,51.36708,8,8,5,3,0,1,0,0
12.37162,51.36199,8,9,5,2,1,0,0,0
12.42846,51.3797,8,12,5,3,0,1,0,0
12.42495,51.35265,8,15,5,3,1,1,0,0
13.73741,51.03316,8,8,6,3,1,1,0,0
12.40994,51.3723,8,12,5,3,0,1,0,0
14.0524,51.143,8,10,5,3,1,1,0,0
14.97725,51.15043,8,14,5,3,0,1,1,0
13.55704,51.1615,8,19,5,3,0,1,0,0
13.48033,51.16673,8,16,5,2,1,0,0,0
13.70849,51.03051,8,21,5,3,1,1,0,0
13.78482,51.04147,8,16,5,2,1,1,0,0
13.93906,50.95975,9,13,6,3,0,0,0,1
13.80297,51.04049,8,9,5,3,1,1,0,0
13.53572,51.29431,8,6,5,2,0,1,1,0
13.69853,51.08216,8,17,5,3,0,1,1,0
13.16711,50.80042,8,15,5,3,0,1,0,1
12.9059,50.83276,8,7,5,3,0,1,0,1
12.87774,50.83484,8,14,5,3,1,1,0,0
12.94263,50.84683,8,10,5,3,0,1,0,0
12.93108,50.83162,8,17,5,2,1,1,0,0
13.79029,51.02696,8,7,3,3,1,1,0,0
12.31157,50.22404,8,11,4,2,0,1,0,0
12.83429,50.74914,8,15,7,3,0,0,0,1
12.34843,51.26375,8,10,6,3,0,0,0,1
12.71598,51.23578,8,14,4,3,0,1,0,0
12.48577,51.1204,8,17,4,3,1,0,0,0
12.40104,51.32837,8,13,4,2,1,0,1,0
12.49384,51.12175,9,14,3,3,1,1,0,0
12.33474,51.32026,8,17,4,3,1,1,0,0
12.39002,51.36571,8,6,4,3,0,1,0,1
12.35374,51.36257,8,13,4,3,1,1,0,0
12.36811,51.35397,8,17,4,3,1,0,1,0
12.34351,51.32573,8,9,4,3,0,1,1,0
12.36921,51.35662,9,6,2,3,1,1,0,0
14.26498,51.44206,8,14,4,3,1,0,0,0
14.43525,51.16963,8,8,4,2,1,1,0,0
13.67871,51.05243,8,20,4,3,1,1,0,0
13.75293,51.07168,8,18,4,3,0,0,0,1
13.73532,51.08809,8,18,4,3,1,0,1,0
13.77358,51.04873,8,11,4,3,1,1,0,0
13.8187,51.01436,8,18,4,3,0,0,0,1
13.79381,51.02557,8,6,4,3,1,1,0,0
13.30749,51.2963,9,9,3,3,0,1,0,1
12.73657,50.73432,8,15,4,3,1,1,0,0
12.60723,50.58948,8,13,4,3,0,1,0,1
12.88855,50.8316,8,16,4,3,0,0,0,0
12.45917,51.35312,9,18,1,3,0,1,0,0
12.92622,50.82557,8,22,4,3,1,1,0,0
12.96558,50.81815,8,11,4,3,0,1,0,0
12.9072,50.79662,8,8,4,3,0,1,0,0
12.90133,50.81262,8,16,4,2,0,1,0,1
14.67243,51.10585,9,16,2,3,0,1,0,1
12.13172,50.48229,8,19,3,3,0,1,0,0
12.38853,50.54242,8,8,3,3,0,1,0,0
13.0877,51.25615,8,6,3,3,0,1,0,1
12.30469,50.62702,9,19,1,3,0,1,0,1
12.55324,51.16573,8,13,3,3,0,1,0,1
12.38445,51.35229,8,10,3,3,1,0,0,0
12.36168,51.33248,8,7,3,3,1,0,0,0
12.2217,51.39354,8,18,3,3,1,1,0,0
13.69905,51.07136,8,18,3,3,0,1,0,1
12.45909,51.35308,8,16,3,3,0,0,1,0
12.43085,51.3657,8,8,3,3,0,1,0,0
12.42005,51.37915,8,6,3,3,1,1,0,0
12.84907,50.53372,8,9,3,2,1,0,0,0
12.37083,51.33638,8,10,3,3,1,1,0,0
12.3624,51.36157,8,18,3,3,1,0,0,0
12.45029,51.36636,8,16,3,2,1,0,0,0
14.7368,50.94976,8,18,3,2,1,1,0,0
14.81951,50.9013,8,18,3,3,1,1,0,0
14.86734,50.92609,8,12,3,3,0,1,0,0
13.76882,51.02421,9,15,6,3,1,0,0,0
14.76106,51.50029,8,17,3,3,0,0,0,1
14.27825,51.42275,8,12,3,3,0,1,0,0
14.84946,51.29477,8,19,3,3,1,0,0,0
14.83313,51.28851,8,9,3,3,1,1,0,0
14.18342,51.12883,8,15,3,3,1,1,0,0
13.38147,51.3026,8,13,3,3,1,0,0,0
13.86691,50.98177,8,8,3,3,1,1,0,0
13.97058,50.99953,8,14,3,3,1,1,0,0
13.94487,50.95966,8,18,3,3,1,0,0,0
13.58716,51.03995,8,13,3,3,0,1,0,0
13.82187,50.99779,8,9,3,3,1,0,0,0
12.37761,51.34882,8,7,2,3,0,1,0,1
13.77182,51.04087,8,19,3,3,1,0,0,0
13.75172,51.06698,8,13,3,3,1,1,0,0
13.7797,51.04094,8,16,3,3,0,1,0,0
12.67179,50.60325,8,14,3,2,0,0,0,0
12.94834,50.6715,8,17,3,3,1,1,0,0
13.7743,51.03292,8,6,2,3,0,1,0,0
12.94153,50.51016,8,16,3,3,1,1,0,0
12.11519,50.37655,8,12,2,3,0,1,0,0
12.54213,50.82453,8,11,2,3,1,1,0,0
12.50249,51.12837,8,11,2,2,0,1,1,0
12.49851,51.12473,8,9,2,3,0,1,0,1
12.33194,51.34029,9,7,4,3,1,1,0,0
12.30151,51.34543,8,7,2,3,0,1,1,0
12.49641,51.26777,8,10,6,3,0,1,0,0
12.28485,51.36042,8,16,2,3,0,1,0,0
12.45087,51.30257,9,8,5,3,0,1,0,0
12.52881,51.36228,8,17,2,3,1,0,0,0
12.3851,51.32818,8,19,2,3,0,1,0,0
12.4989,50.7195,8,19,7,3,0,1,1,0
12.36706,51.32547,8,7,2,3,1,1,0,0
12.38064,51.30656,8,10,2,2,1,1,0,0
12.47921,51.34611,8,15,2,3,0,1,0,0
13.95452,51.32265,8,19,2,2,1,0,0,0
13.30381,51.0622,8,7,2,3,0,0,1,1
13.5869,51.12662,8,8,2,3,1,1,0,0
13.65168,50.98933,8,7,2,3,0,1,1,0
13.70065,51.08229,8,19,2,2,0,1,0,1
13.70856,51.07895,8,10,2,3,1,1,0,0
13.78717,51.0156,8,15,2,3,0,1,0,0
13.80591,51.03972,8,9,2,3,0,1,0,0
13.75172,51.06698,8,7,2,3,1,1,0,0
12.36966,51.32449,9,6,5,3,1,1,0,0
13.79554,51.01578,8,13,2,2,0,1,0,1
13.32336,50.90552,8,14,2,3,1,0,0,0
12.19445,51.39634,9,16,4,3,0,1,0,0
12.87439,50.81926,8,17,2,3,0,1,0,1
12.92287,50.84716,8,17,2,3,1,1,0,0
12.38829,50.79923,8,10,1,3,1,1,0,0
12.37396,50.73269,8,19,1,3,1,0,0,0
12.3713,50.72389,8,10,1,2,0,1,0,1
12.37653,51.35338,8,19,1,2,1,0,0,0
12.33779,51.33098,8,15,1,3,0,1,0,0
14.6324,51.50226,8,9,1,3,0,1,0,0
14.38282,51.05514,8,22,1,3,0,0,0,0
14.03102,50.94636,8,16,1,3,1,0,0,0
13.70823,51.04452,8,18,1,3,1,0,0,0
12.77726,50.70526,9,18,7,2,1,1,0,0
12.87042,50.82137,8,14,1,3,1,0,0,0
12.92555,50.82303,8,22,1,2,0,1,0,0
12.45175,50.85352,8,15,7,3,0,1,1,0
12.30687,51.3463,8,18,2,2,0,0,0,1
12.50003,51.12392,8,17,7,3,1,0,0,0
12.26384,51.30693,8,13,7,3,0,1,0,0
12.44596,51.33243,8,21,7,3,1,0,0,0
13.73388,51.0499,8,20,7,3,0,0,1,0
13.80286,51.0121,8,16,7,3,0,0,0,1
13.83575,50.99986,8,21,7,3,0,1,0,1
13.78166,51.0528,8,8,7,3,1,1,0,0
13.72944,51.01275,8,19,7,2,1,1,0,0
12.92013,50.84146,8,17,7,2,0,1,0,0
12.17159,50.41544,8,10,6,3,0,0,1,0
12.14052,50.50138,8,10,6,3,0,1,0,0
13.10955,51.30223,8,13,6,3,1,1,0,0
12.33446,51.51994,8,16,6,3,1,1,0,0
12.43518,51.11238,8,23,6,3,1,0,0,0
12.30922,51.34741,8,19,6,3,0,1,0,0
12.39663,51.35362,8,14,6,3,0,1,0,0
12.26825,51.30791,8,11,6,3,0,1,0,0
14.67022,51.09777,8,18,6,3,0,1,0,0
13.74534,51.06258,8,19,7,3,1,0,0,0
14.28876,51.43281,8,21,6,3,1,1,0,0
13.6538,51.09928,8,9,6,3,1,1,0,0
13.57876,51.12123,8,21,6,2,1,0,0,0
13.66916,50.90194,8,21,6,2,1,1,0,0
13.7249,51.08008,8,12,6,3,0,0,0,1
13.59007,51.12994,9,22,4,3,1,0,0,0
13.68625,51.08407,8,17,6,3,1,1,0,0
13.76553,51.05311,8,17,6,3,1,1,0,0
13.11973,51.12513,8,8,6,3,1,0,0,0
12.95608,50.82192,8,15,6,3,0,1,0,0
12.90868,50.84426,8,11,6,3,0,1,0,0
12.15833,50.51437,8,15,5,3,1,1,0,0
12.31269,51.32604,8,2,5,3,1,0,0,0
12.3129,51.30903,8,6,5,3,1,1,0,0
12.38546,51.37612,8,7,5,3,1,1,0,0
12.43344,51.39036,8,16,5,3,1,1,0,0
12.5353,50.69439,8,15,3,3,0,1,0,0
12.37297,51.30136,8,17,5,3,1,1,0,0
12.94269,50.83082,8,7,6,3,1,0,0,0
13.74843,51.03244,8,13,5,3,0,1,0,1
12.31997,51.33032,8,15,5,2,0,1,0,1
12.47933,51.35006,8,12,5,3,0,1,0,0
14.1862,51.12315,8,6,5,3,1,0,0,0
13.75786,51.01918,8,20,5,3,0,1,0,1
13.83077,51.02632,8,18,5,3,1,1,0,0
13.70882,50.96817,8,17,5,2,0,0,1,0
13.74897,51.0628,8,12,5,2,1,0,1,0
13.70726,51.08006,8,15,5,3,1,1,0,0
12.69703,50.57383,8,9,5,3,0,1,0,0
12.91544,50.82905,8,16,5,3,0,1,0,0
12.89058,50.78589,8,13,5,3,0,1,0,0
12.924,50.83521,8,11,5,3,0,0,0,0
12.48951,50.73286,7,11,4,2,0,1,0,0
12.36515,50.47626,7,9,4,2,0,1,0,0
12.26251,51.3017,7,10,4,2,1,1,0,0
12.46234,51.35148,7,20,4,3,0,1,0,0
12.48088,51.33486,7,17,4,3,0,1,0,0
12.3365,51.37016,7,5,4,3,0,1,0,1
12.26277,51.34467,7,11,4,3,1,0,0,0
12.34347,51.36767,7,16,4,3,1,1,0,0
12.41024,51.33113,7,7,4,2,1,1,0,0
14.25603,51.43357,7,10,4,2,1,0,0,0
13.95402,50.95608,7,14,4,3,0,1,1,0
13.77079,51.03978,7,8,4,3,0,1,0,0
13.43614,51.40415,7,11,4,2,1,0,0,0
13.83189,51.02731,7,15,4,2,0,1,1,0
13.11273,50.98712,7,21,4,3,0,0,0,1
12.92341,50.82931,7,7,4,3,0,1,0,0
13.18446,50.77183,7,15,4,2,0,1,1,0
12.85768,50.79446,7,15,4,3,0,1,0,0
12.10096,50.49161,7,15,3,3,0,1,0,0
12.54183,50.81286,7,14,3,2,1,0,0,0
12.16776,50.49609,7,15,3,2,0,1,0,1
12.40886,51.35995,7,16,3,3,1,0,0,0
12.27792,51.31903,7,14,3,3,0,0,0,0
12.31009,51.27894,7,22,3,3,0,1,0,0
12.37801,51.26716,7,14,3,3,1,1,0,0
12.3612,51.3617,7,18,3,3,1,1,0,0
12.43358,51.34414,8,13,5,3,1,0,0,0
12.53977,51.35764,7,16,3,2,1,1,0,0
12.42157,51.35255,7,17,3,2,0,0,1,0
12.37314,51.31089,7,3,3,1,0,0,1,0
12.39909,51.18843,7,11,3,2,0,0,0,1
13.95713,51.12811,7,20,3,2,1,0,0,0
14.02023,51.14631,7,10,3,3,1,1,0,0
14.97363,51.11912,7,19,3,3,1,0,0,0
14.18145,51.12656,7,13,3,3,1,1,0,0
13.72812,51.21224,7,18,3,3,1,1,0,0
13.74162,51.25651,7,19,3,3,0,0,0,1
13.65227,51.00199,7,21,3,3,0,1,0,0
13.67277,51.04744,7,20,3,3,1,1,0,0
13.69581,51.0466,7,14,3,3,0,1,0,1
13.83445,51.02119,7,21,3,3,1,1,0,0
12.3706,51.36139,8,11,2,3,0,0,1,0
13.72877,51.03771,7,15,3,3,0,1,0,0
13.75101,51.02271,7,15,3,3,0,1,0,0
13.73916,51.04702,7,8,3,2,0,0,1,0
13.8075,51.02655,7,6,3,3,0,1,0,1
12.28656,50.6234,9,12,2,3,0,1,0,0
13.73703,51.05032,7,8,3,3,1,0,0,0
13.68934,51.05897,7,18,3,2,1,0,0,1
13.28899,51.29009,7,6,3,2,0,1,0,1
12.8614,50.73441,7,16,3,3,0,1,0,1
12.97036,50.98686,7,17,3,2,1,1,0,0
12.7337,50.56515,7,5,3,3,0,1,0,1
12.355,51.53111,7,8,2,3,0,1,1,0
12.37108,51.33537,7,9,2,3,1,1,0,0
12.37862,51.34633,7,6,2,3,1,0,0,0
12.38386,51.30059,7,17,2,3,1,1,0,0
12.37331,51.31114,7,20,2,3,0,0,1,0
12.43287,51.39015,7,15,2,3,0,1,0,0
12.40678,51.36195,7,13,2,3,1,0,0,0
12.43263,51.37924,7,12,2,3,1,0,0,0
12.45909,51.40194,7,14,2,3,1,1,0,0
12.34342,51.31975,7,16,2,3,0,1,0,1
12.39568,51.32366,8,7,2,3,1,1,0,0
12.38851,51.32596,7,8,2,3,1,1,0,0
13.90429,51.26389,7,19,2,3,1,1,0,0
14.4736,51.22106,7,15,2,3,1,0,0,0
12.93422,51.27758,9,13,6,3,0,0,0,1
14.70402,50.97411,8,7,4,3,1,1,0,0
13.87051,50.97957,7,17,2,3,1,0,0,0
12.36585,51.36246,8,18,2,3,1,0,0,0
13.53579,51.29615,7,9,2,3,0,0,0,0
13.77384,51.03244,7,12,2,2,1,1,0,0
13.06152,50.93499,9,19,2,3,0,1,0,0
13.756,51.05591,7,9,2,3,1,1,0,0
13.70986,51.04795,7,13,2,3,0,1,0,0
12.93129,50.82742,7,14,2,3,0,1,0,0
13.81494,51.0435,8,16,4,2,1,0,0,0
12.30369,50.21985,7,18,1,3,0,1,1,0
12.35457,51.52564,7,14,1,3,1,0,0,0
12.33046,51.34209,7,18,1,3,0,1,0,0
12.36849,51.31719,7,12,1,3,1,1,0,0
12.32748,51.33505,7,18,1,2,0,1,0,1
12.30619,51.31485,9,11,6,3,0,1,0,0
14.05628,51.16115,7,15,1,3,0,1,0,0
14.49722,51.17959,7,1,1,3,0,1,1,0
13.72455,51.05339,7,22,1,2,1,0,0,0
12.13449,50.5008,7,17,7,2,0,1,0,0
12.38985,51.34457,7,16,7,2,0,1,0,1
12.33387,51.31945,7,0,7,3,1,1,0,0
13.32817,50.91833,9,16,3,2,0,1,0,0
12.71982,51.23567,8,7,4,3,0,1,0,0
12.36262,51.33899,7,10,7,3,0,0,1,0
14.23835,51.43783,7,12,7,3,0,0,0,1
14.08779,51.44243,7,13,7,2,0,1,0,0
14.98207,51.12644,7,6,7,3,1,0,0,0
13.83744,51.0249,7,9,7,3,1,0,0,0
13.77661,51.05173,7,21,7,3,1,1,0,0
13.21072,50.89835,7,10,7,2,0,1,0,0
12.50352,50.49835,7,17,7,3,0,1,0,0
12.88604,50.8427,7,21,7,2,1,0,0,0
12.82555,50.86363,7,1,7,2,1,0,0,0
12.89638,50.79741,7,19,7,3,0,0,0,0
12.37318,50.72491,7,22,6,3,1,0,0,0
13.08554,51.01204,8,20,7,2,1,1,0,0
12.37548,50.45967,7,20,6,2,1,0,0,0
12.49703,51.12358,7,19,6,3,0,1,0,0
12.34439,51.3322,7,11,6,3,1,1,0,0
13.03985,50.64593,8,16,1,2,1,1,0,0
14.40688,51.27138,7,7,6,3,0,1,0,0
13.4492,51.41514,7,10,6,3,1,0,0,0
12.37856,51.37709,8,7,5,3,1,1,0,0
13.9418,50.9642,7,12,6,3,1,0,0,0
13.65788,51.03967,7,17,6,3,1,0,0,0
13.75164,51.04723,7,15,6,3,1,1,0,0
13.78911,51.03032,7,15,6,3,1,0,0,0
13.71159,51.07754,7,19,6,2,1,1,0,0
13.80297,51.04049,7,22,6,2,0,1,0,1
12.89274,50.76658,7,18,6,3,0,0,1,1
12.63553,50.7284,7,17,5,3,0,1,0,1
13.07528,51.27125,7,16,5,2,1,1,0,0
14.64658,51.07349,8,16,6,3,0,1,0,1
12.63141,51.45172,7,8,5,3,0,1,0,0
12.34791,51.33122,7,12,5,3,1,0,1,0
13.62952,51.02619,8,17,4,3,0,1,0,0
12.40632,51.36865,7,17,5,3,1,1,0,0
12.58607,51.60333,9,13,1,3,1,1,0,0
12.42788,51.35905,7,18,5,3,1,1,0,0
12.37707,51.37109,7,17,5,2,0,1,0,0
14.70394,50.97248,7,19,5,3,1,1,0,0
14.96191,51.34433,7,8,5,3,1,0,0,0
14.18418,51.13054,7,19,5,3,1,0,0,0
12.45645,51.55788,8,6,3,3,0,1,0,1
14.4546,51.17583,7,16,5,3,1,0,0,0
14.17313,50.92213,7,14,5,2,1,0,0,0
13.30175,51.30557,7,12,5,3,1,1,0,0
13.4698,51.16112,7,18,5,2,1,0,0,0
13.65889,51.02491,7,11,5,2,0,0,0,1
13.63973,51.01814,7,9,5,3,0,1,0,0
13.70796,51.04445,7,18,5,2,1,0,0,0
13.68194,51.04174,7,7,5,3,1,1,0,0
13.77619,51.05599,7,11,5,3,1,1,0,0
12.28188,51.34447,8,9,5,2,1,1,0,0
12.94082,50.84626,7,21,5,3,0,1,0,0
12.37483,51.34439,7,6,4,3,1,1,0,0
12.35764,51.3505,7,18,4,2,0,0,0,1
12.38208,51.33257,7,11,4,3,1,1,0,0
12.39102,51.20109,7,10,4,2,1,0,0,0
12.41446,51.34508,7,11,4,3,1,0,0,0
14.80737,50.89672,7,16,4,3,1,0,0,0
14.30852,51.37163,7,18,4,3,0,0,0,0
14.6259,51.50417,9,11,1,2,1,1,0,0
14.99031,51.15439,7,14,4,2,0,1,1,0
13.73142,51.00329,7,1,4,3,1,0,0,0
12.6363,50.59864,7,20,4,3,0,0,0,1
12.94507,50.75608,7,14,4,3,0,1,0,0
12.65461,51.1421,9,17,7,3,0,1,0,0
12.82702,50.81453,7,15,4,3,0,1,0,0
12.8771,50.83618,7,7,4,3,1,1,0,0
12.89762,50.83104,7,16,4,3,0,1,0,1
12.39675,51.18748,7,14,3,3,0,1,0,1
12.37714,51.3267,7,12,3,3,0,1,1,0
12.35143,51.32946,7,12,3,3,1,0,0,0
12.40597,51.31389,7,8,3,3,1,1,0,0
12.38077,51.32866,8,15,4,3,0,1,0,0
12.37351,51.32987,7,12,3,3,1,0,1,0
12.21257,51.39636,7,8,3,3,1,1,0,0
12.35885,51.36521,7,10,3,3,0,0,0,1
14.8093,50.88708,7,22,3,3,1,0,0,0
14.52435,51.02463,7,13,3,3,0,1,0,0
14.38128,51.09824,7,20,3,3,0,1,0,1
13.65886,51.23521,7,11,3,3,1,1,0,0
13.65266,51.00219,7,13,3,3,1,1,0,0
13.64376,51.09294,7,14,3,3,1,1,0,0
12.39533,51.31214,8,20,3,2,1,0,0,0
13.68263,51.05885,7,22,3,3,1,1,0,0
13.80772,51.05141,7,16,3,3,1,1,0,0
13.76157,51.052,9,17,5,2,1,1,0,0
13.75712,51.04975,7,7,3,3,1,0,0,0
13.7293,51.04587,7,0,3,2,0,1,0,1
13.80269,51.01212,7,16,3,3,1,0,0,0
12.46961,51.27754,9,20,5,3,0,1,0,1
12.40678,51.33811,8,19,6,3,1,0,1,0
12.32191,51.35004,7,4,7,3,0,1,0,0
13.78771,51.03592,7,7,3,1,1,0,0,0
13.10782,50.85987,7,17,3,2,1,0,0,0
13.20011,50.96314,7,21,3,3,1,0,0,0
12.78069,50.53489,7,14,3,3,0,1,0,1
12.81598,50.68446,7,17,3,2,0,0,0,0
12.3403,51.33233,7,18,2,3,1,0,0,0
12.33794,51.36965,7,13,2,3,0,1,0,0
12.33814,51.36958,7,18,2,3,0,1,0,0
13.22621,51.3835,7,23,1,3,0,1,0,0
12.26283,51.34787,7,13,2,3,0,1,0,0
12.38581,51.36497,7,10,2,3,1,0,0,0
14.61695,50.98314,7,15,2,3,0,1,0,0
14.95768,51.37968,7,18,2,3,1,0,0,0
14.82889,51.2906,7,15,2,3,0,1,0,0
13.78496,50.76123,7,14,2,3,0,0,0,1
13.71325,51.07753,7,18,2,2,1,0,0,1
13.71841,51.05339,7,10,2,3,1,1,0,0
13.73373,51.04038,8,19,3,3,1,0,0,0
13.7193,51.03828,7,18,2,3,0,1,0,0
13.74256,51.0615,7,17,2,3,1,0,0,0
12.97179,51.09658,7,17,2,3,0,1,0,0
12.46086,51.355,7,19,1,3,0,1,0,0
12.37696,51.39024,7,22,1,3,1,0,0,0
12.33778,51.33841,7,20,1,3,1,0,0,0
12.4072,51.35116,7,0,1,2,0,1,1,0
14.95234,51.14455,9,11,1,2,1,1,0,0
14.63365,51.37998,7,3,1,3,1,0,1,0
13.91624,51.11404,7,4,1,3,1,1,0,0
13.91695,51.09355,7,19,3,3,1,0,1,0
13.83977,51.09606,7,14,1,2,1,0,0,0
12.11589,50.49659,11,14,6,3,1,0,0,0
12.748,50.85832,11,12,6,2,0,1,1,0
12.6367,51.45927,11,18,6,3,1,0,0,0
12.4039,51.32835,11,7,6,3,1,1,0,0
12.28542,51.32391,11,15,6,3,0,0,0,1
14.44728,51.19208,11,12,6,3,0,1,1,0
13.64708,51.08867,11,13,6,3,1,1,0,0
13.76975,51.03027,11,15,6,3,0,1,0,0
13.74872,51.04826,11,12,6,3,1,1,0,0
12.40575,50.8264,11,22,5,3,1,1,0,0
12.71134,51.23153,11,16,5,3,0,1,0,0
12.3784,51.31801,11,20,5,3,0,1,1,0
12.39293,51.40028,11,17,5,2,0,1,1,0
12.34056,51.36975,11,14,5,3,0,1,1,0
14.78441,51.12872,11,12,5,3,0,1,0,0
13.8717,50.97288,11,16,5,3,0,1,0,0
13.71312,51.05706,11,16,5,3,0,1,1,0
13.83351,51.02155,11,18,5,2,0,1,1,0
13.77364,51.12812,11,21,5,3,1,0,0,0
13.76321,51.05641,11,16,5,3,0,1,1,0
13.80296,51.04049,11,17,5,3,1,1,0,0
13.73916,51.05023,11,10,5,3,0,0,1,0
13.77607,51.0392,11,15,5,2,0,1,0,0
12.92075,50.85159,11,15,5,3,0,1,0,0
12.76994,50.85829,11,7,4,3,0,0,0,0
12.62079,51.4546,11,18,4,3,0,0,0,1
12.33592,51.53061,11,7,4,3,0,1,0,1
12.34325,51.32096,11,14,4,3,0,1,0,0
12.32343,51.34388,11,9,4,3,1,1,0,0
12.41237,51.39321,11,5,4,3,1,0,0,0
12.37684,51.32419,11,6,4,2,1,1,0,0
12.34273,51.35082,11,16,4,3,1,0,0,0
12.32923,51.33557,11,14,4,3,1,0,0,0
14.09598,51.45687,11,15,4,3,0,0,0,0
13.91906,50.99959,11,7,4,3,1,1,0,0
13.71754,51.08755,11,9,4,3,0,1,0,0
13.70143,51.04089,11,17,4,2,0,1,1,0
13.77563,51.06978,11,6,4,3,0,1,0,0
13.79125,51.0067,11,15,4,2,0,1,1,0
13.56821,51.13201,11,21,4,2,0,1,0,1
13.74466,51.03721,11,7,4,3,0,0,0,0
13.77446,51.06065,11,6,4,3,1,1,0,0
12.94639,50.83509,11,20,4,2,0,1,1,0
12.33029,50.39112,11,8,3,3,0,1,0,0
12.38207,51.33257,11,13,3,3,1,1,0,0
12.32068,51.30188,11,17,3,3,0,1,1,0
12.41972,51.31072,11,7,3,3,0,1,1,0
12.23097,51.44095,11,12,3,3,0,1,0,0
12.40934,51.3996,11,7,3,3,1,0,0,0
12.38096,51.34209,11,12,3,3,0,0,1,1
12.43889,51.33169,11,16,3,3,0,1,1,0
14.24888,51.4402,11,12,3,2,0,1,0,0
14.45736,51.19018,11,16,3,3,0,1,0,0
13.93082,50.9754,11,6,3,3,0,1,1,0
13.84867,51.00427,11,11,3,3,1,1,0,0
13.74866,51.07103,11,17,3,3,1,1,0,0
13.7742,51.0435,11,7,3,3,1,1,0,0
13.72891,51.04324,11,19,3,3,1,0,0,0
12.97294,50.99246,11,9,3,3,0,0,0,0
12.37381,50.73518,11,8,2,2,1,0,0,0
12.32191,51.35006,11,6,2,3,0,1,1,0
13.53833,51.30753,11,11,2,3,0,1,0,0
13.76885,51.02746,11,19,2,3,1,0,0,0
13.70895,51.03437,11,20,2,3,0,1,0,0
13.69486,51.0378,11,7,2,3,1,1,0,0
12.92698,51.15704,11,11,2,2,0,1,1,0
14.43677,51.18998,11,18,1,2,1,0,0,0
13.30283,51.29681,11,16,1,2,1,0,0,0
12.37129,51.36816,11,10,7,3,0,1,0,0
14.6136,51.38514,11,11,7,3,0,1,0,0
13.26708,51.30049,11,10,7,3,1,0,0,0
13.7616,51.11081,11,18,7,3,0,1,1,0
13.796,51.04279,11,12,7,3,0,1,0,0
13.74819,51.04387,11,14,7,3,1,0,1,0
12.89734,50.80645,11,12,7,3,0,1,0,0
12.93311,50.82797,11,5,7,3,0,1,0,0
12.66287,50.66594,11,13,6,3,0,1,1,0
12.18031,50.49139,11,17,6,3,0,1,0,0
12.35868,51.52514,11,12,6,3,0,1,0,0
12.32978,51.22314,11,16,6,3,1,1,0,0
12.38973,51.34462,11,14,6,3,1,1,0,0
12.3851,51.33175,11,15,6,3,1,1,0,0
13.04388,51.23615,11,13,6,3,0,1,0,0
12.37374,51.33117,11,20,6,2,1,1,0,0
12.26051,51.30309,11,15,6,3,0,1,1,0
14.62955,51.50345,11,7,6,3,0,0,0,0
13.2991,51.30653,11,12,6,3,1,1,0,0
13.7169,51.05278,11,4,6,3,0,0,0,1
13.82225,50.99777,11,9,6,3,1,0,0,0
13.79333,51.05805,11,7,6,3,1,0,0,0
13.76161,51.04492,11,7,6,3,1,0,0,0
13.72622,51.08164,11,19,6,3,1,0,0,0
13.74616,51.05193,11,6,6,3,1,0,0,0
13.10697,51.12171,11,13,6,3,0,1,1,0
12.87081,50.81607,11,19,6,3,1,1,0,0
12.79097,50.56275,11,15,6,2,0,1,0,0
12.54114,50.82483,11,18,5,3,0,0,0,1
12.54782,50.82729,11,9,5,3,0,1,0,0
12.46797,51.50793,11,8,5,3,0,1,0,0
12.5545,51.05794,11,18,5,3,0,1,0,0
12.36674,51.34053,11,17,5,3,1,1,0,0
12.32625,51.34226,11,8,5,3,1,1,0,0
12.40135,51.3242,11,15,5,3,1,0,0,0
12.36883,51.32072,11,16,5,3,0,1,1,0
13.26444,51.31089,11,14,5,3,0,1,0,0
13.26141,51.30275,11,10,5,2,0,1,0,0
13.64526,50.99259,11,21,5,3,1,0,0,0
13.64535,51.03985,11,9,5,3,0,1,0,0
13.76059,51.02991,11,9,5,3,1,0,0,0
13.79967,51.01506,11,8,5,3,1,0,0,0
13.82248,51.01109,11,7,5,2,1,0,0,0
12.38223,51.36834,11,7,3,3,0,1,1,0
13.77575,51.05086,11,23,5,3,0,0,0,1
13.75368,51.07047,11,12,5,3,1,0,0,0
13.74737,51.07039,11,8,5,3,1,1,0,0
12.88875,50.79111,11,17,5,3,0,1,1,0
12.90829,50.81473,11,20,5,3,0,1,0,0
12.88822,50.80506,11,8,5,2,0,0,1,0
12.36273,51.33898,11,19,4,3,1,1,0,0
12.41517,51.34505,11,6,4,3,0,1,1,0
12.36602,51.33116,11,2,4,3,0,1,0,0
13.75606,51.06971,11,0,4,3,1,0,0,0
13.74286,51.06579,11,10,4,3,1,1,0,0
13.78128,51.05434,11,16,4,3,0,0,0,0
13.79608,51.02467,11,10,4,3,1,1,0,0
12.9244,50.83228,11,22,4,1,0,0,1,0
12.54804,50.8127,11,17,3,3,0,1,0,0
12.9729,51.56634,11,15,3,2,0,1,1,0
12.4781,51.3365,11,16,3,3,0,1,0,0
12.41125,51.32503,11,16,3,2,1,1,0,0
14.81046,50.89515,11,9,3,3,0,1,0,0
14.22802,51.4248,11,22,3,3,0,1,0,0
13.37929,51.30749,11,6,3,3,1,1,0,0
13.65263,51.00217,11,12,3,3,0,1,0,0
13.74745,51.07846,11,7,3,3,1,1,0,0
13.75069,51.04751,11,21,3,2,1,1,0,0
13.80125,51.02835,11,15,3,3,0,1,0,0
13.10016,51.30557,11,18,2,3,0,1,0,0
12.37857,51.3307,11,7,2,3,1,0,0,0
12.31185,51.34768,11,11,2,3,1,0,0,0
12.35048,51.33262,11,7,2,3,0,1,0,0
12.31235,51.34774,11,19,2,2,0,1,1,0
12.47584,51.37274,11,6,2,3,0,1,0,0
13.68686,51.16326,11,15,2,3,0,1,0,0
13.59109,51.03597,11,17,2,3,0,1,0,0
13.74689,51.07201,11,9,2,3,1,0,1,0
13.73912,51.05005,11,14,2,3,1,0,1,0
13.79764,51.04231,11,18,2,3,1,1,0,0
13.76729,51.05659,11,20,2,3,1,0,1,0
13.76181,51.04558,11,7,2,3,0,1,0,1
12.93903,50.81794,11,16,2,3,0,1,0,0
12.87688,50.83297,11,11,2,3,0,1,0,0
12.33282,51.332,11,13,1,3,0,1,1,0
12.83262,50.87526,11,15,1,3,0,1,0,0
12.3737,51.33229,11,17,7,3,1,1,0,0
12.25933,51.34513,11,17,7,3,0,1,0,0
12.40245,51.36476,11,20,7,3,0,1,0,0
14.79305,50.89818,11,11,7,3,0,1,1,0
14.64243,51.49802,11,8,7,3,0,1,0,0
13.71921,51.02663,11,15,7,3,1,1,0,0
12.13478,50.50232,11,9,6,3,0,1,0,0
12.37342,51.35166,11,7,6,3,1,1,0,0
12.37643,51.35142,11,17,6,3,1,0,0,0
12.27948,51.31097,11,16,6,3,0,1,0,0
13.2812,51.30598,11,13,6,3,0,1,0,0
13.62479,51.10847,11,5,6,3,1,0,0,0
13.6881,51.09155,11,16,6,3,0,1,0,0
13.66939,51.04244,11,17,6,3,0,1,1,0
13.75519,51.05554,11,12,6,3,1,1,0,0
13.80658,51.03732,11,7,6,3,1,1,0,0
13.32125,50.90608,11,21,6,3,0,1,0,0
12.13059,50.51262,11,10,5,3,0,1,0,0
12.54212,50.83837,11,18,5,2,0,1,0,0
12.37575,51.08542,11,14,5,2,0,1,0,0
14.24859,51.43504,11,7,3,3,0,0,0,1
12.37463,51.34797,11,17,5,3,1,1,0,0
12.41372,51.32,11,7,5,3,0,1,0,0
12.40311,51.3654,11,8,5,3,1,1,0,0
12.40606,51.34552,11,17,5,3,0,1,1,0
12.28617,51.32207,11,10,2,3,0,1,0,0
12.33555,51.33417,11,15,5,2,0,1,0,0
12.40747,51.33574,11,13,5,3,0,1,1,0
12.36567,51.36345,11,9,5,2,0,1,0,1
12.33265,51.3379,11,16,5,3,1,0,0,0
14.25829,51.44347,11,16,5,2,1,1,0,0
14.1036,51.27751,11,15,5,2,1,0,0,0
13.2828,51.30622,11,6,5,3,0,1,0,0
13.72591,51.00156,11,9,5,3,0,0,0,1
13.62184,50.97856,11,6,5,3,0,0,0,1
13.71012,51.07911,11,10,5,3,0,1,0,0
13.72697,51.01432,11,7,5,3,1,0,0,0
13.70922,51.0331,11,18,5,3,1,1,0,0
13.73462,51.10985,11,5,5,2,0,1,1,0
13.74731,51.07202,11,17,5,3,1,1,0,0
13.73853,51.05392,11,12,5,3,1,0,0,0
13.75598,51.05482,11,16,5,3,0,1,0,0
12.91651,50.79923,11,16,5,3,0,1,0,0
12.94824,50.85118,11,18,5,3,0,1,0,0
12.88477,50.85691,11,17,5,3,1,1,0,0
12.99674,51.55116,11,15,4,3,0,1,0,0
13.10539,51.29667,11,8,4,3,0,1,0,0
12.50717,51.12819,11,17,4,3,1,0,0,0
12.37933,51.35936,11,17,4,3,0,1,0,0
12.33635,51.33533,11,9,4,3,0,1,1,0
12.2809,51.34406,11,7,4,3,0,1,0,0
12.31511,51.35473,11,14,4,2,1,1,0,0
12.33143,51.34966,11,18,4,3,1,1,0,0
12.42769,51.3437,11,0,4,3,1,0,1,0
12.42253,51.30464,11,16,4,3,0,1,0,0
12.44219,51.36739,11,7,4,3,0,0,0,1
12.44701,51.34967,11,15,4,3,0,1,0,0
14.3861,51.05576,11,9,4,2,0,1,0,0
14.41471,51.18162,11,13,4,3,1,0,0,0
13.65271,51.09809,11,15,4,3,0,1,0,1
13.67676,51.09851,11,20,4,3,0,0,0,1
13.71873,51.05652,11,18,4,3,1,1,0,0
13.80647,51.01143,11,17,4,3,0,0,0,1
13.79684,51.04145,11,17,4,3,1,1,0,0
13.77446,51.03308,11,18,4,2,0,1,1,0
12.9047,50.79062,11,13,4,3,0,0,1,0
12.36679,51.34051,11,19,3,3,1,0,0,0
12.41225,51.34328,11,19,3,3,0,1,1,0
12.42258,51.30362,11,6,3,3,1,0,0,0
14.13717,51.43739,11,16,3,3,0,1,1,0
14.09837,51.45309,11,13,3,2,0,1,0,0
13.69192,51.04907,11,14,3,3,0,1,1,0
13.7614,51.05192,11,6,3,3,0,1,0,1
13.81554,51.03601,11,11,3,3,0,1,0,0
13.6295,51.10677,11,17,3,3,0,1,1,0
12.8022,50.47495,11,13,3,3,0,0,1,1
12.91565,50.79891,11,16,3,3,0,1,0,0
12.96566,50.81818,11,12,3,3,0,1,0,0
12.95736,50.8204,11,17,3,3,0,1,0,0
12.75539,50.82347,11,14,2,3,0,1,0,0
13.0039,51.56938,11,7,2,2,0,1,0,1
12.34738,51.35047,11,7,2,3,1,1,0,0
12.39614,51.34316,11,9,2,3,0,1,0,0
12.37846,51.34672,11,19,2,3,0,1,0,0
12.32202,51.35057,11,6,2,3,1,1,0,0
12.36263,51.32093,11,16,2,3,0,1,0,0
12.36877,51.31251,11,19,2,2,0,1,0,1
14.65002,50.86935,11,8,2,3,0,1,0,0
13.73509,51.01978,11,16,2,3,0,1,0,0
13.73939,51.08638,11,17,2,3,1,1,0,0
13.76066,51.04916,11,19,2,3,1,1,0,0
13.77575,51.02846,11,15,2,3,0,1,0,1
13.73355,51.05169,11,17,2,3,1,0,0,0
13.78564,51.04147,11,19,2,3,1,1,0,0
13.79361,51.02862,11,14,2,2,0,1,0,0
13.77288,51.05779,11,17,2,2,0,1,0,1
13.03755,50.91114,11,7,2,2,1,1,0,0
12.92555,50.82382,11,14,2,3,0,1,0,0
13.34181,51.33049,11,10,7,3,1,1,0,0
12.90646,50.8233,11,12,2,3,0,1,0,0
12.81806,50.81315,11,6,2,3,0,1,0,1
12.58378,50.73083,11,11,1,2,0,1,0,1
12.37251,51.43972,11,12,1,3,1,1,0,0
12.40887,51.32561,11,9,1,3,0,1,1,0
12.40579,51.35076,11,10,1,3,0,1,0,0
12.23567,51.31124,11,3,1,3,0,1,0,0
13.69929,51.08035,11,0,1,3,0,0,0,0
13.74146,51.07145,11,17,1,3,1,0,0,0
12.50014,51.27083,11,19,7,3,0,1,0,0
13.70944,51.08158,11,21,7,3,0,1,1,0
13.79496,51.00257,11,14,7,3,1,0,0,0
13.82655,50.99834,11,15,7,3,0,1,0,0
13.3342,50.91137,11,16,7,3,1,1,0,0
12.89415,50.79587,11,13,7,2,0,1,0,0
12.41114,51.35351,11,6,6,3,0,0,1,0
12.3965,51.30354,11,14,6,3,0,1,1,0
12.34137,51.52551,11,12,6,3,1,0,1,0
14.99423,51.15007,11,9,6,3,0,1,0,0
13.9326,50.96812,11,7,6,2,0,1,0,0
13.77765,51.04485,11,9,6,2,0,0,1,0
13.75783,51.05145,11,6,6,3,1,1,0,0
13.78256,51.0417,11,8,6,3,0,1,0,0
12.36102,51.36124,11,15,2,3,1,0,0,0
12.90739,50.86339,11,6,6,3,1,1,0,0
12.91081,50.83346,11,14,6,3,0,1,0,1
12.97703,50.98339,11,14,6,2,1,0,1,0
12.50533,50.73214,11,15,5,3,0,1,0,0
13.75717,51.04977,11,10,1,3,1,1,0,0
12.44477,50.84209,11,11,5,3,1,1,0,0
12.42369,51.2845,11,10,5,3,0,1,1,0
12.36959,51.36026,11,16,5,3,1,0,0,0
12.356,51.37084,11,11,5,3,0,1,0,0
14.62334,51.49799,11,12,5,2,0,1,1,0
14.24179,51.38447,11,10,5,3,0,1,0,1
13.81233,51.01113,11,10,5,3,0,1,0,0
13.73859,51.0503,11,17,4,3,1,0,1,0
13.75513,51.06439,11,11,5,3,1,0,0,0
13.75718,51.0498,11,16,5,3,0,1,1,0
13.72947,51.04569,11,11,5,3,1,0,0,0
13.75593,51.05588,11,8,5,3,1,1,0,0
12.84708,50.69615,11,19,5,3,0,1,0,1
12.99264,50.75111,11,7,5,2,0,0,0,1
12.89015,50.82196,11,10,5,3,0,1,1,0
12.90176,50.83215,11,16,5,3,1,1,0,0
12.37557,50.73874,11,14,4,3,1,0,1,0
12.49599,50.70887,11,11,4,3,0,1,0,0
12.2332,50.28183,11,16,4,3,0,1,0,0
12.39321,51.32159,11,9,4,3,0,1,0,0
12.30556,51.3261,11,16,4,3,0,1,0,0
12.29172,51.32133,11,17,4,3,0,1,0,0
14.9787,51.12159,11,12,4,3,0,0,1,0
13.76585,51.07314,11,14,4,3,1,0,0,0
13.74663,51.03828,11,13,4,3,0,0,1,0
13.77798,51.13158,11,6,4,3,0,1,0,0
12.48336,50.73555,11,6,2,3,0,1,0,1
13.77267,51.05088,11,12,4,3,0,1,0,0
13.03066,50.91143,11,8,4,3,0,1,0,0
13.33406,50.65904,11,20,4,3,0,1,0,0
13.10813,51.11713,11,7,4,3,1,1,0,0
13.12597,51.11958,11,7,4,3,1,1,0,0
12.91071,50.79713,11,16,4,3,0,1,0,0
12.89623,50.81199,11,22,4,3,0,1,0,0
12.13828,50.49496,11,10,3,3,0,1,0,0
12.53896,50.84032,11,12,3,3,0,1,0,1
12.13716,50.50072,11,11,3,3,0,1,0,0
12.99226,51.56255,11,6,3,3,0,1,0,0
13.10239,51.29449,11,11,3,3,0,1,0,0
12.48839,51.12049,11,13,3,3,1,0,1,0
12.50285,51.12775,11,17,3,3,0,1,1,0
12.37669,51.34134,11,7,3,3,1,0,0,0
12.27737,51.40179,11,4,3,2,0,1,0,0
12.30777,51.27405,11,15,3,3,1,0,0,0
14.64843,51.50378,11,20,3,3,1,0,0,0
13.71014,51.09884,11,14,3,3,0,1,1,0
13.70217,51.0778,11,12,3,2,0,1,0,0
13.70615,51.04641,11,18,3,3,1,0,0,1
12.37678,51.35327,11,17,3,3,1,1,0,0
13.75995,51.0273,11,10,3,2,0,0,1,0
13.72668,51.03316,11,13,3,3,0,1,0,0
13.75232,51.06148,11,8,3,3,0,0,0,0
13.78559,51.05369,11,12,3,3,1,0,0,0
13.76101,51.02603,11,17,3,2,0,0,1,0
13.01037,50.96741,11,8,3,3,0,1,0,0
12.67759,50.59279,11,12,3,2,0,1,1,0
12.89736,50.8379,11,12,3,3,1,1,0,0
12.93291,50.83684,11,15,3,3,0,1,0,0
12.9453,50.84093,11,17,3,3,1,0,1,0
12.13319,50.5086,11,15,2,3,1,1,0,0
12.38073,50.51903,11,15,2,3,0,1,1,0
12.37365,51.33303,11,13,2,3,1,1,0,0
12.42416,51.31241,11,11,2,3,1,0,0,0
12.42764,51.30651,11,12,2,3,0,0,0,1
13.90875,51.164,11,17,2,3,1,0,0,0
13.692,51.07291,11,6,2,3,0,1,1,0
13.70559,51.02103,11,8,2,3,0,1,1,0
13.71684,51.03284,11,8,2,3,0,1,0,0
13.78619,51.03598,11,17,2,2,0,1,0,0
13.3319,50.91503,11,7,2,3,1,0,0,0
12.90512,50.83515,11,6,2,3,1,1,0,0
12.79364,50.81558,11,9,2,2,0,1,0,0
12.33845,51.32716,11,8,1,3,1,0,0,0
14.45234,51.19034,11,15,1,3,1,0,0,0
13.6034,51.11948,11,14,1,3,0,1,0,0
13.67371,51.06026,11,16,1,3,1,0,0,0
13.756,51.05591,11,22,1,2,1,1,0,0
13.74693,51.07178,11,16,1,3,1,1,0,0
13.5867,51.05407,11,14,1,3,0,1,0,1
13.43345,50.82722,11,9,1,3,0,1,0,0
12.51,50.71446,11,4,7,3,0,1,1,0
12.33558,51.21707,11,10,7,3,1,1,0,0
12.37964,51.32761,11,18,7,3,1,1,0,0
12.4453,51.34618,11,17,7,3,0,1,0,0
12.32002,51.34446,11,19,7,3,0,1,0,0
14.9796,51.1454,11,11,7,3,1,0,0,0
13.67724,51.05222,11,10,7,3,1,1,0,0
13.75772,51.06272,11,11,7,2,0,1,0,1
12.81012,50.63007,11,12,7,3,0,1,0,0
12.5172,50.73261,11,13,6,3,0,1,0,0
12.37847,50.73518,11,17,6,3,0,1,0,1
13.00402,51.55815,11,11,6,3,0,1,1,0
14.97536,51.16838,11,6,3,3,1,1,0,0
12.40038,51.34586,11,9,6,3,1,1,0,0
12.40705,51.3434,11,11,6,3,0,1,0,1
12.36252,51.3211,11,12,6,3,0,1,0,0
12.37895,51.31152,11,17,6,3,0,1,0,0
12.40413,51.33211,11,9,6,3,1,0,0,0
12.34786,51.33216,11,12,6,3,0,1,0,0
14.10023,51.28574,11,16,6,2,0,0,0,1
14.26178,51.43766,11,11,6,2,1,0,1,0
13.86009,50.9817,11,14,6,3,1,1,0,0
13.7351,51.05236,11,6,6,3,1,1,0,0
13.66815,51.11481,11,20,6,2,0,1,0,1
13.76054,51.04656,11,8,4,3,1,0,0,0
12.63846,50.59713,11,12,6,3,0,1,0,1
12.92571,50.8253,11,19,6,3,0,1,0,0
13.09486,51.2889,10,20,5,3,0,1,0,0
14.95318,51.14864,10,4,5,3,1,0,0,0
13.59601,51.28986,10,14,5,3,1,0,0,0
13.59944,51.03352,10,16,5,2,0,0,0,1
13.68496,51.02327,10,17,5,3,1,0,0,0
13.10878,51.29855,10,14,4,3,1,1,0,0
12.39568,51.34607,10,22,4,3,1,1,0,0
12.37917,51.34026,10,7,4,3,1,1,0,0
12.26078,51.30826,10,17,4,2,0,1,1,0
13.79178,51.12556,11,17,3,3,0,1,0,1
12.33427,51.31951,10,17,4,3,1,0,1,0
12.35499,51.27258,10,11,4,3,0,1,0,1
12.3737,51.33176,10,17,4,3,1,1,0,0
14.04225,51.14378,10,17,4,3,1,0,0,0
14.32779,51.30811,10,16,4,3,1,0,0,0
14.2686,51.44787,10,10,4,3,1,1,0,0
13.6818,51.09967,10,9,4,3,0,1,1,0
13.81651,51.0086,10,7,4,3,1,0,0,0
13.74858,51.0717,10,14,4,3,1,1,0,0
14.65018,50.86941,11,8,2,3,0,1,0,0
13.79253,51.03729,10,10,4,3,0,1,0,1
13.29774,51.03734,10,15,4,3,0,1,0,0
13.70767,51.04637,10,17,4,2,1,1,0,0
13.77369,51.04877,10,10,4,3,1,1,0,0
13.35857,50.89092,10,12,4,3,0,1,0,1
14.24316,51.43856,11,13,5,3,0,1,1,0
12.87977,50.57292,10,14,4,2,0,1,0,0
12.49044,50.70723,10,15,3,3,1,1,0,0
12.3742,51.33558,10,17,3,3,0,1,0,0
12.36335,51.36979,10,15,3,3,0,1,1,0
12.37789,51.33398,10,17,3,3,1,1,0,0
14.98816,51.15361,10,13,3,3,0,0,1,0
14.42806,51.18102,10,8,3,3,0,1,0,0
13.26645,51.3054,10,9,3,2,1,1,0,0
13.84267,51.0185,10,15,3,3,1,1,0,0
13.78969,51.03011,10,8,3,3,1,0,0,0
13.74788,51.06796,10,20,3,3,1,0,0,0
13.79768,51.04232,10,13,3,3,1,0,0,0
13.75748,51.05471,10,7,3,3,1,0,1,0
13.75334,51.05036,10,9,3,3,1,1,0,0
12.80702,50.86126,11,16,3,3,0,1,0,0
13.78164,51.0437,10,16,3,3,0,0,0,0
13.00642,50.58149,10,16,3,3,0,1,1,0
12.51155,50.62065,10,6,2,3,0,1,0,0
12.60235,50.87466,10,16,2,3,0,1,0,0
12.54314,50.81519,10,16,2,2,1,1,0,0
12.41942,51.34803,10,19,2,3,0,1,0,0
12.30048,51.2693,10,19,2,3,1,0,0,0
12.33244,51.33785,10,7,2,3,1,0,0,0
12.41924,51.32314,10,7,2,3,1,1,0,0
12.34923,51.36792,10,8,2,3,0,1,0,0
12.45926,51.3531,10,19,2,2,0,0,1,0
13.91045,51.26375,10,12,2,3,0,1,0,1
14.27758,51.42337,10,10,2,3,1,1,0,0
14.97734,51.14558,10,10,2,3,1,1,0,0
14.26643,51.4355,10,15,2,2,1,1,0,0
13.26834,51.32074,10,9,2,3,1,1,0,0
12.30907,51.31524,11,11,1,3,1,1,0,0
13.73716,51.0745,10,6,2,3,1,0,0,0
13.69325,51.04567,10,7,2,3,1,0,0,0
13.81393,51.02913,10,17,2,3,1,1,0,0
13.81789,50.99856,10,12,2,3,0,1,0,1
13.74046,51.03663,10,7,2,3,1,0,0,0
12.81459,50.65194,11,5,3,3,0,1,0,0
13.81415,51.05514,10,7,2,3,1,0,0,0
13.74559,51.06846,10,15,2,3,1,1,0,0
13.70732,51.07767,10,16,2,2,1,0,0,0
13.73112,51.21408,10,18,2,3,1,1,0,0
13.11798,50.97393,10,16,2,3,1,0,1,0
13.40473,50.91068,10,15,2,3,0,1,0,0
12.92621,50.84488,10,10,2,3,0,1,1,0
12.42807,50.48155,10,17,1,3,0,1,0,0
12.38086,51.34206,10,17,1,3,1,0,0,0
12.40965,51.32642,10,19,1,3,1,1,0,0
12.37738,51.33607,10,6,1,3,0,0,0,0
12.31149,51.41995,10,15,1,3,0,0,0,1
14.2706,51.44074,10,18,1,3,1,0,0,0
14.23273,51.42827,10,2,1,3,1,0,0,0
13.7475,51.05733,10,18,1,3,0,1,0,0
12.50281,50.57199,10,14,7,2,1,0,0,0
12.76742,50.85609,10,10,7,1,0,1,1,0
13.81177,51.02046,11,17,6,2,0,0,1,0
12.37679,51.34325,10,15,7,3,1,1,0,0
12.39845,51.32245,10,16,7,3,1,1,0,0
12.3712,51.33263,10,17,7,3,1,1,0,0
12.35697,51.33611,10,8,7,3,0,1,0,0
12.40135,51.31896,10,12,7,3,1,1,0,0
12.37455,51.33576,10,23,7,2,0,1,0,0
12.27005,51.31272,10,17,7,3,0,1,0,0
12.33997,51.3373,10,12,7,3,1,0,0,0
12.30628,51.33404,10,9,7,3,1,0,0,0
12.26951,51.3077,10,0,7,3,0,1,0,0
12.36169,51.31447,10,14,7,3,0,1,0,0
12.39351,51.36271,10,15,7,3,0,1,1,0
12.38094,51.34203,10,17,7,2,1,0,0,0
12.44156,51.3341,10,18,7,2,0,0,1,1
12.26821,51.30789,11,17,4,3,0,1,1,0
14.84723,51.11975,10,20,7,2,0,1,0,1
14.59188,51.1389,10,16,7,3,1,0,0,0
14.45697,51.08695,10,22,7,3,0,1,0,0
13.72023,51.08122,11,20,7,2,0,1,0,0
13.69238,51.10659,10,15,7,3,1,0,0,0
13.80173,51.04616,10,10,7,3,0,1,0,0
13.80675,51.04387,10,14,7,2,1,0,0,0
12.87898,50.83355,10,13,7,2,0,1,1,0
14.98424,51.14936,11,8,6,3,0,1,0,0
12.98799,51.56817,10,14,6,2,1,0,0,0
12.55831,51.05821,10,15,6,3,1,0,0,0
12.45787,51.34562,10,16,6,3,1,0,0,0
12.43056,51.36572,10,7,6,3,0,1,0,0
14.80442,50.88978,10,7,6,3,0,1,1,0
14.10784,51.28645,10,13,6,3,1,1,0,0
14.09575,51.44308,10,9,6,2,1,0,0,0
14.30045,51.42847,10,16,6,3,0,1,0,0
13.94692,50.93959,10,12,6,2,0,0,0,1
13.66778,51.10245,10,18,6,3,0,1,0,0
13.60564,51.16923,10,15,6,3,1,0,0,0
13.75932,51.02797,10,12,6,3,1,1,0,0
13.7763,51.03495,10,15,6,3,0,1,0,0
13.78532,51.03595,10,15,6,3,1,1,0,0
13.77905,51.01767,10,15,6,3,0,1,1,0
13.75595,51.05588,10,14,6,3,1,1,0,0
13.77101,51.02967,10,12,6,3,0,1,0,0
13.73933,51.03698,10,12,6,3,1,1,0,0
13.75872,51.04952,10,14,6,3,1,1,0,0
13.77586,51.03451,10,8,6,3,1,1,0,0
13.75794,51.03287,10,11,6,3,0,1,0,0
13.74887,51.04815,10,13,6,2,0,0,1,0
12.96082,50.98822,10,16,6,3,0,0,1,0
12.84592,50.8276,10,14,6,3,0,1,0,0
12.89866,50.80098,10,14,6,3,1,1,0,0
12.95512,50.8388,10,18,6,3,0,0,0,0
12.92331,50.84776,10,18,6,3,1,1,0,0
12.90594,50.82385,10,10,6,3,1,1,0,0
12.14781,50.5068,10,12,5,2,0,1,0,1
12.20053,50.48717,10,15,5,3,1,0,0,0
12.45791,50.717,10,12,5,3,1,1,0,0
12.49902,51.13389,10,7,5,3,0,1,0,0
12.24822,51.21404,10,6,5,2,0,1,0,0
12.36673,51.34053,10,12,5,3,1,1,0,0
12.33355,51.36693,10,14,5,3,0,0,0,0
12.3294,51.33298,10,8,5,3,1,0,0,0
12.41559,51.31989,10,10,5,3,0,1,0,0
12.37298,51.30138,10,11,5,3,1,1,0,0
12.34808,51.36646,10,18,5,3,0,1,0,0
12.38817,51.33818,10,10,6,3,1,0,0,0
12.36867,51.35733,10,12,5,3,1,1,0,0
12.38008,51.33922,10,18,5,3,1,1,0,0
13.90799,51.10853,10,17,5,3,1,0,0,0
13.93906,50.95977,10,7,5,2,0,0,0,0
13.46733,51.15565,10,15,5,3,1,1,0,0
13.64711,50.99909,10,6,5,3,1,0,0,0
13.75995,51.0273,10,12,5,2,0,1,1,0
13.7455,51.06829,10,13,5,3,1,0,0,0
13.75996,51.07516,10,9,5,3,1,0,0,0
13.80125,51.02835,10,17,5,3,0,1,0,0
12.91838,50.83505,10,17,5,3,0,1,1,0
12.92512,50.82517,10,19,5,2,1,1,0,0
12.90689,50.83868,10,10,5,3,0,1,0,0
12.49052,51.1232,10,6,4,3,1,1,0,0
13.74108,51.05741,11,7,6,3,1,0,0,0
12.38392,51.33593,10,20,4,3,1,0,0,0
12.37085,51.33638,10,8,4,3,1,1,0,0
12.482,51.34608,10,15,4,3,0,1,1,0
12.41391,51.31696,10,15,4,3,1,1,0,0
12.36125,51.36206,10,12,4,3,0,1,0,0
12.46798,51.35978,10,11,4,2,0,1,0,0
12.37445,51.3399,10,15,4,3,1,0,1,0
14.41151,51.1849,10,7,4,3,1,1,0,0
13.90649,51.26475,10,16,4,3,1,1,0,0
13.775,51.03358,10,14,4,3,0,1,0,0
13.74345,51.04024,10,15,4,3,1,1,0,0
13.73904,51.05029,10,14,4,3,1,1,0,0
13.34088,50.98399,10,7,4,3,0,1,0,0
12.89415,50.82265,10,16,4,3,0,1,0,0
12.48476,50.71903,10,6,3,3,1,1,0,0
12.31997,51.33028,10,6,3,3,1,1,0,0
12.36903,51.35968,10,22,3,3,1,0,0,0
13.65693,51.05831,11,10,6,3,0,1,0,0
14.43414,51.17992,10,14,3,3,0,1,0,1
13.68213,51.12858,10,16,3,2,0,1,0,0
13.63386,51.08509,10,10,3,3,0,1,0,0
13.80272,51.01212,10,16,3,3,0,0,0,1
13.74858,51.0717,10,18,3,3,1,1,0,0
13.76824,51.07236,10,15,3,3,1,0,0,0
13.78128,51.05434,10,8,3,2,1,0,0,0
12.81639,50.63738,10,15,3,3,0,1,0,0
13.343,50.91782,10,15,3,3,1,1,0,0
12.90904,51.48211,10,19,5,3,0,1,0,0
13.13613,51.12473,10,16,3,2,1,1,1,0
12.5747,50.81386,10,6,2,3,1,1,0,0
12.88953,51.38756,10,6,2,2,0,0,0,1
12.47921,51.18208,10,17,2,3,0,1,0,0
12.38172,51.32044,10,15,2,3,1,1,0,0
12.36013,51.30107,10,18,2,2,1,0,0,0
12.48261,51.38171,10,8,2,3,1,1,0,0
12.57342,51.60431,10,7,2,2,0,0,0,1
12.38945,51.33588,10,9,2,3,0,0,0,0
14.99063,51.14887,10,10,2,3,0,1,0,0
14.44678,51.18742,10,11,2,3,0,1,0,0
14.42495,51.1756,10,23,2,3,1,0,0,0
13.80324,51.02174,10,18,2,3,1,1,0,0
13.66564,51.02071,10,16,2,3,0,1,0,1
13.77563,51.06978,10,8,2,3,0,1,0,0
12.70054,50.72291,10,10,2,3,0,1,0,0
12.91499,50.82899,10,8,2,3,1,0,0,0
12.12184,50.49378,10,17,1,3,0,0,0,0
12.78006,51.19244,10,15,1,3,0,1,1,0
13.74987,51.08,10,20,3,3,0,1,0,1
12.3775,51.32796,10,16,1,3,0,1,0,0
12.40666,51.35727,10,12,1,3,1,0,0,0
12.33053,51.44989,10,14,1,3,1,1,0,0
12.5058,51.31674,10,8,1,2,0,0,0,1
13.65586,51.10375,11,15,5,3,0,1,0,0
13.63889,51.01961,10,15,1,2,1,0,0,1
13.70659,51.07874,10,2,1,3,0,1,0,0
13.75614,51.1078,10,10,1,3,1,0,0,0
14.18216,51.02236,10,17,1,2,0,1,0,1
13.20934,50.99626,10,18,1,3,0,1,0,0
13.1539,50.64979,10,2,1,3,0,1,0,0
12.91237,50.84465,10,18,1,3,0,1,0,0
12.44246,50.72421,10,13,7,3,1,1,0,0
12.72744,51.2553,10,14,7,3,0,1,0,0
12.37813,51.37122,10,13,7,2,1,1,0,0
13.75553,51.06888,10,18,7,3,1,1,0,0
12.92497,50.73204,10,15,7,2,0,0,0,0
12.90725,50.8225,10,12,7,3,1,1,0,0
12.45652,50.84078,10,16,6,3,0,1,1,0
12.47079,50.67785,10,0,6,3,0,1,0,0
13.10855,51.29882,10,16,6,3,0,1,0,0
12.49382,51.12173,10,20,6,2,0,1,0,1
12.34654,51.32897,10,14,6,3,1,0,0,0
12.35648,51.36454,10,12,6,3,0,1,0,0
14.62663,51.50755,10,10,6,3,1,1,0,0
14.18255,51.12943,10,15,6,3,0,1,0,0
14.18822,51.11955,10,9,6,3,0,1,0,1
13.68397,51.10042,10,22,6,3,0,0,0,0
13.69323,51.08177,10,21,6,3,0,1,0,0
13.7233,51.0405,10,19,6,3,0,1,0,1
13.75212,51.06189,10,16,6,2,1,0,0,0
12.93918,50.8435,10,19,6,3,0,1,0,0
12.91731,50.83463,10,11,6,3,0,0,0,0
12.12404,50.50618,10,19,5,3,1,1,0,0
12.37352,51.32993,10,18,5,3,1,1,0,0
12.34883,51.34903,10,12,5,3,0,1,0,0
12.33469,51.34984,10,14,5,3,1,1,0,0
12.36877,51.27701,10,13,5,3,1,1,0,0
12.46385,51.26382,10,16,5,3,0,1,0,0
14.61444,50.9809,11,16,6,3,0,1,0,0
14.69013,50.89757,10,15,5,2,1,1,0,0
14.98577,51.15391,10,14,5,3,0,1,1,0
13.28567,51.29455,10,15,5,3,1,0,0,0
13.59872,51.13584,10,10,5,3,1,0,0,0
13.83723,51.02547,10,15,5,3,1,0,0,0
13.79249,51.04781,10,13,5,3,0,1,0,0
13.78979,51.04525,10,9,5,3,0,0,0,1
13.70649,51.04555,10,17,5,3,0,1,0,0
12.92826,50.81956,10,16,5,2,1,1,0,0
12.86834,50.8653,10,9,5,3,0,0,0,0
12.1301,50.49655,10,9,4,3,0,1,0,0
12.99556,51.56101,10,6,4,3,0,1,1,0
12.39441,51.31462,10,17,4,3,1,1,0,0
12.8479,50.8254,11,23,7,3,0,1,0,0
12.3782,51.37581,10,11,4,3,1,1,0,0
12.38546,51.37615,10,11,4,3,1,1,0,0
14.32629,51.13546,10,13,4,3,1,0,0,0
14.32401,51.08653,10,19,4,2,0,0,0,1
13.78861,51.04328,11,20,5,3,0,1,0,0
14.01808,50.93044,10,12,4,3,0,1,0,0
13.79819,51.0454,10,11,4,3,1,1,0,0
14.66282,51.37942,10,22,6,2,0,0,0,1
13.72826,51.05685,10,10,4,3,1,1,0,0
13.76567,51.11401,10,14,4,2,1,0,0,0
13.32762,50.87572,10,16,4,3,1,1,0,0
12.88629,50.80376,10,19,4,3,0,1,1,0
13.01118,50.56326,10,11,4,1,0,1,0,0
13.73336,51.05088,11,10,3,3,1,0,0,0
12.40193,50.53142,10,16,3,3,1,0,0,0
12.37804,51.34776,10,15,3,3,1,0,0,0
12.40397,51.33843,10,9,3,3,1,1,0,0
12.32872,51.33384,10,9,3,3,1,0,0,0
12.43056,51.36562,10,16,3,3,1,1,0,0
12.36756,51.32079,10,8,3,3,1,1,0,0
12.43156,51.50033,10,14,3,2,1,0,0,0
12.36502,51.28272,10,18,3,2,0,0,0,1
14.18002,51.1281,10,10,3,2,0,1,1,0
13.95741,50.95142,10,15,3,3,1,1,0,0
13.72213,51.03023,10,16,3,3,0,1,0,0
13.74316,51.07249,10,10,3,3,0,1,0,0
13.78147,51.03038,10,16,3,3,1,0,0,0
13.8059,51.03943,10,9,3,3,0,0,0,0
13.05224,50.70509,10,15,3,3,0,1,0,0
12.81001,50.81226,10,12,3,3,0,1,0,0
12.92207,50.84128,10,20,3,3,0,1,0,0
13.44955,50.61279,10,16,3,2,0,1,0,0
12.48168,50.68295,10,15,2,2,1,0,0,0
12.55264,50.82763,10,12,2,3,0,1,0,0
12.30663,50.62251,10,15,2,2,0,1,0,0
13.07323,51.56666,10,16,2,3,0,1,0,0
12.56322,51.49402,10,18,2,2,0,1,0,0
12.37271,51.3431,10,14,2,3,0,1,0,0
12.3765,51.35002,10,21,2,3,0,1,0,0
12.37068,51.33524,10,16,2,3,1,0,0,0
12.41124,51.34205,10,1,2,3,0,1,0,0
12.34908,51.36805,11,16,3,3,0,1,0,1
12.36202,51.36853,10,9,2,3,0,1,0,1
12.42813,51.35796,10,17,2,3,0,1,0,0
12.1814,51.40122,10,16,2,3,0,1,0,1
12.36886,51.32095,10,15,2,3,1,1,0,0
12.43432,51.30638,10,16,2,3,0,1,0,0
14.66768,51.09458,10,10,2,3,0,1,0,0
13.72836,51.05664,10,14,2,3,1,0,0,0
13.74559,51.03694,10,14,2,3,0,1,0,0
13.68541,51.04726,10,11,2,3,1,1,0,0
13.75469,51.04604,10,14,2,3,0,1,0,0
12.73329,50.75681,10,6,2,3,0,0,0,1
12.96188,50.9669,10,13,2,3,1,0,1,0
12.32443,51.21739,11,11,7,2,0,1,1,0
12.98127,50.97045,10,12,2,2,0,0,0,0
12.72971,50.62206,10,19,2,2,0,1,1,0
12.93899,50.81797,10,9,2,3,0,1,0,0
12.89735,50.83789,10,15,2,3,1,1,0,0
12.90005,50.8386,10,10,2,3,0,0,1,0
12.29523,51.40995,10,22,1,3,0,1,1,0
14.67179,50.97677,10,7,1,2,0,0,1,0
14.66652,51.09489,10,9,1,3,1,0,1,0
14.2762,51.44505,10,3,1,3,0,1,0,0
13.74922,51.03356,10,12,1,3,0,1,0,1
13.75042,51.07144,10,4,1,3,1,0,0,0
13.77094,51.03998,10,13,1,3,0,1,0,0
12.91677,50.83439,10,12,1,2,0,1,0,0
11.99527,50.58335,10,10,7,3,0,1,0,1
12.37883,51.34593,10,16,7,3,0,0,1,0
12.36952,51.28435,10,15,7,2,0,1,0,0
14.82686,50.89118,10,13,7,3,1,0,0,0
14.06772,51.27388,10,12,7,2,0,1,0,0
13.72249,51.09181,10,12,7,2,1,0,1,0
12.31838,51.32735,10,18,6,3,1,0,1,0
12.46322,51.38331,10,9,6,3,0,1,0,1
13.69315,51.08465,10,15,6,3,0,0,0,1
13.74653,51.03842,10,7,6,3,0,1,0,0
13.73859,51.04704,10,13,6,3,1,1,0,0
12.77927,50.70593,10,19,6,3,0,0,0,1
12.88693,50.83845,10,6,6,3,1,1,0,0
12.38953,51.39972,10,18,5,3,0,1,0,0
12.40578,51.34554,10,17,5,3,1,0,0,0
13.82213,51.18107,10,14,5,2,1,0,0,0
14.98704,51.15205,10,11,5,2,0,0,1,0
13.93428,50.96197,10,12,5,2,0,0,1,0
13.79325,51.05806,11,7,6,3,1,0,0,0
13.95446,50.95698,10,16,5,3,0,1,0,0
13.70138,51.01015,10,11,5,3,0,1,0,0
13.7526,51.06045,10,18,5,3,1,1,0,0
13.72821,51.01896,10,20,5,3,0,1,0,0
13.68664,51.05606,10,10,5,2,1,1,0,0
12.94391,51.15773,10,10,5,3,0,1,0,0
13.21629,50.6281,10,6,5,2,0,1,0,1
12.94027,50.84264,10,19,5,3,1,1,0,0
12.37737,50.74101,10,11,4,3,1,1,0,0
12.6338,51.45715,10,17,4,3,0,1,0,0
12.22558,51.53883,10,9,4,3,0,1,0,0
12.33942,51.33395,10,5,4,3,1,0,0,0
12.3175,51.31834,10,14,4,3,0,1,0,0
12.4128,51.37512,10,15,4,3,0,1,0,0
12.62561,51.26199,10,8,4,3,1,1,0,0
13.73552,51.03453,10,9,4,3,1,1,0,0
13.83091,51.03134,10,23,4,3,1,0,0,0
13.75804,51.0758,10,7,4,3,0,1,0,0
13.80995,51.05164,10,15,4,2,1,0,1,0
13.75325,51.05032,10,14,4,2,1,1,0,0
13.71276,51.04633,10,21,4,3,1,0,0,0
13.05348,51.06591,10,8,4,3,0,0,0,1
12.93078,50.82268,10,13,4,3,0,1,0,0
12.8927,50.79076,10,6,4,3,1,1,0,0
12.91501,50.83703,10,11,4,3,1,0,0,0
13.70199,51.03654,11,20,7,3,1,1,0,0
12.89788,50.81403,10,11,4,3,0,0,0,0
12.47819,50.75629,10,6,3,2,0,0,0,1
12.4544,50.7208,10,13,3,3,0,1,1,0
12.30065,50.62183,10,8,3,2,1,0,0,0
12.37949,51.32704,10,7,3,3,1,1,0,0
12.32794,51.34244,10,10,3,3,0,1,0,0
12.29833,51.35691,10,8,3,3,1,0,0,0
12.28148,51.31158,10,15,3,3,1,1,0,0
12.29685,51.3136,10,12,3,3,0,1,0,0
12.35437,51.36238,10,4,3,3,1,1,0,0
12.36152,51.36344,10,19,3,3,0,1,1,0
14.17966,51.13496,10,16,3,3,0,0,0,1
14.3698,51.19598,10,15,3,3,0,1,0,0
13.94166,50.95775,10,14,3,3,0,1,1,0
13.48977,51.16761,10,19,3,2,1,0,0,0
13.8309,51.03135,10,19,3,2,1,0,0,0
13.77468,51.05593,10,14,3,3,0,1,1,0
13.81434,51.01803,10,11,3,3,0,1,0,0
12.38729,51.33246,11,13,6,3,1,1,0,0
13.77506,51.03809,10,10,3,2,1,1,0,0
13.71354,51.08247,10,18,3,3,1,0,0,0
12.87506,50.84073,10,11,3,3,0,1,0,1
12.35171,51.33328,10,17,2,3,1,0,0,0
12.3388,51.33239,10,17,2,3,1,1,0,0
12.37525,51.36475,10,16,2,2,1,0,0,0
14.8204,50.89698,10,8,2,3,0,1,0,0
13.93758,50.96196,10,10,2,3,0,1,1,0
13.6665,51.05388,10,13,2,3,0,0,0,1
13.70031,51.04495,10,8,2,3,1,1,0,0
12.53883,51.05338,10,15,2,2,0,1,0,1
13.72425,51.03073,10,8,2,3,1,1,0,0
14.43526,51.17407,11,21,4,3,0,1,0,0
13.73004,51.04254,10,16,2,3,1,0,0,0
13.7324,51.05094,10,17,2,3,0,1,0,0
13.33421,50.91137,10,15,2,3,1,1,0,0
13.30263,50.93301,10,15,2,2,0,1,0,0
12.89911,50.77689,10,15,2,3,1,1,0,0
12.35207,51.33347,10,14,1,3,1,1,0,0
12.50918,51.12888,11,19,5,3,1,0,0,0
12.37129,51.34449,10,13,1,2,0,1,0,0
13.5017,51.15257,10,15,1,2,1,0,0,0
12.94583,50.80295,10,0,1,3,1,0,0,0
12.53844,50.82511,10,14,7,3,0,0,0,1
13.9304,51.08357,10,23,7,3,0,1,0,0
14.82886,51.29546,10,18,7,3,1,0,0,0
14.98592,51.1535,10,11,7,3,0,0,0,1
12.71309,51.03329,11,0,1,3,0,0,0,1
13.74868,51.05104,10,22,7,3,0,1,0,0
13.7324,51.05092,10,16,7,3,1,0,0,0
13.73923,51.04735,10,14,7,3,1,1,0,0
13.73594,51.05306,10,21,7,3,1,0,0,0
13.69742,51.07804,10,10,7,2,0,1,0,0
13.33868,50.91237,10,13,7,3,1,0,0,0
12.92212,50.84127,10,13,7,3,0,1,0,0
12.75843,50.92337,10,0,7,2,0,1,0,0
12.376,50.73269,10,8,6,3,0,0,0,0
12.40229,51.34573,10,15,6,3,0,1,1,0
12.39828,51.33926,10,16,6,3,1,1,0,0
13.69793,51.08466,10,19,6,3,0,1,1,0
13.88541,51.06234,10,12,6,2,0,1,1,0
13.72526,51.05017,10,14,6,2,0,1,1,0
13.76695,51.04167,10,16,6,3,0,1,0,0
13.77459,51.03309,10,19,6,3,0,1,1,0
13.71371,51.0507,10,19,6,2,0,0,1,0
13.3195,50.91932,10,13,6,3,1,1,0,0
12.88206,50.83797,10,15,6,3,0,1,0,1
12.14386,50.49492,10,0,5,3,1,0,0,0
14.45201,51.19043,10,1,5,3,0,0,0,0
13.79496,51.24857,10,12,5,2,0,0,0,1
13.65861,51.00862,10,23,5,3,0,1,1,0
12.77099,50.71119,10,18,5,3,1,0,0,0
13.04973,51.23665,10,11,4,3,1,1,0,0
12.38275,51.20187,10,21,4,3,1,0,0,0
12.36716,51.33599,10,7,4,3,1,0,0,0
12.38492,51.33813,10,17,4,3,1,1,0,0
12.36996,51.34303,11,21,5,3,0,1,0,0
12.41797,51.34389,10,19,4,3,0,1,0,0
12.38798,51.33399,10,22,4,3,0,1,0,0
12.39441,51.31459,10,11,4,3,1,0,0,0
12.36973,51.32448,10,17,4,3,1,1,0,0
12.43914,51.29485,10,14,4,3,0,1,0,0
14.22937,51.46571,10,14,4,3,0,1,0,1
14.88086,51.11853,10,12,4,3,0,1,0,0
13.26637,51.30547,10,14,4,3,0,1,0,0
13.65637,51.10178,10,16,4,2,0,1,1,0
13.51592,51.2959,10,11,4,3,1,0,0,0
13.7293,51.04309,10,11,4,3,0,1,0,0
13.80678,51.01141,10,18,4,3,1,0,0,0
13.85618,51.00524,10,10,4,2,1,0,0,0
13.74691,51.11521,10,19,4,2,0,1,0,0
13.74154,51.04512,10,10,4,3,0,1,0,0
13.73402,51.04952,10,17,4,3,0,1,0,0
13.79658,51.04267,10,11,4,3,0,1,1,0
12.92988,50.84812,10,8,4,3,0,0,0,1
13.75997,51.05205,11,15,1,2,1,0,0,0
12.92407,50.82851,10,13,4,3,0,0,0,0
13.35094,50.91256,10,6,4,3,1,1,0,0
12.47044,50.72156,10,19,3,3,1,1,0,0
12.49,50.72043,10,13,3,3,0,1,0,0
12.37179,50.73262,10,15,3,3,0,1,0,0
12.55405,50.82472,10,17,3,3,0,1,0,0
12.40985,50.53223,10,20,3,3,1,0,0,0
12.40378,50.51921,10,17,3,3,0,1,1,0
12.25773,51.16688,10,0,3,3,1,1,0,0
12.35052,51.33264,10,19,3,3,0,1,0,0
12.91703,50.83247,10,10,6,3,0,1,1,0
12.35192,51.2681,10,8,3,3,1,0,0,0
12.4632,51.33392,10,20,3,3,0,1,0,0
12.43052,51.35133,10,14,3,3,1,1,0,0
14.62891,51.4979,10,16,2,2,0,1,0,1
12.35418,51.34011,10,6,3,3,1,1,0,0
12.38105,51.36608,10,18,3,3,1,0,1,0
12.36211,51.36076,11,14,7,3,0,1,0,0
12.40319,51.33862,10,14,3,3,0,1,1,0
12.2517,51.19763,10,19,3,3,0,1,0,0
12.38516,51.33949,10,15,3,3,0,1,0,0
14.61088,50.98196,10,10,3,2,1,0,0,0
13.91902,51.10997,10,13,3,3,1,1,0,0
14.90527,51.19611,10,16,3,3,0,1,0,1
14.38625,51.0549,10,7,3,3,0,1,0,0
13.93739,50.9596,10,14,3,3,0,1,0,1
13.87606,50.96592,10,13,3,3,1,0,0,0
13.70331,51.04254,10,13,3,3,0,1,0,0
13.75233,51.06148,10,16,3,3,0,1,0,0
13.7382,51.06399,10,8,3,3,1,1,0,0
13.32514,50.9205,10,15,3,3,0,1,1,0
12.90129,50.81268,10,12,3,3,0,1,0,0
12.92103,50.83092,10,14,3,2,0,0,0,0
12.36899,50.70649,9,8,2,3,1,1,0,0
12.54732,50.81719,9,10,2,3,1,1,0,0
12.46452,51.07769,9,9,2,3,1,1,0,0
12.37473,51.26184,9,9,2,3,1,1,0,0
13.00472,50.90991,10,20,5,3,0,0,0,1
12.37302,51.30959,9,18,2,3,0,0,0,1
12.35912,51.36649,9,11,2,3,1,0,0,0
14.98434,51.15475,9,19,2,2,0,0,0,1
12.37105,51.28035,11,17,5,3,0,1,0,0
14.498,51.09804,9,17,2,2,1,1,0,0
13.68399,51.10042,9,12,2,3,0,0,0,0
13.57818,51.12402,9,16,2,3,1,0,0,0
13.7101,51.05098,9,10,2,3,0,1,0,0
13.71221,51.05222,9,16,2,3,1,1,0,0
13.79873,51.01268,9,9,2,3,1,1,0,0
12.45576,51.39215,10,7,6,3,1,1,0,0
13.74525,51.06284,9,16,2,3,1,1,0,0
12.97137,51.03157,9,18,2,3,1,0,0,0
13.33411,50.86753,9,14,2,3,0,1,0,0
12.938,50.84292,9,16,2,3,0,1,0,1
12.92273,50.83174,9,9,2,3,0,0,0,0
12.91688,50.84165,9,13,2,3,1,1,0,0
12.49711,51.10568,9,11,1,3,0,1,0,0
12.37841,51.3437,9,19,1,3,1,0,1,0
14.24342,51.45574,9,3,1,3,1,0,0,0
14.0875,50.9216,9,15,1,3,1,0,0,0
13.58434,50.99037,9,11,1,2,1,1,0,0
13.21843,50.94222,9,15,1,2,0,1,0,1
14.18158,51.12989,10,4,6,3,1,1,0,0
12.91932,50.83596,9,13,1,2,0,0,0,0
12.9162,50.83736,9,13,1,3,0,0,0,0
12.32672,51.30733,9,16,7,3,1,1,0,0
12.29888,51.35648,9,15,7,3,1,1,0,0
12.40809,51.2755,9,18,7,3,0,0,0,0
12.39732,51.39061,9,21,7,3,0,0,0,1
12.36661,51.36217,9,17,7,3,1,0,0,0
12.37198,51.32213,9,17,7,2,1,0,0,0
14.09121,51.44492,9,7,7,3,1,1,0,0
14.87977,51.13686,9,14,7,3,0,0,0,1
14.22769,51.11944,9,12,7,3,0,0,0,1
13.64753,51.07898,9,9,7,3,0,1,0,0
12.37843,51.33572,11,17,6,3,0,0,1,0
13.7759,51.05101,9,12,7,3,0,1,0,0
13.60911,51.10678,9,8,7,3,0,1,0,0
12.49807,50.70239,9,14,6,3,0,1,0,0
12.51195,50.61877,9,13,6,3,0,0,0,1
12.52661,50.62315,9,11,6,3,0,1,0,1
12.5312,50.68435,9,12,6,3,1,1,0,0
12.52883,50.82532,9,18,6,3,0,1,1,0
12.53353,50.82418,9,0,6,3,0,0,0,1
13.05238,51.51187,9,23,6,2,0,1,0,0
12.59275,51.2807,9,14,6,3,1,1,0,0
12.35222,51.29167,9,9,6,3,1,0,1,0
12.40548,51.36781,9,17,6,3,0,1,0,0
12.36752,51.32079,9,11,6,3,0,1,0,0
12.43026,51.37697,9,15,6,1,0,1,1,0
14.76217,50.86431,9,7,6,3,0,0,0,1
14.2447,50.92054,9,14,6,3,1,0,1,0
13.6793,51.06128,9,11,6,2,1,0,0,0
13.74389,51.03551,9,8,6,3,0,1,1,0
13.82495,51.01025,9,21,6,3,0,1,0,0
13.78883,51.03358,9,14,6,3,1,0,0,0
13.79413,51.00319,9,8,6,3,0,1,1,0
13.75794,51.03287,9,16,6,3,0,1,0,0
12.38542,50.80388,9,12,5,3,0,1,0,0
12.16462,50.41682,9,15,5,3,0,1,0,0
12.13683,50.4891,9,6,5,3,0,1,0,0
12.48878,50.71902,9,15,5,3,0,1,1,0
12.41127,51.34206,9,16,5,2,1,1,0,0
12.37627,51.30863,9,11,5,3,1,0,0,0
12.37349,51.35179,9,14,5,3,0,1,0,0
12.41946,51.34805,9,10,5,3,1,1,0,0
12.41748,51.31607,9,5,5,2,1,1,0,0
14.62585,51.50294,9,15,5,3,1,0,0,0
14.43524,51.17408,9,8,5,3,0,1,0,0
13.73217,51.03935,9,15,2,3,1,1,0,0
13.22601,51.35427,9,15,5,3,0,1,0,0
13.93119,50.97386,9,12,5,3,1,0,0,0
13.6659,51.04528,9,0,5,3,1,0,1,0
13.72216,51.07738,9,13,5,2,1,0,0,0
13.78893,51.01425,9,12,5,3,0,1,1,0
13.7848,51.01495,9,9,5,3,0,1,1,0
13.75408,51.0462,9,8,5,3,0,1,0,0
12.79654,51.05445,9,15,5,3,1,1,0,0
12.4464,50.7253,9,15,4,3,0,1,0,0
12.40315,50.67694,9,10,4,2,1,1,0,0
12.38555,50.81454,9,14,4,3,1,0,0,0
12.38151,50.52453,9,17,4,3,0,1,0,0
12.9971,51.08067,10,14,3,3,0,1,0,0
12.48807,50.68509,9,14,4,2,1,1,0,0
12.59229,51.28363,9,9,4,3,1,0,0,0
12.34475,51.31895,9,15,4,3,1,0,0,0
14.83422,51.28833,10,7,7,3,1,1,0,0
12.38707,51.30928,9,11,4,3,1,0,1,0
12.44159,51.35078,9,11,4,3,0,1,0,1
12.50458,51.3796,9,16,4,3,1,1,0,0
12.26085,51.30157,11,15,6,3,0,1,0,1
12.40696,51.33811,9,19,4,3,0,1,0,0
12.39833,51.31999,9,8,4,3,1,1,0,0
14.97491,51.14486,9,5,4,3,1,0,1,0
12.84194,50.82249,10,16,6,3,0,1,0,1
14.44211,51.16836,9,18,4,3,1,1,0,0
13.29455,51.30281,9,16,4,3,1,0,0,0
13.69222,51.04813,9,21,4,3,1,1,0,0
13.76446,51.06726,9,9,4,3,1,1,0,0
13.75343,51.07055,9,18,4,3,1,0,0,0
13.78186,51.13794,9,12,4,3,0,1,0,0
13.81399,51.03643,9,14,4,3,1,0,0,0
12.68695,50.59358,9,14,4,3,0,1,1,0
12.9576,50.81996,9,14,4,3,0,1,0,0
12.90595,50.82385,9,17,4,3,0,1,0,0
12.1352,50.50344,9,15,3,3,1,1,0,0
13.77036,51.07174,10,7,4,3,1,1,0,0
12.50744,50.67048,9,15,3,3,0,1,0,1
14.19955,51.02249,11,15,3,3,0,1,1,0
12.34664,51.35084,9,18,3,3,1,0,0,0
12.38509,51.33798,9,8,3,3,1,1,0,0
12.26005,51.30363,9,16,3,3,0,1,0,1
12.37343,51.32836,9,15,3,3,0,1,0,0
12.42798,51.35867,9,10,3,3,0,1,0,0
12.41445,51.34511,9,19,3,3,1,0,0,0
14.97776,51.16902,9,12,3,2,1,1,0,0
13.73425,51.04454,9,9,3,3,0,1,1,0
13.79383,51.0069,9,18,3,3,0,1,0,0
12.38897,51.30922,10,6,5,3,1,0,0,0
13.75196,51.05923,9,20,3,3,1,0,0,0
13.77521,51.03834,9,16,3,3,0,1,0,0
13.77254,51.0476,9,15,3,3,1,0,1,0
13.7384,51.04457,9,19,3,3,0,0,1,0
13.93112,50.9742,11,6,2,3,0,1,0,0
13.81263,51.01096,9,9,3,3,0,1,0,0
13.7261,51.05351,9,15,3,3,1,1,0,0
13.74912,51.05253,9,18,3,3,1,0,0,0
12.90508,50.79173,9,7,3,3,0,1,0,0
12.32885,51.32527,10,1,2,3,1,0,0,0
12.73994,50.73503,9,16,3,3,1,1,0,0
12.42003,50.49716,9,12,2,3,0,0,0,1
12.46365,50.67276,9,19,2,2,1,0,0,0
13.00097,51.56157,9,9,2,3,0,1,0,1
13.13271,51.45851,9,18,2,3,0,0,0,1
13.05773,51.23672,9,18,2,3,0,0,0,1
12.26903,51.46647,9,7,2,3,1,1,0,0
12.38208,51.33257,9,17,2,3,1,1,0,0
12.31913,51.33097,9,11,2,2,1,1,0,0
12.26084,51.30157,9,11,2,3,1,1,0,0
12.37848,51.37677,9,15,2,2,1,1,0,0
12.30062,51.33616,9,14,2,3,1,1,0,0
12.69483,51.05648,9,13,2,3,1,1,0,0
13.07867,51.56683,9,15,2,2,0,0,0,1
12.40594,51.36828,9,6,2,3,0,1,0,0
12.41289,51.34167,9,13,2,3,1,1,0,0
12.37047,51.36131,11,16,2,3,0,1,0,0
14.09541,51.28548,9,16,2,3,0,1,0,1
14.23791,51.43257,9,13,2,3,1,1,0,0
14.81929,51.29572,9,12,2,3,1,1,0,0
14.42886,51.18046,9,13,2,3,1,1,0,0
14.57637,51.15005,9,20,2,2,1,0,0,0
14.42595,51.18013,9,17,2,2,1,0,0,0
14.18255,51.12943,9,13,2,3,0,1,0,0
12.3853,51.33284,11,14,6,3,0,1,1,0
13.6747,51.10119,9,19,2,3,0,1,0,0
13.69901,51.04074,9,7,2,2,1,0,0,0
13.75944,51.02796,9,16,2,3,1,1,0,0
13.80791,51.04456,9,13,2,3,1,0,0,0
13.78355,51.04871,9,12,2,2,1,1,0,0
12.76775,50.54845,9,10,2,3,0,1,0,1
12.86985,50.53237,9,7,2,3,1,1,0,0
12.82999,50.81039,9,17,2,3,1,1,0,0
12.90089,50.8409,9,15,2,3,1,1,0,0
13.80816,51.00605,10,8,3,3,1,1,0,0
12.37086,51.33503,9,21,1,3,1,1,0,0
14.45242,51.19032,11,15,2,3,0,1,0,0
12.42624,51.25971,9,13,1,3,1,0,0,0
12.78,51.19245,9,16,1,1,1,0,0,0
12.3761,50.73171,12,13,3,3,1,0,1,0
12.37866,50.71641,12,14,3,2,0,1,1,0
12.56185,51.32212,12,12,3,3,0,1,0,0
12.28875,51.3275,12,9,3,3,0,1,0,0
12.37761,51.2621,12,13,3,3,1,0,0,0
12.35086,51.36524,12,13,3,3,1,1,0,0
12.38971,51.35894,12,11,3,3,0,1,0,0
13.65964,50.9885,12,21,3,3,1,0,0,0
13.72915,51.03006,12,10,3,3,1,0,0,0
12.38866,51.34254,12,13,2,3,1,1,0,0
12.30955,51.37737,12,16,2,3,0,1,0,0
12.2957,51.31777,12,18,2,3,1,1,0,0
14.63161,51.51269,12,9,2,2,1,0,0,0
12.96103,51.08155,12,18,2,3,0,1,0,0
12.33175,51.2063,12,13,1,3,1,0,0,0
14.02472,51.14254,12,9,1,3,0,1,0,0
12.36489,51.36268,12,14,7,3,1,1,0,0
12.36138,51.3625,12,6,7,3,0,1,1,0
13.74159,51.11699,12,10,7,3,1,1,0,0
12.88607,50.83935,12,10,7,3,0,1,0,0
12.46826,50.68911,12,12,6,3,1,1,0,0
12.17559,50.41807,12,11,6,3,0,1,1,0
12.11733,50.49547,12,12,6,3,0,1,1,0
12.97669,51.30771,12,21,6,2,0,1,0,0
12.70865,51.35899,12,11,6,3,1,1,0,0
12.33836,51.39628,12,12,6,3,0,1,0,0
12.40753,51.30471,12,16,6,3,0,1,0,0
14.64822,51.50658,12,20,6,3,0,1,0,0
14.98114,51.14555,12,13,6,2,1,0,0,0
12.99699,51.08071,12,18,6,3,1,1,0,0
12.37789,50.57704,12,10,5,2,0,1,1,0
14.57743,51.00398,12,2,5,3,0,0,0,1
13.76673,51.01186,12,23,5,3,0,1,0,0
13.87605,50.99178,12,13,5,2,1,0,1,0
12.40504,51.32304,12,18,4,2,1,0,0,0
13.41607,51.06435,12,23,4,3,0,1,0,0
13.7517,51.06696,12,6,4,3,1,0,0,0
14.02495,51.04957,12,16,3,3,0,1,0,0
12.95762,50.81998,12,10,3,3,0,1,0,0
12.44477,50.84209,12,17,2,3,0,1,0,1
12.98681,51.55286,12,9,2,2,1,0,0,0
12.4952,51.51557,12,0,2,3,0,1,0,0
12.71905,51.22082,12,8,2,3,1,0,0,0
12.72986,51.23652,12,10,2,3,0,1,0,0
12.74288,51.37023,12,8,2,3,1,0,0,0
12.36215,51.33209,12,8,2,3,1,0,0,0
12.32607,51.30727,12,7,2,3,1,0,0,0
12.39658,51.30891,12,8,2,3,1,0,0,0
12.49379,51.38254,12,10,2,2,1,1,0,0
12.37035,51.36105,12,8,2,3,1,0,0,0
14.10635,51.27312,12,14,2,3,0,1,1,0
13.92465,50.95829,12,11,2,3,0,1,0,0
13.74918,51.03359,12,10,2,3,0,1,0,0
12.54566,50.82134,12,11,3,3,0,1,0,0
13.82617,50.99558,12,13,2,2,0,1,1,0
13.72012,51.08058,12,20,2,3,0,1,0,0
12.14991,50.49187,12,16,1,3,0,1,0,0
12.32513,51.20889,12,4,1,3,0,1,0,0
12.2919,51.31888,12,19,1,2,0,1,0,0
13.7777,51.04484,12,4,1,3,0,0,0,0
13.34738,50.91765,12,12,1,3,1,1,0,0
12.90977,50.83848,12,17,1,3,0,1,0,0
12.44493,50.8423,12,13,7,3,0,1,0,0
14.09507,51.45529,12,7,7,2,1,1,0,0
13.73106,51.05365,12,18,7,3,1,0,0,0
12.17426,50.41584,12,12,6,3,0,0,1,0
12.87511,51.39272,12,15,6,3,1,1,0,0
12.71538,51.22837,12,14,6,3,0,1,1,0
12.3843,51.2333,12,9,6,3,0,1,0,0
12.36705,51.32547,12,6,6,3,0,1,0,1
12.40591,51.34465,12,17,6,3,0,1,0,0
12.4084,51.33759,12,1,6,3,0,1,0,0
12.43311,51.33997,12,12,6,3,0,1,0,0
14.60703,50.98281,12,12,6,2,0,1,0,1
14.17953,51.13468,12,12,6,2,0,0,1,1
14.06032,51.22482,12,11,6,2,0,1,1,0
13.99431,50.98936,12,19,6,3,0,1,0,0
13.56751,51.10762,12,12,6,3,0,1,0,0
13.73894,51.05437,12,14,6,3,1,0,0,0
12.97733,51.1033,12,9,6,3,1,0,0,0
12.84871,50.81749,12,15,6,2,0,1,0,1
12.33455,51.52582,12,15,5,3,1,0,0,0
12.35699,51.34595,12,2,5,2,1,0,0,0
12.38696,51.33823,12,20,5,3,0,1,1,0
12.311,51.41353,12,17,5,3,1,0,0,0
12.47937,51.35161,12,21,5,2,0,1,1,0
14.25964,51.43948,12,15,5,3,1,1,0,0
14.9701,51.33364,12,9,5,3,1,1,0,0
14.42044,51.18055,12,6,5,3,1,1,0,0
13.67001,50.89579,12,19,5,3,0,1,1,0
13.83797,51.02419,12,18,5,3,1,1,0,0
13.75402,51.03531,12,16,5,3,0,1,0,0
13.74898,51.05287,12,12,5,3,1,0,0,0
13.7333,51.04414,12,7,5,3,1,0,0,0
13.7672,51.0311,12,7,5,3,0,1,0,0
13.73894,51.05437,12,19,5,3,1,0,0,0
13.81023,51.03598,12,19,5,3,0,1,0,0
13.37975,50.64982,12,15,5,3,0,1,0,0
13.32002,50.79815,12,14,5,3,0,1,0,0
12.8664,50.86188,12,16,5,3,0,1,0,0
12.94649,50.85482,12,18,5,3,1,0,1,0
12.86374,50.8674,12,19,5,3,0,1,0,0
12.94185,50.82465,12,21,5,3,0,1,1,0
12.75055,50.74294,12,10,5,2,0,1,1,0
12.39238,51.3304,12,22,4,3,1,1,0,0
12.37029,51.32624,12,7,4,3,1,1,0,0
12.38599,51.36399,12,17,4,3,0,1,0,0
12.38837,51.34408,12,16,4,3,1,0,0,0
12.43056,51.36546,12,6,4,2,1,1,0,0
13.84202,51.17691,12,17,4,2,0,1,0,0
13.74912,51.05255,12,17,4,3,1,1,0,0
13.78157,51.18445,12,9,6,3,0,1,0,0
13.7713,51.06032,12,12,4,3,1,1,0,0
12.92843,50.83619,12,17,4,2,1,1,0,0
12.9169,50.85627,12,13,4,3,0,1,0,0
12.45749,50.69842,12,14,3,3,0,1,0,0
12.44336,51.51673,12,9,3,3,0,1,0,0
12.29654,51.42254,12,16,3,3,0,1,0,1
12.40599,51.31391,12,7,3,3,1,1,0,0
12.36854,51.28908,12,17,3,3,0,1,0,0
12.3304,51.34197,12,16,3,3,0,1,0,0
13.75165,51.04723,12,19,3,3,1,1,0,0
13.74872,51.04825,12,7,3,3,1,1,0,0
13.7681,51.08981,12,7,3,2,1,0,0,0
13.7772,51.06009,12,15,3,2,1,1,0,0
13.31754,50.86864,12,18,3,3,1,0,0,0
12.90041,50.53622,12,18,3,3,1,1,0,0
12.89626,50.79727,12,12,3,3,0,1,0,0
12.48423,50.70493,12,7,2,3,0,1,0,0
12.35921,51.3753,12,15,2,3,0,1,0,0
12.51845,51.34964,12,16,2,3,0,1,0,0
12.32668,51.31223,12,7,2,3,0,1,0,1
12.36237,51.33289,12,17,2,3,1,1,0,0
14.02047,51.08395,12,10,2,3,0,0,0,0
13.46346,51.1711,12,15,2,3,0,1,1,0
13.66124,51.01216,12,19,2,3,0,1,1,0
13.6705,51.04728,12,9,2,3,0,1,0,1
13.73447,51.05193,12,18,2,3,1,1,0,0
12.35502,51.3495,12,22,1,3,1,0,0,0
12.33022,51.33724,12,15,1,3,1,0,0,0
12.35296,51.34199,12,18,1,3,1,1,0,0
12.47919,51.3458,12,17,1,2,0,1,1,0
13.26111,51.32018,12,17,1,3,0,1,1,0
13.71303,51.05709,12,20,1,2,0,0,0,0
13.72585,51.05298,12,16,1,3,0,0,1,0
12.77158,50.92859,12,1,1,3,0,1,0,0
12.966,50.83277,12,9,1,1,0,1,0,0
12.14059,50.50133,12,11,7,2,0,1,0,0
12.37469,51.36388,12,11,7,3,0,1,0,0
13.75503,50.74877,12,23,7,3,0,1,0,0
13.69611,51.04594,12,22,7,3,0,1,0,0
13.84156,51.0031,12,15,7,3,0,1,1,0
12.87763,50.83179,12,10,7,3,0,1,0,0
12.58365,50.7303,12,3,6,2,1,1,0,0
12.73819,51.23442,12,10,6,3,0,1,0,0
12.42795,51.35747,12,11,6,3,1,1,0,0
12.38507,51.338,12,10,6,3,1,1,0,0
12.58472,51.59721,12,18,6,2,0,1,1,0
14.11206,51.27591,12,11,6,3,1,0,0,0
14.06753,51.34426,12,18,6,3,0,1,0,0
13.2949,51.30276,12,7,6,3,0,1,0,0
13.61459,50.97588,12,10,6,3,0,1,0,0
13.71588,51.01869,12,13,6,3,0,1,1,0
13.75215,51.06178,12,17,6,3,0,1,0,0
12.89264,50.75699,12,21,6,3,0,1,0,0
12.4096,51.34534,12,9,5,3,1,1,0,0
14.66647,51.09379,12,21,5,3,1,0,1,0
13.94047,50.95973,12,18,5,3,1,1,0,0
13.74925,51.05764,12,18,5,3,1,0,0,0
13.78354,51.01783,12,15,5,2,0,1,1,0
12.80508,50.62887,12,7,5,3,0,1,0,0
13.21432,50.79498,12,23,5,3,0,1,0,0
12.90792,50.83304,12,9,5,3,0,1,0,0
12.37665,51.35718,12,17,4,3,1,0,0,0
12.4576,51.28404,12,18,4,3,0,1,0,0
12.48851,51.34647,12,11,4,3,0,1,1,0
12.39638,51.30892,12,15,4,3,0,1,0,0
12.36452,51.3571,12,7,4,3,0,1,1,0
12.42145,51.37927,12,13,4,2,1,1,0,0
12.33908,51.3184,12,11,4,3,0,1,0,0
14.42546,51.17686,12,16,4,3,1,0,1,0
13.33959,51.33334,12,6,4,3,1,1,0,0
13.86046,50.97993,12,7,4,3,0,0,1,0
13.73119,51.21405,12,17,4,3,1,1,0,0
13.6021,51.11044,12,17,4,3,0,1,0,0
13.58188,51.11446,12,16,4,3,0,1,0,0
13.74574,51.11582,12,14,4,2,0,1,1,0
13.08452,51.12486,12,11,4,3,0,1,0,0
12.94228,50.82356,12,7,4,3,0,1,1,0
12.91733,50.83464,12,16,4,3,0,1,0,0
12.93919,50.84351,12,20,4,3,0,1,0,0
12.37689,51.34354,12,8,3,3,0,0,1,0
12.37791,51.37429,12,9,3,3,1,0,1,0
12.40631,51.36866,12,20,3,3,0,1,0,0
12.3828,51.34097,12,18,3,2,0,0,1,0
14.81858,51.14445,12,7,3,2,0,0,0,1
14.98373,51.15427,12,12,3,3,0,1,0,1
13.80661,51.03908,12,11,3,3,0,1,0,0
13.82308,51.03252,12,17,3,3,0,1,0,0
12.87076,50.81647,12,5,3,3,0,1,1,0
12.86815,50.86506,12,11,3,2,0,0,0,0
12.4939,50.72582,12,17,2,3,0,1,0,0
12.50713,50.73222,12,7,2,2,0,1,1,0
12.35806,51.34412,12,9,2,3,1,1,0,0
12.39157,51.28943,12,19,2,3,0,1,0,0
12.37058,51.36139,12,18,2,3,0,1,1,0
12.39033,51.19836,12,14,2,1,0,0,1,0
12.49848,51.13435,12,13,5,3,1,1,0,0
12.39543,51.35431,12,16,2,3,0,0,1,0
12.38814,51.3262,12,19,2,3,0,0,1,0
14.81355,50.88976,12,17,2,3,1,1,0,0
13.89544,51.07822,12,19,2,3,1,1,0,0
14.82699,51.29216,12,11,2,2,1,0,0,0
13.4541,51.41406,12,19,2,3,1,0,0,0
13.9282,50.95328,12,12,2,3,0,1,0,0
13.7627,51.01823,12,15,2,3,1,0,0,0
13.79889,51.05296,12,8,2,3,0,1,1,0
13.6344,51.12312,12,7,2,2,0,1,1,0
13.75661,51.04575,12,13,2,3,0,1,1,0
12.76669,50.71218,12,10,2,3,1,0,1,0
12.71011,50.92894,12,11,2,3,0,1,1,0
12.74609,50.79282,12,23,1,3,0,1,1,0
12.33346,51.3712,12,13,1,3,1,0,0,0
14.23549,51.43246,12,14,1,3,0,1,0,0
14.2951,51.11505,12,15,1,2,0,1,0,0
13.74807,51.05744,12,21,1,3,1,0,0,0
13.80093,51.02716,12,15,1,2,0,1,1,0
12.37855,50.74079,12,3,7,3,1,0,0,0
12.72786,50.80289,12,18,7,3,0,1,1,0
12.72858,51.23646,12,18,7,2,0,1,1,0
12.40762,51.33931,12,20,7,3,1,1,0,0
12.37129,51.32996,12,18,7,3,1,1,0,0
12.41142,51.33101,12,11,7,3,1,1,0,0
12.46449,51.30554,12,16,7,3,0,1,1,0
12.4522,51.31029,12,15,7,3,0,1,0,0
12.42051,51.31924,12,15,7,3,1,1,0,0
14.66744,50.8914,12,11,7,3,1,1,0,0
14.16399,51.25189,12,3,7,3,0,1,0,0
14.45426,51.18902,12,10,7,3,1,1,0,0
13.27244,51.29763,12,10,7,3,1,1,0,0
13.94532,50.95885,12,20,7,3,0,1,0,0
13.6814,51.04127,12,16,7,3,0,1,1,0
13.71676,51.06839,12,18,7,3,0,1,1,0
13.75172,51.06698,12,20,7,2,0,1,1,0
12.93916,50.84356,12,15,7,3,0,1,0,0
12.49468,50.73243,12,16,6,3,1,0,0,0
12.45886,50.71717,12,11,6,3,1,1,0,0
12.36396,50.47448,12,20,6,3,0,1,1,0
12.99835,51.55999,12,16,6,3,0,1,0,0
12.60915,51.32906,12,10,6,3,0,1,0,1
12.32309,51.32712,12,23,6,3,0,1,0,0
12.33428,51.31929,12,16,6,3,1,1,0,0
12.37414,51.3041,12,16,6,3,1,0,0,0
12.37314,51.30894,12,19,6,3,0,1,0,0
12.40834,51.33632,12,7,6,3,0,1,1,0
12.37695,51.39022,12,18,6,3,0,1,1,0
13.92011,51.10611,12,12,6,3,1,1,0,0
13.74933,51.06462,12,23,6,3,0,1,1,0
13.80332,51.05389,12,18,6,3,1,1,0,0
13.77765,51.05586,12,7,6,3,1,1,0,0
13.80683,51.03738,12,7,6,2,1,0,0,0
13.15106,50.65953,12,13,6,2,0,1,0,0
12.91944,50.8451,12,7,6,3,0,1,0,0
12.50639,50.73346,12,15,5,3,0,1,1,0
12.48471,50.71904,12,11,5,3,0,1,0,0
12.07515,50.54633,12,14,5,3,1,1,0,0
12.63195,51.46273,12,14,5,3,1,1,0,0
12.34864,51.35067,12,7,5,3,0,1,0,0
12.37863,51.34554,12,21,5,3,0,0,0,0
12.37206,51.34226,12,17,5,3,1,1,0,0
12.2984,51.34304,12,19,5,3,0,1,0,0
12.32364,51.31859,12,19,5,3,1,0,0,0
12.36571,51.35734,12,23,5,3,1,0,0,0
13.87868,50.97099,12,9,2,3,0,1,0,0
12.43823,51.38013,12,19,5,3,1,1,0,0
12.36682,51.34693,12,17,5,3,0,1,0,0
12.38062,51.33081,12,6,5,3,0,1,0,0
14.10214,51.27845,12,11,5,3,0,0,1,0
14.95259,51.14855,12,7,5,3,0,1,1,0
13.55744,51.05199,12,7,5,3,1,0,0,0
13.74858,51.0717,12,8,5,3,1,1,0,0
13.80063,51.04129,12,7,5,2,1,1,0,0
13.8115,51.02203,12,10,5,3,1,0,0,0
12.781,50.70819,12,5,5,2,0,1,0,1
12.94101,50.83812,12,5,5,3,0,0,1,0
12.87704,50.78855,12,6,5,3,0,0,0,1
12.7334,50.7199,12,2,5,1,1,0,0,0
12.3851,50.71336,12,8,4,3,0,1,1,0
12.33699,51.52601,12,14,4,3,1,1,0,0
12.74059,51.36844,12,16,4,3,1,0,0,0
12.61053,51.32908,12,15,4,3,0,1,0,0
12.34934,51.34851,12,18,4,3,0,1,0,0
12.3888,51.3223,12,8,4,3,1,1,0,0
12.31425,51.34868,12,8,4,3,1,0,0,0
12.46437,51.28493,12,12,4,3,0,1,0,0
12.46465,51.28444,12,10,4,3,0,1,0,0
12.37348,51.35169,12,16,4,3,0,1,0,1
12.36966,51.32449,12,21,4,3,1,1,0,0
14.66321,50.89892,12,9,4,3,0,1,1,0
14.4296,51.0487,12,16,4,3,0,1,0,0
13.69207,51.04906,12,16,4,3,0,1,0,0
13.82522,51.02349,12,17,4,3,1,1,0,0
13.74499,51.07253,12,8,4,3,1,0,0,0
13.72304,51.04987,12,17,4,3,1,1,0,0
13.73342,51.0464,12,16,4,3,0,1,1,0
12.31844,51.33139,12,11,3,3,0,1,0,0
12.54286,51.16393,12,19,3,2,0,1,0,0
12.39964,51.36186,12,7,3,3,1,1,0,0
12.31944,51.33185,12,15,3,2,0,1,0,0
12.34439,51.3322,12,17,3,3,1,1,0,0
12.3273,51.32544,12,14,3,3,1,1,0,0
12.37764,51.37326,12,7,3,3,1,0,0,0
12.45588,51.34551,12,16,3,3,0,1,1,0
13.67516,51.05257,12,2,7,3,0,1,0,0
12.41016,51.35288,12,16,3,3,0,1,1,0
14.18022,51.12737,12,14,3,3,0,1,0,0
13.66207,51.01173,12,15,3,3,0,1,0,0
13.72124,51.0589,12,21,3,3,1,0,0,0
13.68755,51.04251,12,19,3,3,1,0,0,0
13.77333,51.03193,12,9,3,3,1,1,0,0
13.79536,51.0451,12,9,3,3,1,1,0,0
13.72491,51.05771,12,21,3,3,1,1,0,0
13.74307,51.02348,12,14,3,2,0,1,1,0
13.1242,51.12341,12,12,3,3,0,1,1,0
12.94026,50.84265,12,10,3,3,0,1,0,0
12.92597,50.82552,12,10,3,3,1,1,0,0
12.38596,50.81729,12,13,2,2,0,1,1,0
12.60978,50.84954,12,7,2,3,0,1,0,0
12.28787,51.3229,12,7,2,3,0,1,1,0
13.92004,51.10617,12,7,2,3,0,1,1,0
14.96886,51.16959,12,14,2,3,1,1,0,0
14.17971,51.13507,12,13,2,3,0,1,0,1
13.44491,51.41677,12,12,2,2,0,0,0,0
13.29186,51.31023,12,8,2,3,1,0,0,0
13.30908,51.30537,12,7,2,3,1,0,0,0
13.76017,50.94683,12,9,2,3,0,1,1,0
13.86131,50.97656,12,9,2,3,1,0,0,0
13.63667,51.01361,12,8,2,3,1,0,0,0
13.71269,51.05721,12,17,2,3,0,1,1,0
13.72881,51.01967,12,13,2,3,1,1,0,0
13.84186,51.00235,12,13,2,3,1,1,0,0
13.70761,51.03355,12,9,2,2,1,0,0,0
13.80653,51.01143,12,8,2,3,1,0,0,0
13.73967,51.0738,12,9,2,3,1,0,0,0
13.8339,51.05759,12,17,2,3,1,1,0,0
13.75347,51.03437,12,7,2,2,0,1,0,1
13.76271,51.05177,12,9,2,3,1,0,0,0
13.79238,51.05382,12,8,2,3,1,0,0,0
13.77937,51.05076,12,8,2,2,1,0,0,0
13.71414,51.03549,12,18,2,3,0,1,0,0
13.66503,51.10313,12,8,2,3,1,0,0,0
12.97847,50.98201,12,7,2,3,0,1,0,0
13.34711,50.91718,12,12,2,3,0,1,0,0
13.36051,50.9168,12,7,2,3,0,1,0,1
13.18567,51.06375,12,6,2,3,0,1,0,0
12.9639,51.09616,12,18,2,3,0,0,0,1
12.93149,51.16087,12,7,2,3,0,1,0,0
12.69597,50.5843,12,7,2,2,0,1,0,0
13.81499,51.02047,12,7,6,3,0,1,0,0
12.90361,50.91449,12,7,2,1,0,1,0,0
13.10849,51.29477,12,14,1,2,0,1,0,0
12.65046,51.46461,12,15,1,3,0,1,0,0
12.74089,51.37378,12,18,1,3,0,1,0,0
12.61321,51.33093,12,12,1,3,0,1,0,0
12.37372,51.30561,12,6,4,3,1,1,0,0
12.29094,51.32418,12,17,1,2,1,1,0,0
12.31371,51.30449,12,2,1,3,0,1,0,0
13.90857,51.26624,12,13,1,3,1,0,0,0
14.97874,51.1664,12,17,1,2,1,0,0,0
13.79016,50.75991,12,18,1,3,0,1,1,0
12.89735,50.81439,12,14,2,3,0,1,0,0
13.72734,51.01237,12,14,1,3,1,0,0,0
13.84368,51.00159,12,6,1,3,0,1,0,0
12.85459,50.75309,12,20,1,3,0,1,0,0
12.92367,51.18638,12,15,1,2,0,1,1,0
12.53929,50.6222,11,0,7,2,0,1,0,0
12.46562,50.84642,11,17,7,3,0,1,0,0
12.98391,51.55438,11,11,7,3,0,1,0,0
12.50346,51.11731,11,10,7,3,1,0,1,0
13.66852,51.04689,12,11,5,3,0,0,1,0
12.37159,51.33664,11,17,7,3,0,1,1,0
12.40568,51.37582,11,21,7,3,0,1,0,0
14.13719,51.22112,11,13,7,3,1,1,0,0
14.26201,51.44078,11,10,7,3,0,1,0,0
14.26013,51.44382,11,17,7,3,0,0,1,0
14.11337,50.97815,11,9,7,3,1,0,0,0
13.77722,50.85254,11,12,7,3,0,1,1,0
13.75189,51.02352,11,15,7,3,0,1,0,0
13.70916,51.02396,11,17,7,3,0,1,0,0
13.81786,50.99853,11,14,7,3,1,1,0,0
12.80018,50.88328,11,22,7,3,1,1,0,0
12.92049,50.83682,11,10,7,3,0,1,0,0
12.37171,50.81638,11,15,6,3,0,1,0,0
12.37992,50.73016,11,14,6,3,0,1,0,0
12.3839,50.73054,1,22,4,3,1,0,0,0
12.35444,51.34206,1,9,5,3,1,0,0,0
13.73702,51.05813,1,18,1,2,1,0,1,0
13.77374,51.06567,1,14,1,3,1,0,0,0
12.33873,51.25065,1,12,1,3,1,0,0,0
13.80785,51.05377,2,15,5,2,1,0,1,0
12.85799,50.8327,2,6,6,3,1,0,0,0
13.83254,51.03466,2,12,2,2,1,0,1,0
14.20131,51.14094,2,14,3,2,1,0,0,0
12.33639,51.53924,2,6,6,3,1,0,0,0
13.77567,51.06677,2,14,2,2,1,0,0,0
12.27148,51.38052,2,7,3,3,1,0,0,0
14.96024,51.07569,2,14,1,3,1,0,0,0
14.97054,51.08511,2,12,1,2,1,0,1,0
12.33834,51.25523,2,10,5,3,1,0,0,0
13.75309,51.05502,3,17,5,3,1,0,0,0
13.90443,51.12374,3,16,1,3,1,0,0,0
14.69016,51.09539,3,17,1,3,1,0,0,0
13.2041,51.26026,3,15,4,3,1,0,0,0
13.81576,51.04446,3,9,2,3,1,0,1,0
12.29767,51.31763,3,6,2,2,1,1,0,0
13.83312,51.1827,3,23,5,3,1,0,0,0
12.436,51.25537,3,13,7,3,1,0,0,0
12.62125,50.73535,3,13,7,3,1,0,0,0
13.74864,51.05628,3,18,1,2,1,0,1,0
12.50063,50.70209,3,14,1,2,1,0,0,0
13.73509,51.05624,4,19,2,2,1,0,1,0
13.676,51.04528,4,15,4,3,1,0,1,0
13.40536,51.22765,4,13,6,3,1,0,0,0
13.72781,51.06826,4,15,7,2,1,0,1,0
13.81553,51.04486,4,15,7,2,1,0,0,0
14.7992,51.2975,4,15,7,3,1,0,0,0
13.83741,51.03076,4,9,1,3,1,0,0,0
13.56029,51.11597,4,17,1,3,1,0,0,0
14.74931,50.84931,4,14,1,3,1,0,0,0
12.40675,51.18936,4,11,1,3,1,0,1,0
12.32674,50.44249,4,16,2,1,1,0,0,0
13.77925,51.06568,4,17,3,3,1,0,0,0
13.6756,51.06692,4,19,3,3,1,0,0,0
13.56954,51.11338,4,15,3,3,1,0,0,0
12.40052,51.36363,4,7,3,3,1,0,0,0
12.49399,50.71312,4,18,3,3,1,0,0,0
13.70565,51.04087,4,9,5,3,1,1,0,0
12.64879,50.51955,4,14,6,2,1,0,0,0
12.87505,50.83422,4,18,1,3,1,0,1,0
13.72911,51.06792,4,12,1,3,1,1,0,0
12.50211,50.72211,4,16,1,3,1,0,1,0
12.61497,50.49038,4,17,4,2,1,0,0,0
14.97455,51.16417,4,15,5,3,1,0,0,0
13.50316,51.13724,4,12,7,3,1,0,0,0
14.44761,51.18191,4,17,7,3,1,0,1,0
14.97749,51.09544,4,10,7,3,1,0,0,0
13.74021,51.05727,4,20,1,2,1,0,0,0
13.65441,51.0125,4,15,2,2,1,0,0,0
13.48445,51.15454,4,15,2,3,1,0,0,0
12.13073,50.50481,4,7,2,2,1,0,0,0
13.88753,51.03707,4,22,3,3,1,0,1,0
14.95435,51.07343,4,14,3,2,1,0,0,0
13.81842,51.04096,5,15,4,3,1,0,0,0
13.76117,51.059,5,13,4,3,1,0,1,0
12.32552,51.49145,5,13,4,3,1,0,0,0
12.76003,50.97583,5,18,5,3,1,1,0,0
12.30884,51.26744,5,11,1,2,1,0,0,0
12.89207,50.88172,5,15,5,2,1,0,0,0
13.81444,51.04657,5,17,5,3,1,0,1,0
13.7837,51.06293,5,12,5,3,1,0,0,0
13.40879,51.20586,5,17,5,3,1,0,0,0
12.184,51.38251,5,16,5,3,1,0,0,0
12.85221,51.65378,5,20,5,3,1,0,0,0
13.52983,51.12811,5,17,7,3,1,0,0,0
13.81723,51.10335,5,18,1,2,1,0,0,0
13.71863,51.05069,5,17,1,3,1,0,0,0
13.65668,51.14856,5,0,1,2,1,0,0,0
13.5244,51.13029,5,20,1,3,1,0,0,0
13.92947,50.97383,5,15,1,3,1,0,0,0
12.33433,51.30691,5,16,2,3,1,1,0,0
12.89015,50.79361,5,11,3,3,1,0,0,0
12.36991,51.33193,5,18,3,3,1,0,0,0
12.34655,51.26784,5,17,3,2,1,0,1,0
13.94478,50.9616,5,17,4,3,1,0,0,0
13.73642,51.0587,5,13,5,3,1,0,0,0
14.26055,51.4407,5,13,6,3,1,0,0,0
13.80905,51.05263,5,14,7,3,1,0,1,0
13.71886,51.06465,5,3,2,2,1,0,0,0
12.34486,51.26205,5,13,2,3,1,0,1,0
12.71963,50.54198,5,11,3,2,1,0,0,0
13.02808,50.53957,5,15,4,3,1,0,0,0
13.40224,51.27903,5,16,6,3,1,0,0,0
12.75985,50.8032,5,8,6,3,1,0,0,0
13.66041,50.73156,5,13,7,1,1,0,0,0
13.72854,51.06085,5,23,7,3,1,0,0,0
14.01493,51.3243,5,14,7,3,1,0,0,0
12.38499,51.26587,5,10,7,3,1,0,0,0
13.73032,51.06013,5,13,1,3,1,0,0,0
12.38913,51.57335,5,12,1,2,1,0,0,0
14.43228,51.07343,5,6,2,3,1,0,0,1
13.75435,51.05881,5,17,4,3,1,0,0,0
13.79677,51.06133,5,16,6,3,1,0,0,0
13.81711,51.10325,6,11,1,2,1,0,0,0
12.69407,50.9064,6,19,3,3,1,0,0,0
13.79045,51.06215,6,17,3,3,1,0,0,0
12.33181,51.28093,6,18,3,2,1,0,0,0
13.7573,51.08804,6,15,5,3,1,0,1,0
12.52316,50.82465,6,16,5,3,1,0,0,0
13.79277,51.06385,6,4,6,3,1,0,0,0
13.76002,51.0612,6,10,6,3,1,0,0,0
13.42094,51.2253,6,17,7,3,1,0,0,0
12.48591,50.75085,6,15,7,3,1,0,0,0
13.84261,50.99827,6,17,1,3,1,0,0,0
13.59677,51.0986,6,10,1,2,1,0,0,0
12.34016,51.30195,6,12,1,3,1,0,0,0
12.34637,51.30978,6,19,1,3,1,0,0,0
13.75435,51.05881,6,14,2,3,1,0,0,0
13.80418,51.05822,6,19,4,3,1,0,1,0
13.82453,51.02695,6,0,7,3,1,0,0,0
13.08431,50.82024,6,16,1,3,1,0,1,0
13.78858,51.06233,6,21,1,2,1,0,0,0
13.77928,51.06568,6,17,2,3,1,0,0,0
13.81868,51.04068,6,15,3,3,1,0,0,0
12.94827,50.66531,6,14,4,2,1,0,0,0
13.75569,51.07231,6,17,5,3,1,0,0,0
14.32046,50.91521,6,10,5,3,1,0,0,0
12.40205,50.51545,6,16,6,3,1,0,0,0
12.35246,51.28103,6,15,1,3,1,0,0,0
13.7578,51.07617,6,7,2,2,1,0,0,0
13.60525,51.09944,6,15,2,2,1,0,0,0
12.53437,50.53634,6,11,5,3,1,0,0,0
13.81777,51.04164,6,15,6,3,1,0,0,0
13.78971,51.06438,6,12,1,3,1,0,0,0
13.77845,51.0629,6,0,1,3,1,0,1,0
13.83549,51.01628,6,10,1,3,1,0,0,0
13.93752,50.9505,7,13,2,2,1,0,0,0
14.66535,50.8825,7,16,4,3,1,0,0,0
12.41114,51.33236,7,19,4,2,1,0,0,0
13.83465,51.03353,7,13,1,3,1,0,0,0
13.48357,51.15187,7,15,1,3,1,0,0,0
12.48055,50.79921,7,0,1,2,1,0,0,0
13.37416,50.84413,7,11,2,2,1,1,0,0
13.15058,50.70165,7,19,3,2,1,0,0,0
13.64475,51.09752,7,19,4,2,1,0,1,0
14.00864,50.92782,7,6,4,3,1,0,1,0
13.92397,50.96342,7,14,4,2,1,0,0,0
12.37213,51.34395,7,15,4,3,1,0,0,0
13.74489,51.05579,7,13,6,3,1,0,0,0
12.60412,51.28742,7,18,7,3,1,0,0,1
13.65044,51.09148,7,12,1,2,1,0,0,0
13.57127,51.11455,7,8,1,3,1,0,0,0
13.77471,51.06566,7,17,2,3,1,0,1,0
14.79414,50.89519,7,17,4,3,1,0,0,0
13.17529,51.18487,7,17,5,2,1,1,0,0
13.54669,51.14617,7,14,5,3,1,1,0,0
13.8819,50.97758,7,15,5,2,1,0,0,0
12.37077,51.2497,7,8,5,2,1,0,0,0
13.79324,51.06169,7,18,6,3,1,0,0,0
13.85173,51.11691,7,15,6,3,1,0,0,0
12.83192,50.62129,7,10,7,3,1,0,0,0
14.99362,51.32014,7,16,3,3,1,0,0,0
12.90191,50.83618,7,22,4,3,1,0,0,0
13.86445,51.00765,7,10,4,2,1,0,0,0
13.73291,51.09104,7,20,4,3,1,0,0,0
13.86344,50.97075,8,19,5,3,1,0,0,0
13.75039,51.05435,8,8,2,3,1,0,0,0
13.67096,51.0448,8,13,3,2,1,0,1,0
14.43977,51.04818,8,8,4,3,1,0,0,0
12.34557,51.32337,8,7,4,3,1,0,0,0
13.7448,51.04653,8,17,7,2,1,0,0,0
14.76221,50.89837,8,11,7,3,1,0,0,0
12.35246,51.28102,8,19,7,2,1,0,0,0
13.71305,50.98165,8,7,1,3,1,0,0,0
12.47319,50.61681,8,20,4,2,1,0,0,0
12.4941,50.71278,8,15,4,3,1,0,0,0
13.05728,50.70639,8,15,5,2,1,0,0,0
13.76694,51.0345,8,22,5,2,1,0,0,0
13.74944,51.03948,8,15,5,3,1,0,0,0
14.03725,50.96043,8,14,6,2,1,0,0,0
14.44707,51.04522,8,21,3,2,1,0,0,0
13.52909,51.28732,8,5,4,3,1,0,0,0
12.34596,51.30936,8,17,4,3,1,0,0,0
13.86639,51.00645,8,21,5,3,1,0,0,0
12.93779,51.15713,8,20,6,3,1,0,0,0
14.9747,51.16306,8,14,6,3,1,0,1,0
13.45543,50.90534,8,14,1,2,1,0,0,1
14.92322,51.07856,8,12,2,3,1,0,0,0
13.8592,50.9689,8,9,3,3,1,0,0,0
13.80176,51.05975,8,9,4,3,1,0,1,0
13.4734,51.16725,8,12,5,3,1,0,0,0
12.39612,51.29446,8,15,7,3,1,0,0,0
12.92498,50.85752,9,16,1,2,1,0,0,0
12.43922,51.22947,9,17,1,3,1,0,0,0
13.46593,50.9891,9,18,2,3,1,0,0,0
13.80609,51.02049,9,7,3,3,1,0,0,0
13.81693,51.12578,9,7,3,3,1,0,0,0
13.45465,51.28387,9,6,3,3,1,0,0,0
13.80626,51.05601,9,18,5,2,1,0,0,0
12.26951,51.30811,9,19,5,3,1,0,0,0
12.33036,51.32856,9,12,5,3,1,0,0,0
14.2343,50.87458,9,12,6,3,1,0,0,0
14.1665,50.91445,9,16,7,2,1,0,0,0
14.06851,51.34277,9,14,3,3,1,0,0,0
12.33966,51.25995,9,15,3,2,1,0,0,0
13.51963,51.28955,9,16,7,3,1,0,0,0
12.32519,51.57129,9,13,3,3,1,0,0,0
13.67776,51.04546,9,6,4,3,1,0,0,0
12.32446,51.25631,9,18,4,3,1,0,0,0
14.7186,51.55284,9,19,5,2,1,0,0,0
13.84358,51.09439,9,16,7,2,1,0,0,0
14.95699,51.10833,9,11,7,3,1,0,0,0
13.79824,51.07488,9,16,1,3,1,0,0,0
13.7107,50.97088,9,19,1,3,1,0,0,0
12.38994,50.52081,9,22,2,2,1,0,0,0
13.82298,51.06582,9,19,4,3,1,0,0,0
12.4042,51.35781,9,15,5,2,1,1,0,0
12.42511,51.24798,9,11,1,3,1,0,0,0
13.72051,51.0226,10,17,6,2,1,0,0,0
14.7471,50.90631,10,15,3,2,1,0,0,0
13.8516,51.02501,10,15,4,2,1,0,0,0
14.93794,51.17735,10,12,4,2,1,0,0,0
13.7318,51.05952,10,18,5,3,1,0,0,0
13.47844,51.16188,10,22,3,2,1,0,1,0
12.29057,51.31824,10,16,3,2,1,0,1,0
12.33053,51.32989,10,14,5,3,1,0,1,0
14.3197,50.91519,10,10,6,3,1,0,0,0
12.32393,51.26013,10,9,6,3,1,0,0,0
12.33619,51.539,10,15,1,2,1,0,0,0
12.86142,50.83278,10,16,6,3,1,0,0,0
12.34744,51.33449,10,17,6,3,1,0,1,0
12.85664,50.82037,10,14,7,3,1,0,0,0
13.90612,50.96038,10,16,7,3,1,0,0,0
12.13061,50.50482,10,13,2,3,1,1,0,0
13.65596,51.0929,10,8,4,3,1,0,0,0
12.40959,51.33262,10,7,4,3,1,0,0,0
14.20396,51.03043,11,16,6,3,1,0,0,0
13.83968,51.06643,11,13,1,3,1,0,0,0
13.92702,50.96895,11,14,2,3,1,0,0,0
12.31734,51.32088,11,9,3,3,1,0,0,0
13.30101,51.30499,11,14,2,3,1,0,0,0
12.3454,51.34515,11,8,2,3,1,0,0,0
13.81939,51.04007,11,16,3,3,1,0,0,0
12.47772,51.2728,11,15,5,3,1,0,1,0
13.72336,51.06259,11,22,6,2,1,0,1,0
13.29065,51.31365,12,18,3,3,1,1,0,0
13.4935,51.14823,12,14,3,3,1,0,0,0
