lon,lat,einwohner,durchschnittsalter,miete_eur_je_m2,wohnungen_vermietet
12.31698,50.17421,7,64.1,,
12.30342,50.18348,113,49.8,5.34,5
12.31741,50.18319,16,42.8,,
12.28986,50.19274,26,44.8,,
12.31785,50.19218,15,68.6,,
12.33185,50.1919,10,66.8,,
12.29029,50.20173,6,66.2,,
12.30429,50.20145,24,51.1,,
12.29072,50.21072,4,72.8,,
12.30473,50.21043,109,46.3,4.2,5
12.31873,50.21015,8,51.6,,
12.30516,50.21942,523,53.0,3.93,169
12.31917,50.21914,170,47.6,3.79,10
12.33317,50.21885,15,53.5,,
12.3056,50.22841,142,54.5,3.9,9
12.3196,50.22812,56,57.3,4.57,4
12.27801,50.23795,16,60.0,3.44,3
12.29202,50.23767,9,41.4,,
12.30603,50.23739,8,75.5,,
12.32004,50.23711,27,54.0,,
12.25042,50.2475,21,54.4,,
12.26443,50.24722,14,45.6,,
12.27844,50.24694,4,20.3,,
12.29246,50.24666,18,41.6,,
12.32048,50.24609,9,52.2,,
12.33449,50.24581,31,48.5,,
12.27887,50.25593,54,44.7,,
12.29289,50.25565,89,43.4,,
12.30691,50.25536,13,51.5,3.4,3
12.29332,50.26463,13,30.4,,
12.30734,50.26435,12,58.9,,
12.33538,50.26378,22,39.0,,
12.22365,50.275,198,48.6,5.16,24
12.23767,50.27473,291,60.1,5.08,82
12.2517,50.27445,388,56.9,4.88,47
12.26572,50.27418,179,49.7,4.72,24
12.27974,50.2739,271,49.3,5.51,35
12.29376,50.27362,15,41.4,,
12.3218,50.27305,102,48.8,3.95,11
12.33582,50.27277,136,51.4,2.57,3
12.21005,50.28426,58,56.4,,
12.22407,50.28399,1018,54.7,5.13,587
12.2381,50.28371,695,52.8,5.4,251
12.26615,50.28316,36,53.5,,
12.28017,50.28288,138,50.1,4.4,4
12.29419,50.2826,14,61.4,,
12.30822,50.28232,77,47.4,,
12.32224,50.28204,22,55.8,,
12.33626,50.28175,3,46.4,,
12.19644,50.29352,12,53.5,,
12.21047,50.29325,28,44.4,4.76,3
12.2245,50.29297,65,51.4,5.91,9
12.23852,50.2927,24,34.0,4.4,10
12.25255,50.29242,13,57.2,,
12.26657,50.29215,106,43.7,5.13,3
12.2806,50.29187,11,54.1,,
12.32268,50.29102,10,53.3,,
12.35073,50.29045,7,45.8,,
12.36476,50.29016,240,52.2,4.7,9
12.23895,50.30169,8,59.2,,
12.25298,50.30141,28,63.5,3.85,3
12.267,50.30113,44,43.3,3.84,3
12.28103,50.30085,21,46.5,,
12.29506,50.30057,57,54.6,,
12.32312,50.30001,54,50.4,,
12.33715,50.29972,210,44.6,,
12.35118,50.29943,19,58.0,,
12.3652,50.29915,17,50.5,,
12.37923,50.29885,63,49.6,3.18,5
12.39326,50.29856,6,39.6,,
12.19727,50.31149,5,47.7,,
12.21131,50.31122,10,47.4,,
12.22534,50.31095,68,51.1,4.01,3
12.23937,50.31067,42,45.1,,
12.2534,50.3104,742,54.8,4.8,351
12.26743,50.31012,196,49.8,4.6,7
12.28147,50.30984,293,46.0,4.26,9
12.2955,50.30956,95,45.0,4.18,5
12.30953,50.30928,708,50.0,4.2,302
12.32356,50.30899,1275,49.9,4.35,308
12.33759,50.30871,1298,46.1,4.68,354
12.35162,50.30842,291,57.3,5.0,5
12.36565,50.30813,288,47.7,4.01,38
12.37968,50.30784,217,47.1,4.34,16
12.09944,50.32232,16,57.6,,
12.12751,50.3218,69,44.0,,
12.14155,50.32154,9,41.1,,
12.19769,50.32047,37,39.7,,
12.22576,50.31993,7,34.2,,
12.23979,50.31966,39,49.0,,
12.25383,50.31938,1584,50.5,4.48,594
12.26786,50.3191,515,51.3,4.56,137
12.2819,50.31883,68,51.3,3.43,8
12.29593,50.31855,8,55.6,,
12.30997,50.31826,13,55.4,3.58,7
12.324,50.31798,490,53.5,4.53,125
12.33803,50.31769,267,48.8,4.47,43
12.35207,50.31741,119,47.2,5.48,7
12.3661,50.31712,166,52.4,4.07,24
12.38013,50.31683,359,51.6,3.5,41
12.39417,50.31653,5,76.2,,
12.04368,50.33232,20,54.6,,
12.05772,50.33207,10,49.0,,
12.07176,50.33182,163,48.2,3.78,20
12.0858,50.33156,12,61.0,,
12.09984,50.3313,3,70.7,,
12.11388,50.33105,30,52.6,,
12.12792,50.33079,87,52.2,4.64,9
12.14195,50.33052,9,48.1,,
12.15599,50.33026,39,53.8,,
12.18407,50.32973,10,43.3,,
12.19811,50.32946,20,36.9,,
12.21214,50.32919,6,46.1,,
12.22618,50.32892,42,38.6,,
12.24022,50.32864,106,51.6,,
12.25426,50.32837,457,50.3,4.37,50
12.26829,50.32809,12,71.6,,
12.3104,50.32725,14,53.4,,
12.32444,50.32696,67,50.7,,
12.33848,50.32668,59,48.7,,
12.35251,50.32639,73,47.2,4.27,3
12.38058,50.32581,67,50.4,,
12.39462,50.32552,31,29.8,,
12.40866,50.32522,7,45.6,,
12.03003,50.34156,84,45.7,5.05,3
12.07215,50.3408,16,46.2,4.07,11
12.0862,50.34055,19,36.6,,
12.10024,50.34029,7,41.5,,
12.1564,50.33925,80,45.1,,
12.17044,50.33898,35,42.6,,
12.18448,50.33871,99,42.8,,
12.19852,50.33845,38,50.6,4.33,3
12.24064,50.33763,5,55.0,,
12.25468,50.33735,16,47.4,,
12.31084,50.33623,62,43.5,4.01,18
12.32488,50.33595,194,46.2,3.62,10
12.35296,50.33538,22,53.3,,
12.367,50.33509,7,42.8,,
12.01637,50.35079,16,61.4,,
12.03041,50.35054,14,59.7,,
12.08659,50.34953,41,51.3,,
12.10064,50.34928,12,71.0,,
12.12872,50.34876,15,58.5,,
12.14277,50.3485,15,41.8,,
12.15681,50.34823,25,49.7,,
12.17085,50.34797,132,48.3,3.98,13
12.1849,50.3477,16,48.2,,
12.19894,50.34743,14,43.9,,
12.22703,50.34689,75,43.7,4.94,3
12.24107,50.34661,138,48.2,3.73,3
12.25511,50.34634,15,53.6,,
12.26915,50.34606,4,66.8,,
12.2832,50.34578,74,51.4,3.73,3
12.29724,50.3455,30,53.5,3.83,3
12.40957,50.34319,31,51.5,,
11.98866,50.36027,11,57.7,,
12.0027,50.36002,70,48.8,3.86,10
12.01675,50.35978,20,41.3,3.64,10
12.04485,50.35928,50,48.0,5.19,7
12.05889,50.35903,22,45.2,,
12.07294,50.35877,12,45.5,,
12.12913,50.35774,50,51.5,3.83,3
12.14317,50.35748,6,59.6,,
12.15722,50.35722,97,50.8,5.05,5
12.17127,50.35695,7,45.7,,
12.19936,50.35642,18,42.2,,
12.22745,50.35587,13,46.2,,
12.28363,50.35477,21,36.6,,
12.29767,50.35449,38,46.7,,
12.31172,50.3542,87,43.0,4.31,6
12.32576,50.35392,21,54.4,,
12.33981,50.35363,99,50.6,5.11,3
12.35385,50.35335,10,54.5,,
12.3679,50.35306,42,46.5,,
12.38194,50.35277,172,50.0,3.65,5
12.39598,50.35247,148,51.0,2.08,3
12.41003,50.35218,106,48.6,3.75,4
12.42407,50.35188,270,51.1,3.89,36
12.43811,50.35158,135,53.8,3.66,9
12.45216,50.35128,127,58.6,4.78,33
12.48024,50.35068,80,54.3,4.81,10
11.98903,50.36926,14,61.6,,
12.00308,50.36901,5,45.3,,
12.03118,50.36852,41,47.7,,
12.07333,50.36776,10,62.2,,
12.11548,50.36699,182,49.8,3.5,25
12.12953,50.36673,96,49.4,4.02,12
12.14358,50.36647,7,36.9,,
12.15763,50.3662,31,58.7,3.24,5
12.17168,50.36594,81,44.7,,
12.18573,50.36567,10,65.4,,
12.19978,50.3654,86,48.5,,
12.21382,50.36513,34,51.9,,
12.22787,50.36486,37,62.0,3.73,3
12.28406,50.36375,23,59.7,3.01,3
12.29811,50.36347,60,47.8,,
12.31216,50.36319,3,57.4,,
12.32621,50.36291,48,49.8,,
12.36835,50.36204,20,47.4,,
12.38239,50.36175,63,56.0,,
12.39644,50.36146,3,65.5,,
12.42453,50.36087,21,66.8,,
12.43858,50.36057,82,49.3,3.62,6
12.45262,50.36027,1674,57.0,4.02,767
12.46667,50.35997,1316,52.0,4.31,424
12.48071,50.35966,110,53.1,3.66,3
12.04562,50.37725,3,50.4,,
12.05968,50.377,266,45.2,3.72,18
12.07373,50.37675,20,40.7,,
12.08778,50.37649,31,56.5,,
12.11588,50.37598,208,49.2,3.94,43
12.12994,50.37572,33,52.0,,
12.18614,50.37466,6,60.4,,
12.20019,50.37439,19,33.4,,
12.21424,50.37412,76,51.4,2.93,4
12.2283,50.37385,63,52.6,,
12.24235,50.37357,7,66.1,,
12.2564,50.3733,149,43.4,3.49,4
12.27045,50.37302,179,46.5,3.3,9
12.3126,50.37218,14,44.6,,
12.32665,50.37189,22,52.2,,
12.46714,50.36895,618,50.1,3.96,76
12.48118,50.36865,94,52.7,3.35,4
11.98979,50.38723,57,39.6,4.35,3
12.00385,50.38698,114,43.0,4.04,8
12.03196,50.38649,36,51.7,,
12.07412,50.38573,17,49.5,,
12.08818,50.38548,38,43.1,,
12.10223,50.38522,25,59.0,,
12.11629,50.38496,3,40.8,,
12.13034,50.3847,12,52.8,,
12.1444,50.38444,38,44.3,5.85,3
12.15845,50.38418,112,44.6,,
12.1725,50.38391,60,51.1,2.78,3
12.20061,50.38337,3,55.2,,
12.21467,50.3831,8,62.0,,
12.22872,50.38283,73,46.8,,
12.29898,50.38144,3,53.4,,
12.32709,50.38088,3,63.6,,
12.39735,50.37943,37,51.8,,
12.45355,50.37824,166,50.7,4.89,45
12.4676,50.37794,345,52.3,4.27,34
12.48166,50.37763,601,54.3,3.9,59
11.96205,50.3967,4,35.0,,
12.01828,50.39572,18,35.1,,
12.03234,50.39548,28,41.5,,
12.06046,50.39497,12,63.6,,
12.07452,50.39472,10,40.8,,
12.10263,50.39421,107,57.3,4.32,3
12.11669,50.39395,7,68.4,,
12.13075,50.39369,3,35.4,,
12.1448,50.39343,179,48.6,3.64,3
12.15886,50.39316,72,42.5,4.39,9
12.18697,50.39263,69,48.8,3.52,12
12.29942,50.39043,161,45.7,4.62,17
12.32753,50.38986,815,47.2,5.06,88
12.34159,50.38958,204,50.2,3.83,5
12.35564,50.38929,20,52.0,5.61,5
12.45402,50.38722,26,45.1,,
12.48213,50.38662,392,51.4,3.86,42
12.49618,50.38631,367,50.9,4.1,26
11.99055,50.4052,4,80.5,,
12.01867,50.40471,4,33.7,,
12.03273,50.40446,128,45.0,4.5,32
12.04679,50.40421,111,45.1,2.18,3
12.06085,50.40396,82,51.0,3.91,4
12.07491,50.40371,104,51.0,4.6,22
12.08897,50.40345,15,59.8,,
12.10303,50.40319,21,45.0,,
12.11709,50.40294,57,47.7,4.82,10
12.13115,50.40267,187,48.2,3.77,8
12.14521,50.40241,3,46.6,,
12.15927,50.40215,543,48.2,4.25,82
12.17333,50.40188,166,50.9,4.85,18
12.18739,50.40162,245,50.0,4.34,40
12.20145,50.40135,28,47.3,,
12.21551,50.40108,29,45.1,,
12.22957,50.4008,146,50.4,4.54,6
12.24362,50.40053,51,51.4,,
12.2858,50.3997,30,53.3,3.32,3
12.29986,50.39941,3,35.5,,
12.31392,50.39913,17,52.3,,
12.32797,50.39885,682,55.2,4.59,287
12.34203,50.39856,491,47.8,4.31,95
12.35609,50.39827,20,48.1,7.98,3
12.49665,50.3953,149,51.4,3.71,3
11.9628,50.41467,85,41.9,3.92,30
11.97686,50.41443,3,60.8,,
11.99092,50.41419,65,55.3,,
12.00499,50.41394,16,63.5,4.38,3
12.11749,50.41192,4,56.0,,
12.13156,50.41166,66,43.0,,
12.14562,50.4114,6,44.7,,
12.15968,50.41113,716,43.7,4.3,193
12.17374,50.41087,1080,51.7,4.59,306
12.1878,50.4106,291,46.9,4.99,37
12.20187,50.41033,21,46.2,,
12.21593,50.41006,121,43.5,1.58,3
12.22999,50.40979,25,52.4,,
12.27217,50.40896,144,48.5,5.62,9
12.28623,50.40868,51,48.6,,
12.30029,50.4084,11,57.7,,
12.32842,50.40783,8,63.0,,
12.48307,50.40459,43,58.3,1.88,3
11.96317,50.42366,65,53.6,3.76,16
11.9913,50.42318,26,53.2,3.97,12
12.00537,50.42293,25,55.9,,
12.01944,50.42268,11,36.3,,
12.0335,50.42244,60,40.9,4.16,11
12.06163,50.42193,78,47.7,4.36,9
12.0757,50.42168,47,58.6,4.74,4
12.08977,50.42142,74,44.0,,
12.10383,50.42117,181,53.6,3.53,3
12.14603,50.42038,27,60.8,,
12.16009,50.42012,1113,50.6,4.44,467
12.17416,50.41985,3458,49.3,4.33,2
12.18822,50.41959,421,51.9,4.45,48
12.20229,50.41932,101,46.4,,
12.21635,50.41905,25,56.0,,
12.23041,50.41877,63,47.2,5.38,5
12.25854,50.41822,9,58.0,,
12.28667,50.41767,3,58.4,,
12.30073,50.41738,9,47.6,,
12.39917,50.41537,130,52.4,4.5,13
12.41323,50.41507,15,52.2,,
12.44136,50.41448,53,52.0,4.61,20
12.48354,50.41357,14,53.2,,
12.4976,50.41327,31,52.0,4.16,5
12.69444,50.40881,3,73.8,,
11.94947,50.43289,102,51.3,3.93,13
11.96354,50.43265,26,54.8,,
11.97761,50.43241,64,51.9,6.07,3
12.00575,50.43192,97,56.5,,
12.03389,50.43142,197,45.5,,
12.06203,50.43092,8,63.4,,
12.07609,50.43067,37,56.7,,
12.09016,50.43041,37,48.8,5.02,5
12.10423,50.43015,7,41.6,,
12.1183,50.42989,23,55.0,,
12.13237,50.42963,34,48.9,,
12.14643,50.42937,7,44.6,,
12.1605,50.42911,13,40.6,,
12.17457,50.42884,526,48.4,4.68,59
12.18864,50.42857,10,66.3,,
12.2027,50.4283,23,47.2,,
12.21677,50.42803,48,49.3,,
12.23084,50.42776,4,33.0,,
12.2449,50.42749,26,50.5,,
12.25897,50.42721,132,49.1,4.23,3
12.39963,50.42435,23,41.2,,
12.41369,50.42406,5,21.8,,
12.46995,50.42286,3,69.1,,
12.48401,50.42256,69,46.8,3.47,3
12.52621,50.42163,19,57.5,,
12.54027,50.42132,13,47.4,,
12.69495,50.41779,7,38.7,,
12.70902,50.41746,30,55.5,,
11.89355,50.44282,54,51.2,2.12,3
11.90763,50.44258,120,46.0,3.62,7
11.96392,50.44163,11,61.8,,
11.97799,50.44139,33,45.9,,
12.00613,50.4409,3,26.5,,
12.04835,50.44016,108,48.5,4.02,3
12.06242,50.43991,498,48.0,4.46,226
12.07649,50.43965,365,45.4,4.23,27
12.09056,50.4394,12,51.8,,
12.10463,50.43914,3,56.4,,
12.1187,50.43888,348,48.2,3.93,7
12.17498,50.43783,73,49.6,3.43,3
12.20312,50.43729,43,46.7,,
12.24533,50.43647,150,46.6,3.54,4
12.2594,50.43619,494,47.6,4.34,32
12.27347,50.43592,121,47.2,5.35,3
12.28754,50.43564,386,45.5,3.65,52
12.30161,50.43536,482,48.1,4.83,38
12.31568,50.43507,101,43.9,6.71,3
12.32974,50.43479,12,57.8,,
12.35788,50.43421,13,48.7,,
12.40008,50.43334,61,45.1,,
12.41415,50.43304,346,52.5,4.54,22
12.42822,50.43274,228,49.5,4.28,8
12.44229,50.43245,10,48.1,,
12.45635,50.43215,222,52.8,3.9,53
12.47042,50.43184,59,51.6,5.2,3
12.48449,50.43154,24,49.9,,
12.58295,50.42936,141,50.9,4.21,17
12.59701,50.42905,100,56.1,4.4,13
12.61108,50.42873,44,49.7,6.08,4
12.65327,50.42776,8,54.2,4.72,3
12.70953,50.42644,50,62.1,3.27,26
12.72359,50.42611,341,55.2,3.88,70
12.96265,50.42018,593,53.5,4.83,175
12.97671,50.41982,539,49.8,4.71,112
11.96429,50.45062,10,51.8,,
11.97837,50.45038,56,42.6,,
12.00651,50.44989,7,53.6,,
12.02059,50.44964,23,47.1,,
12.03466,50.44939,10,43.2,,
12.04874,50.44914,142,47.2,3.38,14
12.06281,50.44889,506,48.8,4.48,94
12.07688,50.44864,105,68.0,4.45,52
12.09096,50.44838,11,59.7,,
12.14725,50.44734,4,56.8,,
12.18947,50.44654,34,44.1,,
12.20354,50.44627,33,41.6,3.31,3
12.21761,50.446,83,49.6,,
12.23169,50.44573,25,45.5,,
12.24576,50.44546,128,44.1,3.36,10
12.2739,50.4449,92,43.7,,
12.28797,50.44462,77,48.9,,
12.30205,50.44434,216,50.0,3.96,3
12.31612,50.44406,7,36.6,,
12.33019,50.44377,56,55.4,3.86,8
12.34426,50.44349,42,49.9,,
12.35833,50.4432,297,47.3,4.34,35
12.3724,50.44291,371,49.7,3.92,22
12.38647,50.44262,13,52.3,6.95,12
12.40054,50.44232,43,43.5,,
12.41461,50.44203,151,51.8,,
12.42868,50.44173,228,46.8,4.34,10
12.45682,50.44113,447,55.9,4.5,148
12.47089,50.44083,3,45.1,,
12.49903,50.44022,56,46.9,3.98,3
12.5131,50.43991,100,48.4,3.01,3
12.58344,50.43835,254,53.1,4.15,42
12.59751,50.43803,65,46.2,3.24,4
12.61158,50.43771,3,49.2,,
12.65378,50.43674,12,48.6,,
12.66785,50.43642,3,49.6,,
12.69598,50.43576,334,46.2,4.58,15
12.71005,50.43543,977,55.2,4.28,384
12.72411,50.43509,532,48.0,4.48,63
12.73818,50.43476,122,54.3,3.99,15
12.8929,50.43096,35,43.7,,
12.96321,50.42916,34,38.0,5.32,4
12.97728,50.4288,312,50.6,4.6,245
11.95059,50.45985,3,49.7,,
11.97874,50.45937,40,52.4,,
11.99282,50.45912,3,59.6,,
12.02097,50.45863,4,71.0,,
12.03505,50.45838,10,46.8,,
12.04913,50.45813,13,56.5,,
12.0632,50.45788,112,45.8,4.29,7
12.07728,50.45762,280,48.6,4.89,15
12.10543,50.45711,93,46.9,4.38,9
12.11951,50.45685,3,35.4,,
12.14766,50.45633,238,47.2,4.18,5
12.16174,50.45606,205,47.6,4.81,19
12.18989,50.45553,18,55.8,,
12.20396,50.45526,146,47.2,3.78,3
12.21804,50.45499,38,52.9,,
12.23211,50.45472,17,38.4,4.67,5
12.31656,50.45304,19,54.7,,
12.33063,50.45276,220,47.8,4.38,22
12.34471,50.45247,25,51.9,,
12.35878,50.45218,680,53.3,4.48,45
12.42914,50.45071,81,41.9,2.66,7
12.44322,50.45042,5,19.8,,
12.45729,50.45011,4,65.3,,
12.47136,50.44981,201,51.6,3.69,26
12.48543,50.44951,12,46.2,,
12.49951,50.4492,5,40.3,,
12.51358,50.4489,49,52.5,3.87,4
12.55579,50.44796,13,52.5,,
12.62614,50.44637,68,48.8,4.11,7
12.64021,50.44605,6,43.5,,
12.65428,50.44573,19,41.4,,
12.66835,50.4454,23,50.7,,
12.68242,50.44507,119,51.8,4.62,23
12.69649,50.44474,901,53.4,4.32,541
12.71056,50.44441,27,53.0,,
12.72463,50.44408,83,47.4,4.75,5
12.87938,50.4403,4,60.3,,
12.89345,50.43994,52,49.8,3.98,3
12.96378,50.43815,9,24.6,,
12.97784,50.43778,4,19.0,,
12.99191,50.43742,5,67.2,,
11.95096,50.46883,106,46.4,4.11,39
11.96504,50.46859,87,45.4,2.91,4
11.97912,50.46835,6,38.3,,
11.9932,50.46811,35,47.7,,
12.00728,50.46786,29,46.9,2.94,4
12.02136,50.46762,179,52.0,2.88,11
12.04952,50.46712,59,55.0,,
12.0636,50.46686,158,44.7,4.5,16
12.07768,50.46661,138,46.4,4.31,31
12.10583,50.4661,173,48.0,4.1,14
12.11991,50.46584,87,48.3,4.03,6
12.14807,50.46531,120,47.8,,
12.16215,50.46505,286,49.6,4.4,18
12.17623,50.46478,77,49.6,3.5,4
12.1903,50.46452,20,52.2,2.51,3
12.21846,50.46397,200,50.2,4.0,3
12.23254,50.4637,67,46.3,,
12.24661,50.46343,7,45.8,,
12.26069,50.46315,19,56.2,,
12.27477,50.46287,3,63.7,,
12.28885,50.46259,55,50.8,3.83,5
12.33108,50.46174,420,48.8,4.15,48
12.34515,50.46146,28,50.7,6.22,3
12.35923,50.46117,317,52.3,4.2,16
12.3733,50.46088,19,58.1,,
12.38738,50.46058,6,60.1,,
12.47183,50.4588,6,72.6,,
12.48591,50.45849,109,49.9,4.13,11
12.49998,50.45819,239,47.0,4.19,36
12.52813,50.45757,8,40.0,,
12.62664,50.45536,109,50.3,5.01,10
12.64072,50.45503,25,46.4,,
12.71108,50.45339,4,42.1,5.31,3
12.72515,50.45306,7,47.8,4.59,3
12.73922,50.45272,3,35.4,,
12.86586,50.44963,10,53.1,,
13.00655,50.44603,98,53.1,4.44,12
11.95133,50.47782,216,51.2,4.71,7
11.96541,50.47758,3,61.7,,
11.99358,50.47709,48,54.0,,
12.02174,50.4766,18,34.9,,
12.03583,50.47635,11,33.5,2.0,5
12.04991,50.4761,181,46.2,3.32,20
12.06399,50.47585,5,48.7,,
12.07807,50.4756,175,40.8,4.18,15
12.09215,50.47534,158,55.0,4.68,32
12.10624,50.47508,285,48.0,4.13,6
12.12032,50.47482,188,52.8,3.84,3
12.1344,50.47456,725,53.6,4.81,301
12.14848,50.4743,309,50.3,5.55,19
12.16256,50.47404,264,49.6,5.51,18
12.17664,50.47377,156,48.9,5.12,6
12.2048,50.47323,5,47.6,,
12.21888,50.47296,693,47.3,4.68,68
12.23296,50.47269,6,46.7,,
12.26112,50.47214,139,52.4,4.45,7
12.2752,50.47186,560,49.1,3.77,55
12.28928,50.47158,39,53.8,4.12,13
12.33152,50.47073,77,56.2,,
12.3456,50.47044,82,50.9,3.42,5
12.35968,50.47015,1291,51.9,4.32,461
12.37376,50.46986,670,48.9,4.31,196
12.38783,50.46957,164,51.0,3.48,5
12.41599,50.46898,57,50.8,,
12.43007,50.46868,107,45.8,4.86,10
12.48638,50.46748,55,54.3,4.42,3
12.50046,50.46717,5,63.4,,
12.68345,50.46304,9,28.1,,
12.69752,50.46271,3,75.0,,
12.71159,50.46238,10,45.2,,
12.72567,50.46204,13,47.4,4.9,5
12.75382,50.46137,9,55.1,,
12.76789,50.46103,11,41.8,,
12.81011,50.46001,89,44.9,4.29,5
12.82418,50.45966,25,56.7,4.76,7
12.83826,50.45931,31,39.6,,
13.00712,50.45501,23,47.2,,
13.02119,50.45464,10,64.4,3.4,4
11.99396,50.48608,173,46.7,3.71,6
12.00804,50.48584,14,51.6,,
12.02213,50.48559,14,51.7,,
12.0503,50.48509,9,45.8,,
12.06438,50.48484,113,53.0,,
12.07847,50.48458,3,64.1,,
12.09255,50.48433,660,50.2,4.92,27
12.10664,50.48407,258,48.7,4.2,8
12.12072,50.48381,120,46.8,4.89,6
12.1348,50.48355,2107,43.9,4.59,1
12.14889,50.48329,2049,51.0,4.47,1
12.16297,50.48302,78,52.4,,
12.17706,50.48275,371,48.5,6.0,7
12.19114,50.48249,125,60.1,,
12.20522,50.48222,147,49.3,4.48,13
12.2193,50.48195,12,57.6,,
12.23339,50.48167,178,45.0,4.2,4
12.24747,50.4814,225,48.1,4.57,24
12.26155,50.48112,49,56.9,4.6,3
12.27564,50.48084,92,43.4,,
12.28972,50.48056,391,50.1,3.17,15
12.33196,50.47971,27,50.8,4.52,5
12.34605,50.47943,16,67.8,,
12.36013,50.47914,1395,46.0,4.26,563
12.37421,50.47885,2359,52.5,4.49,849
12.38829,50.47855,504,48.4,3.99,63
12.40237,50.47826,26,54.3,,
12.41645,50.47797,95,48.5,4.35,5
12.43053,50.47767,345,48.6,4.65,24
12.44461,50.47737,6,38.0,3.71,3
12.45869,50.47707,5,48.1,,
12.51501,50.47585,35,50.0,4.01,9
12.61357,50.47365,6,40.9,,
12.71211,50.47136,321,53.7,4.63,187
12.72619,50.47103,21,41.8,4.16,5
12.74026,50.47069,94,53.3,4.57,53
12.75434,50.47035,331,47.3,4.43,28
12.76842,50.47001,193,47.8,4.64,9
12.78249,50.46967,3,33.2,,
12.79657,50.46933,98,43.1,4.25,19
12.81065,50.46899,292,49.1,4.92,22
12.82472,50.46864,16,50.0,,
12.96547,50.46509,113,47.1,4.5,4
12.97954,50.46473,30,47.8,,
12.99362,50.46436,90,53.6,,
12.0366,50.49433,130,49.2,4.62,6
12.05069,50.49407,3,22.2,,
12.06478,50.49382,67,47.9,,
12.07886,50.49357,342,50.8,5.9,60
12.09295,50.49331,2244,51.4,4.84,606
12.10704,50.49305,2334,41.3,4.71,886
12.12112,50.4928,6568,46.6,4.73,4
12.13521,50.49253,3057,46.6,4.89,2
12.1493,50.49227,2178,44.0,4.59,1
12.16338,50.49201,3646,55.4,4.85,2
12.17747,50.49174,1807,54.5,5.32,193
12.19156,50.49147,351,50.1,4.5,12
12.20564,50.4912,260,47.6,3.48,12
12.21973,50.49093,13,35.6,5.15,3
12.23381,50.49066,41,52.1,,
12.2479,50.49038,145,46.2,4.61,23
12.26198,50.49011,35,46.1,,
12.29015,50.48955,112,50.4,3.16,15
12.30424,50.48927,38,41.8,,
12.31832,50.48898,196,49.4,3.78,18
12.33241,50.4887,3,61.8,,
12.36058,50.48812,320,49.1,4.26,32
12.37466,50.48783,364,51.9,4.75,49
12.38874,50.48754,1307,46.4,4.1,324
12.40283,50.48725,95,53.6,3.48,15
12.41691,50.48695,104,53.0,5.29,9
12.431,50.48665,166,59.2,4.49,8
12.44508,50.48635,7,38.3,,
12.45916,50.48605,19,48.4,3.46,9
12.47324,50.48575,10,36.6,2.7,6
12.48733,50.48545,30,34.1,3.76,3
12.52957,50.48452,6,71.7,,
12.59998,50.48295,26,53.8,,
12.61406,50.48263,12,55.0,1.5,3
12.71263,50.48034,126,50.1,4.89,35
12.72671,50.48001,126,54.1,4.63,20
12.74079,50.47967,148,41.8,5.35,71
12.75487,50.47934,342,49.1,4.48,75
12.76895,50.479,798,52.7,5.01,101
12.78302,50.47866,22,40.8,4.86,4
12.7971,50.47831,342,48.6,4.36,41
12.81118,50.47797,216,48.0,4.81,15
12.95196,50.47444,8,61.3,,
12.96603,50.47407,600,46.0,4.54,57
12.98011,50.47371,83,49.0,4.88,4
12.99419,50.47334,11,38.1,,
13.00826,50.47297,3,48.7,,
11.93836,50.50502,4,63.4,,
11.98063,50.5043,52,51.8,,
11.99472,50.50405,250,50.4,4.0,28
12.0229,50.50356,22,28.4,5.1,8
12.05108,50.50306,4,69.8,,
12.09335,50.5023,121,51.9,4.22,19
12.10744,50.50204,666,54.2,4.65,167
12.12153,50.50178,1591,48.1,5.15,752
12.13562,50.50152,8298,50.2,4.73,5
12.14971,50.50126,2484,40.8,4.24,1
12.1638,50.50099,4321,48.3,3.95,2
12.17789,50.50073,45,46.8,3.95,3
12.19197,50.50046,4,55.9,,
12.20606,50.50019,3,64.0,,
12.22015,50.49992,171,48.1,3.65,25
12.23424,50.49964,18,54.9,,
12.24833,50.49937,3,54.9,,
12.2765,50.49881,55,45.1,,
12.29059,50.49853,70,52.0,3.0,3
12.30468,50.49825,181,47.8,5.25,14
12.31877,50.49797,24,50.9,2.8,3
12.34694,50.4974,19,55.8,,
12.36103,50.49711,127,48.4,4.23,10
12.37511,50.49682,3,72.5,,
12.3892,50.49652,674,50.8,4.49,244
12.40329,50.49623,435,48.9,4.8,53
12.41737,50.49593,1143,47.3,4.71,161
12.43146,50.49564,112,50.3,4.32,9
12.44554,50.49534,46,44.4,5.88,3
12.45963,50.49504,262,45.5,4.46,8
12.4878,50.49443,5,34.0,,
12.54414,50.4932,11,38.5,,
12.58639,50.49225,250,48.2,3.9,39
12.60048,50.49193,2345,49.0,4.44,690
12.61456,50.49161,436,57.7,4.77,248
12.64273,50.49097,3,53.5,,
12.65681,50.49064,214,48.9,3.39,8
12.6709,50.49032,59,50.9,2.23,3
12.71314,50.48933,9,64.3,,
12.76947,50.48798,15,51.5,,
12.78356,50.48764,125,41.4,3.62,5
12.79764,50.4873,23,25.3,,
12.92436,50.48414,23,28.6,,
12.9666,50.48305,434,49.8,4.29,80
12.98068,50.48269,308,45.8,3.75,39
11.93873,50.51401,24,38.7,,
11.95282,50.51377,86,50.0,,
12.00919,50.51279,196,51.0,4.68,18
12.02329,50.51255,277,49.0,4.83,22
12.05147,50.51205,212,49.2,3.86,11
12.06556,50.51179,13,50.8,,
12.09375,50.51128,143,45.4,4.61,7
12.10784,50.51103,71,51.9,6.92,3
12.12193,50.51077,2143,46.8,4.59,1
12.13603,50.51051,3716,42.8,4.4,2
12.15012,50.51024,2596,42.8,4.85,1
12.16421,50.50998,529,52.2,5.0,63
12.20648,50.50917,7,51.1,,
12.22057,50.5089,144,49.8,5.75,4
12.23467,50.50863,68,58.9,4.0,3
12.24876,50.50835,218,51.2,4.77,15
12.26285,50.50808,110,46.6,4.51,3
12.29103,50.50752,97,47.0,,
12.30512,50.50724,23,44.1,,
12.36148,50.50609,431,48.9,4.24,23
12.37557,50.5058,523,48.7,4.07,278
12.38966,50.50551,2634,49.0,4.07,1
12.40374,50.50521,1660,47.0,4.58,473
12.41783,50.50492,1425,52.8,4.77,251
12.43192,50.50462,271,51.6,3.57,13
12.44601,50.50432,117,50.7,,
12.4601,50.50402,424,50.8,4.36,26
12.47419,50.50372,42,55.2,2.38,3
12.50236,50.50311,421,51.6,4.45,50
12.51645,50.5028,967,51.8,4.11,104
12.53054,50.50249,684,49.7,4.44,123
12.54463,50.50218,569,51.0,4.62,114
12.55871,50.50187,109,52.7,4.86,48
12.58689,50.50123,299,46.0,3.99,47
12.60097,50.50092,600,45.8,4.58,206
12.61506,50.5006,136,51.9,4.99,5
12.62915,50.50027,4,24.5,,
12.64323,50.49995,698,50.1,4.25,62
12.65732,50.49963,666,47.8,3.84,77
12.74183,50.49764,3,33.0,,
12.75592,50.4973,303,47.0,4.52,47
12.77,50.49696,429,60.6,4.43,116
12.78409,50.49662,74,51.9,4.09,10
12.81225,50.49594,28,49.0,,
12.939,50.49276,98,44.1,3.92,8
12.95308,50.4924,6,65.5,,
12.96717,50.49204,238,45.7,4.48,30
12.98125,50.49167,7,55.6,,
13.02349,50.49057,576,47.4,4.16,82
11.95319,50.52275,46,51.0,3.22,5
11.96729,50.52251,24,33.9,,
11.98138,50.52227,46,52.1,,
11.99548,50.52203,19,39.4,,
12.00958,50.52178,5,38.2,,
12.02367,50.52153,49,48.8,,
12.03777,50.52128,17,40.9,3.0,3
12.05186,50.52103,3,37.7,,
12.08005,50.52053,3,77.3,,
12.09415,50.52027,284,48.3,4.19,23
12.10824,50.52001,153,56.2,5.15,4
12.12234,50.51975,491,46.0,4.28,210
12.13643,50.51949,480,47.2,4.39,155
12.15053,50.51923,1063,49.0,5.04,68
12.16462,50.51896,87,50.5,5.94,3
12.2069,50.51816,58,44.2,,
12.221,50.51789,96,46.0,4.73,4
12.23509,50.51761,68,43.4,6.48,13
12.24919,50.51734,69,54.8,5.82,3
12.29146,50.5165,150,48.4,3.25,10
12.30556,50.51622,15,44.1,,
12.31965,50.51594,14,38.6,,
12.33374,50.51565,3,54.5,,
12.34784,50.51537,11,38.8,,
12.36193,50.51508,248,48.8,3.82,19
12.37602,50.51479,113,50.3,4.02,20
12.39011,50.51449,2832,52.0,4.33,2
12.4042,50.5142,1607,46.3,4.88,554
12.41829,50.5139,353,53.5,4.24,49
12.43239,50.51361,117,51.3,3.82,6
12.44648,50.51331,6,43.1,,
12.46057,50.51301,51,41.1,,
12.47466,50.5127,7,50.1,,
12.50284,50.51209,6,51.3,,
12.51693,50.51178,339,54.2,5.12,68
12.53102,50.51147,706,50.7,4.64,226
12.54511,50.51116,224,49.5,4.23,15
12.5592,50.51085,61,52.6,5.29,12
12.62965,50.50926,12,37.2,,
12.64374,50.50894,136,37.9,6.2,3
12.65783,50.50861,45,43.2,,
12.71418,50.50729,41,39.8,4.37,5
12.75644,50.50629,137,53.2,4.73,39
12.77053,50.50595,14,56.8,4.55,5
12.78462,50.50561,321,47.7,3.71,33
12.7987,50.50526,4,57.7,,
12.81279,50.50492,400,49.5,4.32,44
12.82688,50.50457,14,47.6,,
12.91139,50.50246,14,36.7,3.47,7
12.92548,50.5021,10,58.2,,
12.93956,50.50174,596,47.6,4.31,73
12.95365,50.50138,3,69.5,,
12.96773,50.50102,75,45.7,4.09,12
12.98182,50.50065,55,45.5,4.48,5
13.00998,50.49992,6,38.0,,
13.02407,50.49955,1003,53.3,4.61,277
11.89717,50.53268,267,49.7,4.37,12
11.91127,50.53245,34,53.4,3.25,3
11.92537,50.53222,158,59.2,4.3,77
11.95356,50.53174,41,51.9,4.85,12
11.96766,50.5315,167,46.1,4.2,20
11.99586,50.53101,18,58.8,,
12.00996,50.53077,25,38.2,,
12.02406,50.53052,39,50.7,,
12.03816,50.53027,31,46.9,,
12.08045,50.52951,26,47.7,,
12.09455,50.52926,84,51.8,4.44,3
12.10865,50.529,178,48.8,3.38,8
12.12274,50.52874,3,67.1,,
12.13684,50.52848,38,49.6,4.72,3
12.15094,50.52821,185,44.2,5.73,19
12.17913,50.52768,174,47.1,3.83,15
12.19323,50.52741,26,58.6,,
12.22142,50.52687,116,47.3,2.73,7
12.23552,50.5266,37,56.7,,
12.24961,50.52632,215,52.0,4.16,31
12.306,50.52521,11,47.2,,
12.32009,50.52492,157,48.2,3.83,5
12.33419,50.52464,645,49.9,4.1,72
12.34828,50.52435,279,48.6,4.94,8
12.36238,50.52406,564,48.5,4.45,39
12.37647,50.52377,508,51.1,4.18,44
12.39057,50.52348,439,49.6,4.04,257
12.40466,50.52318,1016,49.0,5.32,382
12.41876,50.52289,118,48.3,4.0,3
12.43285,50.52259,187,48.4,4.21,14
12.46104,50.52199,58,46.1,5.2,3
12.47513,50.52169,22,54.8,,
12.50332,50.52108,4,19.1,,
12.51741,50.52077,186,48.4,4.37,11
12.5315,50.52046,263,48.8,4.63,55
12.61606,50.51856,46,51.5,4.01,14
12.63015,50.51824,37,50.1,3.47,4
12.64424,50.51792,7,44.2,,
12.74288,50.51561,3,64.1,,
12.77106,50.51493,426,51.4,4.91,56
12.78515,50.51459,606,48.6,5.08,66
12.79924,50.51425,71,61.6,,
12.81333,50.5139,514,48.8,4.35,66
12.82742,50.51356,112,53.3,4.25,3
12.88377,50.51215,75,48.5,4.28,31
12.89786,50.5118,18,30.8,,
12.92603,50.51108,281,48.4,4.53,9
12.94012,50.51072,1409,48.1,4.42,309
12.95421,50.51036,9,58.9,,
12.9683,50.51,3,62.2,,
12.98238,50.50964,398,44.3,4.25,54
12.99647,50.50927,194,41.3,4.07,28
13.01056,50.5089,6,57.7,,
13.02464,50.50853,109,45.9,3.39,11
13.09507,50.50665,295,52.7,3.95,60
11.92573,50.5412,701,47.7,4.31,131
11.93984,50.54096,176,49.8,4.05,40
11.99624,50.54,65,51.6,,
12.01034,50.53975,8,55.2,,
12.02444,50.53951,35,44.8,,
12.03855,50.53926,257,51.4,4.5,66
12.05265,50.53901,3,73.0,,
12.06675,50.53875,67,45.1,5.96,8
12.08085,50.5385,373,51.4,4.48,58
12.09495,50.53824,15,48.2,,
12.10905,50.53798,94,50.2,,
12.12315,50.53772,249,47.3,4.76,5
12.13725,50.53746,1455,52.7,5.11,244
12.15135,50.5372,49,51.4,5.32,4
12.17955,50.53667,3,42.5,,
12.25004,50.53531,3,43.8,,
12.26414,50.53503,99,41.2,4.5,3
12.27824,50.53475,43,49.9,,
12.29234,50.53447,186,50.3,4.1,20
12.30644,50.53419,596,47.9,4.63,113
12.32054,50.53391,80,51.3,4.56,3
12.33463,50.53362,10,52.8,,
12.34873,50.53333,7,44.0,,
12.36283,50.53305,109,53.0,,
12.39102,50.53246,206,56.3,5.28,85
12.40512,50.53217,1680,49.6,4.63,525
12.41922,50.53187,921,53.2,4.14,91
12.43331,50.53157,78,55.7,4.17,19
12.44741,50.53128,23,46.8,,
12.46151,50.53097,49,53.0,,
12.4756,50.53067,639,53.6,4.38,102
12.4897,50.53037,40,46.3,,
12.5038,50.53006,21,56.1,5.07,9
12.51789,50.52975,261,51.3,5.25,8
12.53199,50.52944,444,45.5,4.62,33
12.54608,50.52913,426,48.4,4.67,22
12.56018,50.52882,24,41.9,6.2,3
12.60246,50.52787,83,60.9,3.21,4
12.61656,50.52755,34,45.4,,
12.64475,50.5269,14,30.3,,
12.77159,50.52391,658,48.9,5.18,86
12.78568,50.52357,415,47.8,5.38,118
12.81386,50.52288,273,46.8,4.31,32
12.82796,50.52254,1190,52.5,5.07,786
12.94068,50.51971,582,45.7,4.18,75
12.95477,50.51935,146,46.9,3.31,8
12.98295,50.51862,12,70.7,,
12.99704,50.51825,1238,50.7,4.69,307
13.01113,50.51788,8,52.1,,
13.02522,50.51751,27,41.9,2.37,4
13.03931,50.51714,143,46.7,3.87,13
13.08157,50.51601,163,46.5,3.32,18
13.09566,50.51563,497,49.9,4.13,74
13.10975,50.51525,15,55.4,,
11.912,50.55042,7,36.2,,
11.9261,50.55019,23,42.6,4.27,6
11.94021,50.54995,9,64.8,,
11.96842,50.54947,21,38.1,,
12.01073,50.54874,131,48.0,4.11,9
12.02483,50.54849,32,55.2,,
12.03893,50.54824,317,47.4,4.73,29
12.05304,50.54799,3,55.4,,
12.06714,50.54774,226,49.0,4.66,56
12.08125,50.54748,528,50.4,4.96,170
12.09535,50.54723,5,49.4,,
12.10945,50.54697,13,49.8,,
12.12355,50.54671,8,68.3,,
12.13766,50.54645,443,50.0,4.88,30
12.15176,50.54619,49,43.5,,
12.16586,50.54592,49,51.4,,
12.22227,50.54484,108,49.1,5.64,4
12.25047,50.54429,13,62.7,,
12.27868,50.54374,70,53.4,4.81,8
12.29278,50.54346,1313,50.0,5.02,275
12.30688,50.54318,2383,48.1,4.66,813
12.32098,50.54289,235,48.4,4.68,65
12.33508,50.54261,3,58.1,,
12.34918,50.54232,88,45.2,2.0,6
12.37738,50.54174,365,49.7,5.11,11
12.39148,50.54145,295,48.4,4.58,72
12.40558,50.54115,227,47.9,4.25,63
12.41968,50.54086,99,48.9,,
12.43378,50.54056,22,59.6,,
12.47608,50.53966,5,60.4,,
12.49018,50.53935,164,43.9,4.08,14
12.50427,50.53904,714,46.2,5.04,63
12.51837,50.53874,145,43.5,4.07,9
12.53247,50.53843,54,42.6,,
12.56067,50.5378,64,55.8,4.34,3
12.57476,50.53749,30,42.3,,
12.60296,50.53685,11,41.8,4.6,3
12.61706,50.53653,474,62.0,6.48,138
12.63115,50.53621,100,45.7,5.3,7
12.65935,50.53556,4,41.9,2.01,3
12.67344,50.53523,72,44.5,4.29,13
12.68754,50.5349,708,51.0,4.34,63
12.70164,50.53457,127,52.4,5.16,8
12.74392,50.53357,15,43.4,,
12.75802,50.53323,255,53.4,6.06,61
12.77212,50.53289,2808,51.9,4.97,1
12.78621,50.53255,598,45.2,4.97,152
12.80031,50.53221,100,47.7,5.04,20
12.8144,50.53187,363,47.8,4.82,38
12.82849,50.53152,706,49.9,4.97,180
12.84259,50.53117,808,49.9,4.67,164
12.85668,50.53082,199,49.1,4.59,27
12.87078,50.53047,581,49.3,5.39,101
12.88487,50.53012,222,47.9,3.87,15
12.89896,50.52976,13,44.4,,
12.92715,50.52905,13,46.5,,
12.94124,50.52869,119,55.8,2.92,7
12.99761,50.52723,519,47.9,4.64,74
13.01171,50.52686,14,28.8,,
13.0258,50.52649,31,49.9,6.33,3
13.03989,50.52612,16,55.8,,
13.05398,50.52575,44,48.8,3.99,6
13.06807,50.52537,4,66.8,,
13.08216,50.52499,35,24.2,2.16,3
13.12443,50.52385,13,37.6,2.54,3
13.13852,50.52347,23,52.1,3.77,5
13.19488,50.52191,158,50.0,4.75,9
11.95468,50.5587,4,45.2,,
11.96879,50.55846,125,46.0,,
11.9829,50.55822,3,60.0,,
11.997,50.55797,12,43.8,,
12.01111,50.55773,6,47.1,,
12.08164,50.55647,26,60.7,3.1,3
12.12396,50.5557,25,41.2,,
12.13807,50.55543,28,33.5,,
12.15217,50.55517,24,54.9,4.82,3
12.16628,50.55491,589,46.7,4.65,196
12.18038,50.55464,254,50.6,4.41,55
12.20859,50.5541,11,64.1,4.42,3
12.22269,50.55383,6,41.6,,
12.26501,50.553,25,47.3,,
12.27911,50.55272,28,40.9,5.01,6
12.29321,50.55244,177,46.6,5.9,18
12.30732,50.55216,49,45.9,,
12.32142,50.55188,55,49.8,,
12.33553,50.55159,69,49.9,4.6,3
12.34963,50.5513,381,47.4,4.13,11
12.36373,50.55102,6,63.8,,
12.37783,50.55072,68,52.2,3.78,8
12.39194,50.55043,34,51.4,7.87,3
12.40604,50.55014,4,27.1,,
12.43424,50.54954,14,48.5,,
12.44835,50.54924,71,67.4,,
12.46245,50.54894,23,53.1,,
12.50475,50.54803,433,47.0,4.33,111
12.51885,50.54772,39,50.1,3.71,4
12.53295,50.54741,92,46.3,4.85,6
12.54706,50.5471,159,47.8,,
12.56116,50.54679,137,56.8,4.13,18
12.57526,50.54647,657,51.4,4.06,63
12.58936,50.54615,26,47.6,,
12.61756,50.54551,21,63.0,6.22,15
12.64576,50.54487,175,49.9,3.4,6
12.65986,50.54454,275,48.8,4.44,11
12.67396,50.54422,250,49.9,4.41,22
12.68805,50.54389,820,48.2,4.15,80
12.75855,50.54222,24,42.8,3.86,3
12.77264,50.54188,531,63.4,5.36,272
12.78674,50.54154,1928,50.5,5.15,775
12.80084,50.54119,828,46.4,4.78,119
12.82903,50.5405,153,55.4,3.73,3
12.84313,50.54015,11,49.9,,
12.85723,50.5398,194,48.4,4.16,20
12.87133,50.53945,87,43.6,4.45,20
12.88542,50.5391,75,46.6,4.21,13
12.89952,50.53875,357,47.6,4.48,14
12.91361,50.53839,1354,46.5,4.34,252
12.92771,50.53803,20,52.6,3.69,7
12.94181,50.53767,144,55.7,4.4,18
12.9559,50.53731,133,54.1,3.68,3
12.98409,50.53658,372,54.2,4.31,204
12.99819,50.53621,986,46.3,4.43,176
13.01228,50.53584,3,49.5,,
13.05456,50.53473,67,38.6,3.0,7
13.09684,50.5336,4,52.6,,
13.12503,50.53283,95,46.3,3.71,18
13.13912,50.53245,28,55.8,3.09,3
13.1814,50.53128,14,54.5,,
13.19549,50.53089,229,52.3,4.13,21
13.20958,50.5305,43,41.9,3.69,5
11.96917,50.56744,76,51.3,3.72,3
11.98328,50.5672,41,52.3,,
11.99739,50.56696,33,49.3,,
12.0115,50.56671,34,47.1,,
12.08204,50.56546,4,31.8,,
12.09615,50.5652,53,47.9,3.15,3
12.12437,50.56468,59,51.8,,
12.13847,50.56442,57,43.9,,
12.15258,50.56416,43,49.3,,
12.16669,50.56389,33,46.8,,
12.1808,50.56362,100,54.7,4.99,7
12.1949,50.56336,10,60.2,,
12.20901,50.56309,104,50.0,6.01,4
12.22312,50.56281,70,51.6,,
12.23723,50.56254,9,39.6,2.56,3
12.26544,50.56199,41,40.6,4.38,14
12.27955,50.56171,386,48.4,4.68,34
12.29365,50.56143,205,49.1,4.75,9
12.33597,50.56058,3,32.5,,
12.35008,50.56029,262,50.4,3.5,6
12.36418,50.56,240,49.2,5.37,16
12.37829,50.55971,10,59.9,,
12.39239,50.55942,135,49.0,3.77,3
12.4065,50.55912,3,62.0,,
12.4206,50.55883,258,48.3,3.12,4
12.43471,50.55853,61,45.4,,
12.44881,50.55823,168,47.5,7.9,4
12.46292,50.55793,188,45.8,3.65,3
12.47702,50.55762,7,67.7,,
12.49113,50.55732,88,65.1,6.56,40
12.50523,50.55701,21,53.1,,
12.51933,50.5567,114,50.5,3.98,27
12.54754,50.55608,82,42.7,3.8,5
12.56165,50.55577,62,49.1,,
12.57575,50.55545,3,59.6,,
12.58985,50.55514,5,33.6,,
12.61806,50.5545,11,39.0,,
12.63216,50.55418,73,49.4,5.42,6
12.64626,50.55385,35,55.9,,
12.66036,50.55353,514,45.8,4.18,29
12.67447,50.5532,28,39.3,,
12.68857,50.55287,130,42.6,,
12.73087,50.55187,47,54.1,3.91,3
12.74497,50.55154,18,35.2,,
12.75907,50.5512,762,44.8,5.09,133
12.77317,50.55086,851,49.5,4.84,185
12.78727,50.55052,991,45.7,5.44,238
12.80137,50.55018,28,45.8,4.36,3
12.81548,50.54983,24,43.6,,
12.82957,50.54948,111,43.5,4.54,15
12.84367,50.54914,359,58.6,7.74,52
12.85777,50.54879,18,39.1,,
12.91417,50.54737,244,48.2,4.8,59
12.92827,50.54701,5,63.7,,
12.94237,50.54665,6,58.4,,
12.95647,50.54629,345,44.6,4.04,49
12.97056,50.54593,14,44.3,,
12.99876,50.54519,410,44.6,6.2,62
13.04105,50.54408,496,47.0,4.33,65
13.05515,50.54371,569,44.3,4.26,28
13.09744,50.54258,259,48.8,3.46,19
13.11153,50.5422,249,45.1,3.9,18
13.12563,50.54181,3,66.2,,
11.94132,50.57691,153,48.6,,
11.95543,50.57667,70,42.7,,
11.96954,50.57643,15,32.6,,
11.98366,50.57619,181,48.7,4.48,19
11.99777,50.57594,559,51.7,4.33,56
12.01188,50.5757,11,53.0,,
12.08244,50.57444,9,57.6,,
12.09655,50.57419,125,48.1,3.51,5
12.1671,50.57288,25,56.2,,
12.18121,50.57261,252,47.8,4.3,17
12.19532,50.57234,12,45.2,5.41,4
12.20943,50.57207,5,52.0,,
12.22354,50.5718,105,47.1,4.18,9
12.23765,50.57153,170,50.3,4.43,45
12.3082,50.57013,26,59.0,,
12.32231,50.56985,8,58.0,,
12.33642,50.56956,69,54.2,,
12.35053,50.56927,16,72.1,4.64,4
12.36463,50.56898,2282,48.3,4.72,624
12.37874,50.56869,588,51.6,4.54,151
12.39285,50.5684,64,44.0,3.15,3
12.40696,50.56811,175,42.9,4.24,35
12.42107,50.56781,31,61.1,2.91,3
12.44928,50.56721,20,44.0,,
12.4775,50.56661,261,46.7,3.83,24
12.4916,50.5663,41,48.3,4.21,5
12.50571,50.566,79,56.9,4.73,6
12.51982,50.56569,205,49.1,4.35,16
12.53392,50.56538,267,48.4,4.21,29
12.56213,50.56475,3,33.0,,
12.57624,50.56444,4,62.5,,
12.61856,50.56348,16,43.8,,
12.63266,50.56316,509,49.2,4.62,68
12.64677,50.56284,1102,50.5,4.72,168
12.71729,50.56119,331,44.8,5.06,15
12.73139,50.56086,1823,50.4,4.52,453
12.7455,50.56052,1436,47.2,4.73,359
12.7596,50.56018,529,43.0,4.77,86
12.7737,50.55984,969,51.2,4.7,577
12.78781,50.5595,2138,50.3,4.75,906
12.80191,50.55916,184,52.4,3.85,17
12.83012,50.55847,251,49.7,4.18,12
12.85832,50.55777,75,47.0,4.04,4
12.87242,50.55742,186,48.1,3.69,8
12.90063,50.55671,17,48.7,,
12.91473,50.55635,10,42.4,,
12.94293,50.55563,292,47.4,4.22,31
12.95703,50.55527,1174,48.1,4.64,282
12.97113,50.55491,9,41.8,,
12.98523,50.55454,15,45.0,3.25,3
12.99933,50.55418,776,46.7,4.45,250
13.01343,50.55381,163,51.4,4.85,10
13.04163,50.55306,700,45.1,4.89,69
13.05573,50.55269,49,45.1,,
13.09803,50.55156,96,54.6,3.95,6
13.11213,50.55118,39,47.0,3.25,4
13.14032,50.55041,12,44.1,,
13.15442,50.55002,11,34.4,,
13.16852,50.54964,30,51.0,,
13.22491,50.54807,16,40.3,,
11.92757,50.58613,34,44.2,,
11.9558,50.58566,21,57.1,,
11.98404,50.58517,146,48.4,3.87,16
11.99815,50.58493,1313,51.6,4.27,239
12.01226,50.58468,158,53.1,5.32,9
12.18163,50.5816,160,47.0,4.38,9
12.20986,50.58106,162,53.1,4.02,48
12.23808,50.58051,73,45.3,4.6,10
12.25219,50.58024,391,51.3,4.56,45
12.26631,50.57996,23,29.7,,
12.28042,50.57968,116,42.5,4.55,8
12.30864,50.57912,179,51.2,4.63,4
12.32275,50.57883,9,43.2,,
12.33686,50.57855,21,43.0,,
12.35098,50.57826,73,42.2,4.42,6
12.36509,50.57797,491,48.6,4.7,165
12.3792,50.57768,298,53.4,3.66,16
12.39331,50.57739,18,34.7,3.75,3
12.40742,50.57709,48,47.2,,
12.42153,50.57679,12,72.6,,
12.43564,50.5765,7,49.2,,
12.44975,50.5762,162,44.6,4.67,4
12.46386,50.5759,8,42.4,,
12.47797,50.57559,37,52.4,3.58,3
12.49208,50.57529,324,44.5,4.29,31
12.50619,50.57498,131,53.9,4.3,14
12.53441,50.57436,141,48.0,4.09,8
12.54852,50.57405,207,45.3,4.45,52
12.56262,50.57374,3,45.5,,
12.57673,50.57342,10,23.3,,
12.59084,50.5731,11,45.1,,
12.60495,50.57279,40,47.4,,
12.61906,50.57246,574,30.7,4.38,81
12.63317,50.57214,69,50.0,4.33,37
12.64727,50.57182,623,51.4,4.53,217
12.66138,50.57149,749,48.6,4.15,101
12.68959,50.57084,336,59.2,3.91,171
12.7037,50.57051,276,48.7,5.44,68
12.71781,50.57017,22,54.3,,
12.73192,50.56984,487,48.2,4.8,92
12.74602,50.5695,124,43.5,4.32,21
12.76013,50.56916,508,49.4,4.48,41
12.77423,50.56882,877,44.3,5.2,170
12.78834,50.56848,869,46.2,4.37,190
12.80245,50.56814,464,50.2,4.57,75
12.81655,50.5678,9,34.4,,
12.83066,50.56745,99,48.7,5.11,3
12.85887,50.56675,124,41.0,3.86,10
12.87297,50.5664,123,48.6,4.55,10
12.88708,50.56605,9,51.6,,
12.94349,50.56462,145,41.6,4.43,31
12.95759,50.56425,239,49.1,4.96,71
12.9717,50.56389,19,43.6,,
12.9858,50.56352,625,45.2,4.78,155
12.9999,50.56316,1194,46.6,4.58,300
13.01401,50.56279,338,50.4,5.16,41
13.04221,50.56204,155,46.3,3.96,8
13.05631,50.56167,40,44.8,2.19,3
13.08452,50.56092,24,37.8,,
13.14092,50.55939,33,51.7,,
13.15502,50.559,403,46.4,4.15,56
13.16912,50.55862,196,51.2,3.55,19
13.21142,50.55744,40,53.9,4.2,19
11.9703,50.5944,37,52.3,4.45,11
11.98441,50.59416,44,50.3,2.91,3
12.01265,50.59367,207,49.0,3.75,8
12.02677,50.59342,6,67.8,,
12.12558,50.59164,48,39.0,,
12.1397,50.59138,78,51.1,3.26,3
12.15382,50.59111,142,48.6,,
12.16793,50.59085,7,50.3,,
12.18205,50.59058,6,30.6,,
12.21028,50.59004,93,55.5,,
12.22439,50.58977,26,45.1,5.5,3
12.25262,50.58922,214,54.3,4.34,13
12.26674,50.58894,165,44.5,4.68,9
12.28085,50.58866,32,46.0,,
12.29497,50.58838,30,53.1,,
12.30908,50.5881,152,46.7,4.19,15
12.3232,50.58782,34,47.2,,
12.33731,50.58753,14,58.4,,
12.35143,50.58724,214,49.5,3.99,4
12.36554,50.58695,42,56.7,3.14,4
12.37965,50.58666,138,49.1,2.83,6
12.40788,50.58607,124,44.2,3.3,3
12.42199,50.58578,71,47.1,2.76,10
12.45022,50.58518,215,47.8,5.39,13
12.47844,50.58458,8,61.2,,
12.49256,50.58427,36,49.1,,
12.50667,50.58396,23,40.2,,
12.52078,50.58366,34,48.6,,
12.53489,50.58335,76,47.6,3.68,7
12.549,50.58303,169,47.1,4.81,7
12.57723,50.5824,3,62.7,,
12.59134,50.58209,99,42.8,5.22,7
12.60545,50.58177,51,55.7,5.14,6
12.61956,50.58145,46,54.2,,
12.63367,50.58113,1542,47.7,4.63,205
12.64778,50.5808,408,51.9,4.92,26
12.66189,50.58048,597,48.6,4.72,81
12.676,50.58015,670,50.8,4.87,55
12.69011,50.57982,1500,49.9,3.92,723
12.70422,50.57949,1554,43.8,4.51,572
12.71833,50.57916,141,52.0,4.54,56
12.74655,50.57848,9,46.9,,
12.76066,50.57815,824,51.6,4.65,117
12.77476,50.57781,1072,46.7,4.43,173
12.78887,50.57747,64,43.9,4.16,12
12.80298,50.57712,1088,48.7,4.92,399
12.81709,50.57678,416,48.9,4.66,90
12.85941,50.57573,475,50.4,4.75,128
12.87352,50.57538,751,49.3,4.16,99
12.90173,50.57467,20,41.7,,
12.94405,50.5736,9,45.5,,
12.95816,50.57323,6,66.2,,
12.97227,50.57287,26,44.8,3.5,3
12.98637,50.57251,512,51.3,4.22,115
13.00048,50.57214,1731,42.0,4.58,760
13.01458,50.57177,1097,46.6,4.87,302
13.071,50.57028,113,37.9,4.97,12
13.08511,50.5699,79,50.8,,
13.11331,50.56914,95,39.4,,
13.12742,50.56875,76,50.2,4.43,4
13.14152,50.56837,94,44.8,3.5,12
11.98479,50.60315,19,52.4,,
11.99891,50.6029,16,58.3,,
12.01303,50.60266,3,34.6,,
12.14011,50.60036,13,59.8,,
12.15423,50.6001,98,51.7,2.93,3
12.16835,50.59983,143,64.1,4.34,53
12.18247,50.59957,118,50.9,4.05,7
12.19658,50.5993,34,55.3,,
12.2107,50.59903,14,43.0,2.92,3
12.22482,50.59876,3,65.6,,
12.23894,50.59848,105,55.0,4.32,14
12.25306,50.59821,89,51.3,,
12.26717,50.59793,182,50.0,4.61,5
12.28129,50.59765,15,59.8,,
12.29541,50.59737,4,48.8,,
12.30952,50.59709,50,51.8,4.1,3
12.32364,50.5968,32,46.6,,
12.33776,50.59652,3,70.0,,
12.35187,50.59623,82,39.2,,
12.36599,50.59594,4,27.7,,
12.38011,50.59565,293,45.4,4.3,11
12.39422,50.59535,3,48.7,,
12.40834,50.59506,82,47.1,,
12.42246,50.59476,13,62.8,,
12.43657,50.59446,3,62.9,,
12.45069,50.59416,88,50.2,,
12.47892,50.59356,3,60.0,,
12.49303,50.59325,52,41.0,4.6,3
12.50715,50.59295,3,53.6,,
12.52126,50.59264,65,45.0,4.37,7
12.53538,50.59233,18,56.3,,
12.54949,50.59202,409,48.8,4.89,39
12.59183,50.59107,3,58.3,,
12.60595,50.59075,455,46.1,4.56,40
12.62006,50.59043,108,47.3,5.2,8
12.63417,50.59011,1381,45.9,4.71,297
12.64829,50.58978,1007,49.9,4.79,202
12.6624,50.58946,155,49.4,3.46,16
12.67651,50.58913,1080,61.6,4.26,418
12.69062,50.5888,966,43.7,4.63,444
12.70474,50.58847,3439,44.8,4.56,1
12.71885,50.58814,505,54.9,5.09,188
12.74707,50.58747,475,48.2,4.53,46
12.76118,50.58713,291,48.0,4.35,16
12.80352,50.58611,335,49.0,4.71,98
12.81763,50.58576,213,49.5,4.58,8
12.85996,50.58472,161,50.8,4.94,13
12.87407,50.58436,32,46.2,,
12.88818,50.58401,16,38.0,,
12.9164,50.5833,11,41.8,4.14,3
12.94462,50.58258,99,41.4,5.06,10
12.95873,50.58222,181,46.7,3.78,10
12.97283,50.58185,24,44.9,,
12.98694,50.58149,630,55.1,5.41,126
13.00105,50.58112,3169,43.2,4.74,1
13.01516,50.58075,2437,48.9,4.71,1
13.02927,50.58038,234,51.4,4.77,8
13.07159,50.57926,194,49.1,4.22,15
13.0857,50.57888,8,47.6,,
13.11391,50.57812,574,48.2,4.19,27
13.14212,50.57735,45,47.8,3.66,4
13.22676,50.57501,46,49.8,,
12.15464,50.60908,284,55.6,4.14,84
12.16876,50.60882,1545,52.9,4.18,583
12.18288,50.60855,438,49.6,4.54,63
12.197,50.60828,85,50.1,4.7,9
12.21112,50.60801,222,48.4,5.0,8
12.22525,50.60774,71,49.9,3.63,3
12.23937,50.60747,914,49.7,4.13,169
12.25349,50.60719,412,49.0,3.89,57
12.26761,50.60691,17,47.7,4.01,7
12.28173,50.60663,80,52.3,4.94,6
12.29585,50.60635,15,46.0,,
12.30997,50.60607,16,34.4,,
12.32409,50.60579,68,48.7,3.57,5
12.33821,50.6055,293,47.5,4.79,13
12.38056,50.60463,150,45.3,,
12.39468,50.60434,28,47.0,2.49,3
12.4088,50.60404,70,54.0,3.19,4
12.42292,50.60375,200,44.7,4.85,10
12.45116,50.60315,67,42.7,,
12.46527,50.60285,20,45.3,4.51,3
12.49351,50.60224,46,48.6,3.25,3
12.52174,50.60162,183,50.4,4.33,14
12.53586,50.60131,4,64.7,,
12.54998,50.601,365,40.2,4.71,13
12.60644,50.59974,25,37.6,3.71,3
12.62056,50.59941,132,51.5,4.59,13
12.63468,50.59909,2083,50.8,4.98,712
12.64879,50.59877,1803,46.2,4.66,480
12.66291,50.59844,1014,55.2,4.74,358
12.67702,50.59811,977,52.3,4.17,458
12.69114,50.59779,263,56.2,4.11,71
12.70525,50.59745,1704,49.2,4.45,1
12.71937,50.59712,490,50.3,4.35,152
12.86051,50.5937,13,33.2,,
12.88873,50.59299,3,30.1,,
12.91696,50.59228,185,45.2,4.03,13
12.93107,50.59192,402,44.3,4.28,36
12.94518,50.59156,147,47.7,3.96,11
12.95929,50.5912,10,54.1,,
12.9734,50.59083,3,66.0,,
12.98751,50.59047,4,30.7,,
13.00162,50.5901,649,56.8,4.88,333
13.01574,50.58973,2127,50.4,4.79,1
13.02985,50.58936,356,47.7,4.79,32
13.04396,50.58899,369,46.1,4.69,28
13.07218,50.58824,492,43.9,4.26,30
13.1004,50.58748,78,53.7,4.24,11
13.11451,50.5871,170,48.8,3.93,4
13.12861,50.58672,4,33.7,,
13.14272,50.58633,8,46.9,3.96,3
13.22737,50.58399,182,44.0,3.24,8
13.29791,50.58198,42,42.2,2.49,3
13.31201,50.58158,34,45.8,,
12.16918,50.6178,276,45.5,4.02,67
12.19742,50.61727,64,44.2,,
12.21155,50.617,7,57.3,,
12.22567,50.61673,30,48.1,,
12.23979,50.61645,1161,52.2,4.52,290
12.25392,50.61618,957,52.2,5.04,239
12.26804,50.6159,1054,48.3,4.27,191
12.28216,50.61562,644,57.5,4.85,98
12.29629,50.61534,952,49.1,4.49,198
12.31041,50.61506,981,50.4,4.48,153
12.32453,50.61477,104,46.7,4.92,21
12.33865,50.61448,361,50.3,4.36,45
12.35277,50.6142,145,44.1,4.01,3
12.3669,50.61391,42,46.5,4.3,3
12.40926,50.61303,18,39.8,,
12.42338,50.61273,257,46.8,4.95,17
12.47987,50.61153,141,48.1,4.62,18
12.49399,50.61122,87,45.8,,
12.50811,50.61092,19,50.0,,
12.52223,50.61061,218,49.7,4.5,10
12.53635,50.6103,367,48.0,4.17,68
12.55047,50.60998,89,47.5,4.93,9
12.56458,50.60967,3,66.3,,
12.5787,50.60936,15,54.5,,
12.59282,50.60904,20,36.8,5.0,3
12.60694,50.60872,55,49.8,4.71,4
12.62106,50.6084,202,50.4,4.57,73
12.63518,50.60808,3561,52.7,4.66,2
12.6493,50.60775,184,44.1,4.72,63
12.66342,50.60743,17,61.5,3.77,3
12.67753,50.6071,1027,47.4,4.4,225
12.69165,50.60677,534,52.6,4.67,105
12.70577,50.60644,373,51.4,4.0,131
12.71989,50.6061,569,51.6,3.63,361
12.73401,50.60577,8,44.1,,
12.80459,50.60407,5,14.8,,
12.84694,50.60303,4,48.9,,
12.94574,50.60054,140,43.9,4.55,9
12.95986,50.60018,3,55.9,,
12.97397,50.59982,18,35.0,,
12.98808,50.59945,13,47.7,,
13.0022,50.59908,886,56.8,4.75,533
13.01631,50.59871,1533,51.7,4.66,718
13.03043,50.59834,8,60.8,,
13.04454,50.59797,34,46.0,,
13.05865,50.59759,99,50.4,4.56,10
13.07276,50.59722,1042,45.2,4.47,96
13.1151,50.59608,136,42.6,3.7,33
13.12921,50.5957,102,47.7,3.84,3
13.18566,50.59415,9,35.3,,
13.22799,50.59297,19,40.1,,
13.2421,50.59257,163,45.5,,
13.28443,50.59137,26,63.0,,
13.29854,50.59096,22,56.5,,
13.31265,50.59056,129,46.5,,
12.01419,50.62961,4,26.0,,
12.15547,50.62706,3,41.4,,
12.16959,50.62679,87,54.1,3.65,3
12.19784,50.62625,149,52.4,4.77,31
12.21197,50.62598,37,45.9,,
12.24022,50.62544,64,49.5,,
12.25435,50.62516,214,44.7,3.65,25
12.26847,50.62488,953,48.8,3.89,440
12.2826,50.6246,3211,52.5,4.31,2
12.29673,50.62432,2262,43.8,5.18,879
12.31085,50.62404,2973,46.9,4.42,979
12.32498,50.62376,172,50.4,4.73,6
12.36735,50.62289,168,44.8,4.48,21
12.38147,50.6226,209,56.2,6.53,33
12.3956,50.62231,88,48.3,4.87,9
12.43797,50.62142,21,40.0,,
12.45209,50.62112,113,48.0,3.73,6
12.46622,50.62082,251,46.9,3.99,15
12.48034,50.62051,46,46.0,,
12.49446,50.62021,71,50.8,4.24,3
12.50859,50.6199,1156,51.3,4.86,366
12.52271,50.61959,2166,50.3,4.67,795
12.53683,50.61928,804,45.6,4.72,141
12.55095,50.61897,10,47.7,,
12.5792,50.61834,226,46.8,3.94,13
12.59332,50.61802,7,48.7,,
12.62156,50.61738,3,42.6,,
12.63568,50.61706,5,72.4,,
12.64981,50.61673,9,26.0,,
12.67805,50.61608,581,46.4,4.57,158
12.69217,50.61575,48,44.4,5.77,13
12.70629,50.61542,162,43.1,5.0,17
12.72041,50.61509,2532,52.6,3.98,1
12.73453,50.61475,453,48.7,4.86,76
12.74865,50.61442,191,48.9,5.57,12
12.76277,50.61408,51,46.3,2.74,7
12.77689,50.61374,56,39.6,2.64,3
12.79101,50.6134,61,40.6,4.42,3
12.80513,50.61305,172,40.9,5.69,16
12.83336,50.61236,10,67.2,3.52,3
12.84748,50.61201,11,39.3,,
12.90395,50.6106,7,58.1,,
12.93219,50.60988,112,45.7,3.88,12
12.94631,50.60952,502,45.9,3.92,55
12.96042,50.60916,228,48.8,4.68,26
12.97454,50.6088,45,41.5,4.4,3
12.98866,50.60843,303,48.8,4.43,46
13.00277,50.60806,202,49.3,4.14,30
13.01689,50.60769,488,48.4,3.27,56
13.03101,50.60732,50,48.5,9.04,3
13.04512,50.60695,19,41.0,,
13.05924,50.60658,33,44.3,,
13.07335,50.6062,246,42.9,4.12,15
13.08747,50.60582,442,48.0,3.92,27
13.1157,50.60506,70,54.3,5.32,3
13.12981,50.60468,19,56.4,,
13.14393,50.60429,14,44.3,,
13.28506,50.60035,91,47.1,2.89,3
13.29917,50.59994,204,48.6,3.37,11
13.31328,50.59954,270,47.5,3.79,18
12.26891,50.63387,200,52.2,4.63,20
12.28304,50.63359,606,51.8,4.51,135
12.29717,50.63331,615,49.8,5.08,226
12.31129,50.63302,2662,56.5,4.78,1
12.32542,50.63274,777,48.5,4.81,107
12.33955,50.63245,3,15.5,,
12.35368,50.63217,7,50.3,,
12.39606,50.63129,226,46.3,4.01,16
12.42431,50.6307,14,55.1,,
12.43844,50.6304,133,46.8,3.96,16
12.45256,50.6301,52,50.4,,
12.46669,50.6298,31,38.4,3.85,3
12.50907,50.62888,25,41.8,4.76,3
12.52319,50.62857,916,48.2,4.83,118
12.53732,50.62826,266,48.6,3.98,19
12.55144,50.62795,258,48.5,3.85,10
12.56557,50.62764,30,50.3,,
12.57969,50.62732,254,41.1,4.43,11
12.59382,50.627,284,46.4,4.49,19
12.62206,50.62636,11,44.0,,
12.63619,50.62604,6,53.3,,
12.65031,50.62572,116,45.6,3.13,5
12.66444,50.62539,4,30.5,,
12.67856,50.62506,3,16.6,,
12.70681,50.6244,360,41.2,4.67,23
12.72093,50.62407,237,50.8,4.74,49
12.73505,50.62373,1747,45.5,4.35,319
12.74917,50.6234,321,49.0,4.24,59
12.7633,50.62306,106,47.6,4.48,4
12.79154,50.62238,35,45.7,5.5,14
12.80566,50.62203,532,44.2,4.75,43
12.81978,50.62169,162,55.2,4.78,31
12.83391,50.62134,11,51.9,2.0,3
12.84803,50.62099,9,45.9,,
12.87627,50.62029,6,15.6,5.32,3
12.90451,50.61958,3,36.5,,
12.91863,50.61922,365,47.4,4.25,59
12.93275,50.61887,161,44.0,4.85,17
12.97511,50.61778,119,45.0,3.82,21
12.98923,50.61741,262,43.7,4.54,22
13.00335,50.61704,30,32.9,,
13.01747,50.61668,242,44.6,4.47,19
13.03158,50.6163,80,51.1,4.58,3
13.0457,50.61593,163,49.1,4.7,29
13.05982,50.61556,63,43.5,4.74,23
13.07394,50.61518,6,69.5,,
13.08806,50.6148,184,49.9,3.93,11
13.10218,50.61442,24,54.1,,
13.13041,50.61366,75,44.9,,
13.2998,50.60892,17,59.6,,
13.31391,50.60852,3,38.6,,
12.26934,50.64285,4,28.1,,
12.28347,50.64257,74,49.8,6.9,5
12.2976,50.64229,592,47.0,4.23,94
12.31174,50.64201,3,30.0,,
12.32587,50.64172,67,46.1,3.88,13
12.35413,50.64115,3,58.4,,
12.36826,50.64086,32,48.6,,
12.38239,50.64057,3,55.0,,
12.39652,50.64028,275,47.8,4.01,16
12.42477,50.63968,3,87.5,,
12.4389,50.63939,13,49.9,2.43,3
12.49542,50.63817,361,47.9,4.67,38
12.50955,50.63787,79,47.8,4.03,12
12.52367,50.63756,145,51.2,3.89,6
12.55193,50.63694,43,49.0,,
12.56606,50.63662,4,69.4,,
12.58019,50.63631,62,42.4,5.41,4
12.59431,50.63599,127,50.9,3.23,4
12.60844,50.63567,20,53.8,,
12.62257,50.63535,353,48.2,4.56,54
12.63669,50.63503,113,52.3,5.07,30
12.65082,50.6347,179,47.1,4.33,14
12.66495,50.63437,226,48.6,4.22,23
12.70732,50.63339,45,50.8,3.96,3
12.72145,50.63305,6,36.9,,
12.73558,50.63272,146,45.4,4.74,10
12.7497,50.63238,258,46.6,3.8,31
12.76383,50.63204,4,61.2,,
12.77795,50.6317,164,47.4,3.53,10
12.79208,50.63136,85,37.4,5.84,35
12.8062,50.63102,4008,49.7,4.21,2
12.82032,50.63067,907,50.9,4.7,219
12.83445,50.63032,6,22.0,,
12.90507,50.62856,148,53.8,4.43,7
12.91919,50.62821,1606,49.1,4.47,321
12.93331,50.62785,1032,51.0,4.91,406
12.94743,50.62749,8,55.2,,
12.96156,50.62712,41,45.3,,
12.97568,50.62676,143,53.4,3.68,15
12.9898,50.62639,7,27.0,,
13.01804,50.62566,102,50.5,3.55,12
13.04629,50.62491,273,50.5,5.04,105
13.06041,50.62454,52,39.5,4.92,19
13.07453,50.62416,179,51.5,3.23,8
13.08865,50.62378,41,36.7,3.96,5
13.10277,50.6234,288,44.3,2.84,10
13.11689,50.62302,108,36.9,3.66,3
13.13101,50.62264,211,45.9,4.03,12
13.14513,50.62225,15,44.5,,
13.17337,50.62148,32,49.1,,
13.18749,50.62109,7,42.2,,
13.20161,50.62069,4,49.6,,
13.42748,50.61419,28,47.1,5.09,9
13.44159,50.61377,150,58.8,4.31,22
13.45571,50.61334,75,48.5,3.52,8
13.46982,50.61292,23,42.1,,
12.29805,50.65128,8,41.2,,
12.31218,50.65099,221,51.6,3.38,4
12.32631,50.65071,155,48.4,4.14,9
12.34044,50.65042,182,42.2,4.29,5
12.35458,50.65014,429,47.1,4.46,33
12.36871,50.64985,91,42.6,4.87,4
12.38284,50.64955,27,54.9,,
12.41111,50.64897,8,48.4,,
12.42524,50.64867,421,49.4,5.7,99
12.43937,50.64837,314,52.3,5.02,17
12.4535,50.64807,64,58.3,7.68,3
12.4959,50.64716,70,44.4,4.11,3
12.51003,50.64685,189,42.6,3.74,18
12.52416,50.64654,51,47.4,4.23,12
12.55242,50.64592,416,50.4,5.06,50
12.56655,50.6456,343,45.2,4.47,35
12.58068,50.64529,85,55.7,5.86,6
12.59481,50.64497,22,41.9,,
12.60894,50.64465,124,40.1,4.87,12
12.62307,50.64433,401,48.1,4.9,107
12.6372,50.64401,127,51.6,4.89,12
12.66546,50.64336,11,40.0,4.34,3
12.7361,50.6417,24,50.3,,
12.75023,50.64136,181,47.5,4.21,11
12.76435,50.64102,6,58.9,,
12.77848,50.64068,93,47.6,6.06,6
12.80674,50.64,424,54.5,5.65,72
12.82086,50.63965,515,46.1,4.55,36
12.90562,50.63755,8,49.2,,
12.948,50.63647,7,56.7,,
12.96212,50.63611,178,56.7,4.3,10
13.0045,50.63501,104,45.9,3.65,7
13.01862,50.63464,339,48.6,4.45,18
13.06099,50.63352,4,33.3,,
13.07512,50.63314,106,44.7,3.94,16
13.10336,50.63238,407,41.4,4.59,163
13.11749,50.632,449,46.9,3.95,56
13.13161,50.63162,385,45.6,4.04,55
13.17397,50.63046,57,50.5,,
13.1881,50.63007,76,50.8,,
13.20222,50.62967,198,49.3,3.42,32
13.21634,50.62928,418,49.3,3.95,60
13.23046,50.62889,10,60.1,,
13.42813,50.62317,25,46.3,,
13.44225,50.62274,3,62.4,,
13.45637,50.62232,9,41.6,,
13.47048,50.6219,14,68.2,,
13.4846,50.62147,22,43.2,,
12.31262,50.65998,3,72.5,,
12.32676,50.65969,61,48.8,,
12.34089,50.65941,92,49.3,8.87,4
12.35503,50.65912,994,48.5,5.15,307
12.36916,50.65883,59,35.8,,
12.43984,50.65735,300,45.8,5.0,22
12.46811,50.65675,165,47.6,4.5,11
12.51051,50.65583,379,47.1,4.57,51
12.52464,50.65553,27,46.2,,
12.53878,50.65522,11,44.6,,
12.55291,50.6549,167,44.9,3.98,11
12.56704,50.65459,259,43.8,4.91,33
12.58117,50.65427,116,49.1,3.89,5
12.60944,50.65364,124,43.2,3.84,9
12.62357,50.65331,24,33.6,4.43,3
12.65184,50.65267,22,48.0,,
12.66597,50.65234,173,47.1,4.72,49
12.69423,50.65168,14,56.7,3.74,3
12.70836,50.65135,5,39.2,,
12.72249,50.65102,24,44.9,5.98,3
12.73662,50.65068,70,49.0,,
12.75075,50.65035,7,66.1,,
12.76488,50.65001,378,46.1,4.03,31
12.77901,50.64967,72,46.1,3.81,4
12.8214,50.64864,341,49.9,3.95,14
12.83553,50.64829,78,47.0,3.12,4
12.94856,50.64545,10,61.5,,
12.96269,50.64509,2244,49.2,4.6,803
12.97682,50.64472,512,46.4,5.11,119
13.03333,50.64325,183,45.0,4.14,21
13.04745,50.64287,162,45.7,4.82,18
13.06158,50.6425,24,57.2,,
13.07571,50.64212,8,55.2,,
13.08983,50.64174,28,34.1,,
13.10396,50.64136,7,56.1,,
13.13221,50.6406,15,36.7,,
13.14633,50.64021,283,54.9,4.73,141
13.16046,50.63983,52,42.6,5.52,11
13.17458,50.63944,17,45.1,,
13.18871,50.63905,456,42.0,5.03,12
13.20283,50.63865,277,49.7,5.54,28
13.21695,50.63826,629,47.3,4.27,44
13.23108,50.63787,60,49.9,,
13.2452,50.63747,10,30.1,5.41,4
13.25933,50.63707,24,46.8,,
13.27345,50.63667,40,51.2,9.1,3
13.3723,50.63381,192,53.0,4.7,24
13.41467,50.63256,3,69.5,,
13.44291,50.63172,131,47.5,4.91,10
13.45703,50.6313,77,50.2,7.29,3
13.47115,50.63087,5,33.2,,
13.48527,50.63045,143,49.9,3.83,14
12.3272,50.66868,418,48.7,5.35,35
12.34134,50.66839,37,42.2,,
12.35548,50.6681,6,39.9,,
12.36962,50.66781,86,47.4,4.42,6
12.38376,50.66752,103,47.2,4.15,8
12.39789,50.66723,235,46.8,4.66,11
12.42617,50.66664,54,48.8,3.82,4
12.44031,50.66634,177,49.8,5.5,6
12.45444,50.66604,420,46.0,5.12,77
12.46858,50.66574,673,50.1,5.38,97
12.48272,50.66543,367,50.4,5.54,35
12.49685,50.66513,125,48.4,4.89,6
12.51099,50.66482,581,53.0,5.08,221
12.52513,50.66451,137,43.7,4.2,9
12.53926,50.6642,621,49.7,5.41,209
12.5534,50.66389,816,48.5,5.27,242
12.58167,50.66326,75,42.6,4.73,4
12.5958,50.66294,129,51.2,,
12.60994,50.66262,590,48.4,4.63,116
12.62407,50.6623,190,51.1,6.02,30
12.63821,50.66197,35,46.2,4.99,3
12.66648,50.66132,1656,46.4,4.96,403
12.68061,50.661,321,45.1,5.2,74
12.69475,50.66067,43,48.7,,
12.70888,50.66033,169,49.5,4.52,10
12.72301,50.66,353,45.4,4.58,41
12.73715,50.65967,4,78.6,,
12.75128,50.65933,25,48.9,,
12.76541,50.65899,158,47.5,5.01,21
12.77955,50.65865,77,46.1,4.43,3
12.83608,50.65727,227,48.7,3.94,15
12.8926,50.65586,17,54.5,,
12.90674,50.65551,6,38.8,5.02,9
12.92087,50.65515,4,46.6,,
12.94913,50.65443,3,65.6,,
12.96326,50.65407,573,51.1,4.3,245
12.97739,50.6537,776,48.9,4.52,56
13.04804,50.65185,209,46.0,3.49,24
13.06217,50.65148,509,46.4,4.36,125
13.07629,50.6511,244,47.0,5.47,9
13.09042,50.65072,3,69.0,,
13.10455,50.65034,7,43.9,,
13.11868,50.64996,19,49.1,,
13.13281,50.64958,95,49.6,4.64,6
13.14694,50.64919,2354,50.8,4.63,1
13.16106,50.64881,2398,44.2,4.84,731
13.17519,50.64842,1078,47.7,4.6,376
13.18932,50.64803,34,42.5,,
13.20344,50.64763,113,50.1,3.79,5
13.21757,50.64724,140,47.9,4.38,20
13.2317,50.64685,21,51.8,5.34,4
13.24582,50.64645,5,66.2,,
13.25995,50.64605,329,47.1,3.85,26
13.31645,50.64443,7,38.9,,
13.33058,50.64403,66,56.0,,
13.3447,50.64362,37,47.0,3.93,6
13.35883,50.64321,9,36.2,,
13.37295,50.64279,107,48.7,4.88,21
13.4012,50.64196,39,47.3,4.07,3
13.42944,50.64112,14,64.7,,
13.44357,50.6407,20,42.1,,
13.45769,50.64028,174,49.7,4.19,26
13.47181,50.63985,177,55.4,4.16,17
13.48594,50.63943,74,53.7,,
12.32765,50.67766,53,49.8,4.6,3
12.34179,50.67738,281,46.0,4.98,18
12.35593,50.67709,104,44.4,4.97,17
12.37007,50.6768,201,48.2,4.56,9
12.38421,50.67651,17,33.7,,
12.39835,50.67621,622,52.8,4.82,69
12.41249,50.67592,237,53.8,4.67,37
12.42663,50.67562,439,47.3,4.51,67
12.44077,50.67532,112,46.5,4.8,5
12.46905,50.67472,2346,47.4,5.11,413
12.48319,50.67442,2329,46.3,4.92,506
12.49733,50.67411,967,50.2,5.45,149
12.51147,50.6738,2683,45.4,4.74,877
12.52561,50.67349,1515,47.1,4.94,336
12.53975,50.67318,214,49.0,4.34,31
12.55389,50.67287,177,46.7,4.98,14
12.5963,50.67192,58,47.6,5.02,4
12.61044,50.6716,846,46.8,4.88,113
12.63871,50.67096,12,44.4,,
12.65285,50.67063,328,46.4,4.52,26
12.66699,50.67031,568,54.1,5.06,105
12.68113,50.66998,155,43.4,3.39,5
12.69526,50.66965,75,51.4,4.6,7
12.7094,50.66932,24,47.6,4.25,3
12.72354,50.66898,170,43.5,4.18,13
12.73767,50.66865,73,50.8,,
12.76594,50.66797,252,47.8,4.86,28
12.78008,50.66763,3,62.6,,
12.83662,50.66625,778,46.1,4.8,116
12.85076,50.6659,127,48.9,,
12.86489,50.66555,96,39.8,3.8,8
12.87902,50.6652,224,49.4,4.23,12
12.90729,50.66449,13,32.7,,
12.92143,50.66413,529,48.3,4.28,60
12.93556,50.66377,512,47.6,5.19,93
12.94969,50.66341,513,49.5,4.88,97
12.96383,50.66305,67,50.3,4.65,3
12.99209,50.66232,238,42.2,4.8,4
13.00622,50.66195,216,45.8,4.39,25
13.06275,50.66046,298,45.2,4.03,74
13.07688,50.66008,596,49.8,4.91,204
13.09102,50.65971,360,44.3,4.19,47
13.10515,50.65932,3,59.5,,
13.14754,50.65817,11,62.0,5.32,3
13.16167,50.65779,553,52.1,4.74,188
13.1758,50.6574,183,66.2,4.66,14
13.18993,50.65701,110,34.7,,
13.20406,50.65661,197,44.4,3.98,7
13.21819,50.65622,159,47.6,3.99,11
13.23232,50.65582,1192,49.1,4.62,349
13.24645,50.65543,59,54.6,,
13.26057,50.65503,164,44.3,3.55,16
13.28883,50.65422,29,41.4,,
13.33121,50.65301,852,49.9,4.6,330
13.34534,50.6526,995,49.9,5.1,380
13.35947,50.65218,682,50.0,4.75,199
13.3736,50.65177,371,47.3,4.53,95
13.38772,50.65136,207,47.5,4.25,41
13.4301,50.6501,32,45.7,,
13.44423,50.64968,518,52.8,4.6,133
13.45835,50.64926,399,50.2,4.7,41
13.47248,50.64883,161,45.2,3.85,10
13.4866,50.6484,7,63.7,,
12.28566,50.6875,13,59.9,,
12.31395,50.68693,4,70.0,,
12.34224,50.68636,35,43.5,,
12.35638,50.68607,249,50.8,4.96,9
12.37053,50.68578,25,36.8,,
12.38467,50.68549,137,42.4,,
12.39881,50.6852,65,46.4,5.09,10
12.4271,50.6846,309,46.7,4.91,22
12.44124,50.68431,255,46.2,4.39,37
12.45538,50.68401,61,57.7,,
12.46953,50.6837,1340,46.0,5.01,356
12.48367,50.6834,576,47.6,4.93,84
12.49781,50.68309,931,45.2,5.27,270
12.51195,50.68279,2067,56.0,5.37,1
12.52609,50.68248,73,46.9,4.41,23
12.54024,50.68217,1222,49.5,4.92,293
12.55438,50.68185,830,47.0,5.02,186
12.56852,50.68154,673,48.8,5.06,77
12.58266,50.68122,7,72.4,,
12.5968,50.6809,92,50.0,5.35,6
12.61094,50.68059,232,47.9,4.76,22
12.6675,50.67929,165,50.9,4.05,10
12.68164,50.67896,331,43.8,4.26,18
12.69578,50.67863,191,43.3,5.11,10
12.7382,50.67763,200,45.9,5.18,15
12.76647,50.67695,285,43.1,4.11,25
12.80889,50.67593,15,60.9,,
12.83716,50.67524,182,48.0,3.94,3
12.87958,50.67418,434,46.2,4.33,45
12.89371,50.67383,365,48.5,4.47,21
12.90785,50.67347,303,47.4,5.22,50
12.92199,50.67311,17,47.6,3.62,3
12.93612,50.67275,32,52.8,4.9,9
12.95026,50.67239,1956,47.7,4.62,554
12.96439,50.67203,124,44.8,4.27,21
12.97853,50.67167,568,48.0,4.29,65
13.0068,50.67093,146,46.2,3.88,15
13.02094,50.67056,345,44.0,4.64,64
13.03507,50.67019,4,49.7,,
13.06334,50.66944,61,47.9,3.44,12
13.07747,50.66906,321,56.9,5.79,110
13.09161,50.66869,115,46.7,3.19,3
13.10574,50.66831,30,55.0,,
13.13401,50.66754,31,46.9,4.65,6
13.14814,50.66715,296,46.7,4.56,29
13.19054,50.66599,28,59.2,4.98,3
13.20467,50.66559,275,45.0,4.12,29
13.2188,50.6652,45,55.0,3.17,3
13.23294,50.6648,182,49.6,3.39,4
13.24707,50.66441,28,44.4,,
13.2612,50.66401,15,51.1,,
13.30359,50.6628,219,66.8,4.38,17
13.31772,50.66239,809,58.4,4.85,365
13.33185,50.66198,1314,47.1,4.61,475
13.34598,50.66157,816,51.8,4.9,323
13.36011,50.66116,5,67.8,,
13.37424,50.66075,33,53.5,5.81,3
13.4025,50.65992,85,45.7,3.83,7
13.41663,50.6595,190,44.4,3.95,37
13.43076,50.65908,22,43.3,,
13.44489,50.65866,62,51.1,4.88,4
13.45902,50.65823,74,57.1,3.36,5
13.47314,50.65781,25,45.9,,
12.32854,50.69563,117,46.6,5.03,3
12.34269,50.69535,405,47.0,4.85,45
12.35684,50.69506,88,52.3,3.86,6
12.37098,50.69477,104,48.4,3.66,5
12.38513,50.69448,44,40.0,,
12.39927,50.69418,198,50.9,4.49,12
12.41342,50.69389,1315,50.1,4.82,451
12.42756,50.69359,565,47.8,4.48,78
12.44171,50.69329,49,49.8,,
12.45586,50.69299,2579,59.8,4.64,2
12.47,50.69269,5267,47.4,4.72,2
12.48414,50.69238,1314,52.4,5.17,189
12.49829,50.69208,50,41.7,4.29,3
12.51243,50.69177,250,49.3,4.48,11
12.52658,50.69146,516,45.0,5.16,71
12.54072,50.69115,1235,50.5,5.02,254
12.55487,50.69084,464,52.0,5.61,90
12.56901,50.69052,53,45.3,,
12.58315,50.69021,172,45.6,5.18,7
12.5973,50.68989,15,52.5,,
12.61144,50.68957,33,53.5,5.31,3
12.62558,50.68925,50,49.4,,
12.66801,50.68827,178,46.7,4.17,11
12.68215,50.68794,27,40.4,,
12.6963,50.68761,102,46.8,3.63,3
12.73872,50.68661,80,46.9,3.92,11
12.75286,50.68628,204,49.0,3.87,4
12.76701,50.68594,153,50.7,4.16,12
12.80943,50.68491,460,46.8,4.4,45
12.82357,50.68456,570,45.6,4.59,51
12.83771,50.68422,350,49.3,5.01,39
12.88013,50.68316,303,45.3,4.13,48
12.90841,50.68245,433,48.2,4.32,61
12.92255,50.6821,344,47.4,4.08,59
12.93669,50.68174,164,49.1,4.7,13
12.95082,50.68138,73,46.3,4.21,9
12.96496,50.68101,4,47.6,,
12.9791,50.68065,300,44.5,3.86,45
12.99324,50.68028,13,61.8,,
13.00738,50.67991,111,41.8,4.18,76
13.02151,50.67954,571,45.8,4.2,51
13.04979,50.6788,68,51.8,4.07,9
13.06393,50.67842,111,52.6,4.5,9
13.07806,50.67805,22,36.4,2.05,4
13.0922,50.67767,38,43.7,,
13.10634,50.67729,360,48.3,4.34,35
13.12047,50.6769,222,45.3,4.58,16
13.13461,50.67652,7,18.7,,
13.16288,50.67575,84,44.1,4.7,4
13.17702,50.67536,465,46.4,4.29,56
13.19115,50.67497,275,48.2,3.9,19
13.20529,50.67457,222,48.1,3.98,12
13.23356,50.67378,18,43.4,,
13.26182,50.67299,117,51.1,2.81,3
13.27596,50.67259,17,58.7,,
13.29009,50.67218,166,48.7,4.51,14
13.30423,50.67178,176,48.1,4.52,29
13.31836,50.67137,614,48.7,5.05,136
13.33249,50.67096,191,50.4,4.74,30
13.40315,50.6689,29,40.6,,
13.41728,50.66848,186,49.6,4.16,27
13.43142,50.66806,26,43.5,,
13.44555,50.66764,116,43.5,3.87,12
13.45968,50.66721,33,48.2,,
13.47381,50.66679,88,46.2,4.6,13
13.48794,50.66636,47,50.0,,
12.34314,50.70433,136,46.7,3.56,4
12.35729,50.70404,855,50.2,4.54,140
12.37144,50.70375,552,51.4,4.88,153
12.38559,50.70346,97,44.9,4.32,3
12.39973,50.70317,185,46.7,4.11,10
12.41388,50.70287,144,46.4,5.01,15
12.42803,50.70257,317,54.3,5.58,61
12.44218,50.70227,357,45.9,5.33,99
12.45633,50.70197,1335,65.2,4.94,871
12.47047,50.70167,641,50.2,4.79,366
12.48462,50.70137,1577,50.7,5.24,257
12.49877,50.70106,732,44.7,5.16,159
12.51292,50.70075,1556,45.6,4.94,309
12.52706,50.70044,855,46.8,4.76,297
12.54121,50.70013,292,48.2,4.7,55
12.55536,50.69982,862,48.5,5.21,91
12.5695,50.69951,231,45.3,6.18,23
12.58365,50.69919,8,31.3,,
12.61194,50.69855,108,51.1,3.47,3
12.62609,50.69823,47,47.8,4.62,4
12.66852,50.69725,29,28.7,,
12.68267,50.69693,109,43.3,3.06,6
12.71096,50.69626,138,49.1,4.44,4
12.7251,50.69593,644,46.4,4.58,74
12.75339,50.69526,35,42.2,,
12.76754,50.69492,408,47.3,4.51,51
12.78168,50.69458,24,44.1,,
12.79582,50.69424,15,36.0,,
12.80997,50.69389,55,49.9,2.92,3
12.82411,50.69355,123,53.5,3.57,5
12.83825,50.6932,366,47.7,4.61,88
12.8524,50.69285,293,41.3,4.41,78
12.88068,50.69215,130,49.9,4.97,11
12.89482,50.69179,479,55.2,4.54,146
12.90897,50.69144,698,49.0,3.92,142
12.93725,50.69072,75,41.4,4.31,10
12.96553,50.68999,8,69.6,,
12.97967,50.68963,107,49.1,4.91,23
12.99381,50.68926,7,34.0,,
13.02209,50.68852,251,45.2,4.64,24
13.03623,50.68815,279,51.3,4.18,27
13.05037,50.68778,10,41.8,,
13.06451,50.6874,3,54.0,,
13.07865,50.68703,203,45.5,3.74,10
13.09279,50.68665,167,50.0,3.97,9
13.10693,50.68627,3,45.9,,
13.12107,50.68588,27,43.2,3.5,3
13.16349,50.68473,161,51.4,3.69,9
13.19176,50.68395,20,43.4,,
13.23418,50.68276,15,50.9,,
13.24831,50.68237,98,52.2,4.83,11
13.26245,50.68197,19,37.3,,
13.27659,50.68157,50,38.1,4.13,4
13.29072,50.68116,91,47.4,3.76,14
13.30486,50.68076,41,50.4,,
13.31899,50.68035,79,53.1,3.13,8
13.40381,50.67788,214,46.7,3.42,22
13.41794,50.67746,20,38.7,,
13.44621,50.67661,72,52.2,4.38,8
13.46034,50.67619,346,50.1,3.98,81
13.47447,50.67577,719,51.5,4.35,191
13.48861,50.67534,4,40.9,,
12.31528,50.71389,6,47.7,,
12.32944,50.7136,3,85.6,,
12.35774,50.71303,490,43.0,5.04,126
12.37189,50.71274,1472,54.1,4.58,731
12.38604,50.71244,1173,45.5,4.67,231
12.40019,50.71215,809,48.8,4.53,169
12.41435,50.71185,41,45.6,4.18,3
12.4285,50.71156,18,46.0,,
12.44265,50.71126,558,46.4,5.25,104
12.4568,50.71096,40,47.2,6.06,16
12.47095,50.71065,644,39.1,5.0,370
12.4851,50.71035,944,44.6,5.67,417
12.49925,50.71004,827,43.8,5.32,353
12.5134,50.70974,13,53.5,,
12.52755,50.70943,20,40.1,4.04,4
12.5417,50.70912,122,49.6,4.52,18
12.61244,50.70753,412,48.8,4.8,34
12.62659,50.70721,267,45.9,4.49,21
12.64074,50.70689,492,46.7,4.61,31
12.65489,50.70656,66,49.6,4.5,13
12.66904,50.70624,3,61.0,,
12.68318,50.70591,118,47.5,4.46,12
12.71148,50.70525,268,47.8,5.5,33
12.72563,50.70491,480,47.5,5.55,26
12.73977,50.70458,555,48.0,4.88,88
12.75392,50.70424,67,43.7,4.36,10
12.76807,50.7039,946,48.2,4.86,131
12.78221,50.70356,1483,44.8,4.87,416
12.79636,50.70322,58,46.4,5.99,3
12.82465,50.70253,24,46.2,,
12.8388,50.70218,1837,51.9,4.63,686
12.85294,50.70183,2208,49.8,4.62,745
12.86709,50.70148,89,54.4,4.16,35
12.88123,50.70113,821,44.9,4.59,198
12.89538,50.70077,212,51.6,4.85,45
12.93781,50.6997,324,48.2,4.64,78
12.95196,50.69934,317,42.8,4.51,30
12.98024,50.69861,142,35.1,4.43,23
12.99439,50.69824,117,50.2,3.93,21
13.00853,50.69787,403,49.0,4.44,45
13.02267,50.6975,398,44.9,4.06,35
13.03682,50.69713,4,20.7,,
13.05096,50.69676,86,55.5,4.82,15
13.0651,50.69638,484,50.4,4.8,194
13.07924,50.69601,189,48.0,4.73,16
13.09339,50.69563,883,47.0,4.33,211
13.22066,50.69214,105,52.1,,
13.2348,50.69174,7,52.2,,
13.24894,50.69135,43,46.1,4.33,6
13.26308,50.69095,18,45.3,,
13.31963,50.68933,235,48.6,3.61,16
13.33377,50.68892,7,62.5,,
13.34791,50.68851,34,45.8,5.05,8
13.36205,50.6881,117,47.0,2.75,5
13.43273,50.68601,14,43.4,,
13.461,50.68517,11,48.5,3.42,3
13.47514,50.68474,131,49.4,3.55,13
13.48928,50.68432,39,44.8,,
12.32988,50.72259,733,50.4,5.01,17
12.34404,50.7223,262,52.0,4.62,33
12.35819,50.72201,1217,46.4,4.94,398
12.37235,50.72172,1168,42.7,4.62,501
12.3865,50.72143,307,51.9,5.58,17
12.40066,50.72113,3,41.7,,
12.42896,50.72054,593,54.9,5.28,202
12.44312,50.72024,1712,52.5,5.4,797
12.45727,50.71994,5351,48.2,5.18,3
12.47142,50.71964,2526,47.5,5.15,1
12.48558,50.71933,5636,41.6,5.38,3
12.49973,50.71903,5027,43.7,5.61,2
12.51388,50.71872,588,50.6,5.1,40
12.52803,50.71841,250,55.4,5.04,11
12.54219,50.7181,273,49.3,4.01,35
12.55634,50.71779,270,44.1,4.97,72
12.57049,50.71747,6,42.3,,
12.58464,50.71716,164,44.1,3.98,11
12.59879,50.71684,920,48.3,4.93,50
12.61294,50.71652,116,48.7,4.72,11
12.6271,50.7162,27,43.4,,
12.64125,50.71587,141,50.8,4.7,9
12.6837,50.71489,345,45.9,4.62,72
12.69785,50.71456,40,43.0,4.66,8
12.712,50.71423,93,52.0,5.75,7
12.72615,50.7139,267,43.9,5.12,73
12.7403,50.71356,467,45.5,5.12,103
12.75445,50.71322,37,48.2,4.44,11
12.7686,50.71288,2767,53.8,5.0,1
12.78275,50.71254,2340,48.4,5.04,881
12.7969,50.7122,454,51.2,4.93,237
12.83934,50.71116,212,50.4,4.23,107
12.85349,50.71081,369,51.7,4.19,109
12.86764,50.71046,329,45.8,4.67,34
12.88179,50.71011,330,49.2,5.2,100
12.89593,50.70975,246,46.3,4.67,40
12.93838,50.70868,11,38.9,,
12.95252,50.70832,707,46.3,4.61,189
12.96667,50.70796,523,45.7,4.38,79
12.98082,50.70759,335,46.8,3.79,22
12.99496,50.70722,339,48.5,4.0,42
13.00911,50.70686,8,35.9,,
13.02325,50.70649,77,44.6,3.31,5
13.0374,50.70611,12,47.3,3.97,3
13.05155,50.70574,334,48.8,4.33,61
13.06569,50.70536,69,53.7,5.31,3
13.09398,50.70461,342,44.6,3.51,22
13.10812,50.70423,84,53.4,4.04,5
13.17884,50.7023,9,67.3,,
13.22127,50.70112,732,48.0,4.72,209
13.23542,50.70072,637,52.2,4.88,114
13.2637,50.69993,322,44.3,4.51,47
13.27784,50.69952,72,71.4,,
13.29199,50.69912,11,28.1,,
13.30613,50.69872,19,46.2,,
13.32027,50.69831,126,49.0,3.6,3
13.34855,50.69749,183,55.6,3.6,6
13.36269,50.69708,151,51.5,4.02,21
13.37683,50.69667,100,50.3,4.09,4
13.39097,50.69625,58,56.9,3.58,9
13.40511,50.69583,3,53.5,,
13.43339,50.69499,3,69.3,,
13.46167,50.69415,17,36.9,,
13.48995,50.69329,243,63.4,4.18,18
13.50408,50.69286,43,39.8,4.05,18
13.51822,50.69243,18,46.1,,
13.53236,50.692,26,45.6,,
12.2737,50.7327,9,39.6,,
12.28786,50.73242,3,38.0,,
12.33033,50.73157,125,50.1,6.55,6
12.35865,50.73099,599,58.3,5.14,233
12.3728,50.7307,3038,42.6,4.59,1
12.38696,50.73041,2218,52.4,4.64,1
12.40112,50.73012,499,51.7,4.96,130
12.41527,50.72982,31,55.7,,
12.42943,50.72952,621,50.8,6.02,65
12.44359,50.72923,1996,54.0,5.32,790
12.45774,50.72892,291,53.4,4.95,106
12.4719,50.72862,349,54.3,5.25,88
12.48605,50.72832,4824,38.3,5.3,2
12.50021,50.72801,3796,45.6,5.48,2
12.51436,50.7277,1141,48.6,4.91,332
12.52852,50.72739,1330,52.1,4.62,518
12.55683,50.72677,54,49.3,4.31,12
12.57098,50.72646,202,50.3,4.06,9
12.58514,50.72614,1002,52.0,4.83,214
12.59929,50.72582,122,51.5,4.31,6
12.6276,50.72518,215,46.8,4.71,13
12.64175,50.72486,772,50.1,4.48,74
12.67006,50.7242,212,50.7,5.1,37
12.68421,50.72387,544,47.0,4.69,56
12.69837,50.72354,2235,46.8,5.2,836
12.71252,50.72321,1034,50.4,5.02,278
12.72667,50.72288,840,49.8,5.27,243
12.74083,50.72254,1656,49.1,5.07,447
12.75498,50.72221,1279,47.4,5.02,361
12.76913,50.72187,223,46.6,3.68,12
12.78328,50.72153,1103,45.9,4.98,184
12.79743,50.72118,216,49.2,4.54,45
12.86819,50.71944,15,50.8,3.73,3
12.88234,50.71909,1120,48.8,4.5,245
12.89649,50.71874,83,43.9,4.1,6
12.93894,50.71766,3,49.2,,
12.98139,50.71657,1240,51.4,4.96,466
12.99554,50.7162,305,44.9,4.48,124
13.00969,50.71584,14,41.4,4.38,3
13.02383,50.71547,3,64.1,,
13.03798,50.71509,342,44.4,4.48,49
13.05213,50.71472,112,50.2,3.97,3
13.06628,50.71434,15,26.8,5.24,6
13.09457,50.71359,21,50.4,1.76,3
13.16531,50.71167,46,50.1,4.49,6
13.17945,50.71128,110,50.4,3.39,5
13.1936,50.71089,145,51.3,,
13.20775,50.71049,70,52.6,3.84,4
13.22189,50.7101,558,49.9,4.3,100
13.23604,50.7097,131,37.2,4.78,12
13.26433,50.7089,7,46.5,,
13.27847,50.7085,6,64.4,,
13.29262,50.7081,26,36.6,4.08,3
13.30676,50.70769,3,28.1,,
13.34919,50.70647,210,46.8,4.17,12
13.39162,50.70523,33,47.8,,
13.40576,50.70481,69,39.7,,
13.41991,50.70439,274,58.3,4.47,65
13.43405,50.70397,54,57.6,4.31,12
13.49062,50.70227,158,48.1,3.98,4
13.50476,50.70184,9,74.1,,
13.5189,50.70141,65,62.8,,
12.23165,50.74252,14,47.1,,
12.24582,50.74224,240,46.6,4.99,25
12.25998,50.74196,118,44.4,,
12.27414,50.74169,77,47.4,,
12.2883,50.74141,312,49.9,4.68,11
12.30246,50.74112,17,48.9,,
12.33078,50.74055,52,50.0,5.81,4
12.34494,50.74027,154,48.6,3.97,3
12.3591,50.73998,405,50.2,4.6,14
12.37326,50.73969,1829,46.8,4.74,660
12.38742,50.7394,1403,52.8,4.57,444
12.40158,50.7391,739,53.2,5.02,117
12.41574,50.73881,214,48.3,8.37,11
12.4299,50.73851,148,51.9,6.42,4
12.44405,50.73821,3,57.8,,
12.45821,50.73791,902,51.0,6.1,460
12.47237,50.73761,2246,51.0,5.67,591
12.48653,50.7373,2812,41.4,5.3,2
12.50069,50.737,1649,53.1,5.2,1
12.51485,50.73669,3964,57.1,5.29,2
12.529,50.73638,2318,54.7,4.7,1
12.54316,50.73607,87,51.6,,
12.57148,50.73544,656,49.3,4.75,76
12.58563,50.73512,639,49.8,5.17,162
12.61395,50.73448,7,57.0,,
12.6281,50.73416,8,57.9,,
12.64226,50.73384,321,52.6,5.27,67
12.65642,50.73351,175,47.9,4.3,15
12.67057,50.73319,296,43.3,4.51,56
12.68473,50.73286,743,48.6,4.46,145
12.69889,50.73253,789,45.6,4.98,333
12.71304,50.73219,1019,49.5,4.94,313
12.7272,50.73186,155,55.3,5.4,76
12.74135,50.73153,1350,50.2,4.99,456
12.75551,50.73119,349,44.9,4.69,74
12.76966,50.73085,157,49.4,4.05,8
12.78382,50.73051,402,44.4,5.03,70
12.79797,50.73017,27,46.5,4.14,4
12.81212,50.72982,11,57.9,,
12.84043,50.72913,91,42.8,5.11,19
12.85459,50.72878,62,50.2,6.18,3
12.86874,50.72843,205,48.7,4.84,7
12.88289,50.72807,144,53.0,3.72,7
12.89705,50.72772,112,43.1,4.63,35
12.9112,50.72736,199,43.4,4.25,24
12.92535,50.727,60,57.0,4.1,16
12.96781,50.72592,4,29.2,,
13.02442,50.72445,28,44.6,5.47,11
13.03857,50.72407,20,45.5,2.42,6
13.05272,50.7237,56,44.4,4.46,14
13.08102,50.72295,290,49.3,4.57,8
13.09517,50.72257,349,47.7,4.69,39
13.10932,50.72219,58,41.0,,
13.16592,50.72065,4,45.0,,
13.18007,50.72026,44,37.4,3.88,3
13.19421,50.71987,1750,46.3,4.6,544
13.20836,50.71947,107,49.2,4.81,9
13.23666,50.71868,164,46.8,3.77,14
13.26495,50.71788,76,44.5,2.32,4
13.2791,50.71748,206,48.2,4.61,4
13.33569,50.71586,3,71.7,,
13.34984,50.71545,4,48.7,,
13.39227,50.71421,8,40.7,,
13.40642,50.71379,37,55.6,3.68,3
13.42056,50.71337,683,50.4,4.46,103
13.43471,50.71295,187,44.2,4.61,46
13.50543,50.71082,232,46.5,4.29,38
13.51957,50.71039,9,41.7,,
13.53372,50.70996,22,52.2,3.73,12
12.23208,50.7515,63,42.7,,
12.24625,50.75122,333,53.1,4.05,30
12.26041,50.75095,118,53.0,,
12.27457,50.75067,147,46.0,3.59,6
12.28874,50.75039,228,50.0,3.59,8
12.3029,50.75011,258,44.0,3.78,18
12.31706,50.74982,157,48.4,4.78,15
12.34539,50.74925,7,52.0,2.65,3
12.35955,50.74896,57,45.3,,
12.37371,50.74867,749,48.2,4.5,220
12.38788,50.74838,16,71.1,5.3,3
12.4162,50.74779,304,48.8,3.84,9
12.44452,50.74719,25,36.9,,
12.45869,50.74689,98,50.4,,
12.47285,50.74659,752,55.1,5.98,276
12.48701,50.74629,790,46.0,5.19,465
12.50117,50.74598,68,44.5,5.06,8
12.51533,50.74567,63,45.1,4.94,8
12.52949,50.74536,13,51.4,,
12.57197,50.74442,576,49.9,5.06,103
12.60029,50.74379,23,48.6,,
12.61445,50.74347,217,52.8,4.23,10
12.62861,50.74314,334,47.9,3.86,22
12.64277,50.74282,467,49.6,4.41,39
12.65693,50.7425,802,49.4,4.37,159
12.67109,50.74217,636,47.5,4.52,143
12.68525,50.74184,717,50.2,4.87,227
12.6994,50.74151,3,52.8,,
12.71356,50.74118,227,44.0,4.18,64
12.72772,50.74084,754,47.7,4.5,94
12.74188,50.74051,1178,48.8,4.93,405
12.75604,50.74017,1783,55.0,4.78,716
12.77019,50.73983,9,65.0,,
12.78435,50.73949,5,71.7,,
12.79851,50.73915,16,63.9,,
12.81266,50.7388,11,44.5,,
12.82682,50.73846,23,47.2,4.52,4
12.84098,50.73811,383,46.8,4.33,38
12.85513,50.73776,442,49.5,4.75,28
12.91176,50.73634,926,41.4,5.1,296
12.92591,50.73598,1335,46.6,4.86,311
12.94007,50.73562,331,46.7,3.92,25
12.95422,50.73526,333,46.1,4.44,30
12.96838,50.7349,153,46.1,4.52,22
12.99669,50.73417,219,50.8,4.84,47
13.01084,50.7338,601,45.3,4.87,90
13.025,50.73343,344,44.1,5.32,24
13.03915,50.73306,239,47.7,3.79,33
13.0533,50.73268,179,45.0,4.84,15
13.08161,50.73193,101,50.9,4.79,41
13.09576,50.73155,66,50.2,,
13.10992,50.73117,386,49.2,4.35,13
13.12407,50.73079,3,61.8,,
13.16652,50.72963,8,28.5,,
13.18068,50.72924,16,35.6,,
13.19483,50.72885,154,58.8,4.48,7
13.20898,50.72845,69,46.2,4.31,14
13.26558,50.72686,238,47.4,4.15,27
13.29388,50.72606,7,60.9,,
13.30803,50.72565,73,50.5,3.67,4
13.32218,50.72525,106,57.7,3.07,3
13.35048,50.72443,9,40.3,,
13.39292,50.72319,15,51.3,,
13.43537,50.72193,5,46.2,,
13.44952,50.72151,166,54.5,9.29,15
13.5061,50.7198,3,26.5,,
13.52025,50.71937,10,61.6,,
13.59098,50.71718,9,58.8,,
12.24668,50.76021,148,49.6,5.37,6
12.27501,50.75965,12,33.6,,
12.28918,50.75937,38,31.6,4.5,9
12.31751,50.75881,229,48.3,5.07,64
12.33167,50.75852,304,47.9,4.24,20
12.34584,50.75824,82,55.8,3.88,3
12.37417,50.75766,415,51.1,4.76,61
12.4025,50.75707,50,47.2,6.44,6
12.41667,50.75677,246,54.2,5.82,6
12.43083,50.75648,105,43.5,3.72,3
12.45916,50.75588,100,45.7,4.38,3
12.47332,50.75557,173,44.7,4.74,41
12.48749,50.75527,681,43.5,5.28,260
12.50165,50.75496,232,51.5,4.45,14
12.51581,50.75465,240,49.2,4.44,11
12.52998,50.75434,186,51.5,4.02,12
12.5583,50.75372,32,49.8,,
12.57247,50.75341,759,48.9,4.71,62
12.58663,50.75309,127,51.1,,
12.60079,50.75277,8,50.5,,
12.61495,50.75245,1619,56.3,4.66,692
12.62911,50.75213,3091,46.2,4.87,887
12.64328,50.7518,290,41.9,5.18,68
12.65744,50.75148,807,50.9,5.03,130
12.6716,50.75115,184,44.4,5.05,60
12.69992,50.75049,109,43.8,4.69,21
12.71408,50.75016,1041,46.7,4.86,192
12.72824,50.74983,225,47.3,3.95,22
12.74241,50.74949,203,40.5,3.67,16
12.75657,50.74915,485,51.4,5.19,171
12.81321,50.74778,85,47.4,4.42,5
12.82736,50.74744,111,38.1,,
12.85568,50.74674,506,44.6,4.8,73
12.86984,50.74639,13,55.2,,
12.884,50.74604,248,52.0,3.13,13
12.89816,50.74568,39,51.2,4.57,3
12.91232,50.74532,34,44.6,,
12.92648,50.74497,196,50.0,4.55,44
12.94063,50.74461,137,49.0,5.01,25
12.95479,50.74424,456,47.2,4.58,43
12.96895,50.74388,56,47.8,4.16,4
12.98311,50.74351,264,43.5,4.6,63
12.99726,50.74315,481,49.5,4.96,49
13.01142,50.74278,136,48.4,3.36,5
13.02558,50.74241,7,57.7,,
13.03973,50.74204,137,43.3,3.14,9
13.05389,50.74166,32,52.2,3.52,7
13.06805,50.74129,1153,51.7,5.11,329
13.0822,50.74091,698,53.6,4.62,370
13.09636,50.74053,254,49.9,4.22,31
13.11051,50.74015,273,47.1,4.37,34
13.13882,50.73938,5,52.2,4.08,3
13.15298,50.739,3,67.5,,
13.16713,50.73861,114,56.6,3.85,9
13.18129,50.73822,245,45.0,4.74,37
13.19544,50.73783,37,43.6,,
13.20959,50.73743,287,48.2,4.13,22
13.22375,50.73704,8,34.3,,
13.26621,50.73584,3,48.3,,
13.28036,50.73544,10,58.6,,
13.29451,50.73504,35,46.2,,
13.30867,50.73463,124,48.6,3.6,3
13.32282,50.73423,34,57.5,,
13.33697,50.73382,179,47.8,3.37,14
13.35112,50.73341,133,50.3,4.56,18
13.36527,50.73299,38,51.3,,
13.39358,50.73216,59,43.1,4.42,3
13.45018,50.73048,57,54.7,3.14,7
13.46433,50.73006,47,37.7,,
13.49263,50.72921,20,41.7,4.52,12
13.50678,50.72878,84,47.5,5.07,7
13.52092,50.72834,8,49.0,,
13.59167,50.72616,89,44.6,4.39,11
13.61996,50.72528,12,48.2,4.4,3
13.69069,50.72303,24,41.6,5.86,3
13.70484,50.72258,3,46.0,,
12.28962,50.76836,132,45.4,5.08,9
12.30379,50.76808,55,44.5,,
12.34629,50.76722,5,28.2,,
12.36046,50.76693,149,53.1,3.91,42
12.37463,50.76664,339,49.8,4.64,18
12.40296,50.76605,28,50.3,2.67,3
12.41713,50.76576,22,46.2,4.46,3
12.4313,50.76546,21,45.1,,
12.45963,50.76486,62,47.6,5.6,7
12.4738,50.76456,329,44.1,4.7,26
12.48796,50.76425,557,45.2,5.15,143
12.50213,50.76395,282,34.6,,
12.54463,50.76302,1809,49.6,4.61,423
12.55879,50.7627,455,47.6,4.17,24
12.57296,50.76239,12,45.4,,
12.60129,50.76175,7,36.3,,
12.61546,50.76143,1080,52.0,4.65,670
12.62962,50.76111,1702,50.2,4.59,666
12.64379,50.76079,97,51.8,5.15,24
12.65795,50.76046,123,46.9,3.78,3
12.67211,50.76013,200,48.6,3.23,12
12.70044,50.75947,655,55.0,4.61,117
12.71461,50.75914,584,48.4,4.91,183
12.72877,50.75881,13,39.8,,
12.74293,50.75847,218,45.1,4.46,18
12.7571,50.75813,284,44.0,3.58,21
12.77126,50.7578,139,50.2,3.98,4
12.79958,50.75711,14,32.1,6.46,3
12.81375,50.75677,70,39.2,4.8,13
12.82791,50.75642,133,44.6,5.6,4
12.84207,50.75607,49,45.8,,
12.85623,50.75572,924,49.0,4.72,196
12.87039,50.75537,432,49.9,4.39,41
12.88456,50.75502,542,49.0,4.96,73
12.89872,50.75466,59,51.6,,
12.91288,50.75431,227,48.6,6.17,12
12.92704,50.75395,222,47.6,4.67,22
12.9412,50.75359,48,48.1,,
12.95536,50.75323,318,49.5,4.21,38
12.98368,50.7525,395,50.4,4.74,86
12.99784,50.75213,515,45.4,4.14,63
13.012,50.75176,16,49.3,5.42,3
13.02616,50.75139,11,38.7,,
13.05448,50.75064,96,51.2,5.21,7
13.06864,50.75027,2477,47.4,4.61,769
13.08279,50.74989,1578,53.6,5.1,846
13.11111,50.74913,232,52.4,3.55,14
13.13943,50.74836,752,46.5,4.46,82
13.15358,50.74798,115,52.6,3.38,8
13.16774,50.74759,40,39.6,,
13.1819,50.7472,83,51.0,4.36,6
13.19605,50.74681,7,51.8,,
13.21021,50.74641,8,55.3,,
13.23852,50.74562,83,50.4,2.41,3
13.28099,50.74442,73,43.6,3.91,4
13.29515,50.74402,5,68.7,,
13.36592,50.74197,50,42.5,2.89,5
13.39423,50.74114,152,48.3,4.01,4
13.45084,50.73946,22,48.2,,
13.46499,50.73904,17,53.7,,
13.4933,50.73818,188,48.0,4.32,19
13.50745,50.73775,19,48.6,,
13.5216,50.73732,50,50.3,4.25,15
13.53575,50.73689,262,49.8,4.41,53
13.5499,50.73645,232,53.7,4.24,48
13.56405,50.73602,114,52.3,4.19,5
13.5782,50.73558,56,57.3,,
13.59235,50.73514,147,53.1,4.7,44
13.64895,50.73336,4,52.4,,
13.6631,50.73291,46,53.3,,
13.6914,50.73201,44,51.3,,
13.70555,50.73156,42,46.8,3.05,15
13.74799,50.73018,25,45.8,2.99,3
13.83287,50.72739,13,43.1,4.0,4
13.84702,50.72692,24,51.2,,
12.30423,50.77706,19,45.8,,
12.3184,50.77678,198,44.8,5.5,11
12.33257,50.77649,132,44.2,4.1,5
12.36091,50.77592,53,51.1,3.32,4
12.37508,50.77562,346,51.4,5.19,33
12.38925,50.77533,126,48.4,5.27,4
12.40342,50.77504,237,50.3,4.7,48
12.41759,50.77474,146,47.8,4.54,4
12.43176,50.77444,59,50.4,3.95,10
12.47427,50.77354,332,45.3,5.55,93
12.50261,50.77293,65,42.2,,
12.51678,50.77262,18,53.8,8.1,3
12.53095,50.77231,198,50.0,4.08,8
12.54512,50.772,481,50.6,5.53,67
12.55929,50.77169,36,46.4,,
12.61596,50.77042,18,57.1,,
12.63013,50.77009,130,45.3,4.4,6
12.65846,50.76944,413,48.7,5.39,59
12.67263,50.76912,61,45.4,4.36,7
12.70096,50.76846,477,50.3,4.31,98
12.71513,50.76812,444,51.0,4.7,25
12.72929,50.76779,194,46.4,4.52,31
12.74346,50.76745,52,48.3,4.43,9
12.77179,50.76678,77,40.5,,
12.80012,50.76609,709,49.4,5.29,48
12.81429,50.76575,314,47.5,4.12,18
12.82845,50.7654,450,48.2,5.02,119
12.84262,50.76505,96,47.2,4.63,6
12.85678,50.7647,159,56.3,4.4,6
12.87095,50.76435,401,50.8,4.92,60
12.88511,50.764,142,52.4,3.91,4
12.89927,50.76364,550,48.3,5.23,17
12.91344,50.76329,437,49.5,5.24,69
12.9276,50.76293,7,36.8,,
12.94176,50.76257,818,47.8,5.09,85
12.95593,50.76221,110,50.0,6.7,6
12.97009,50.76184,378,48.9,4.7,55
12.98425,50.76148,36,47.3,4.18,9
12.99842,50.76111,3,57.0,,
13.01258,50.76074,124,47.7,3.6,9
13.02674,50.76037,1253,50.3,5.21,222
13.0409,50.76,763,46.4,4.55,81
13.05506,50.75962,263,45.3,4.59,40
13.06923,50.75925,1331,50.1,4.35,658
13.08339,50.75887,13,54.5,,
13.09755,50.75849,8,57.1,,
13.12587,50.75773,51,50.6,,
13.14003,50.75734,33,37.3,,
13.16835,50.75657,28,52.1,2.91,4
13.18251,50.75618,45,41.7,4.28,18
13.23915,50.7546,30,49.6,,
13.25331,50.7542,251,43.9,4.58,10
13.28162,50.7534,110,48.2,4.13,12
13.29578,50.753,69,48.6,,
13.33825,50.75177,3,46.2,,
13.39488,50.75012,196,47.2,4.23,23
13.40904,50.7497,144,44.4,4.27,3
13.42319,50.74928,56,45.8,,
13.4515,50.74844,43,47.1,,
13.47981,50.74759,170,50.6,4.2,6
13.49397,50.74716,203,49.8,4.73,48
13.52228,50.7463,12,47.3,4.31,4
13.53643,50.74587,43,57.2,4.31,37
13.56474,50.74499,3,40.3,,
13.64965,50.74234,11,51.9,,
13.69211,50.74099,41,52.3,2.91,3
13.74871,50.73916,131,53.6,4.45,41
13.76286,50.7387,151,53.0,3.83,16
13.77701,50.73824,50,48.5,,
13.83361,50.73637,70,51.0,,
13.84776,50.7359,4,24.2,,
12.31885,50.78576,23,50.5,,
12.36137,50.7849,105,57.2,4.57,8
12.37554,50.78461,676,48.1,4.93,179
12.38971,50.78432,93,49.6,4.77,30
12.40389,50.78402,62,49.0,,
12.41806,50.78373,28,48.4,,
12.44641,50.78313,43,45.6,,
12.46058,50.78283,235,45.0,5.07,18
12.47475,50.78252,937,48.8,5.3,174
12.48892,50.78222,608,50.7,5.1,119
12.50309,50.78191,67,45.8,,
12.51727,50.7816,180,46.4,4.51,9
12.53144,50.78129,75,45.9,5.44,11
12.60229,50.77972,7,67.4,,
12.61646,50.7794,160,52.6,4.59,12
12.63063,50.77908,247,39.0,4.39,7
12.6448,50.77875,81,44.8,4.71,16
12.65897,50.77843,260,46.8,3.55,16
12.67314,50.7781,51,56.4,4.99,8
12.70148,50.77744,559,51.0,4.59,85
12.71565,50.77711,463,51.1,4.83,196
12.72982,50.77677,25,34.8,,
12.77232,50.77576,252,49.7,4.32,9
12.78649,50.77542,243,47.1,4.16,8
12.80066,50.77508,313,49.4,5.09,34
12.81483,50.77473,323,50.8,4.7,37
12.84316,50.77404,200,30.5,,
12.85733,50.77369,655,49.7,4.76,354
12.8715,50.77333,850,48.7,4.89,221
12.88566,50.77298,794,49.1,5.43,180
12.89983,50.77263,516,46.2,5.45,119
12.914,50.77227,490,54.6,5.82,67
12.92816,50.77191,257,43.7,4.69,50
12.94233,50.77155,233,48.0,4.89,16
12.9565,50.77119,67,45.3,4.66,11
12.97066,50.77082,1313,50.7,5.05,345
12.98483,50.77046,202,49.5,4.77,24
13.01316,50.76972,54,47.3,,
13.02732,50.76935,8,32.5,,
13.04149,50.76898,15,52.1,,
13.08398,50.76785,27,53.3,,
13.09814,50.76747,226,48.0,3.94,45
13.11231,50.76709,451,48.5,4.02,29
13.12647,50.76671,225,42.3,3.69,22
13.14063,50.76632,78,51.1,,
13.1548,50.76594,951,50.8,4.7,204
13.16896,50.76555,4,83.6,,
13.18312,50.76516,144,47.7,4.06,34
13.25393,50.76318,182,46.9,4.45,4
13.26809,50.76278,84,52.3,3.96,4
13.28225,50.76238,3,24.2,,
13.29641,50.76197,153,44.5,,
13.31057,50.76157,178,50.2,4.14,8
13.33889,50.76075,58,48.9,4.09,3
13.45217,50.75742,259,48.8,4.14,19
13.46632,50.75699,4,33.4,,
13.49464,50.75614,39,38.8,4.31,3
13.5088,50.75571,3,65.8,,
13.55127,50.75441,117,47.3,4.36,12
13.56542,50.75397,69,42.7,4.63,3
13.62205,50.75221,11,49.0,2.73,4
13.6362,50.75176,86,46.7,5.15,3
13.65036,50.75131,21,43.2,,
13.74943,50.74814,44,30.7,3.58,6
13.77774,50.74721,3,40.3,,
13.79189,50.74675,20,48.4,5.35,12
13.83435,50.74534,69,46.3,2.25,6
13.8485,50.74487,22,50.8,,
13.86265,50.7444,30,44.6,,
12.26259,50.79587,149,42.3,4.83,12
12.27676,50.79559,221,47.7,4.59,11
12.29094,50.79531,125,52.2,3.33,7
12.30512,50.79503,129,42.3,3.39,6
12.31929,50.79475,53,42.0,,
12.33347,50.79446,214,53.2,,
12.34765,50.79417,85,50.1,3.4,3
12.36182,50.79388,41,45.0,,
12.376,50.79359,800,50.8,4.89,262
12.39017,50.7933,406,46.3,4.21,46
12.4327,50.79241,87,45.6,5.05,3
12.46105,50.79181,3,56.1,,
12.4894,50.7912,10,39.0,,
12.50358,50.7909,294,47.4,5.08,20
12.51775,50.79059,3,62.6,,
12.53192,50.79028,134,52.7,5.31,5
12.5461,50.78997,90,45.5,,
12.56027,50.78965,139,49.9,5.42,4
12.57445,50.78934,37,49.4,3.79,3
12.60279,50.7887,446,46.1,4.44,27
12.61697,50.78838,1168,48.0,4.54,511
12.63114,50.78806,174,46.3,3.97,18
12.64531,50.78774,246,48.1,3.38,11
12.65948,50.78741,103,44.2,5.7,3
12.67366,50.78708,299,48.3,4.6,18
12.68783,50.78675,364,49.8,5.01,47
12.702,50.78642,289,44.8,4.91,43
12.71617,50.78609,1286,53.1,4.72,338
12.73034,50.78576,1255,49.6,4.88,219
12.74452,50.78542,325,45.3,5.41,22
12.75869,50.78508,49,50.6,,
12.77286,50.78474,94,50.1,4.24,3
12.8012,50.78406,96,54.2,5.43,6
12.84371,50.78302,440,43.2,5.34,15
12.85788,50.78267,1055,48.0,4.87,129
12.87205,50.78232,2350,49.4,4.74,1
12.88622,50.78196,1468,51.3,4.93,833
12.90039,50.78161,2658,51.2,4.86,1
12.91456,50.78125,23,53.2,,
12.92873,50.78089,599,48.7,4.82,87
12.9429,50.78053,7,35.7,,
12.95706,50.78017,28,40.9,,
12.97123,50.7798,497,46.3,5.23,86
12.99957,50.77907,117,53.5,,
13.04207,50.77796,308,49.1,4.04,26
13.05624,50.77758,161,42.9,4.46,21
13.07041,50.77721,293,47.0,4.57,59
13.08457,50.77683,371,45.4,3.91,29
13.09874,50.77645,9,43.7,,
13.14124,50.7753,7,45.6,,
13.1554,50.77492,25,58.8,4.04,9
13.16957,50.77453,272,47.6,4.34,30
13.18373,50.77414,639,46.2,4.46,64
13.1979,50.77374,68,54.2,3.5,7
13.25456,50.77216,8,61.6,,
13.26872,50.77176,6,26.9,,
13.29705,50.77095,10,51.7,,
13.31121,50.77055,102,51.7,4.43,9
13.32537,50.77014,64,56.1,3.25,3
13.33954,50.76973,119,48.0,3.91,3
13.3537,50.76932,55,46.9,,
13.36786,50.76891,220,47.0,3.54,12
13.38202,50.76849,4,39.8,,
13.41035,50.76766,37,41.9,,
13.42451,50.76724,21,48.1,,
13.43867,50.76682,250,43.9,4.21,17
13.45283,50.7664,173,53.3,5.16,43
13.49531,50.76512,3,66.6,,
13.52363,50.76425,54,49.8,,
13.53779,50.76382,217,52.8,4.68,25
13.55195,50.76339,63,49.0,2.39,3
13.60858,50.76163,4,24.2,,
13.62274,50.76118,109,51.9,4.27,16
13.6369,50.76074,112,49.8,4.61,28
13.65106,50.76029,55,44.7,4.59,7
13.66522,50.75984,45,51.7,,
13.76431,50.75665,147,48.8,4.63,14
13.77846,50.75619,19,31.6,,
13.79262,50.75572,929,49.0,5.21,202
13.80677,50.75526,74,45.0,4.16,8
13.86339,50.75337,4,55.5,,
13.87754,50.7529,23,41.7,,
13.8917,50.75242,3,63.7,,
12.2772,50.80458,102,46.1,5.77,17
12.29138,50.8043,15,42.3,,
12.30556,50.80401,254,49.0,4.76,9
12.31974,50.80373,10,33.0,,
12.3481,50.80316,215,48.1,3.6,9
12.36228,50.80287,156,46.3,4.06,14
12.37646,50.80258,525,49.0,5.92,126
12.39063,50.80228,948,45.4,4.47,271
12.40481,50.80199,12,44.0,,
12.41899,50.80169,147,48.7,6.15,12
12.43317,50.8014,149,48.4,3.49,4
12.46152,50.80079,56,40.7,4.11,9
12.51823,50.79957,418,50.8,4.7,48
12.53241,50.79926,9,46.6,,
12.54659,50.79895,91,46.4,5.36,4
12.56076,50.79864,63,52.8,,
12.57494,50.79832,40,45.6,,
12.58912,50.798,21,44.6,7.5,3
12.60329,50.79768,121,53.7,4.75,7
12.61747,50.79736,16,62.5,,
12.63164,50.79704,56,39.8,,
12.67417,50.79606,16,50.2,,
12.68835,50.79574,816,55.6,5.16,305
12.70252,50.7954,1231,46.9,4.96,495
12.71669,50.79507,560,51.3,5.04,175
12.73087,50.79474,1629,53.5,5.0,978
12.74504,50.7944,1117,47.8,4.98,235
12.75922,50.79406,514,46.0,5.03,77
12.77339,50.79372,4,39.0,,
12.78756,50.79338,784,46.6,5.18,179
12.80174,50.79304,15,50.4,,
12.84426,50.792,186,44.0,5.1,26
12.85843,50.79165,176,44.6,6.21,30
12.8726,50.7913,921,51.8,4.55,318
12.88677,50.79094,5567,51.9,4.78,3
12.90095,50.79059,6228,50.6,5.0,3
12.91512,50.79023,782,50.0,5.22,259
12.92929,50.78987,1825,47.5,5.3,760
12.94346,50.78951,634,49.8,5.18,86
12.95763,50.78915,853,48.8,5.41,141
12.98598,50.78842,122,52.7,7.12,7
13.00015,50.78805,272,46.5,5.06,18
13.01432,50.78768,184,44.2,4.94,14
13.05683,50.78656,158,44.5,4.33,11
13.071,50.78619,13,52.1,4.76,8
13.08517,50.78581,19,46.4,,
13.1135,50.78505,3,56.5,,
13.12767,50.78467,325,48.5,4.79,31
13.14184,50.78428,48,36.5,,
13.18435,50.78312,11,52.5,,
13.19851,50.78272,6,64.4,,
13.22685,50.78194,159,41.6,4.17,10
13.26935,50.78074,372,45.7,4.01,39
13.28352,50.78034,139,45.3,6.0,10
13.31185,50.77953,57,47.9,3.76,3
13.32601,50.77912,4,21.3,,
13.36851,50.77789,22,48.6,,
13.38267,50.77747,235,45.4,4.48,14
13.411,50.77664,23,46.7,,
13.42517,50.77622,41,50.2,,
13.43933,50.7758,17,54.2,,
13.48182,50.77452,48,51.7,4.86,5
13.49598,50.77409,29,45.2,3.81,6
13.51015,50.77366,109,47.5,5.72,7
13.52431,50.77323,47,53.5,,
13.56679,50.77193,8,51.3,,
13.58096,50.77149,3,72.3,,
13.60928,50.77061,80,49.8,4.04,10
13.62344,50.77016,112,44.4,3.65,3
13.66592,50.76882,49,49.9,5.47,3
13.69424,50.76792,73,49.2,4.38,3
13.7084,50.76746,91,43.8,4.63,5
13.73672,50.76655,8,51.7,,
13.75087,50.76609,1144,52.1,4.72,510
13.76503,50.76563,494,46.6,4.82,116
13.77919,50.76516,41,46.5,,
13.79335,50.7647,134,44.2,5.95,16
13.80751,50.76423,16,41.9,,
13.82166,50.76376,62,54.1,2.64,3
13.83582,50.76329,15,36.5,,
13.84998,50.76282,55,46.8,3.24,3
13.86413,50.76235,140,46.5,3.81,9
13.87829,50.76187,56,48.7,,
12.306,50.813,245,50.5,4.96,22
12.32019,50.81271,32,51.7,,
12.34855,50.81214,8,63.7,,
12.36273,50.81185,354,51.3,4.99,42
12.37691,50.81156,2544,51.3,4.7,930
12.39109,50.81127,2717,47.2,4.84,892
12.40528,50.81097,373,49.7,5.05,37
12.41946,50.81068,81,55.4,5.13,25
12.43364,50.81038,112,46.8,5.51,37
12.462,50.80978,253,43.1,5.42,41
12.47618,50.80948,34,50.8,,
12.49036,50.80917,9,57.5,,
12.50454,50.80886,136,44.5,3.61,5
12.51872,50.80856,95,53.3,,
12.5329,50.80824,880,52.2,5.11,316
12.54708,50.80793,1465,54.5,5.27,714
12.56126,50.80762,101,54.5,4.66,3
12.57544,50.8073,1292,45.6,5.13,411
12.58962,50.80699,246,47.9,5.18,24
12.61797,50.80635,17,37.8,,
12.63215,50.80602,38,41.6,,
12.64633,50.8057,268,40.3,4.9,35
12.66051,50.80537,26,52.3,,
12.67469,50.80505,266,60.1,4.59,14
12.68886,50.80472,932,51.1,5.08,399
12.70304,50.80439,1835,48.9,4.83,601
12.71722,50.80405,2152,45.7,4.92,646
12.73139,50.80372,2200,52.6,4.8,670
12.74557,50.80338,607,49.1,5.52,44
12.75975,50.80305,525,57.2,4.98,114
12.77393,50.80271,83,47.8,4.6,3
12.7881,50.80236,98,48.1,4.61,12
12.80228,50.80202,967,46.6,5.24,161
12.81645,50.80168,36,36.6,5.15,5
12.8448,50.80098,21,50.6,3.46,5
12.85898,50.80063,525,49.9,5.3,37
12.87316,50.80028,185,46.5,6.8,14
12.88733,50.79993,2184,51.5,4.95,1
12.90151,50.79957,2708,49.5,5.01,2
12.91568,50.79921,626,40.9,4.78,284
12.92985,50.79885,563,46.8,5.41,186
12.94403,50.79849,1090,47.2,5.22,112
12.9582,50.79813,867,47.5,5.59,99
12.97238,50.79777,109,48.9,4.04,3
12.98655,50.7974,382,48.7,5.94,14
13.00072,50.79703,671,54.6,5.9,81
13.0149,50.79666,340,43.0,5.77,49
13.02907,50.79629,133,50.1,4.67,4
13.05742,50.79555,131,48.0,4.2,14
13.07159,50.79517,172,48.6,4.67,21
13.08576,50.79479,79,40.8,4.67,8
13.1141,50.79403,13,60.4,,
13.12827,50.79365,144,45.3,3.97,21
13.14245,50.79326,39,35.2,3.89,3
13.15662,50.79287,3,52.1,,
13.17079,50.79249,9,40.9,5.21,3
13.18496,50.7921,5,54.8,,
13.22747,50.79092,408,46.8,4.59,33
13.24164,50.79052,8,37.0,,
13.25581,50.79012,90,39.9,1.5,3
13.26998,50.78972,225,49.0,4.4,26
13.31248,50.78851,193,47.0,4.17,15
13.32665,50.7881,74,51.1,4.33,4
13.38332,50.78645,97,49.6,4.22,3
13.39749,50.78603,11,60.6,,
13.48249,50.7835,8,24.6,,
13.49666,50.78307,26,51.8,,
13.53915,50.78178,4,29.7,,
13.55332,50.78134,7,30.5,5.62,3
13.56748,50.7809,6,45.4,,
13.59581,50.78002,12,44.9,,
13.62414,50.77914,3,47.5,,
13.6383,50.77869,61,51.9,,
13.65246,50.77824,4,35.2,,
13.66662,50.7778,3,47.4,,
13.68079,50.77734,48,51.2,,
13.69495,50.77689,124,46.3,5.46,46
13.70911,50.77644,3,51.4,,
13.7516,50.77506,13,36.1,,
13.76576,50.7746,7,35.1,,
13.79408,50.77367,16,52.9,,
13.8224,50.77274,10,45.0,,
13.85072,50.7718,3,51.6,,
12.36319,50.82084,236,52.8,5.15,110
12.37737,50.82054,1671,56.3,5.14,523
12.39155,50.82025,3710,44.3,4.7,1
12.40574,50.81996,514,48.8,4.69,161
12.41992,50.81966,357,46.0,3.72,30
12.43411,50.81936,14,57.9,5.24,3
12.46247,50.81876,302,47.9,4.86,26
12.47666,50.81846,154,43.7,4.45,11
12.49084,50.81815,283,49.4,5.05,32
12.50502,50.81785,313,51.5,5.19,23
12.5192,50.81754,221,52.1,5.2,65
12.53339,50.81723,1801,51.5,5.18,507
12.54757,50.81692,4926,49.8,5.05,2
12.56175,50.8166,592,56.3,5.19,170
12.57593,50.81629,469,45.4,4.75,56
12.6043,50.81565,33,49.1,,
12.61848,50.81533,281,44.6,4.29,14
12.64684,50.81468,119,47.6,4.87,6
12.66102,50.81436,16,48.7,,
12.6752,50.81403,41,46.4,3.22,3
12.68938,50.8137,48,41.2,4.5,24
12.70356,50.81337,28,40.9,,
12.73192,50.8127,220,48.8,5.52,9
12.7461,50.81237,592,46.0,5.02,116
12.76028,50.81203,487,47.2,5.04,90
12.77446,50.81169,1024,50.6,5.22,238
12.78864,50.81135,1518,47.5,5.35,481
12.80282,50.811,973,44.8,5.07,184
12.817,50.81066,1418,46.6,5.36,335
12.83117,50.81031,2436,48.2,5.39,889
12.84535,50.80996,1129,46.5,5.21,447
12.85953,50.80961,14,40.2,,
12.87371,50.80926,981,50.6,4.81,255
12.88789,50.80891,5040,49.8,4.92,3
12.90206,50.80855,2425,54.8,5.11,2
12.91624,50.80819,2087,49.8,5.66,1
12.93042,50.80783,4,41.4,,
12.9446,50.80747,2071,54.5,5.8,913
12.95877,50.80711,596,47.1,5.44,61
12.97295,50.80675,1233,51.7,6.97,194
12.98712,50.80638,599,47.8,5.92,39
13.0013,50.80601,167,53.8,6.76,7
13.01548,50.80564,165,49.4,6.07,32
13.02965,50.80527,3,40.9,,
13.04383,50.8049,3,74.4,,
13.058,50.80453,7,29.9,,
13.07218,50.80415,143,51.3,4.53,13
13.08635,50.80377,3,45.7,,
13.10053,50.80339,575,53.6,5.47,116
13.1147,50.80301,214,45.7,5.13,6
13.12888,50.80263,251,47.4,4.6,28
13.14305,50.80224,359,47.0,4.75,70
13.15722,50.80185,317,48.6,4.34,36
13.1714,50.80147,589,46.7,4.85,89
13.18557,50.80108,178,46.4,4.71,16
13.21392,50.80029,58,51.8,3.6,3
13.22809,50.79989,1502,52.1,4.67,482
13.24226,50.7995,326,50.1,4.59,35
13.27061,50.7987,4,52.7,,
13.28478,50.7983,36,41.1,,
13.31312,50.79749,364,50.7,5.43,79
13.32729,50.79708,261,47.0,5.29,40
13.34146,50.79667,16,46.4,,
13.35563,50.79626,3,36.8,,
13.39815,50.79501,65,43.8,,
13.42648,50.79418,33,45.4,,
13.48316,50.79248,140,53.7,4.11,15
13.49733,50.79205,31,36.7,,
13.554,50.79032,7,39.7,,
13.56817,50.78988,60,44.9,5.24,5
13.58233,50.78944,184,49.7,4.53,3
13.5965,50.789,21,47.5,,
13.639,50.78767,51,49.6,6.28,3
13.65316,50.78722,107,42.1,4.0,3
13.66733,50.78677,14,69.4,,
13.6815,50.78632,89,47.3,4.67,5
13.69566,50.78587,23,52.4,,
13.73815,50.7845,4,38.2,,
13.75232,50.78404,59,51.8,4.25,5
13.76648,50.78358,3,51.5,,
13.79481,50.78265,4,70.9,,
13.80897,50.78218,17,56.8,2.9,3
13.82313,50.78171,430,50.0,5.08,79
13.8373,50.78124,8,47.5,,
13.85146,50.78077,12,46.4,,
13.86562,50.7803,40,44.7,6.06,3
12.34945,50.83011,7,47.8,,
12.37783,50.82953,496,50.4,5.05,121
12.39202,50.82924,1551,45.5,4.58,482
12.4062,50.82894,38,56.6,4.86,24
12.44876,50.82805,16,39.0,,
12.46295,50.82775,15,45.1,,
12.47713,50.82744,57,51.7,4.09,3
12.49132,50.82714,89,47.7,5.32,32
12.5055,50.82683,1073,50.7,5.22,267
12.51969,50.82652,1769,48.9,4.86,868
12.53387,50.82621,751,47.1,4.78,232
12.54806,50.8259,2095,45.7,5.05,710
12.56224,50.82559,462,51.2,5.4,155
12.57643,50.82527,16,46.9,3.66,5
12.61898,50.82431,15,41.1,,
12.63316,50.82399,36,53.9,,
12.64735,50.82367,142,44.7,3.04,3
12.66153,50.82334,35,48.2,,
12.70408,50.82235,6,66.9,,
12.71826,50.82202,5,47.3,,
12.74663,50.82135,34,51.8,4.27,4
12.76081,50.82101,5,43.1,,
12.77499,50.82067,4,56.5,,
12.78918,50.82033,586,52.6,5.8,216
12.80336,50.81998,912,54.7,5.9,186
12.81754,50.81964,391,50.2,5.17,88
12.83172,50.81929,1489,43.7,5.7,278
12.8459,50.81894,3063,49.7,5.55,1
12.86008,50.81859,652,43.5,4.99,207
12.87426,50.81824,1391,46.7,5.29,528
12.88844,50.81789,2799,50.1,5.01,2
12.90262,50.81753,5238,50.2,5.4,3
12.9168,50.81717,935,37.2,5.51,410
12.93098,50.81682,4102,34.5,5.25,1
12.94516,50.81646,6247,44.8,5.38,4
12.95934,50.81609,3242,54.2,5.34,2
12.97352,50.81573,1512,47.2,5.65,90
12.9877,50.81536,1108,49.0,6.04,89
13.00188,50.81499,147,44.4,6.15,10
13.01606,50.81463,14,63.7,,
13.04441,50.81388,5,20.2,,
13.05859,50.81351,28,35.4,4.18,6
13.07277,50.81313,94,47.9,4.17,8
13.10113,50.81237,763,46.2,4.95,209
13.1153,50.81199,91,86.2,,
13.12948,50.81161,53,43.4,5.17,4
13.18618,50.81006,9,49.9,,
13.21454,50.80927,25,49.4,,
13.22871,50.80887,85,49.3,2.63,3
13.24289,50.80848,54,50.7,3.81,3
13.25706,50.80808,113,47.9,4.0,9
13.28541,50.80727,100,48.3,5.97,3
13.31376,50.80646,18,49.3,1.67,4
13.32793,50.80606,334,52.3,5.14,54
13.34211,50.80565,48,46.7,,
13.35628,50.80524,108,50.6,3.48,6
13.37045,50.80482,23,53.5,,
13.3988,50.80399,67,49.7,4.93,30
13.41297,50.80357,417,48.8,4.65,168
13.42714,50.80315,270,47.1,4.56,38
13.44132,50.80273,18,41.6,,
13.52634,50.80017,153,54.1,4.74,13
13.54051,50.79973,679,47.6,4.67,145
13.55468,50.7993,3,62.0,,
13.56885,50.79886,170,51.2,3.89,16
13.58302,50.79842,19,50.6,,
13.61136,50.79754,7,24.1,,
13.66804,50.79575,152,47.5,4.84,13
13.6822,50.7953,87,49.2,5.09,3
13.71054,50.79439,157,48.8,4.48,16
13.72471,50.79393,9,45.1,,
13.73887,50.79347,9,63.4,,
13.75304,50.79302,8,56.8,,
13.78137,50.79209,78,49.0,3.67,8
13.8097,50.79116,48,48.4,,
13.83803,50.79022,91,43.2,3.39,6
13.8522,50.78975,142,46.9,3.83,17
13.86636,50.78927,9,37.0,,
12.3641,50.8388,3,62.5,,
12.37829,50.83851,3,62.0,,
12.39248,50.83822,382,47.4,4.6,26
12.40667,50.83793,158,45.5,4.74,4
12.42086,50.83763,98,51.7,5.93,3
12.43504,50.83733,338,48.4,6.11,20
12.44923,50.83703,1396,59.5,5.21,938
12.46342,50.83673,544,45.1,4.62,91
12.47761,50.83643,75,47.4,4.09,9
12.4918,50.83612,74,48.6,4.89,8
12.50599,50.83581,326,49.7,4.89,15
12.52017,50.8355,262,47.7,5.06,40
12.53436,50.83519,298,44.1,4.84,40
12.54855,50.83488,266,41.9,5.33,34
12.56274,50.83457,388,43.8,5.21,77
12.57692,50.83425,274,42.7,5.11,64
12.6053,50.83362,90,46.4,4.43,3
12.63367,50.83297,155,43.9,4.12,11
12.64786,50.83265,320,45.4,5.49,38
12.66204,50.83232,181,44.1,5.96,7
12.7046,50.83133,487,47.5,4.2,35
12.71879,50.831,37,48.3,,
12.73297,50.83067,153,50.4,4.41,5
12.74716,50.83033,263,45.1,4.04,12
12.76134,50.82999,247,46.5,5.04,11
12.81808,50.82862,1197,50.8,5.72,303
12.83227,50.82827,2168,43.9,5.47,443
12.84645,50.82793,837,57.7,5.35,428
12.86063,50.82758,125,53.6,4.76,10
12.87482,50.82722,1053,47.1,6.18,158
12.889,50.82687,1803,46.0,5.37,763
12.90318,50.82651,5922,44.8,5.52,3
12.91736,50.82616,4260,44.7,5.3,2
12.93155,50.8258,5699,39.8,5.27,3
12.94573,50.82544,5410,42.0,5.29,3
12.95991,50.82507,5544,54.5,5.36,3
12.97409,50.82471,1342,56.6,5.03,571
12.98828,50.82434,234,47.5,6.75,3
13.00246,50.82398,46,49.6,,
13.01664,50.82361,8,57.8,,
13.03082,50.82323,123,43.1,5.53,9
13.05918,50.82249,113,54.6,4.45,3
13.07336,50.82211,1293,48.0,4.86,331
13.08754,50.82173,227,43.4,4.42,50
13.10172,50.82135,446,50.8,5.48,110
13.13008,50.82059,423,48.9,4.81,151
13.14426,50.8202,153,43.7,4.52,20
13.15844,50.81981,56,37.5,4.89,11
13.1868,50.81904,44,42.2,3.79,6
13.20098,50.81864,38,49.8,,
13.21516,50.81825,20,37.6,,
13.25769,50.81706,252,45.1,4.37,10
13.27187,50.81666,58,47.0,4.08,7
13.30022,50.81585,6,31.9,,
13.32857,50.81503,91,42.0,,
13.34275,50.81463,41,46.8,,
13.35693,50.81421,15,45.8,,
13.3711,50.8138,169,40.8,4.51,9
13.38528,50.81339,55,46.6,,
13.39945,50.81297,239,47.8,4.82,42
13.41363,50.81255,283,43.6,5.36,65
13.4278,50.81213,3,72.2,,
13.44198,50.81171,148,73.5,4.45,8
13.45615,50.81129,37,56.4,5.59,8
13.4845,50.81043,88,49.6,5.12,7
13.52702,50.80914,6,36.9,,
13.5412,50.80871,22,45.9,,
13.55537,50.80827,6,36.2,,
13.56954,50.80784,55,46.6,,
13.62623,50.80607,100,44.2,3.05,3
13.6404,50.80562,21,44.1,,
13.65457,50.80517,3,30.0,,
13.66874,50.80472,77,52.8,4.13,13
13.68291,50.80427,79,42.4,5.06,15
13.69708,50.80382,3,80.0,,
13.71125,50.80337,60,48.6,4.9,3
13.72542,50.80291,59,37.9,,
13.73959,50.80245,83,49.5,2.34,3
13.75376,50.80199,3,84.3,,
13.76793,50.80153,7,51.8,,
13.7821,50.80107,22,44.1,9.93,5
13.79627,50.8006,572,51.1,4.48,86
13.81044,50.80013,36,50.5,5.41,3
13.8246,50.79966,25,49.0,,
13.83877,50.79919,69,46.3,,
13.89544,50.7973,5,14.3,,
12.37875,50.8475,92,48.8,3.89,8
12.39294,50.8472,62,52.5,,
12.40713,50.84691,63,45.6,3.29,5
12.44971,50.84601,1294,50.2,5.16,566
12.4639,50.84571,3531,46.7,4.87,976
12.47809,50.84541,2916,53.9,4.56,1
12.49228,50.8451,30,42.8,4.26,9
12.52066,50.84449,28,49.9,,
12.53485,50.84418,233,48.1,4.69,10
12.54904,50.84387,10,40.6,4.32,3
12.56323,50.84355,127,55.5,6.01,12
12.57742,50.84324,18,49.7,,
12.6058,50.8426,45,47.5,,
12.61999,50.84228,11,44.8,4.38,3
12.63418,50.84196,458,48.1,4.44,49
12.64837,50.84163,364,47.4,4.63,44
12.66256,50.84131,182,48.5,4.93,20
12.67675,50.84098,58,50.0,,
12.69094,50.84065,346,47.3,4.79,29
12.70512,50.84032,86,49.8,5.04,5
12.71931,50.83998,47,48.6,4.44,6
12.7335,50.83965,49,44.2,,
12.76188,50.83897,177,44.0,4.77,20
12.77606,50.83863,854,47.7,5.12,130
12.80444,50.83795,7,43.6,5.5,3
12.81862,50.8376,51,36.9,,
12.83281,50.83726,340,50.5,5.03,77
12.847,50.83691,646,44.6,5.29,169
12.86118,50.83656,500,47.0,5.32,72
12.87537,50.8362,3127,54.8,5.68,2
12.88956,50.83585,6114,43.4,5.49,3
12.90374,50.83549,10092,40.1,5.43,5
12.91793,50.83514,4219,44.9,5.36,2
12.93211,50.83478,6992,37.1,4.7,4
12.9463,50.83442,6491,40.2,5.17,3
12.96048,50.83405,6776,55.3,5.19,4
12.97467,50.83369,930,59.7,4.99,457
12.98885,50.83332,304,49.3,5.56,11
13.01722,50.83259,492,42.2,5.47,108
13.0314,50.83221,123,45.0,5.61,7
13.07395,50.83109,17,51.9,,
13.10232,50.83033,243,50.8,4.52,22
13.1165,50.82995,161,50.6,5.35,16
13.13068,50.82957,24,46.0,4.2,4
13.15905,50.82879,4,65.8,,
13.20159,50.82762,18,52.6,,
13.21577,50.82723,345,49.7,3.86,39
13.2725,50.82564,42,51.4,,
13.28668,50.82523,17,46.7,5.76,3
13.30086,50.82483,155,46.7,4.59,3
13.34339,50.8236,57,48.2,4.55,4
13.35757,50.82319,76,42.4,3.44,3
13.42846,50.82111,20,49.2,,
13.44264,50.82069,249,45.6,4.59,7
13.48517,50.81941,262,47.6,4.88,39
13.49935,50.81898,50,51.3,4.45,4
13.54188,50.81769,142,52.1,4.04,6
13.57023,50.81681,14,38.3,4.11,3
13.5844,50.81637,34,56.6,,
13.62693,50.81505,15,45.9,,
13.65527,50.81415,16,43.4,,
13.66945,50.8137,64,48.4,3.89,11
13.68362,50.81325,25,62.8,3.84,10
13.72614,50.81189,73,48.1,3.05,3
13.74031,50.81143,118,48.1,4.55,10
13.76866,50.8105,3,64.0,,
13.78283,50.81004,20,48.6,,
13.797,50.80958,79,47.1,,
13.86785,50.80722,18,38.5,,
13.88202,50.80675,57,47.6,4.3,7
13.89619,50.80627,66,51.3,3.04,3
13.91036,50.80579,3,58.8,,
13.92453,50.80531,114,47.3,4.72,8
13.9387,50.80483,3,77.8,,
13.95287,50.80434,9,44.4,,
12.40759,50.85589,26,54.6,2.8,3
12.45018,50.855,781,45.4,4.79,325
12.46437,50.8547,1679,45.3,5.03,489
12.47857,50.85439,449,49.2,4.58,52
12.49276,50.85409,286,48.6,5.34,26
12.50695,50.85378,64,45.4,,
12.53534,50.85316,119,52.3,4.76,13
12.54953,50.85285,74,58.8,5.37,20
12.56373,50.85253,244,47.4,4.06,16
12.57792,50.85222,351,51.4,4.41,57
12.6063,50.85158,28,54.9,,
12.6205,50.85126,6,64.2,,
12.63469,50.85094,282,48.9,4.41,117
12.66307,50.85029,57,39.9,5.0,7
12.67726,50.84996,318,45.7,4.53,11
12.69145,50.84963,8,56.4,,
12.70565,50.8493,259,46.9,3.53,11
12.71984,50.84897,516,46.6,4.85,40
12.73403,50.84863,774,46.7,4.59,146
12.76241,50.84796,377,49.7,5.03,186
12.7766,50.84762,948,46.9,4.87,158
12.79079,50.84727,253,54.7,6.07,66
12.87592,50.84519,1946,58.0,5.73,1
12.89011,50.84483,1233,55.2,5.37,779
12.9043,50.84448,7240,42.2,5.44,4
12.91849,50.84412,4233,41.2,5.27,2
12.93268,50.84376,4839,36.5,5.11,3
12.94687,50.8434,2102,41.8,5.02,1
12.96105,50.84304,222,58.5,5.12,119
12.98943,50.8423,144,49.5,4.28,5
13.00361,50.84194,53,55.2,5.79,4
13.0178,50.84157,372,50.7,5.49,27
13.03199,50.8412,190,48.6,5.5,14
13.07455,50.84007,1066,49.8,5.31,454
13.08873,50.83969,213,48.2,4.39,19
13.13129,50.83855,10,51.2,2.37,3
13.14547,50.83816,11,19.6,,
13.15966,50.83777,49,47.0,4.25,4
13.18803,50.83699,15,47.7,,
13.20221,50.8366,6,56.7,,
13.21639,50.83621,120,48.3,4.75,8
13.23058,50.83581,148,51.0,3.84,22
13.30149,50.83381,394,50.8,4.74,48
13.31567,50.8334,15,39.5,,
13.32986,50.83299,9,24.9,3.95,6
13.35822,50.83217,135,46.6,4.55,12
13.3724,50.83176,25,51.2,,
13.38658,50.83134,14,53.3,,
13.40076,50.83093,38,24.6,4.98,17
13.41494,50.83051,8,35.4,,
13.42912,50.83009,416,48.4,5.17,93
13.4433,50.82967,35,40.4,,
13.48584,50.82839,171,47.8,3.57,3
13.54256,50.82666,41,49.4,3.18,4
13.55674,50.82623,194,44.2,4.65,21
13.57092,50.82579,99,46.9,,
13.61345,50.82447,87,42.8,5.15,10
13.62763,50.82402,192,45.0,5.01,14
13.65598,50.82313,6,52.5,,
13.67015,50.82268,123,47.8,5.01,19
13.68433,50.82223,14,48.6,5.92,4
13.69851,50.82177,160,33.8,4.47,11
13.71268,50.82132,96,48.8,4.58,12
13.72686,50.82086,17,64.0,4.01,3
13.74103,50.8204,61,56.4,,
13.78356,50.81902,15,55.3,,
13.8119,50.81808,114,49.6,4.39,10
13.82608,50.81762,7,40.4,,
13.84025,50.81714,75,48.9,,
13.88277,50.81572,42,38.0,5.13,4
13.92528,50.81428,32,47.6,,
13.93945,50.8138,23,40.4,,
12.45065,50.86398,323,48.2,3.99,28
12.46485,50.86368,110,48.9,4.81,18
12.49324,50.86307,59,49.6,3.8,3
12.50744,50.86276,55,46.7,,
12.52163,50.86245,70,43.9,5.22,7
12.55002,50.86183,28,36.3,,
12.56422,50.86152,395,47.5,4.88,105
12.57842,50.8612,196,43.4,4.67,36
12.60681,50.86057,88,43.7,4.64,17
12.621,50.86024,122,52.5,3.98,3
12.64939,50.8596,3,55.2,,
12.66358,50.85927,445,44.3,5.41,47
12.67778,50.85894,5,24.8,,
12.73455,50.85761,539,47.8,4.69,79
12.74875,50.85728,2420,43.6,4.91,870
12.76294,50.85694,3890,48.0,5.11,2
12.77713,50.8566,2296,42.2,4.87,885
12.79133,50.85626,1553,47.2,5.16,364
12.80552,50.85591,312,48.3,5.04,62
12.8339,50.85522,8,32.9,,
12.86229,50.85452,48,47.2,,
12.87648,50.85417,1053,50.6,5.64,406
12.89067,50.85381,1812,45.8,5.86,561
12.90486,50.85346,1057,50.1,5.74,306
12.91905,50.8531,893,49.6,5.35,295
12.93324,50.85274,2276,40.7,5.46,1
12.94743,50.85238,5832,41.1,5.09,3
12.96162,50.85202,58,51.7,4.02,7
12.99,50.85129,96,49.0,3.95,5
13.00419,50.85092,279,47.6,4.81,11
13.01838,50.85055,93,47.8,,
13.06095,50.84943,314,49.4,4.63,139
13.07514,50.84905,2442,50.7,4.86,1
13.08933,50.84867,293,51.3,5.45,60
13.10352,50.84829,250,48.7,4.96,130
13.1177,50.84791,501,52.7,4.83,133
13.13189,50.84753,55,42.2,,
13.14608,50.84714,65,54.2,4.96,5
13.16027,50.84675,266,41.7,4.46,41
13.18864,50.84597,13,44.3,,
13.20283,50.84558,101,43.0,6.22,4
13.2312,50.84479,44,51.3,5.76,3
13.28794,50.84319,551,52.9,4.75,157
13.30213,50.84279,273,48.1,4.37,15
13.31631,50.84238,45,46.8,,
13.3305,50.84197,32,36.5,,
13.37305,50.84074,123,50.3,4.68,27
13.38724,50.84032,212,46.8,3.83,14
13.40142,50.8399,554,46.9,4.86,119
13.4156,50.83949,235,44.0,4.94,21
13.42979,50.83907,23,44.1,,
13.48652,50.83737,99,48.7,,
13.51488,50.83651,34,42.1,3.29,4
13.54324,50.83564,86,49.8,3.33,3
13.55742,50.8352,76,53.2,3.84,3
13.58578,50.83433,3,81.8,,
13.61414,50.83344,129,42.0,3.3,7
13.67086,50.83165,561,55.6,4.32,160
13.68504,50.8312,202,43.5,4.87,51
13.7134,50.83029,3,26.4,,
13.74175,50.82938,180,48.4,4.64,9
13.75593,50.82892,41,54.8,4.57,8
13.77011,50.82846,28,56.8,,
13.79846,50.82753,95,53.8,4.52,6
13.81264,50.82706,105,46.9,5.01,11
13.84099,50.82612,43,56.3,,
13.85517,50.82565,22,40.8,,
13.86934,50.82517,23,43.7,,
13.88352,50.8247,139,47.4,5.37,19
13.95439,50.82229,51,40.5,,
13.96856,50.8218,76,46.5,4.26,7
12.46532,50.87266,35,53.2,,
12.47952,50.87236,42,49.4,,
12.49372,50.87205,116,49.8,4.22,13
12.50792,50.87175,33,45.3,,
12.52212,50.87144,42,46.6,,
12.53632,50.87113,55,45.6,,
12.57891,50.87018,24,46.0,,
12.59311,50.86987,220,48.4,4.85,17
12.60731,50.86955,584,49.3,4.94,110
12.62151,50.86923,321,49.8,4.76,45
12.6357,50.8689,42,49.2,,
12.6499,50.86858,179,47.1,4.48,16
12.6641,50.86825,165,48.7,4.12,12
12.69249,50.8676,157,45.9,3.51,14
12.70669,50.86726,288,48.2,4.4,17
12.72089,50.86693,325,51.4,5.4,6
12.73508,50.8666,933,45.6,5.05,206
12.74928,50.86626,2533,51.9,5.3,1
12.76347,50.86592,1270,56.0,5.11,754
12.77767,50.86558,558,48.4,5.06,66
12.79186,50.86524,44,39.9,,
12.80606,50.86489,437,51.3,5.35,56
12.82025,50.86455,683,46.7,5.65,93
12.83445,50.8642,666,46.8,5.52,186
12.84864,50.86385,682,47.5,5.62,193
12.86284,50.8635,359,51.9,5.8,54
12.87703,50.86315,205,54.4,5.33,3
12.89123,50.86279,874,41.9,6.26,257
12.90542,50.86244,550,48.3,5.32,93
12.91961,50.86208,407,40.9,5.03,115
12.93381,50.86172,90,43.5,5.02,31
12.948,50.86136,2085,44.6,5.09,955
12.96219,50.861,663,43.8,4.89,385
13.00477,50.8599,399,47.4,4.61,62
13.01897,50.85953,655,45.7,5.89,169
13.03316,50.85916,50,51.5,5.49,8
13.04735,50.85878,90,49.4,5.46,8
13.06154,50.85841,412,43.4,5.19,126
13.07573,50.85803,2884,51.1,5.12,1
13.08992,50.85765,96,42.0,4.56,9
13.10411,50.85727,307,47.5,4.64,56
13.11831,50.85689,501,47.6,4.8,72
13.16088,50.85573,824,51.8,6.18,149
13.17507,50.85534,553,45.1,4.72,149
13.18926,50.85495,427,48.2,4.69,77
13.20345,50.85456,25,46.0,4.78,8
13.24601,50.85337,73,38.6,5.59,3
13.27439,50.85257,15,54.9,,
13.28858,50.85217,361,47.8,4.45,144
13.30277,50.85176,56,44.5,4.87,3
13.31695,50.85136,42,48.5,7.89,8
13.33114,50.85095,72,45.3,4.03,10
13.34533,50.85054,3,71.7,,
13.40207,50.84888,163,45.4,4.19,15
13.41626,50.84846,10,59.6,,
13.473,50.84677,31,46.8,,
13.48719,50.84634,97,46.4,3.9,6
13.51556,50.84548,105,47.7,3.4,3
13.52974,50.84505,152,45.4,,
13.62902,50.84198,201,42.4,5.67,25
13.64321,50.84153,139,51.4,3.68,8
13.65739,50.84108,154,48.4,4.96,21
13.67157,50.84063,629,49.0,4.71,212
13.68575,50.84018,68,53.8,4.16,20
13.72829,50.83881,3,17.2,,
13.74247,50.83835,90,52.9,,
13.75665,50.83789,4,42.4,,
13.79919,50.8365,129,44.2,,
13.81337,50.83604,68,46.4,3.73,4
13.84173,50.8351,89,45.8,,
13.87009,50.83415,49,53.6,,
13.88426,50.83367,23,42.5,5.88,6
13.91262,50.83271,44,43.2,4.25,4
13.96933,50.83078,175,51.5,4.36,24
13.9835,50.83029,32,41.3,,
12.48,50.88134,74,50.8,3.4,3
12.4942,50.88104,111,44.2,3.74,6
12.5084,50.88073,15,49.1,,
12.53681,50.88011,27,45.5,4.16,3
12.55101,50.8798,22,52.9,,
12.56521,50.87948,18,53.4,,
12.59361,50.87885,1121,49.2,5.24,359
12.60781,50.87853,659,46.8,4.63,148
12.62201,50.87821,75,53.4,5.44,4
12.63621,50.87789,15,56.8,,
12.65041,50.87756,57,55.4,,
12.66461,50.87724,10,47.2,,
12.67881,50.87691,22,36.8,,
12.69301,50.87658,66,50.4,,
12.70721,50.87625,208,48.4,4.48,36
12.72141,50.87591,35,51.2,,
12.73561,50.87558,231,55.3,5.63,34
12.74981,50.87524,512,48.2,4.46,64
12.76401,50.8749,9,51.5,,
12.7782,50.87456,41,60.7,,
12.7924,50.87422,108,48.6,5.46,8
12.8066,50.87388,421,45.1,5.32,73
12.8208,50.87353,74,55.2,4.74,11
12.835,50.87318,131,47.3,5.98,3
12.86339,50.87248,288,42.3,4.87,97
12.87759,50.87213,430,55.8,5.33,111
12.89179,50.87178,773,51.4,6.04,35
12.90598,50.87142,591,45.1,5.92,186
12.92018,50.87106,370,46.0,5.32,35
12.94857,50.87034,1447,44.4,5.99,388
12.96277,50.86998,1708,48.0,5.32,692
12.97696,50.86961,18,38.8,4.56,8
13.00535,50.86888,376,52.1,4.31,36
13.01955,50.86851,1032,51.2,4.9,188
13.03374,50.86814,539,46.4,5.2,76
13.04794,50.86776,206,50.5,5.14,13
13.06213,50.86739,508,57.8,4.93,30
13.07633,50.86701,244,49.1,4.36,11
13.09052,50.86663,144,53.2,4.74,4
13.14729,50.8651,3,41.2,,
13.16149,50.86471,741,45.4,4.96,174
13.17568,50.86432,1541,52.0,4.94,524
13.18987,50.86393,420,49.8,4.99,217
13.21826,50.86315,9,41.8,,
13.24664,50.86235,72,44.0,3.74,6
13.27502,50.86155,4,64.6,,
13.28921,50.86115,9,53.8,,
13.3034,50.86074,139,42.0,4.4,7
13.31759,50.86034,1136,49.4,5.22,405
13.33178,50.85993,1071,55.3,5.12,548
13.34597,50.85952,59,46.6,5.18,8
13.36016,50.85911,24,39.2,,
13.38854,50.85828,3,62.7,,
13.43111,50.85702,17,41.7,,
13.45948,50.85618,128,40.1,5.05,20
13.47367,50.85575,349,44.0,4.7,49
13.55879,50.85316,146,41.4,3.99,13
13.60135,50.85184,11,45.9,,
13.61554,50.8514,99,42.5,4.18,6
13.65809,50.85006,64,48.7,4.55,26
13.67228,50.84961,242,50.1,4.47,83
13.75738,50.84687,57,47.1,5.24,8
13.77156,50.84641,153,60.4,5.09,11
13.78574,50.84594,209,46.8,4.72,75
13.79993,50.84548,3,40.5,,
13.84247,50.84407,56,48.0,,
13.87083,50.84312,9,39.2,,
13.91337,50.84169,41,46.9,,
13.92755,50.84121,77,49.7,3.39,8
13.94173,50.84072,174,47.9,5.39,69
13.95591,50.84024,44,51.3,,
13.98427,50.83926,168,50.3,3.61,5
13.99845,50.83877,37,40.5,,
14.01263,50.83828,21,35.8,,
14.04098,50.83729,7,54.9,6.91,3
14.05516,50.8368,21,61.6,,
14.06934,50.8363,121,44.3,4.05,16
12.48048,50.89033,38,42.5,,
12.49468,50.89002,100,46.1,3.96,3
12.50889,50.88971,97,45.6,4.47,9
12.52309,50.8894,26,44.9,4.74,6
12.5373,50.88909,365,49.1,4.67,53
12.5515,50.88878,152,47.8,,
12.5657,50.88847,31,52.4,5.95,3
12.57991,50.88815,49,45.9,,
12.59411,50.88783,39,50.0,,
12.60832,50.88751,57,44.8,,
12.62252,50.88719,31,53.2,,
12.63672,50.88687,123,54.7,,
12.65092,50.88654,57,51.5,,
12.66513,50.88622,60,44.6,4.81,5
12.67933,50.88589,212,44.0,4.9,15
12.69353,50.88556,212,46.9,3.99,6
12.70773,50.88523,62,43.4,4.22,3
12.72194,50.88489,27,55.5,4.78,3
12.73614,50.88456,559,47.8,4.64,57
12.75034,50.88422,270,51.6,4.55,15
12.77874,50.88354,32,49.6,,
12.79294,50.8832,944,51.9,5.01,393
12.80714,50.88286,1364,45.4,5.36,474
12.82134,50.88251,700,59.1,6.35,143
12.83554,50.88216,358,45.5,5.14,39
12.84974,50.88181,409,48.4,5.37,65
12.86394,50.88146,1076,45.8,4.94,381
12.87814,50.88111,272,42.9,5.01,52
12.89234,50.88076,194,40.5,5.31,18
12.90654,50.8804,73,43.6,,
12.92074,50.88004,454,47.6,6.11,19
12.93494,50.87968,615,49.8,6.27,34
12.94914,50.87932,752,48.7,5.12,27
12.96334,50.87896,52,50.3,,
12.97754,50.87859,466,49.6,4.97,88
12.99173,50.87823,70,47.9,,
13.00593,50.87786,138,50.5,4.39,27
13.02013,50.87749,308,50.6,4.93,32
13.03433,50.87712,21,60.7,3.27,3
13.04852,50.87674,49,64.5,3.98,3
13.10531,50.87523,5,23.0,,
13.1337,50.87447,49,46.9,,
13.1479,50.87408,108,46.8,,
13.1621,50.87369,118,46.2,3.24,7
13.17629,50.8733,8,51.6,,
13.19049,50.87291,4,43.6,,
13.20468,50.87252,16,57.1,5.7,5
13.21888,50.87213,35,50.8,,
13.23307,50.87173,99,42.8,,
13.26146,50.87093,11,44.6,,
13.27565,50.87053,199,45.9,3.91,15
13.28985,50.87013,185,46.0,4.98,33
13.30404,50.86972,455,47.9,5.52,45
13.31823,50.86932,1772,46.7,5.29,499
13.33243,50.86891,483,46.8,4.82,154
13.34662,50.8685,12,51.8,,
13.36081,50.86809,385,40.8,4.99,39
13.375,50.86767,263,41.6,4.87,72
13.38919,50.86726,144,46.0,4.57,22
13.40339,50.86684,278,43.1,5.09,73
13.41758,50.86642,149,45.5,3.37,9
13.43177,50.866,8,50.4,,
13.46015,50.86515,199,46.8,,
13.47434,50.86473,4,20.8,,
13.5311,50.86301,166,47.1,5.25,9
13.55948,50.86214,56,52.0,5.13,3
13.61623,50.86037,105,44.8,4.62,7
13.64461,50.85948,20,39.1,,
13.6588,50.85903,434,48.9,4.58,59
13.67298,50.85858,77,45.6,4.75,9
13.70136,50.85768,266,42.7,5.35,12
13.7581,50.85585,57,47.7,5.36,30
13.77229,50.85538,816,47.8,4.85,366
13.78647,50.85492,325,38.6,5.09,138
13.80066,50.85445,24,44.0,8.16,3
13.81484,50.85399,3,34.8,,
13.82903,50.85352,7,34.2,,
13.84321,50.85305,82,47.8,,
13.85739,50.85257,67,52.9,3.97,25
13.88576,50.85162,4,37.0,4.83,3
13.89994,50.85114,24,43.2,,
13.92831,50.85018,10,53.8,,
13.94249,50.8497,700,53.6,6.92,163
13.95667,50.84921,61,42.5,5.37,8
13.98504,50.84824,5,32.6,,
13.99922,50.84775,71,47.7,,
14.04176,50.84627,32,44.8,,
14.05594,50.84577,170,44.5,4.5,17
14.07012,50.84527,112,45.8,4.82,6
12.52358,50.89839,39,44.4,2.86,3
12.53779,50.89808,36,31.2,4.62,8
12.55199,50.89776,227,45.2,5.05,16
12.5662,50.89745,26,34.8,,
12.58041,50.89713,149,47.3,5.28,7
12.60882,50.8965,136,46.6,5.05,7
12.62302,50.89617,91,46.1,3.72,3
12.63723,50.89585,33,38.1,,
12.66564,50.8952,323,49.9,4.89,74
12.67985,50.89487,260,45.9,4.49,7
12.72246,50.89388,349,42.2,4.08,39
12.73667,50.89354,79,45.0,3.58,4
12.75087,50.8932,234,50.6,5.09,28
12.76507,50.89287,353,43.9,5.53,26
12.79348,50.89218,617,46.5,4.6,137
12.80768,50.89184,105,51.7,4.02,12
12.82189,50.89149,634,46.3,5.08,57
12.83609,50.89115,138,45.1,,
12.8645,50.89045,329,52.0,4.54,70
12.8787,50.89009,692,47.2,4.93,76
12.8929,50.88974,242,48.0,4.83,42
12.92131,50.88902,51,55.4,6.33,3
12.93551,50.88866,791,49.8,5.75,34
12.94971,50.8883,257,66.2,6.9,20
12.97811,50.88757,133,45.4,4.8,14
12.99231,50.88721,240,46.8,4.76,18
13.00651,50.88684,554,50.2,5.14,159
13.02071,50.88647,151,49.8,6.4,6
13.03491,50.8861,151,51.3,3.47,10
13.04911,50.88572,38,55.3,,
13.07751,50.88497,46,44.5,4.25,6
13.09171,50.88459,75,47.3,,
13.10591,50.88421,55,46.9,4.64,4
13.12011,50.88383,26,49.6,4.6,5
13.13431,50.88345,137,41.2,4.91,12
13.14851,50.88306,123,49.2,5.27,5
13.1911,50.88189,120,45.1,5.21,3
13.2053,50.8815,69,51.4,4.92,4
13.23369,50.88071,58,40.6,,
13.24789,50.88031,5,49.9,,
13.27628,50.87951,12,49.3,,
13.29048,50.87911,11,49.3,,
13.31887,50.87829,461,51.8,4.33,266
13.33307,50.87789,844,52.9,4.26,508
13.34726,50.87748,168,50.7,5.23,11
13.36146,50.87706,73,40.0,6.38,11
13.38985,50.87623,75,49.9,4.64,23
13.40404,50.87582,871,51.5,4.94,243
13.44663,50.87456,115,40.2,4.34,9
13.46082,50.87413,203,43.2,5.21,30
13.48921,50.87328,4,45.0,,
13.51759,50.87242,211,49.0,4.88,37
13.53178,50.87198,272,49.2,4.8,31
13.61693,50.86935,149,43.8,4.57,4
13.63112,50.86891,31,48.8,5.35,5
13.6595,50.86801,83,43.5,5.91,23
13.67369,50.86756,97,46.2,4.91,8
13.70207,50.86665,126,44.8,4.73,13
13.73045,50.86574,126,42.5,4.53,13
13.74464,50.86528,135,42.2,4.16,8
13.77302,50.86436,4,31.2,,
13.7872,50.86389,10,38.6,,
13.81558,50.86296,33,50.4,,
13.84395,50.86202,28,51.2,,
13.85814,50.86155,353,47.8,4.2,30
13.87232,50.86107,13,50.6,,
13.88651,50.8606,109,46.1,5.79,3
13.9007,50.86012,58,50.8,3.33,5
13.92907,50.85916,4,42.3,,
13.94325,50.85867,435,49.7,5.35,201
13.99999,50.85672,6,41.3,,
14.02836,50.85574,56,47.4,,
14.04254,50.85524,180,51.2,4.03,15
14.05672,50.85474,114,48.1,4.62,10
14.72298,50.82941,46,47.9,4.88,12
14.75131,50.82825,9,41.3,,
14.76548,50.82766,298,52.5,4.49,13
12.60932,50.90548,19,44.3,,
12.62353,50.90516,11,30.0,,
12.65195,50.90451,37,44.7,,
12.66616,50.90418,125,42.1,4.44,8
12.68036,50.90385,64,46.3,6.16,3
12.69457,50.90352,9,33.5,5.34,3
12.72299,50.90286,106,45.8,5.64,9
12.7514,50.90219,394,46.2,4.73,39
12.76561,50.90185,829,47.2,4.84,143
12.77981,50.90151,3,35.1,,
12.79402,50.90116,26,44.0,,
12.80823,50.90082,472,49.0,4.55,67
12.82243,50.90047,8,37.3,,
12.83664,50.90013,16,54.1,,
12.85084,50.89978,42,48.9,,
12.86505,50.89943,81,57.7,4.19,4
12.87925,50.89907,3,60.9,,
12.89346,50.89872,85,55.5,5.76,3
12.90766,50.89836,333,51.2,4.53,28
12.92187,50.89801,376,45.0,4.35,32
12.93607,50.89765,26,35.5,4.62,3
12.95028,50.89728,241,49.2,6.73,12
12.97869,50.89656,24,52.2,,
13.00709,50.89582,62,46.8,3.9,10
13.0213,50.89545,29,36.4,5.28,6
13.0355,50.89508,5,50.0,,
13.0497,50.8947,92,46.3,5.38,9
13.0639,50.89433,142,43.3,5.11,13
13.07811,50.89395,102,41.7,4.93,14
13.09231,50.89357,3,62.7,,
13.13491,50.89243,52,49.2,,
13.19172,50.89087,134,44.9,4.57,31
13.20592,50.89048,4,38.6,,
13.24852,50.88929,24,53.3,,
13.26272,50.88889,56,47.9,3.81,3
13.27692,50.88849,72,40.6,4.8,5
13.31951,50.88727,13,56.6,,
13.33371,50.88686,59,46.0,,
13.34791,50.88645,516,46.3,5.25,68
13.36211,50.88604,183,45.4,4.92,20
13.37631,50.88563,156,45.7,6.22,30
13.3905,50.88521,17,50.8,,
13.43309,50.88396,6,56.8,3.63,4
13.44729,50.88353,152,47.3,4.86,14
13.46149,50.88311,3,82.5,,
13.47568,50.88268,48,43.1,3.95,4
13.48988,50.88225,58,45.1,,
13.51827,50.88139,243,49.6,4.76,38
13.53246,50.88096,25,57.0,,
13.63182,50.87788,232,44.0,4.21,25
13.64602,50.87743,16,48.0,,
13.6744,50.87654,388,46.2,4.76,44
13.71698,50.87517,152,49.2,5.46,7
13.73117,50.87472,16,43.4,,
13.77374,50.87333,130,44.1,3.63,7
13.78793,50.87287,165,45.6,4.82,26
13.81631,50.87194,392,58.4,3.95,191
13.8305,50.87147,15,54.2,,
13.84469,50.871,33,46.5,,
13.85888,50.87052,69,52.0,,
13.87307,50.87005,4,57.2,,
13.91564,50.86861,40,45.7,,
13.92982,50.86813,8,55.8,,
13.94401,50.86765,104,50.8,4.21,8
13.9582,50.86716,132,43.0,4.44,8
14.00076,50.8657,182,49.0,4.47,18
14.02913,50.86471,13,35.8,,
14.04332,50.86421,46,44.2,4.17,7
14.72389,50.83838,44,50.2,,
14.73806,50.8378,510,52.6,4.65,83
14.75223,50.83722,35,49.0,4.48,8
14.7664,50.83663,49,54.0,,
12.65246,50.91349,14,47.1,,
12.66667,50.91317,123,47.5,3.05,4
12.68088,50.91284,14,53.0,3.21,3
12.69509,50.91251,62,51.0,,
12.7093,50.91217,162,48.8,4.75,14
12.72351,50.91184,343,48.6,4.16,11
12.73772,50.91151,28,39.6,,
12.76614,50.91083,289,43.0,4.5,23
12.79456,50.91015,553,49.9,5.04,175
12.80877,50.9098,1870,50.0,4.99,799
12.82298,50.90946,63,57.6,,
12.83719,50.90911,532,49.4,4.78,62
12.8656,50.90841,363,42.7,4.68,51
12.87981,50.90806,273,45.2,4.86,39
12.89402,50.9077,15,49.2,,
12.90823,50.90734,152,45.0,5.52,7
12.92243,50.90699,62,47.9,5.13,5
12.93664,50.90663,250,45.5,4.7,4
12.95085,50.90626,802,49.9,6.02,106
12.96505,50.9059,332,48.4,4.65,79
12.97926,50.90554,373,48.0,4.9,21
12.99347,50.90517,326,46.8,4.68,40
13.00767,50.9048,118,54.0,4.26,9
13.02188,50.90443,407,44.6,4.66,114
13.03609,50.90406,1793,48.6,4.76,592
13.05029,50.90368,2326,49.5,4.79,1
13.0645,50.90331,251,43.4,5.53,58
13.0787,50.90293,55,43.6,5.47,11
13.09291,50.90255,81,51.0,,
13.10711,50.90217,38,47.9,,
13.12131,50.90179,136,47.2,,
13.13552,50.90141,80,51.5,,
13.14972,50.90102,3,52.4,,
13.16393,50.90063,8,29.2,,
13.17813,50.90024,106,48.7,,
13.19233,50.89985,50,46.0,,
13.20654,50.89946,246,41.1,5.01,33
13.22074,50.89906,121,45.4,4.46,15
13.23494,50.89867,19,50.3,,
13.24915,50.89827,511,45.4,4.57,71
13.26335,50.89787,99,52.0,4.67,14
13.32015,50.89625,33,48.6,,
13.33436,50.89584,943,52.2,5.74,604
13.34856,50.89543,659,53.0,5.69,319
13.36276,50.89502,170,41.0,5.24,21
13.37696,50.89461,10,40.2,,
13.40536,50.89377,11,31.2,4.58,3
13.41956,50.89335,8,54.1,,
13.43376,50.89293,457,50.7,4.68,45
13.44796,50.89251,83,42.1,4.43,16
13.47635,50.89166,62,44.3,3.25,4
13.50475,50.8908,42,44.8,,
13.51895,50.89037,87,47.0,3.3,3
13.57574,50.88863,50,41.0,,
13.58994,50.88819,189,45.3,3.69,15
13.63252,50.88686,293,41.8,5.08,38
13.64672,50.88641,368,50.0,4.94,13
13.66092,50.88596,359,45.1,5.32,41
13.67511,50.88551,466,52.4,5.12,160
13.68931,50.88506,80,48.5,4.36,6
13.7035,50.88461,107,44.0,,
13.73189,50.88369,5,58.6,,
13.74608,50.88323,5,38.5,,
13.77447,50.88231,69,51.1,,
13.78866,50.88185,40,47.1,4.09,4
13.81705,50.88091,320,51.9,4.51,115
13.83124,50.88044,7,71.9,,
13.85963,50.8795,9,37.9,,
13.87382,50.87902,19,36.2,,
13.88801,50.87855,91,41.3,4.7,4
13.9022,50.87807,165,47.4,4.95,47
13.91639,50.87759,238,49.7,4.01,24
13.93058,50.87711,30,46.4,,
13.94477,50.87662,648,49.1,5.54,169
13.95896,50.87614,626,52.3,5.34,178
13.97315,50.87565,86,46.8,5.69,13
13.98734,50.87516,3,35.6,,
14.00153,50.87467,17,49.5,,
14.02991,50.87368,5,64.2,,
14.0441,50.87319,410,55.2,4.09,26
14.05829,50.87269,140,44.8,5.44,11
14.1576,50.86916,55,51.7,3.91,12
14.65393,50.85023,45,49.4,,
14.68228,50.84908,23,49.9,,
14.69645,50.8485,314,52.4,4.34,23
14.71062,50.84793,48,50.0,2.8,4
14.73897,50.84677,44,50.7,5.73,7
14.75315,50.84618,112,53.0,4.96,3
14.79566,50.84442,3,65.7,,
12.6814,50.92182,203,48.6,4.23,13
12.69561,50.92149,23,39.7,,
12.70983,50.92116,289,53.0,4.99,85
12.72404,50.92082,175,60.0,4.47,7
12.73825,50.92049,157,45.2,4.22,14
12.75246,50.92015,235,50.0,3.79,5
12.7951,50.91913,329,49.5,4.51,21
12.80931,50.91878,3467,48.6,4.87,1
12.82352,50.91844,594,46.4,5.17,127
12.83773,50.91809,664,49.6,4.67,147
12.85195,50.91774,322,43.3,4.34,102
12.88037,50.91704,26,33.6,4.03,3
12.89458,50.91668,108,49.8,4.26,9
12.90879,50.91633,194,46.0,5.97,14
12.923,50.91597,168,46.5,4.18,3
12.96563,50.91488,407,51.3,5.04,19
12.97984,50.91452,52,52.8,,
12.99405,50.91415,3,36.8,,
13.00825,50.91378,254,50.6,3.75,9
13.02246,50.91341,255,48.2,4.47,81
13.03667,50.91304,3085,46.0,4.92,1
13.05088,50.91267,1467,54.5,4.96,777
13.06509,50.91229,404,54.0,4.63,125
13.0793,50.91191,4,55.2,,
13.0935,50.91153,9,34.3,,
13.10771,50.91115,11,36.0,,
13.12192,50.91077,151,47.8,4.71,25
13.15033,50.91,7,47.7,,
13.16454,50.90961,3,71.6,,
13.20716,50.90844,42,40.8,,
13.23557,50.90765,36,45.7,3.94,4
13.24977,50.90725,135,42.0,4.28,49
13.27818,50.90645,132,43.9,5.78,15
13.29239,50.90604,273,43.6,3.95,26
13.30659,50.90564,80,49.6,7.22,11
13.3208,50.90523,4834,51.8,5.37,3
13.335,50.90482,5708,53.2,5.5,3
13.3492,50.90441,1953,46.5,5.47,544
13.36341,50.904,187,55.0,5.25,69
13.39181,50.90317,43,56.7,,
13.40601,50.90275,7,38.9,,
13.42022,50.90233,5,39.4,,
13.43442,50.90191,740,45.7,5.04,127
13.44862,50.90149,22,36.7,,
13.46282,50.90106,4,47.9,,
13.50543,50.89978,245,49.7,4.91,24
13.51963,50.89935,28,52.5,3.98,6
13.64742,50.89539,23,54.4,,
13.66162,50.89494,1206,44.7,5.4,337
13.67582,50.89449,489,49.8,5.39,120
13.69002,50.89404,41,39.4,,
13.70422,50.89358,185,47.7,4.48,20
13.74681,50.89221,338,45.8,4.01,22
13.761,50.89175,322,45.8,5.05,16
13.7752,50.89129,31,42.4,,
13.80359,50.89035,226,48.6,4.6,25
13.81779,50.88989,95,47.7,4.38,15
13.83198,50.88942,28,38.7,4.73,7
13.86037,50.88847,6,29.0,4.56,4
13.90295,50.88704,4,52.9,,
13.95973,50.88511,48,44.9,6.04,6
13.97392,50.88462,27,35.7,,
13.98811,50.88413,14,41.5,4.75,3
14.0023,50.88364,140,45.7,4.79,34
14.0165,50.88315,138,48.2,5.0,11
14.03069,50.88266,51,48.7,,
14.04488,50.88216,110,49.9,5.11,5
14.05907,50.88166,39,47.1,5.68,3
14.11583,50.87966,104,48.7,4.63,8
14.1584,50.87813,94,59.0,5.48,9
14.21515,50.87608,14,57.2,,
14.22934,50.87556,8,58.3,,
14.64064,50.85976,95,70.6,,
14.65482,50.85919,202,52.8,4.44,4
14.68318,50.85805,32,64.2,5.98,3
14.69736,50.85747,472,51.6,4.42,54
14.71153,50.85689,287,55.1,4.32,29
14.72571,50.85631,43,48.0,3.16,4
14.75406,50.85515,82,51.7,4.23,3
14.79659,50.85339,69,54.5,,
14.81076,50.8528,214,55.1,5.15,4
12.6677,50.93113,110,46.5,3.18,3
12.68192,50.9308,40,40.7,6.09,12
12.69613,50.93047,437,40.4,4.55,134
12.71035,50.93014,2755,55.2,4.91,1
12.72457,50.9298,14,62.9,,
12.73878,50.92947,40,57.0,4.7,25
12.753,50.92913,36,78.5,,
12.76721,50.92879,18,52.5,,
12.79564,50.92811,86,47.4,5.01,5
12.80985,50.92777,661,49.6,4.72,122
12.82407,50.92742,1004,53.8,4.74,276
12.8525,50.92672,397,46.2,4.4,122
12.86671,50.92637,357,45.5,4.06,54
12.88092,50.92602,21,36.0,8.37,3
12.92356,50.92495,98,40.8,,
12.93778,50.92459,153,47.4,4.69,3
12.95199,50.92423,76,46.3,4.43,4
12.9662,50.92386,3,67.8,,
12.98041,50.9235,12,44.1,,
12.99462,50.92313,9,57.8,,
13.00884,50.92276,4,59.8,,
13.02305,50.92239,265,43.4,4.98,17
13.03726,50.92202,40,49.3,3.61,8
13.05147,50.92165,82,47.8,4.48,16
13.06568,50.92127,170,48.0,4.9,79
13.07989,50.92089,60,48.2,5.15,6
13.12252,50.91975,89,47.3,4.6,3
13.16515,50.91859,27,44.9,,
13.17936,50.9182,19,36.5,,
13.19357,50.91781,7,40.3,,
13.20778,50.91742,62,51.8,,
13.22198,50.91702,50,50.5,,
13.23619,50.91663,189,42.8,4.34,13
13.2504,50.91623,180,45.2,6.52,9
13.26461,50.91583,7,55.3,,
13.27882,50.91542,8,63.3,,
13.29302,50.91502,12,42.5,,
13.30723,50.91462,34,34.4,5.5,3
13.32144,50.91421,2853,50.7,5.95,1
13.33564,50.9138,3616,40.6,5.75,1
13.34985,50.91339,6828,40.2,5.6,3
13.36406,50.91298,322,46.6,5.61,97
13.37826,50.91256,3,75.7,,
13.39247,50.91215,1072,47.2,5.08,201
13.40667,50.91173,255,42.8,4.49,44
13.43508,50.91089,239,45.5,4.76,29
13.4777,50.90962,66,48.5,,
13.4919,50.90919,430,50.0,4.43,64
13.5061,50.90876,124,44.9,4.81,11
13.53451,50.90789,18,51.2,6.4,4
13.59132,50.90614,178,45.7,5.74,7
13.60552,50.9057,397,46.0,4.81,39
13.64813,50.90436,28,51.9,,
13.66233,50.90392,816,56.0,5.38,420
13.67653,50.90346,1408,55.4,5.73,700
13.69073,50.90301,6,56.6,,
13.70493,50.90256,142,46.2,4.53,16
13.74753,50.90118,9,40.2,,
13.76173,50.90072,4,36.7,,
13.77593,50.90026,17,24.7,,
13.79013,50.8998,12,44.5,,
13.80433,50.89933,3,58.2,,
13.83272,50.89839,108,46.5,3.82,7
13.84692,50.89792,20,34.9,,
13.86112,50.89745,20,46.8,4.6,3
13.87531,50.89697,229,43.8,5.19,41
13.88951,50.8965,33,41.1,4.15,19
13.90371,50.89602,430,48.9,5.5,31
13.9179,50.89554,317,43.8,4.87,38
13.9321,50.89505,89,46.4,5.04,27
13.9463,50.89457,30,61.6,,
13.98888,50.89311,63,46.6,4.08,3
14.00308,50.89262,254,44.7,5.04,21
14.10243,50.88913,48,48.5,,
14.11662,50.88863,236,49.0,4.41,48
14.1592,50.88711,18,31.0,4.45,9
14.18758,50.88608,16,51.7,,
14.20177,50.88556,360,49.9,4.36,33
14.21596,50.88505,292,49.4,5.35,41
14.23015,50.88453,14,48.3,2.61,3
14.64154,50.86873,56,50.1,,
14.65572,50.86816,479,52.6,4.01,74
14.6699,50.86759,31,47.0,,
14.71244,50.86586,31,54.1,4.32,9
14.72662,50.86528,218,52.2,4.41,15
14.7408,50.8647,18,41.7,5.05,5
14.75498,50.86412,867,53.8,4.98,156
14.76916,50.86353,566,55.7,4.84,152
14.78333,50.86295,107,50.7,4.41,4
14.79751,50.86236,564,55.4,5.04,46
14.81169,50.86177,141,43.5,3.5,14
12.62556,50.94109,15,49.7,,
12.63978,50.94076,97,48.3,,
12.654,50.94044,52,49.9,,
12.66822,50.94011,68,48.0,,
12.68244,50.93978,53,50.5,4.86,3
12.69666,50.93945,431,46.4,4.65,105
12.71087,50.93912,449,47.8,4.55,47
12.72509,50.93879,40,51.0,3.34,4
12.73931,50.93845,8,29.6,2.48,3
12.76775,50.93777,41,42.3,,
12.78196,50.93743,56,58.5,,
12.79618,50.93709,217,46.6,4.12,10
12.8104,50.93675,15,26.5,,
12.82461,50.9364,224,52.2,4.54,8
12.83883,50.93605,14,46.5,5.17,3
12.85305,50.9357,44,52.2,3.26,6
12.86726,50.93535,103,50.2,4.56,5
12.88148,50.935,824,48.3,4.28,92
12.8957,50.93464,39,48.6,,
12.93834,50.93357,16,36.0,5.15,5
12.95256,50.93321,500,45.0,4.5,56
12.96677,50.93284,525,46.9,5.06,123
12.98099,50.93248,147,49.7,4.44,14
13.00942,50.93174,42,50.7,,
13.02363,50.93137,9,69.4,,
13.03785,50.931,99,45.8,5.11,7
13.05206,50.93063,3,62.1,,
13.06627,50.93025,726,43.4,4.9,327
13.08049,50.92987,148,47.4,2.72,3
13.12312,50.92873,18,46.8,,
13.13734,50.92834,47,45.0,,
13.16576,50.92757,202,44.9,4.28,9
13.17997,50.92718,12,48.5,,
13.19418,50.92679,36,46.6,,
13.2084,50.9264,20,51.4,,
13.22261,50.926,4,59.0,4.13,3
13.23682,50.9256,28,54.9,,
13.25103,50.92521,28,45.2,4.79,4
13.26524,50.92481,4,40.7,,
13.27945,50.9244,11,64.6,,
13.29366,50.924,292,46.7,4.65,23
13.30787,50.92359,37,44.6,6.34,3
13.32208,50.92319,2923,46.0,5.66,1
13.33629,50.92278,3055,41.9,5.82,958
13.3505,50.92237,2426,44.7,5.86,1
13.36471,50.92196,51,38.4,5.78,11
13.37891,50.92154,239,45.5,5.31,17
13.39312,50.92113,22,48.4,7.27,7
13.42154,50.92029,27,54.6,,
13.43575,50.91987,137,43.0,4.5,24
13.46416,50.91902,65,44.1,4.33,7
13.47837,50.91859,171,43.4,4.31,14
13.49257,50.91816,4,60.4,,
13.50678,50.91773,4,75.2,,
13.52099,50.9173,78,57.5,4.96,4
13.53519,50.91687,262,45.8,4.8,33
13.5494,50.91643,22,43.0,,
13.5636,50.916,181,43.8,4.82,13
13.57781,50.91556,4,29.6,,
13.59202,50.91512,238,46.8,5.57,34
13.60622,50.91468,3,70.4,,
13.62042,50.91423,48,43.2,4.56,6
13.63463,50.91379,123,42.6,4.46,10
13.64883,50.91334,493,45.3,6.02,53
13.66304,50.91289,145,44.8,5.31,15
13.67724,50.91244,29,42.6,4.67,8
13.69144,50.91199,204,38.3,4.9,32
13.70565,50.91153,130,41.6,5.36,36
13.73405,50.91062,165,42.8,5.04,11
13.74825,50.91016,268,47.0,6.38,18
13.79086,50.90877,367,43.4,4.95,43
13.81926,50.90784,20,36.5,,
13.84766,50.9069,111,44.6,4.48,15
13.87606,50.90595,131,45.2,5.18,7
13.90446,50.90499,7,34.8,,
13.94706,50.90354,80,46.5,5.09,10
13.96126,50.90306,355,41.2,5.4,61
13.97545,50.90257,320,38.8,4.62,25
13.98965,50.90208,3,71.3,,
14.00385,50.90159,3,46.8,,
14.01805,50.9011,19,48.1,,
14.03224,50.9006,49,38.7,4.18,3
14.04644,50.90011,11,45.5,,
14.11742,50.8976,70,59.2,,
14.13161,50.8971,330,47.3,4.96,29
14.14581,50.89659,5,50.0,,
14.1742,50.89557,34,52.6,,
14.18839,50.89505,347,49.3,4.94,46
14.20258,50.89454,62,40.2,5.03,7
14.21678,50.89402,5,57.6,8.26,3
14.23097,50.8935,73,59.5,4.06,11
14.64243,50.8777,43,52.7,,
14.65662,50.87713,200,52.6,4.61,20
14.69917,50.87541,14,58.8,,
14.71335,50.87483,261,46.1,4.83,12
14.74171,50.87367,5,56.4,,
14.7559,50.87309,989,53.4,4.33,439
14.77008,50.8725,1320,51.2,4.74,522
14.81262,50.87074,45,40.2,3.1,4
12.64029,50.94975,33,49.5,,
12.65451,50.94942,156,47.8,3.94,13
12.66873,50.94909,91,45.8,,
12.69718,50.94844,115,48.1,4.27,12
12.7114,50.9481,12,46.9,,
12.72562,50.94777,67,41.7,5.0,3
12.73984,50.94743,117,43.6,4.75,10
12.75406,50.9471,141,52.6,4.88,10
12.76828,50.94676,207,58.3,4.19,22
12.81094,50.94573,7,43.7,,
12.82516,50.94538,20,54.2,,
12.83938,50.94503,6,44.7,,
12.8536,50.94468,320,47.8,4.53,16
12.86782,50.94433,77,48.2,4.99,3
12.88204,50.94398,9,34.4,4.86,3
12.89626,50.94363,391,48.8,3.9,23
12.91048,50.94327,217,46.0,3.85,5
12.92469,50.94291,178,50.1,,
12.96735,50.94182,3,46.2,,
12.98156,50.94146,60,49.0,,
12.99578,50.94109,230,45.9,4.99,15
13.01,50.94072,13,50.4,,
13.02422,50.94035,12,42.5,,
13.03843,50.93998,268,46.3,4.65,27
13.05265,50.93961,26,50.8,,
13.06687,50.93923,81,44.1,,
13.08108,50.93885,15,30.5,,
13.0953,50.93847,74,42.6,,
13.10951,50.93809,41,47.9,4.53,5
13.13794,50.93732,44,42.2,5.5,3
13.15216,50.93694,35,41.2,,
13.18059,50.93616,135,45.0,5.6,8
13.20902,50.93538,244,46.5,4.97,13
13.22323,50.93498,177,45.5,4.65,35
13.25166,50.93418,4,42.0,,
13.26587,50.93378,19,39.0,,
13.28008,50.93338,33,50.9,5.09,5
13.2943,50.93298,19,61.6,,
13.30851,50.93257,206,43.4,6.53,32
13.32272,50.93217,155,47.2,5.19,12
13.33693,50.93176,853,43.5,5.78,118
13.35114,50.93135,85,40.1,6.2,11
13.36536,50.93093,3,42.5,,
13.37957,50.93052,43,49.2,7.28,3
13.39378,50.9301,24,41.4,,
13.40799,50.92969,19,58.5,3.81,4
13.4222,50.92927,10,41.4,,
13.43641,50.92884,131,36.9,4.55,29
13.45062,50.92842,11,49.6,,
13.49325,50.92714,211,30.3,,
13.50746,50.92671,618,49.7,5.48,221
13.52167,50.92628,21,44.1,,
13.56429,50.92498,9,28.1,,
13.5785,50.92454,249,44.4,6.03,58
13.59271,50.9241,555,44.7,5.3,116
13.63533,50.92276,268,53.1,5.45,27
13.64954,50.92232,55,41.6,5.76,14
13.66374,50.92187,466,47.3,6.75,32
13.70636,50.92051,68,43.5,,
13.72057,50.92005,23,45.1,,
13.73477,50.9196,108,44.0,4.88,6
13.79159,50.91775,8,35.8,,
13.8058,50.91728,56,48.6,,
13.82,50.91681,347,48.4,5.12,81
13.8342,50.91634,6,34.3,,
13.84841,50.91587,16,57.5,,
13.86261,50.9154,151,44.8,5.85,20
13.87681,50.91492,23,34.5,4.64,4
13.89101,50.91444,10,47.2,,
13.91942,50.91349,9,41.2,,
13.93362,50.913,75,50.8,7.31,3
13.94782,50.91252,54,48.0,5.21,4
13.96202,50.91203,7,42.1,,
13.97622,50.91155,151,48.2,4.61,9
13.99042,50.91106,41,44.2,4.9,6
14.00462,50.91057,19,52.6,,
14.01882,50.91007,76,49.8,4.03,4
14.03302,50.90958,73,49.8,4.36,9
14.04722,50.90908,29,61.8,3.11,14
14.06142,50.90858,35,53.4,4.19,12
14.07562,50.90808,263,47.5,4.81,30
14.08982,50.90758,104,50.6,4.78,6
14.10402,50.90708,189,53.3,5.42,37
14.11821,50.90658,68,58.8,4.4,9
14.13241,50.90607,20,63.1,2.83,4
14.14661,50.90556,226,48.4,4.12,12
14.16081,50.90505,230,51.3,5.2,59
14.175,50.90454,4,65.3,,
14.1892,50.90402,9,34.2,,
14.2034,50.90351,13,46.2,5.26,7
14.64333,50.88667,204,55.0,4.29,3
14.65752,50.8861,712,55.4,4.25,217
14.6717,50.88553,522,52.2,3.8,263
14.71426,50.8838,31,36.2,,
14.72844,50.88322,404,49.9,3.68,22
14.74263,50.88264,64,56.7,,
14.771,50.88147,168,50.2,4.69,29
14.78518,50.88088,355,42.1,4.72,90
14.79936,50.88029,562,43.2,4.55,83
14.81355,50.8797,1090,48.3,4.58,486
12.62658,50.95905,84,52.3,5.0,3
12.6408,50.95873,149,44.8,4.59,12
12.65503,50.9584,22,50.1,,
12.72615,50.95675,12,49.2,,
12.74037,50.95642,37,58.0,,
12.75459,50.95608,358,49.0,4.03,55
12.76882,50.95574,157,51.5,4.11,20
12.78304,50.9554,151,48.6,4.44,11
12.81148,50.95471,281,46.1,4.14,11
12.82571,50.95436,139,50.3,4.25,6
12.85415,50.95367,6,59.8,,
12.86837,50.95331,19,41.4,,
12.91104,50.95225,7,34.8,4.91,3
12.92526,50.95189,44,52.0,,
12.96792,50.9508,42,49.7,,
12.98214,50.95044,11,38.8,,
12.99636,50.95007,127,51.1,5.29,21
13.0248,50.94933,20,50.8,,
13.03902,50.94896,137,55.0,4.44,3
13.05324,50.94859,213,48.1,3.7,3
13.06746,50.94821,21,48.9,3.64,4
13.08168,50.94783,22,44.6,,
13.11011,50.94707,150,49.9,4.01,10
13.12433,50.94669,4,44.2,,
13.1812,50.94514,132,46.6,4.96,8
13.19542,50.94475,20,58.4,,
13.20964,50.94435,50,40.6,,
13.22385,50.94396,190,50.9,5.11,10
13.23807,50.94356,26,37.2,2.74,3
13.25229,50.94316,249,43.7,4.94,32
13.2665,50.94276,17,60.5,,
13.29493,50.94196,5,76.2,,
13.30915,50.94155,106,52.9,5.05,9
13.32336,50.94114,67,46.8,5.71,7
13.33758,50.94074,23,43.8,5.06,14
13.35179,50.94032,139,50.5,4.36,7
13.36601,50.93991,429,46.7,5.04,36
13.38022,50.9395,14,36.0,,
13.40865,50.93866,91,49.9,,
13.42286,50.93824,579,47.2,5.0,98
13.43707,50.93782,257,45.8,5.49,17
13.55077,50.93439,270,46.9,4.95,50
13.56498,50.93395,574,45.5,4.75,87
13.57919,50.93351,179,46.4,4.94,27
13.5934,50.93307,109,43.2,4.4,7
13.60761,50.93263,76,53.5,4.84,3
13.63603,50.93174,456,42.5,5.72,37
13.65024,50.93129,132,45.0,4.9,29
13.69287,50.92994,21,48.6,,
13.72129,50.92903,6,77.0,,
13.73549,50.92857,13,52.9,,
13.76391,50.92765,3,57.3,,
13.77812,50.92719,177,51.1,5.29,17
13.79232,50.92672,45,52.5,4.7,4
13.80653,50.92626,409,46.7,4.91,25
13.83494,50.92532,29,35.5,4.41,6
13.84915,50.92485,114,47.4,5.34,41
13.86335,50.92437,313,46.7,4.47,40
13.87756,50.9239,124,47.0,4.57,13
13.90597,50.92294,67,43.6,3.96,3
13.92017,50.92246,322,46.4,5.56,55
13.93438,50.92198,492,48.9,5.87,70
13.94858,50.92149,7,61.4,,
13.96279,50.92101,461,46.4,5.68,93
13.97699,50.92052,390,43.6,5.21,104
13.99119,50.92003,4,63.0,,
14.0054,50.91954,11,43.8,,
14.0196,50.91905,408,44.2,5.38,57
14.0338,50.91855,3,51.5,,
14.048,50.91806,35,44.5,4.79,11
14.0622,50.91756,222,47.8,4.43,82
14.07641,50.91706,692,47.9,4.93,254
14.09061,50.91656,252,52.4,4.31,10
14.10481,50.91605,289,52.0,4.95,47
14.11901,50.91555,56,41.2,,
14.13321,50.91504,12,57.3,4.69,6
14.14741,50.91453,396,48.8,5.21,178
14.16161,50.91402,397,53.2,5.31,136
14.17581,50.91351,306,53.2,4.72,30
14.19001,50.913,39,44.8,4.27,5
14.64423,50.89564,34,45.9,3.98,17
14.65842,50.89507,724,48.4,4.14,140
14.6726,50.89449,946,48.6,4.15,138
14.68679,50.89392,287,52.0,3.89,13
14.70098,50.89334,62,51.0,,
14.74354,50.8916,244,48.1,4.14,14
14.75773,50.89102,10,54.6,,
14.7861,50.88985,361,52.7,5.24,114
14.80029,50.88926,2289,48.4,4.63,1
14.81448,50.88867,1911,51.0,4.64,1
12.64131,50.96771,24,48.6,,
12.65554,50.96739,307,47.3,3.69,39
12.66977,50.96706,209,52.0,3.93,3
12.68399,50.96673,51,45.7,2.39,3
12.69822,50.9664,19,49.1,,
12.71245,50.96607,89,42.3,,
12.72667,50.96573,238,46.2,4.0,16
12.7409,50.9654,344,47.6,4.89,64
12.75513,50.96506,1189,51.7,4.65,415
12.76935,50.96472,118,49.2,3.38,3
12.78358,50.96438,26,44.9,,
12.7978,50.96404,52,44.7,,
12.81203,50.96369,3,36.5,,
12.88315,50.96194,5,73.3,4.08,3
12.89738,50.96159,59,48.6,,
12.9116,50.96123,33,47.3,,
12.92582,50.96087,144,48.0,4.27,6
12.94005,50.96051,355,48.3,4.28,25
12.95427,50.96015,116,37.6,5.25,30
12.99694,50.95905,36,52.5,,
13.01116,50.95868,212,45.6,5.37,27
13.02539,50.95831,3,38.1,,
13.05383,50.95757,3,60.7,,
13.06805,50.95719,21,35.2,,
13.08227,50.95681,169,50.5,5.1,9
13.11072,50.95605,259,44.6,4.86,23
13.12494,50.95567,114,41.3,6.57,13
13.13916,50.95528,161,45.4,3.42,9
13.15338,50.9549,26,43.6,,
13.18182,50.95412,17,39.1,,
13.19604,50.95373,5,47.4,4.45,3
13.22448,50.95294,5,38.3,,
13.2387,50.95254,159,43.4,3.65,5
13.25291,50.95214,66,47.9,,
13.33822,50.94971,314,51.6,5.3,110
13.35244,50.9493,513,44.2,5.17,139
13.36666,50.94889,136,50.3,4.85,18
13.38087,50.94848,116,45.9,4.34,12
13.39509,50.94806,148,44.3,4.91,14
13.55146,50.94337,31,60.7,,
13.56567,50.94293,199,48.8,3.71,9
13.5941,50.94205,11,46.7,,
13.60831,50.94161,207,41.8,4.16,8
13.62252,50.94116,25,45.9,,
13.65095,50.94027,103,48.3,6.47,3
13.66516,50.93982,80,48.6,6.8,10
13.67937,50.93937,7,54.9,6.0,3
13.69358,50.93892,368,48.4,5.33,41
13.75043,50.93709,8,61.5,,
13.76464,50.93663,316,43.1,7.16,73
13.77885,50.93616,217,41.8,5.34,17
13.79306,50.9357,58,46.5,4.49,9
13.82148,50.93476,30,55.1,4.75,3
13.83568,50.93429,19,43.5,,
13.84989,50.93382,28,55.0,,
13.8641,50.93335,135,46.0,4.52,35
13.87831,50.93287,376,49.6,6.07,20
13.89252,50.93239,67,50.6,,
13.90672,50.93191,68,44.5,5.53,4
13.92093,50.93143,248,47.2,5.65,22
13.93514,50.93095,9,51.6,,
13.94935,50.93047,1509,45.4,5.92,551
13.96355,50.92998,81,51.3,5.26,4
13.97776,50.92949,83,46.6,4.91,8
13.99196,50.929,17,51.2,,
14.00617,50.92851,9,33.7,,
14.02038,50.92802,140,45.2,5.35,14
14.04879,50.92703,74,56.8,5.14,6
14.06299,50.92653,72,47.8,3.63,3
14.07719,50.92603,59,50.1,3.64,11
14.0914,50.92553,191,48.3,4.56,60
14.1056,50.92503,27,41.9,5.03,16
14.1198,50.92452,32,53.1,4.46,8
14.13401,50.92401,519,53.0,4.95,124
14.14821,50.92351,529,55.1,5.28,213
14.16241,50.923,231,53.0,5.12,67
14.17662,50.92248,189,54.1,5.55,26
14.19082,50.92197,15,57.9,4.5,3
14.36122,50.91567,9,58.2,,
14.65931,50.90404,569,50.4,4.08,75
14.67351,50.90346,23,56.3,,
14.6877,50.90289,170,51.7,3.72,9
14.70189,50.90231,225,50.4,4.74,32
14.71608,50.90173,62,43.7,4.2,6
14.73027,50.90115,60,51.2,,
14.74446,50.90057,532,50.2,4.7,27
14.75865,50.89999,577,50.9,4.65,63
14.77284,50.8994,488,49.1,4.53,135
14.78703,50.89882,1970,47.1,4.63,963
14.80122,50.89823,4200,42.4,4.62,2
14.8154,50.89764,3164,42.6,4.68,1
14.82959,50.89704,636,53.7,4.68,174
12.67028,50.97604,5,61.8,,
12.68451,50.97571,153,46.0,4.37,9
12.69874,50.97538,44,51.7,,
12.71297,50.97505,64,45.2,,
12.7272,50.97471,3,48.2,,
12.74143,50.97438,12,42.2,,
12.75566,50.97404,66,48.3,,
12.76989,50.9737,157,49.5,3.98,11
12.78412,50.97336,277,46.7,4.16,17
12.79834,50.97302,222,50.1,3.78,28
12.8268,50.97233,286,46.5,4.31,54
12.84103,50.97198,536,49.0,4.89,65
12.85526,50.97163,106,44.6,3.89,3
12.86948,50.97128,118,47.9,4.84,4
12.88371,50.97092,342,45.9,4.51,26
12.89794,50.97057,159,43.1,2.99,3
12.94062,50.96949,21,38.4,,
12.95484,50.96913,611,48.6,4.94,94
12.96907,50.96877,440,47.7,4.79,90
12.9833,50.9684,142,46.3,5.8,98
13.01175,50.96766,417,47.5,6.23,171
13.02597,50.96729,427,41.8,5.12,65
13.0402,50.96692,22,52.4,,
13.08287,50.96579,56,45.4,,
13.09709,50.96541,71,47.6,4.15,8
13.11132,50.96503,701,53.3,4.96,162
13.12554,50.96465,1801,50.6,4.66,683
13.13976,50.96426,63,45.8,4.66,6
13.16821,50.96349,16,44.4,,
13.18243,50.9631,29,46.5,,
13.19666,50.96271,133,27.1,4.9,6
13.2251,50.96192,60,47.8,,
13.23932,50.96152,158,41.7,4.77,25
13.26777,50.96072,237,43.6,5.1,79
13.28199,50.96032,55,53.4,,
13.31043,50.95951,192,45.2,5.65,6
13.32465,50.9591,64,50.0,2.64,6
13.33887,50.95869,351,49.9,5.15,66
13.35309,50.95828,387,45.7,5.36,75
13.36731,50.95787,6,41.3,,
13.39575,50.95704,137,46.5,5.39,17
13.42419,50.9562,42,47.3,5.56,3
13.4384,50.95578,74,45.4,4.38,12
13.49528,50.95407,16,48.5,,
13.50949,50.95364,128,46.2,,
13.58058,50.95147,29,45.8,4.58,10
13.62322,50.95014,115,41.5,5.14,13
13.63744,50.94969,169,45.1,4.6,9
13.65165,50.94925,37,46.5,4.93,7
13.66587,50.9488,725,46.0,5.07,84
13.68008,50.94835,72,53.1,5.1,5
13.6943,50.94789,34,45.6,,
13.70851,50.94744,16,44.4,,
13.72273,50.94698,225,41.8,5.64,32
13.73694,50.94652,151,41.5,5.52,7
13.75115,50.94606,856,46.8,5.71,160
13.76537,50.9456,776,49.2,5.72,170
13.77958,50.94514,132,36.2,6.91,19
13.82221,50.94374,36,50.3,,
13.83643,50.94327,7,42.6,,
13.85064,50.94279,104,43.9,4.85,6
13.86485,50.94232,128,58.5,6.18,38
13.87906,50.94185,122,61.6,4.75,3
13.89327,50.94137,128,38.8,4.23,14
13.92169,50.94041,523,44.5,5.93,93
13.9359,50.93993,74,53.4,4.92,18
13.95011,50.93944,720,49.2,5.87,282
13.99274,50.93798,220,50.2,5.66,17
14.00694,50.93749,528,45.9,4.6,52
14.02115,50.93699,57,54.2,4.93,9
14.03536,50.9365,115,50.8,4.21,10
14.04957,50.936,139,46.4,4.68,16
14.06377,50.9355,5,70.1,,
14.07798,50.935,11,53.0,,
14.09219,50.9345,7,51.5,2.95,3
14.1064,50.934,42,50.9,,
14.1206,50.93349,158,51.2,5.33,13
14.13481,50.93299,325,49.8,4.82,60
14.14901,50.93248,124,53.8,4.41,19
14.16322,50.93197,28,54.6,5.0,3
14.17742,50.93146,193,48.6,5.06,34
14.19163,50.93094,80,53.1,5.42,3
14.20583,50.93043,9,56.9,,
14.24844,50.92887,3,47.7,,
14.27685,50.92782,3,84.5,,
14.29105,50.9273,5,44.5,,
14.31946,50.92624,20,54.6,,
14.33366,50.92571,14,45.4,,
14.34786,50.92517,37,47.6,3.91,3
14.36206,50.92464,469,49.7,4.41,44
14.37626,50.9241,52,52.9,,
14.39046,50.92356,3,64.6,,
14.7028,50.91128,504,45.9,3.88,58
14.71699,50.9107,31,38.6,,
14.73118,50.91012,15,41.7,,
14.74538,50.90954,107,75.1,,
14.75957,50.90896,12,44.2,,
14.77376,50.90837,24,56.3,,
14.78795,50.90778,39,47.6,4.77,8
14.80214,50.90719,1060,48.1,4.52,495
14.81633,50.9066,2570,58.2,4.55,1
14.83052,50.90601,347,54.3,4.97,72
12.6281,50.986,41,49.8,,
12.69927,50.98436,6,55.7,,
12.7135,50.98403,34,40.0,,
12.74196,50.98336,31,50.2,,
12.75619,50.98302,78,57.8,4.43,8
12.77042,50.98268,24,40.2,4.52,4
12.78466,50.98234,15,40.9,,
12.79889,50.982,42,40.8,,
12.81312,50.98165,25,53.1,,
12.84158,50.98096,47,40.5,4.65,5
12.85581,50.98061,33,42.7,,
12.87004,50.98026,110,48.5,4.21,5
12.92696,50.97883,43,53.4,,
12.94119,50.97847,20,50.0,,
12.95542,50.97811,4,61.4,,
12.96964,50.97775,374,57.9,6.38,50
12.98387,50.97738,802,48.1,5.87,275
12.9981,50.97701,83,45.9,,
13.01233,50.97664,13,36.5,,
13.02656,50.97627,92,47.0,3.95,4
13.04078,50.9759,327,44.5,4.38,27
13.09769,50.97439,50,49.3,4.51,3
13.11192,50.97401,874,46.5,4.85,402
13.12615,50.97363,2236,47.0,4.67,742
13.18305,50.97208,180,47.3,4.37,18
13.19727,50.97169,57,45.7,5.26,8
13.2115,50.97129,3,66.7,,
13.22572,50.9709,46,49.1,,
13.23995,50.9705,223,43.6,3.55,6
13.2684,50.9697,168,47.1,4.08,15
13.28262,50.9693,262,48.9,6.78,12
13.29685,50.96889,223,45.3,4.43,22
13.31107,50.96849,283,48.0,4.08,37
13.32529,50.96808,13,36.8,6.18,5
13.33951,50.96767,14,37.9,,
13.35374,50.96726,7,64.8,,
13.36796,50.96685,66,48.6,,
13.38218,50.96643,10,43.6,,
13.41063,50.9656,43,46.8,4.76,3
13.42485,50.96518,528,41.6,4.83,46
13.43907,50.96476,115,49.7,5.33,7
13.45329,50.96433,42,45.5,,
13.58127,50.96044,40,28.9,,
13.62393,50.95912,138,49.1,3.34,14
13.63814,50.95867,184,47.9,5.34,47
13.65236,50.95822,264,47.3,5.23,64
13.66658,50.95777,226,50.9,5.83,10
13.69501,50.95687,258,49.1,5.35,9
13.70923,50.95641,6,72.2,,
13.72345,50.95596,31,52.1,,
13.73766,50.9555,187,47.4,4.57,14
13.75188,50.95504,15,53.4,,
13.76609,50.95458,186,52.0,5.66,19
13.78031,50.95411,373,48.2,5.34,32
13.79452,50.95365,20,47.4,,
13.82295,50.95271,53,44.1,,
13.83717,50.95224,229,43.1,5.52,55
13.85138,50.95177,396,43.9,5.5,118
13.8656,50.9513,283,41.9,5.48,43
13.87981,50.95082,218,44.9,5.07,9
13.89402,50.95034,88,41.6,5.05,5
13.90824,50.94986,50,46.7,4.95,3
13.92245,50.94938,1342,50.5,5.74,506
13.93666,50.9489,2033,47.4,5.78,899
13.95087,50.94842,1637,51.0,5.3,937
13.96508,50.94793,1091,46.4,5.15,518
13.9793,50.94744,109,47.0,4.28,16
13.99351,50.94695,108,42.4,4.2,3
14.00772,50.94646,46,51.6,,
14.02193,50.94597,261,45.4,5.19,26
14.03614,50.94547,99,53.8,,
14.06456,50.94448,28,56.4,3.1,3
14.07877,50.94398,125,46.6,4.33,8
14.09298,50.94348,3,60.9,,
14.10719,50.94297,24,56.7,,
14.1214,50.94247,198,47.5,4.03,10
14.13561,50.94196,149,52.7,4.35,19
14.16402,50.94094,71,45.9,3.58,4
14.17823,50.94043,34,60.5,4.17,5
14.19244,50.93991,4,54.2,,
14.20664,50.9394,246,50.5,4.64,28
14.23506,50.93836,6,57.3,,
14.24926,50.93784,3,54.8,,
14.27768,50.93679,5,28.3,,
14.29188,50.93627,3,57.0,,
14.32029,50.93521,56,52.9,5.07,3
14.3345,50.93468,10,46.1,,
14.3487,50.93414,4,53.1,,
14.37711,50.93307,3,64.4,,
14.60432,50.92425,125,49.7,3.94,12
14.66111,50.92197,7,61.2,,
14.7037,50.92025,42,53.5,4.17,8
14.7179,50.91967,290,49.7,3.84,14
14.74629,50.91851,270,53.4,4.21,23
14.76049,50.91792,566,47.2,4.21,80
14.77468,50.91734,12,36.4,,
14.78888,50.91675,3,50.0,,
14.80307,50.91616,259,50.8,4.73,22
14.81726,50.91557,101,50.3,4.19,17
14.84565,50.91438,9,60.7,,
12.57166,50.99626,175,50.0,2.97,12
12.60014,50.99562,35,41.2,,
12.61437,50.9953,50,36.3,,
12.62861,50.99498,62,50.6,3.57,3
12.64285,50.99466,93,51.4,4.0,3
12.65708,50.99433,45,42.3,5.87,3
12.68555,50.99368,102,45.2,,
12.69979,50.99335,149,46.5,2.97,9
12.71402,50.99301,184,47.0,5.22,11
12.74249,50.99234,12,45.4,,
12.75673,50.992,41,49.7,,
12.77096,50.99167,65,60.7,3.52,6
12.78519,50.99132,63,45.9,,
12.79943,50.99098,100,47.6,4.8,7
12.81366,50.99064,52,39.6,,
12.8279,50.99029,14,53.6,,
12.84213,50.98994,21,61.6,5.15,6
12.87059,50.98924,72,39.6,4.51,3
12.91329,50.98817,180,49.2,4.95,19
12.92752,50.98781,236,47.3,4.66,15
12.94176,50.98745,42,48.5,4.74,20
12.95599,50.98709,528,53.6,5.3,232
12.97022,50.98673,3665,44.9,5.72,2
12.98445,50.98636,2662,46.6,5.35,1
12.99868,50.98599,168,43.2,4.18,40
13.01291,50.98562,18,49.9,,
13.04137,50.98488,9,51.2,,
13.08406,50.98375,5,28.8,,
13.09829,50.98337,17,52.5,,
13.11252,50.98299,115,49.9,5.26,3
13.12675,50.98261,184,48.5,3.73,18
13.14098,50.98222,67,51.5,,
13.18367,50.98106,30,42.7,4.97,3
13.19789,50.98066,81,39.0,,
13.21212,50.98027,3,56.7,,
13.22635,50.97988,41,49.1,,
13.31171,50.97747,5,32.8,,
13.32594,50.97706,35,54.9,,
13.34016,50.97665,8,61.6,,
13.35439,50.97624,26,50.4,4.98,14
13.36861,50.97582,104,47.3,2.95,3
13.38284,50.97541,12,47.8,,
13.41129,50.97457,104,43.1,4.65,9
13.42551,50.97415,40,45.1,,
13.43973,50.97373,167,47.2,4.64,10
13.45396,50.97331,379,44.9,5.92,33
13.46818,50.97288,137,45.7,3.82,6
13.5393,50.97073,28,55.2,,
13.55352,50.9703,131,50.1,6.7,10
13.56774,50.96986,9,43.7,,
13.58196,50.96942,33,52.2,5.55,3
13.59618,50.96898,16,32.8,6.11,7
13.61041,50.96854,34,58.3,,
13.62463,50.96809,95,53.1,5.59,3
13.63885,50.96765,1127,46.6,5.21,344
13.65307,50.9672,369,45.0,5.82,65
13.66729,50.96675,29,39.1,3.35,3
13.69573,50.96584,200,41.4,5.78,20
13.70995,50.96539,1540,44.8,6.25,287
13.72417,50.96493,268,49.4,7.73,23
13.73838,50.96447,44,42.9,,
13.7526,50.96401,39,48.6,,
13.76682,50.96355,284,46.2,4.77,15
13.78104,50.96309,12,62.6,,
13.79526,50.96262,3,53.3,,
13.80948,50.96216,285,45.6,5.37,27
13.82369,50.96169,85,46.4,5.18,3
13.83791,50.96122,99,50.3,5.61,3
13.85213,50.96074,863,45.6,5.45,318
13.86634,50.96027,820,49.4,5.5,54
13.88056,50.95979,735,45.1,5.72,196
13.89478,50.95932,96,48.5,4.73,11
13.90899,50.95884,225,51.3,4.61,3
13.92321,50.95836,787,48.2,5.87,369
13.93742,50.95787,5647,44.8,5.75,2
13.95164,50.95739,2627,49.6,5.76,1
13.96585,50.9569,1463,50.8,5.31,757
13.98007,50.95642,95,53.0,5.22,9
13.99428,50.95593,20,43.6,,
14.00849,50.95543,280,45.0,5.23,49
14.02271,50.95494,305,45.2,4.84,37
14.03692,50.95445,545,48.4,5.17,73
14.05113,50.95395,7,74.9,,
14.06535,50.95345,29,53.4,4.69,4
14.07956,50.95295,143,46.8,5.45,31
14.10798,50.95194,269,51.1,4.67,41
14.13641,50.95093,10,34.6,4.44,3
14.16483,50.94991,52,45.6,,
14.23588,50.94733,379,46.1,4.84,23
14.25009,50.94681,83,47.4,3.49,11
14.2785,50.94576,99,47.4,4.8,19
14.29271,50.94524,225,53.8,4.57,23
14.30692,50.94471,3,68.3,,
14.32113,50.94418,4,59.2,,
14.33533,50.94365,305,51.2,4.02,10
14.57681,50.93434,19,46.9,,
14.59101,50.93378,489,49.7,3.93,66
14.60521,50.93322,808,50.8,4.3,175
14.61941,50.93265,879,53.7,4.6,184
14.64782,50.93151,7,23.1,,
14.66202,50.93094,65,49.0,4.53,9
14.67621,50.93037,59,41.8,4.38,21
14.71881,50.92864,32,48.7,3.81,3
14.74721,50.92747,47,58.4,5.98,17
14.76141,50.92689,96,53.8,4.16,10
14.7756,50.9263,264,48.2,3.85,15
14.804,50.92513,275,50.5,4.7,20
14.83239,50.92394,107,49.8,3.36,6
14.86078,50.92275,124,56.4,3.44,56
12.55792,51.00556,5,61.7,,
12.57216,51.00524,28,44.0,,
12.5864,51.00493,5,36.0,,
12.60064,51.00461,147,51.1,4.75,6
12.61488,51.00429,11,58.4,,
12.67183,51.00299,81,44.4,3.47,14
12.68607,51.00266,110,45.1,,
12.71455,51.00199,33,46.8,4.09,4
12.72879,51.00166,15,65.1,,
12.75726,51.00099,4,40.7,,
12.7715,51.00065,527,49.2,5.21,118
12.78573,51.00031,125,49.8,4.08,15
12.79997,50.99996,69,48.6,,
12.81421,50.99962,15,57.1,,
12.82844,50.99927,27,42.5,,
12.84268,50.99892,137,42.1,3.51,4
12.85692,50.99857,18,50.6,,
12.87115,50.99822,249,41.6,5.75,14
12.88539,50.99787,39,43.6,,
12.89962,50.99751,85,50.2,5.62,5
12.91386,50.99715,82,54.6,4.05,5
12.95656,50.99607,471,48.2,4.97,19
12.97079,50.99571,2241,55.2,5.45,1
12.98503,50.99534,819,53.9,5.85,94
12.99926,50.99497,105,51.3,4.22,17
13.0135,50.9946,9,61.6,,
13.02773,50.99423,134,53.0,3.92,9
13.04196,50.99386,63,55.2,4.55,5
13.0562,50.99349,223,51.2,4.35,24
13.07043,50.99311,145,45.4,4.41,8
13.08466,50.99273,288,41.6,5.26,24
13.09889,50.99235,12,45.1,,
13.11312,50.99197,3,31.1,,
13.12736,50.99159,204,47.1,4.29,9
13.14159,50.9912,14,46.9,,
13.15582,50.99081,77,45.6,4.79,6
13.17005,50.99043,126,44.0,4.51,6
13.18428,50.99004,273,45.3,4.5,47
13.19851,50.98964,25,50.3,,
13.21274,50.98925,73,50.4,,
13.22697,50.98885,26,43.6,,
13.2412,50.98846,334,48.3,4.18,14
13.25543,50.98806,43,41.2,,
13.26966,50.98766,106,48.0,5.22,22
13.28389,50.98725,227,46.2,4.74,12
13.29812,50.98685,71,47.6,5.92,3
13.31235,50.98644,191,42.1,5.86,10
13.34081,50.98563,72,39.5,4.59,5
13.35504,50.98522,3,45.4,,
13.36926,50.9848,135,46.4,3.78,13
13.39772,50.98397,32,46.1,,
13.41195,50.98355,121,50.0,4.66,9
13.42617,50.98313,58,47.6,3.77,3
13.4404,50.98271,55,52.3,,
13.46885,50.98186,69,46.4,,
13.53998,50.97971,856,48.9,5.55,134
13.55421,50.97927,534,49.4,5.0,47
13.56843,50.97884,222,65.9,7.11,108
13.58266,50.9784,172,41.1,5.2,55
13.59688,50.97796,135,40.9,5.17,19
13.6111,50.97751,460,44.8,5.14,73
13.62533,50.97707,1702,53.8,5.38,786
13.63955,50.97662,702,55.6,5.22,362
13.65377,50.97617,18,45.6,,
13.668,50.97572,155,48.7,4.67,14
13.68222,50.97527,20,56.2,,
13.69644,50.97482,89,46.1,,
13.71066,50.97437,562,42.8,5.69,47
13.72489,50.97391,387,45.2,5.99,5
13.73911,50.97345,5,51.0,,
13.75333,50.97299,38,38.5,,
13.76755,50.97253,92,38.7,7.17,18
13.78177,50.97206,260,44.1,6.1,125
13.79599,50.9716,454,47.4,6.69,12
13.81021,50.97113,301,49.0,5.29,12
13.82443,50.97066,53,44.2,5.91,5
13.83865,50.97019,11,41.5,,
13.85287,50.96972,1207,45.5,5.6,487
13.86709,50.96925,4796,50.0,5.68,3
13.88131,50.96877,1654,50.3,5.5,934
13.89553,50.96829,682,44.7,5.85,109
13.92397,50.96733,4354,52.4,5.21,3
13.93818,50.96685,2822,42.6,5.8,1
13.9524,50.96636,585,45.0,5.62,107
13.96662,50.96588,117,49.1,5.36,7
13.99505,50.9649,84,46.5,4.1,17
14.00927,50.96441,190,46.6,5.13,14
14.02349,50.96391,58,50.9,,
14.0377,50.96342,73,47.9,5.77,12
14.05192,50.96292,26,41.2,7.15,3
14.08035,50.96192,101,53.3,4.56,21
14.09456,50.96142,37,50.4,,
14.13721,50.9599,38,50.1,,
14.16563,50.95888,138,47.5,4.41,13
14.19406,50.95786,25,34.0,4.96,3
14.20827,50.95734,179,49.7,5.0,8
14.22248,50.95682,20,53.2,4.58,3
14.27933,50.95474,17,71.4,,
14.29354,50.95421,23,48.5,,
14.30775,50.95368,27,56.6,4.54,7
14.5919,50.94275,118,52.3,4.19,8
14.6061,50.94219,466,53.1,4.27,225
14.62031,50.94162,268,50.4,3.6,25
14.63451,50.94105,59,48.3,5.47,9
14.66292,50.93991,13,49.7,,
14.67712,50.93934,358,51.7,4.22,57
14.69132,50.93876,429,48.8,4.44,23
14.74813,50.93644,75,59.6,,
14.76233,50.93586,94,51.1,3.69,5
14.77653,50.93527,75,45.1,3.67,6
14.80493,50.93409,204,50.9,3.86,4
14.84752,50.93232,67,49.2,4.17,3
14.86172,50.93172,20,48.6,,
12.55842,51.01454,185,46.3,3.53,7
12.57266,51.01423,158,49.8,5.41,24
12.5869,51.01391,35,44.1,,
12.60115,51.01359,397,50.2,4.68,113
12.61539,51.01327,223,45.9,4.66,16
12.62963,51.01295,19,43.8,,
12.64387,51.01262,36,43.5,5.6,3
12.65811,51.0123,6,31.6,,
12.67235,51.01197,80,42.0,4.03,22
12.70083,51.01131,70,46.2,,
12.71507,51.01098,400,43.7,4.77,68
12.72931,51.01064,71,46.6,3.89,3
12.74355,51.01031,97,49.5,4.26,11
12.77203,51.00963,69,53.3,5.36,25
12.78627,51.00929,26,45.5,,
12.81475,51.0086,48,48.3,,
12.82899,51.00825,50,52.4,6.89,4
12.84323,51.0079,27,51.9,,
12.85747,51.00755,10,48.1,,
12.87171,51.0072,23,48.6,,
12.88595,51.00685,40,48.2,,
12.90018,51.00649,5,18.0,,
12.91442,51.00613,147,45.4,4.33,16
12.92866,51.00578,229,52.3,4.05,15
12.9429,51.00542,291,44.7,5.0,33
12.95713,51.00505,47,53.8,5.65,21
12.97137,51.00469,215,46.9,3.51,8
12.98561,51.00432,86,54.4,,
12.99984,51.00395,237,48.6,5.09,41
13.01408,51.00359,37,37.8,6.02,6
13.02832,51.00321,38,57.3,,
13.04255,51.00284,164,48.1,4.24,18
13.05679,51.00247,34,58.4,4.68,12
13.07102,51.00209,53,46.1,2.96,3
13.12796,51.00057,73,47.3,5.28,8
13.1422,51.00018,45,44.7,,
13.17066,50.99941,9,42.3,,
13.2276,50.99783,8,46.0,,
13.24183,50.99744,14,45.3,,
13.25606,50.99704,27,38.0,,
13.2703,50.99664,63,61.8,5.28,3
13.28453,50.99623,54,44.6,,
13.29876,50.99583,275,47.3,4.19,13
13.31299,50.99542,91,39.9,4.44,8
13.32722,50.99501,60,44.9,5.93,7
13.34145,50.99461,70,49.2,4.76,4
13.35569,50.99419,10,54.4,,
13.38415,50.99337,20,30.2,,
13.41261,50.99253,24,50.5,,
13.44107,50.99169,25,39.1,,
13.4553,50.99126,35,50.2,,
13.46953,50.99084,182,49.0,4.13,4
13.48375,50.99041,9,43.2,,
13.52644,50.98912,396,45.6,5.67,16
13.54067,50.98869,58,47.8,5.84,3
13.5549,50.98825,23,42.8,,
13.56912,50.98781,457,41.7,5.07,131
13.58335,50.98737,884,39.3,6.88,375
13.59758,50.98693,31,39.8,5.96,15
13.6118,50.98649,6,39.7,,
13.62603,50.98605,625,47.9,5.3,160
13.64026,50.9856,994,49.8,5.29,413
13.65448,50.98515,1593,47.4,6.14,668
13.66871,50.9847,1177,49.6,5.54,419
13.68293,50.98425,211,48.9,5.62,50
13.69716,50.9838,46,48.6,4.67,3
13.71138,50.98334,705,46.0,6.01,83
13.72561,50.98288,680,45.2,6.27,59
13.73983,50.98243,126,45.6,7.05,9
13.75406,50.98197,218,34.5,8.05,41
13.76828,50.9815,272,37.2,6.4,27
13.7825,50.98104,136,47.0,6.97,12
13.79673,50.98057,189,45.6,6.3,31
13.81095,50.98011,49,45.9,5.65,5
13.82517,50.97964,164,46.5,6.45,39
13.8394,50.97917,784,49.0,5.52,206
13.85362,50.97869,804,44.0,6.25,311
13.86784,50.97822,4831,42.8,5.68,2
13.88206,50.97774,601,50.4,5.86,167
13.89628,50.97727,298,51.3,6.89,19
13.9105,50.97679,17,40.5,,
13.92473,50.97631,1351,50.6,5.55,466
13.93895,50.97582,2100,48.5,5.43,772
13.95317,50.97534,284,48.1,5.83,25
13.96739,50.97485,102,40.4,,
13.98161,50.97436,4,39.3,,
14.02426,50.97289,15,47.9,,
14.03848,50.97239,70,47.1,,
14.16644,50.96786,4,52.6,,
14.18065,50.96734,71,45.2,3.14,7
14.19487,50.96683,19,46.3,,
14.20909,50.96631,209,45.2,4.37,17
14.23752,50.96528,274,49.5,4.62,25
14.25173,50.96475,316,50.4,4.58,20
14.26594,50.96423,498,52.4,5.0,225
14.28016,50.96371,555,52.4,4.55,89
14.29437,50.96318,145,51.4,4.78,15
14.59279,50.95172,4,29.4,,
14.60699,50.95115,114,59.9,4.81,10
14.63541,50.95002,158,48.8,3.4,7
14.64961,50.94945,399,51.2,4.38,70
14.66382,50.94888,319,48.5,4.0,33
14.67802,50.9483,227,49.9,3.55,9
14.70643,50.94715,29,46.3,,
14.72064,50.94657,57,52.8,5.45,11
14.73484,50.94599,675,52.9,4.63,247
14.74904,50.94541,237,51.2,4.59,21
14.79165,50.94365,206,49.4,4.58,10
14.80586,50.94306,478,48.8,4.06,46
14.82006,50.94247,26,55.2,,
14.83426,50.94188,171,48.6,3.96,10
14.84846,50.94128,134,48.4,3.96,9
14.87686,50.94009,33,58.1,3.91,8
14.89106,50.93949,253,47.7,3.42,22
12.57316,51.02321,119,51.8,5.03,8
12.58741,51.02289,6,34.6,,
12.60165,51.02257,464,50.1,5.16,40
12.61589,51.02225,211,45.2,4.99,24
12.64438,51.02161,10,38.4,2.25,3
12.65863,51.02128,132,44.5,,
12.67287,51.02095,53,48.4,,
12.68711,51.02062,76,38.5,3.0,5
12.70136,51.02029,100,45.6,,
12.7156,51.01996,161,46.4,,
12.72984,51.01962,35,44.7,4.63,12
12.74409,51.01929,108,42.7,4.36,3
12.78681,51.01827,116,50.5,6.09,8
12.80106,51.01793,38,44.1,5.83,3
12.8153,51.01758,34,51.4,6.09,3
12.82954,51.01723,111,54.7,3.94,12
12.84378,51.01688,44,55.6,,
12.85802,51.01653,33,52.3,4.86,6
12.87226,51.01618,110,44.7,,
12.8865,51.01583,11,53.0,,
12.90075,51.01547,26,44.5,6.09,6
12.94347,51.0144,240,51.1,4.4,15
12.95771,51.01403,18,52.4,,
12.97195,51.01367,28,40.5,,
12.98619,51.0133,15,48.7,,
13.00042,51.01293,19,64.9,,
13.01466,51.01257,180,44.0,4.84,3
13.05738,51.01145,5,66.5,,
13.08586,51.01069,67,47.6,4.88,3
13.10009,51.01031,49,52.4,,
13.12857,51.00955,189,45.2,4.53,13
13.14281,51.00916,92,41.8,,
13.15704,51.00877,51,44.6,2.7,3
13.17128,51.00839,111,46.6,,
13.18552,51.00799,207,46.3,4.37,11
13.21399,51.00721,21,37.2,,
13.22822,51.00681,5,72.8,,
13.2994,51.00481,61,36.7,3.47,7
13.31363,51.0044,8,56.8,,
13.32787,51.00399,49,49.5,1.5,3
13.3421,51.00358,109,45.2,4.71,8
13.35634,51.00317,124,42.6,4.73,13
13.37057,51.00276,88,42.6,4.51,3
13.3848,51.00234,117,48.2,4.5,25
13.39904,51.00193,223,43.8,4.85,39
13.41327,51.00151,196,48.0,4.34,18
13.4275,51.00109,31,49.5,,
13.45597,51.00024,742,47.6,5.41,132
13.4702,50.99982,145,41.4,4.86,3
13.48443,50.99939,6,22.3,,
13.49866,50.99896,36,43.7,,
13.52712,50.9981,281,45.3,4.87,22
13.54135,50.99766,316,45.3,3.83,15
13.55558,50.99723,50,43.1,,
13.56981,50.99679,225,52.0,5.96,15
13.58404,50.99635,130,45.5,5.81,3
13.59827,50.99591,140,40.0,5.16,21
13.6125,50.99547,359,47.2,6.08,24
13.62673,50.99502,640,47.9,5.78,125
13.64096,50.99457,3116,43.1,5.16,2
13.65519,50.99413,2752,44.5,5.89,1
13.66942,50.99368,127,46.4,5.22,20
13.68365,50.99323,415,45.5,6.16,49
13.69787,50.99277,707,42.5,5.71,110
13.7121,50.99232,1798,52.3,6.01,778
13.72633,50.99186,1084,47.3,6.75,246
13.75478,50.99094,647,55.4,5.83,75
13.76901,50.99048,97,49.5,6.06,23
13.78324,50.99001,1051,46.3,7.03,204
13.79746,50.98955,2567,42.8,6.65,373
13.81169,50.98908,1247,43.1,6.56,215
13.82591,50.98861,970,40.5,6.88,179
13.84014,50.98814,544,40.6,5.86,133
13.85436,50.98767,1185,42.4,5.63,494
13.86859,50.98719,1209,42.5,5.06,498
13.88281,50.98672,76,52.6,5.88,12
13.89704,50.98624,52,58.4,4.34,4
13.91126,50.98576,6,34.3,,
13.92548,50.98528,46,33.1,7.61,5
13.93971,50.9848,833,48.3,5.91,65
13.95393,50.98431,191,45.2,7.0,6
13.96815,50.98382,94,48.3,2.99,3
13.98238,50.98334,42,54.9,,
13.9966,50.98285,89,48.6,,
14.01082,50.98235,12,36.0,,
14.02504,50.98186,182,45.7,4.35,5
14.03926,50.98137,4,43.3,,
14.06771,50.98037,160,58.0,5.81,12
14.08193,50.97987,174,46.0,4.76,11
14.11037,50.97886,598,52.6,5.03,89
14.12459,50.97836,87,50.7,,
14.16725,50.97683,82,47.5,4.48,3
14.18146,50.97632,69,52.4,3.78,10
14.25255,50.97373,127,52.9,4.23,21
14.26677,50.9732,2444,49.8,4.74,1
14.28099,50.97268,1347,44.0,4.55,449
14.2952,50.97215,13,57.2,,
14.62209,50.95956,84,46.7,,
14.6363,50.95899,86,45.3,3.74,3
14.65051,50.95842,694,50.6,4.5,152
14.66472,50.95784,126,45.8,3.53,9
14.70734,50.95612,141,50.4,3.62,6
14.72155,50.95554,759,48.2,4.19,75
14.73576,50.95496,719,55.8,4.52,27
14.74996,50.95438,51,46.2,,
14.79258,50.95262,171,51.1,2.69,5
14.82099,50.95144,17,46.0,,
14.83519,50.95084,208,53.2,3.89,13
14.8494,50.95025,8,35.4,,
14.8636,50.94965,76,45.6,2.92,3
14.8778,50.94906,782,51.4,4.24,206
14.89201,50.94846,452,50.7,4.16,92
12.51667,51.03344,263,50.6,4.09,20
12.53092,51.03313,3,68.8,,
12.54516,51.03282,3,8.5,,
12.6164,51.03123,7,54.2,,
12.65914,51.03026,76,43.4,,
12.67339,51.02993,79,42.7,,
12.68764,51.0296,19,47.0,1.98,3
12.71613,51.02894,5,74.3,,
12.73037,51.02861,197,48.8,,
12.74462,51.02827,30,57.7,,
12.78735,51.02725,29,43.2,,
12.8016,51.02691,55,47.0,,
12.81584,51.02656,30,55.2,,
12.83009,51.02621,46,53.1,3.35,4
12.84433,51.02587,29,52.6,5.65,5
12.85858,51.02552,69,50.1,4.01,14
12.87282,51.02516,82,46.8,3.87,4
12.88706,51.02481,132,47.3,,
12.94404,51.02338,40,44.6,,
12.95828,51.02301,111,49.3,,
12.97252,51.02265,57,52.0,,
12.98676,51.02228,91,47.7,,
13.00101,51.02192,8,37.9,3.23,3
13.02949,51.02117,74,46.5,2.68,3
13.04373,51.0208,51,49.1,,
13.05797,51.02043,24,40.9,,
13.08645,51.01967,9,49.5,,
13.10069,51.01929,68,45.0,3.35,3
13.11493,51.01891,24,64.0,,
13.12917,51.01853,25,42.6,,
13.14341,51.01814,14,60.8,,
13.18613,51.01697,43,41.8,4.67,4
13.20037,51.01658,126,43.7,4.12,3
13.21461,51.01619,7,32.1,,
13.22885,51.01579,8,41.0,,
13.30004,51.01379,90,45.1,4.98,3
13.31428,51.01338,241,45.4,4.82,16
13.32851,51.01297,63,41.1,,
13.34275,51.01256,88,43.3,5.14,19
13.35699,51.01215,183,44.4,5.05,14
13.37122,51.01174,99,47.3,5.0,4
13.38546,51.01132,9,37.9,,
13.39969,51.0109,7,30.7,,
13.42817,51.01007,4,38.0,,
13.4424,51.00964,7,24.2,,
13.45664,51.00922,33,30.4,,
13.47087,51.00879,219,38.2,4.71,34
13.4851,51.00837,58,46.1,,
13.49934,51.00794,465,46.6,6.84,99
13.51357,51.00751,69,42.8,,
13.52781,51.00707,49,43.5,5.55,5
13.57051,51.00577,25,33.9,5.14,6
13.58474,51.00533,142,38.6,6.12,12
13.59897,51.00489,389,44.7,5.39,28
13.6132,51.00444,547,46.6,6.14,90
13.62743,51.004,410,45.1,5.15,95
13.64167,51.00355,1196,48.5,5.39,623
13.6559,51.0031,1584,52.4,5.57,635
13.67013,51.00265,1105,47.0,9.32,159
13.68436,51.0022,1596,45.5,5.91,395
13.69859,51.00175,242,41.5,6.54,23
13.71282,51.00129,406,40.2,5.99,58
13.72705,51.00084,1060,41.0,6.65,224
13.74128,51.00038,16,51.1,,
13.75551,50.99992,9,47.6,8.96,3
13.76974,50.99945,13,33.4,7.23,5
13.78397,50.99899,889,48.8,6.67,79
13.7982,50.99852,1402,46.0,5.51,642
13.81243,50.99806,1167,49.9,6.84,182
13.82665,50.99759,4749,45.6,6.61,2
13.84088,50.99712,2020,50.4,6.0,745
13.85511,50.99664,1836,45.0,6.66,367
13.86934,50.99617,1069,47.6,7.22,130
13.88356,50.99569,296,51.3,6.08,15
13.89779,50.99521,29,48.5,6.62,4
13.91202,50.99474,1261,48.6,5.41,273
13.92625,50.99425,804,48.4,5.74,81
13.94047,50.99377,361,47.5,5.56,39
13.9547,50.99329,135,48.5,4.51,11
13.96892,50.9928,13,58.6,,
13.98315,50.99231,926,45.9,5.9,111
13.99737,50.99182,965,54.7,5.51,307
14.0116,50.99133,339,47.1,5.44,46
14.02582,50.99083,311,49.2,5.7,21
14.05427,50.98984,4,70.3,,
14.06849,50.98934,32,54.8,4.92,4
14.08272,50.98884,132,44.8,4.41,17
14.09694,50.98834,8,47.1,,
14.12539,50.98733,19,53.5,3.14,4
14.13961,50.98682,32,35.9,5.04,8
14.15383,50.98631,222,47.7,4.44,47
14.16805,50.9858,175,45.8,4.43,9
14.18227,50.98529,5,55.6,,
14.19649,50.98477,202,48.4,,
14.22494,50.98374,190,43.3,4.83,19
14.23916,50.98322,81,46.1,3.62,4
14.25338,50.9827,235,55.8,3.86,3
14.2676,50.98217,377,51.1,4.84,122
14.60878,50.96909,877,51.9,4.07,69
14.62299,50.96852,18,43.6,,
14.6372,50.96796,258,53.0,4.19,8
14.65141,50.96739,441,45.4,4.42,51
14.66562,50.96681,15,57.0,4.91,3
14.69404,50.96566,9,43.9,,
14.70825,50.96509,426,48.4,4.41,41
14.72246,50.96451,183,44.6,4.49,6
14.73667,50.96393,34,44.9,,
14.86454,50.95862,67,47.6,4.51,3
14.87875,50.95802,174,49.3,3.97,8
14.89295,50.95742,165,51.7,,
12.51716,51.04242,200,45.6,4.71,16
12.53141,51.04211,26,57.0,5.0,3
12.54566,51.0418,4,18.3,,
12.55991,51.04149,6,50.9,,
12.57416,51.04117,240,45.8,4.51,21
12.63116,51.03989,50,41.9,,
12.64541,51.03957,107,47.7,4.54,7
12.65966,51.03924,5,56.2,,
12.71665,51.03792,152,50.5,1.21,3
12.7594,51.03691,15,60.1,,
12.77365,51.03657,63,52.3,,
12.78789,51.03623,3,59.8,,
12.80214,51.03589,49,44.4,3.31,3
12.81639,51.03554,53,53.0,4.25,3
12.83064,51.0352,72,56.3,4.76,22
12.84488,51.03485,19,52.2,,
12.85913,51.0345,85,45.8,,
12.87338,51.03414,85,45.5,4.52,3
12.88762,51.03379,426,44.9,4.85,48
12.90187,51.03343,101,45.0,6.14,3
12.91612,51.03308,178,48.2,4.68,6
12.93036,51.03272,127,54.1,,
12.94461,51.03236,54,46.6,2.72,3
12.95885,51.03199,11,46.8,6.45,3
12.9731,51.03163,55,43.7,,
12.98734,51.03126,62,48.2,4.82,3
13.00159,51.0309,3,33.4,5.63,3
13.01583,51.03053,4,30.6,,
13.03008,51.03015,4,68.0,,
13.07281,51.02903,40,38.8,,
13.11554,51.02789,130,48.5,4.28,12
13.12978,51.02751,12,46.1,,
13.14402,51.02712,100,44.5,3.09,3
13.15827,51.02673,118,45.3,3.79,28
13.21523,51.02517,121,46.3,3.37,5
13.22948,51.02477,39,41.1,4.36,3
13.30068,51.02276,15,61.6,,
13.31492,51.02236,93,52.6,3.93,8
13.3434,51.02154,41,38.2,,
13.35764,51.02113,17,49.5,,
13.37188,51.02071,3,59.1,,
13.40035,51.01988,67,41.6,,
13.41459,51.01946,33,45.9,,
13.42883,51.01904,23,39.0,3.5,6
13.44307,51.01862,55,45.2,,
13.47154,51.01777,8,46.4,,
13.48578,51.01734,46,52.1,,
13.50002,51.01692,64,43.7,3.54,6
13.55696,51.01518,168,44.1,4.92,18
13.5712,51.01474,617,44.3,4.65,85
13.58543,51.0143,140,45.2,5.85,19
13.6139,51.01342,142,40.8,5.34,17
13.62814,51.01297,1631,54.8,4.49,982
13.64237,51.01253,2414,47.3,4.56,983
13.65661,51.01208,2366,42.1,5.61,780
13.67084,51.01163,3096,41.2,5.57,1
13.68507,51.01118,1735,44.2,6.39,334
13.69931,51.01072,1042,45.0,7.21,372
13.71354,51.01027,8,36.0,,
13.72777,51.00981,541,41.0,6.5,141
13.74201,51.00935,571,49.7,7.28,128
13.75624,51.00889,1266,47.6,6.85,213
13.77047,51.00843,4158,47.3,6.52,1
13.7847,51.00796,2183,48.8,6.29,858
13.79893,51.0075,13437,45.1,5.9,8
13.81316,51.00703,1779,44.4,5.81,957
13.8274,51.00656,5038,45.5,6.38,2
13.84163,51.00609,5995,49.1,5.98,3
13.85586,51.00562,3513,48.1,7.18,889
13.87009,51.00514,455,44.6,7.08,71
13.88432,51.00467,119,51.6,3.64,11
13.89855,51.00419,499,47.8,6.79,75
13.91278,51.00371,629,49.5,6.05,83
13.92701,51.00323,367,50.4,6.43,30
13.94123,51.00274,189,48.2,5.8,6
13.95546,51.00226,197,46.1,4.93,16
13.96969,51.00177,12,47.3,,
14.06928,50.99832,23,53.7,,
14.08351,50.99782,124,49.0,6.51,7
14.09773,50.99731,7,51.2,,
14.14041,50.99579,112,45.8,4.65,6
14.15463,50.99529,47,52.6,2.37,3
14.18308,50.99426,50,50.2,,
14.19731,50.99375,167,50.2,4.55,4
14.21153,50.99323,5,51.6,,
14.23998,50.99219,4,59.3,,
14.60967,50.97806,1639,49.7,4.47,527
14.62388,50.97749,738,51.5,4.58,89
14.6381,50.97692,237,50.8,3.63,12
14.65231,50.97635,454,49.6,4.25,33
14.66652,50.97578,398,50.6,3.97,40
14.68074,50.97521,430,50.0,3.85,23
14.69495,50.97463,635,51.3,4.89,138
14.70916,50.97405,308,52.7,3.85,34
14.72338,50.97347,12,58.7,,
14.78022,50.97114,5,26.8,,
14.80864,50.96996,3,62.8,,
14.87969,50.96699,8,50.4,,
12.5319,51.0511,17,49.3,,
12.54615,51.05079,637,50.2,5.41,293
12.5604,51.05047,449,50.3,5.14,56
12.57466,51.05016,38,55.9,6.16,3
12.60316,51.04952,86,37.1,4.37,22
12.61742,51.0492,260,48.6,5.08,13
12.63167,51.04888,4,55.5,,
12.67443,51.0479,27,49.7,5.2,6
12.68868,51.04757,158,48.1,3.84,3
12.70293,51.04724,567,47.4,4.36,97
12.71718,51.0469,26,48.9,,
12.74568,51.04623,102,45.2,,
12.75993,51.04589,65,46.1,4.24,4
12.77419,51.04555,148,48.2,5.72,8
12.78844,51.04521,872,48.5,4.38,333
12.80269,51.04487,1588,47.8,4.85,555
12.81694,51.04452,23,61.0,,
12.83119,51.04418,93,48.8,5.28,7
12.84544,51.04383,5,27.4,,
12.85969,51.04348,12,37.3,4.0,3
12.87393,51.04313,38,50.1,3.81,5
12.88818,51.04277,21,47.3,,
12.91668,51.04206,12,42.0,,
12.93093,51.0417,12,34.0,,
12.94518,51.04134,58,44.9,,
12.95943,51.04097,69,43.1,5.25,9
12.97367,51.04061,187,45.8,5.29,17
12.98792,51.04024,71,46.7,3.98,9
13.00217,51.03988,9,50.5,,
13.01642,51.03951,48,48.6,5.54,9
13.03066,51.03913,209,50.5,3.91,6
13.04491,51.03876,32,41.0,4.8,6
13.05916,51.03839,212,45.1,4.67,25
13.0734,51.03801,156,46.6,4.51,5
13.11614,51.03687,27,29.8,4.5,4
13.13039,51.03648,18,42.2,4.26,3
13.14463,51.0361,18,43.5,,
13.15888,51.03571,365,50.0,3.82,89
13.17312,51.03532,10,55.8,,
13.21586,51.03415,3,37.3,,
13.2301,51.03375,147,51.0,4.91,5
13.27283,51.03255,13,53.8,,
13.30132,51.03174,796,46.2,5.08,217
13.31556,51.03134,497,47.8,5.07,78
13.3298,51.03093,11,54.3,5.73,9
13.34405,51.03052,3,57.5,,
13.37253,51.02969,45,48.4,4.1,6
13.38677,51.02928,84,45.5,3.92,4
13.40101,51.02886,231,42.9,4.5,30
13.41525,51.02844,5,35.7,,
13.44373,51.0276,10,29.2,6.02,7
13.45798,51.02717,31,36.5,,
13.47222,51.02675,224,45.1,4.14,10
13.48646,51.02632,25,37.4,5.0,4
13.52917,51.02503,3,46.6,,
13.54341,51.02459,32,49.5,5.13,7
13.55765,51.02416,400,39.9,4.9,37
13.57189,51.02372,43,54.9,,
13.58613,51.02328,368,44.4,5.72,31
13.60037,51.02284,203,41.6,5.47,16
13.6146,51.0224,882,46.3,5.83,77
13.62884,51.02195,1757,43.9,6.43,404
13.64308,51.0215,823,46.7,5.5,256
13.65731,51.02106,959,46.6,6.12,147
13.67155,51.0206,98,46.9,7.68,8
13.68579,51.02015,620,39.9,6.99,73
13.70002,51.0197,3453,44.3,7.19,1
13.71426,51.01924,3152,51.1,6.21,1
13.7285,51.01879,4066,49.5,6.05,2
13.74273,51.01833,3188,47.0,6.87,1
13.75697,51.01787,5753,49.6,6.56,3
13.7712,51.0174,5136,41.9,6.38,2
13.78544,51.01694,4591,49.3,6.34,2
13.79967,51.01647,660,38.7,7.19,301
13.8139,51.01601,4659,45.3,6.3,2
13.82814,51.01554,2418,48.8,6.4,1
13.84237,51.01507,1960,51.1,6.24,861
13.8566,51.01459,1127,54.4,6.88,301
13.87084,51.01412,666,51.1,7.43,130
13.88507,51.01364,36,43.8,10.33,4
13.8993,51.01316,231,43.3,4.94,3
13.91353,51.01268,55,47.2,,
13.942,51.01172,38,38.2,,
13.95623,51.01123,90,44.2,6.34,5
13.98469,51.01026,7,71.6,,
13.99892,51.00977,227,45.8,4.96,23
14.02738,51.00878,112,51.3,4.62,6
14.05584,51.00779,8,48.8,,
14.07007,51.00729,88,49.0,3.66,3
14.0843,51.00679,158,47.8,5.53,9
14.09853,51.00629,139,44.0,5.2,11
14.14121,51.00477,178,43.5,4.49,8
14.18389,51.00323,3,65.0,,
14.19812,51.00272,19,50.4,,
14.2408,51.00116,46,42.8,3.96,5
14.25502,51.00064,189,47.4,3.78,3
14.59634,50.98759,428,53.6,4.32,28
14.61056,50.98703,1343,56.6,4.68,650
14.62478,50.98646,272,57.0,4.91,101
14.63899,50.98589,44,50.5,,
14.65321,50.98532,787,54.2,4.58,130
14.66743,50.98475,387,46.7,4.64,96
14.78115,50.98011,199,45.4,3.42,8
14.79536,50.97952,21,49.8,,
14.80957,50.97893,20,44.0,,
14.82379,50.97834,6,42.1,,
14.86642,50.97655,54,45.2,2.79,3
14.88064,50.97595,390,54.1,3.55,18
12.53239,51.06008,77,46.7,,
12.54665,51.05977,315,49.2,5.37,104
12.5609,51.05945,1735,50.6,5.22,364
12.57516,51.05914,359,47.9,4.53,65
12.58941,51.05882,464,48.1,4.99,17
12.60367,51.0585,24,53.6,,
12.61792,51.05818,23,36.2,,
12.63218,51.05786,9,59.3,2.42,3
12.64644,51.05753,233,51.1,4.03,29
12.66069,51.05721,93,43.8,4.35,20
12.67495,51.05688,79,56.6,5.54,14
12.6892,51.05655,2387,50.9,4.84,782
12.70345,51.05622,879,46.6,4.54,157
12.73196,51.05555,27,35.4,,
12.74622,51.05521,41,50.7,3.44,7
12.76047,51.05488,94,47.6,2.09,3
12.77472,51.05454,66,35.6,,
12.78898,51.05419,1413,55.1,4.65,611
12.80323,51.05385,910,55.4,4.95,381
12.81748,51.05351,52,51.2,4.47,3
12.83174,51.05316,165,45.6,3.5,3
12.84599,51.05281,29,54.3,5.11,4
12.86024,51.05246,89,46.2,5.21,3
12.87449,51.05211,33,41.4,,
12.88874,51.05175,39,43.6,,
12.903,51.0514,47,49.7,3.14,3
12.91725,51.05104,12,63.8,,
12.9315,51.05068,9,57.9,,
12.94575,51.05032,133,43.5,4.75,13
12.96,51.04996,261,55.3,4.9,31
12.97425,51.04959,43,39.8,,
12.9885,51.04922,8,49.2,,
13.00275,51.04886,7,37.3,,
13.017,51.04849,583,54.0,4.18,122
13.03125,51.04811,27,46.1,,
13.0455,51.04774,66,55.4,4.59,24
13.05975,51.04737,122,44.6,3.54,7
13.08825,51.04661,176,44.0,5.54,6
13.1025,51.04623,31,41.2,,
13.11675,51.04585,4,54.3,,
13.131,51.04546,103,43.4,4.3,4
13.14524,51.04508,46,41.6,5.07,3
13.15949,51.04469,67,56.9,,
13.17374,51.0443,124,45.3,4.23,13
13.18799,51.04391,17,50.3,3.0,3
13.21648,51.04312,3,59.6,,
13.23073,51.04273,312,50.4,4.01,40
13.25922,51.04193,9,40.7,,
13.28771,51.04113,10,45.9,,
13.30196,51.04072,90,43.3,,
13.3162,51.04031,17,34.9,4.56,4
13.34469,51.0395,278,50.0,4.56,91
13.35894,51.03908,238,42.4,4.91,17
13.37318,51.03867,15,41.0,,
13.38743,51.03826,120,39.6,4.34,6
13.43016,51.037,110,36.8,4.69,10
13.4444,51.03658,70,49.9,4.06,5
13.47289,51.03573,11,36.3,,
13.48713,51.0353,9,27.5,,
13.51562,51.03444,10,35.6,,
13.52986,51.03401,73,45.9,,
13.5441,51.03357,962,44.0,5.37,64
13.55834,51.03313,203,33.2,,
13.58682,51.03226,1723,45.2,6.36,321
13.60106,51.03181,1650,42.5,6.34,727
13.6153,51.03137,29,41.6,5.76,9
13.62954,51.03093,533,47.0,6.66,83
13.64378,51.03048,986,49.0,6.77,181
13.65802,51.03003,2213,49.1,7.12,349
13.67226,51.02958,120,48.5,5.76,11
13.6865,51.02913,1929,47.7,6.81,345
13.70074,51.02867,4448,35.5,7.41,2
13.71498,51.02822,7645,41.0,7.06,3
13.72922,51.02776,3073,35.9,9.1,1
13.74346,51.0273,5416,43.8,6.48,2
13.75769,51.02684,5595,39.1,6.69,2
13.77193,51.02638,3090,43.8,7.11,1
13.78617,51.02592,1705,45.9,6.43,879
13.80041,51.02545,6001,45.5,6.33,3
13.81464,51.02498,4041,49.1,6.15,2
13.82888,51.02451,7073,48.6,6.85,3
13.84312,51.02404,2316,41.8,6.86,762
13.85735,51.02357,344,43.0,6.55,104
13.87159,51.02309,125,50.8,6.83,12
13.88582,51.02262,286,44.4,6.23,13
13.90006,51.02214,218,45.6,6.5,9
13.91429,51.02166,155,43.8,6.61,19
13.957,51.02021,219,48.9,5.01,10
13.98546,51.01923,67,48.9,,
13.9997,51.01874,121,48.1,4.25,6
14.01393,51.01825,30,48.0,,
14.02816,51.01775,182,47.6,4.48,7
14.04239,51.01726,38,48.5,5.53,3
14.05663,51.01676,219,44.1,3.66,11
14.07086,51.01626,3,64.2,,
14.08509,51.01576,19,38.6,,
14.11355,51.01475,7,48.5,5.38,3
14.12778,51.01425,3,64.6,,
14.14201,51.01374,90,42.4,2.46,6
14.17047,51.01272,3,68.3,,
14.21316,51.01117,283,48.8,3.8,6
14.22739,51.01065,45,45.8,,
14.58301,50.99713,146,53.9,4.55,65
14.59723,50.99656,125,52.1,3.92,3
14.61145,50.996,1091,56.7,4.29,658
14.62567,50.99543,185,52.6,4.79,7
14.63989,50.99486,576,53.1,4.12,44
14.65411,50.99429,156,50.5,4.4,27
14.66833,50.99372,41,62.1,,
14.71099,50.99199,174,44.9,4.2,9
14.78207,50.98907,103,45.4,3.98,15
14.79629,50.98849,522,50.7,3.96,53
14.85315,50.98612,129,40.7,,
14.86737,50.98552,197,50.3,3.66,10
14.88158,50.98492,4,67.6,3.54,3
12.46158,51.0706,305,44.8,4.87,52
12.47584,51.07029,330,50.8,5.46,63
12.50436,51.06968,7,64.5,,
12.53288,51.06906,331,47.3,5.2,39
12.54714,51.06875,71,61.7,,
12.5614,51.06844,244,46.6,4.4,28
12.60417,51.06748,6,28.2,,
12.61843,51.06716,89,44.0,4.06,15
12.63269,51.06684,17,32.4,,
12.67546,51.06586,69,49.0,,
12.68972,51.06553,64,43.2,4.07,5
12.70398,51.0652,132,48.3,6.74,4
12.71824,51.06487,44,53.4,,
12.73249,51.06453,10,53.0,,
12.74675,51.0642,153,51.1,4.5,11
12.76101,51.06386,207,49.4,4.6,31
12.77526,51.06352,66,48.1,4.57,15
12.78952,51.06318,16,51.7,,
12.81803,51.06249,47,47.1,4.29,3
12.83229,51.06214,31,48.1,4.68,3
12.84654,51.06179,84,46.4,4.14,13
12.8608,51.06144,5,54.8,,
12.87505,51.06109,16,34.9,,
12.90356,51.06038,77,48.0,5.54,3
12.94632,51.0593,270,47.6,4.23,19
12.96058,51.05894,73,38.1,3.57,5
12.97483,51.05857,146,43.8,4.01,14
12.98908,51.0582,134,48.0,4.9,5
13.00334,51.05784,90,43.9,,
13.01759,51.05747,71,49.2,3.61,5
13.03184,51.05709,39,46.2,,
13.04609,51.05672,9,43.6,,
13.06035,51.05635,12,51.2,,
13.1031,51.05521,6,23.5,,
13.11735,51.05483,7,57.4,,
13.1316,51.05444,36,52.8,3.24,5
13.14585,51.05406,52,45.0,,
13.1601,51.05367,11,24.0,,
13.17435,51.05328,132,49.5,4.24,11
13.18861,51.05289,476,52.8,3.52,103
13.20286,51.0525,26,50.6,3.96,10
13.23135,51.05171,55,46.2,4.54,3
13.2456,51.05131,196,49.1,3.33,3
13.25985,51.05091,44,54.3,3.93,4
13.28835,51.0501,424,46.2,5.13,34
13.3026,51.0497,487,48.9,5.71,110
13.31685,51.04929,3,70.5,,
13.34534,51.04847,90,49.0,4.64,14
13.38808,51.04723,5,57.5,,
13.41658,51.0464,112,42.2,4.85,3
13.43082,51.04598,27,55.7,,
13.44507,51.04555,98,38.5,5.97,9
13.48781,51.04428,3,66.0,,
13.5163,51.04342,8,47.1,,
13.53054,51.04298,284,37.6,5.93,103
13.54479,51.04255,244,41.8,5.56,23
13.60176,51.04079,92,46.1,5.15,3
13.616,51.04035,346,45.6,5.76,23
13.63025,51.0399,1328,49.0,6.86,344
13.64449,51.03946,1040,47.6,6.99,105
13.65873,51.03901,2026,45.5,6.35,1
13.67298,51.03856,5114,41.7,6.47,2
13.68722,51.0381,6492,39.6,6.87,3
13.70146,51.03765,6820,36.6,7.15,4
13.7157,51.03719,7084,35.4,6.99,3
13.72994,51.03674,6939,39.4,7.31,3
13.74418,51.03628,4403,39.4,8.46,2
13.75842,51.03582,2162,42.2,8.59,1
13.77266,51.03535,2596,50.0,6.93,1
13.7869,51.03489,10908,45.8,6.52,6
13.80114,51.03442,7253,45.1,6.58,4
13.81538,51.03396,6604,44.4,6.77,3
13.82962,51.03349,1368,41.0,6.86,463
13.84386,51.03302,1045,47.0,6.86,184
13.8581,51.03254,681,47.2,7.21,99
13.87234,51.03207,204,51.1,5.66,8
13.88658,51.03159,305,46.5,6.94,15
13.90081,51.03111,386,44.6,7.01,91
13.91505,51.03063,7,44.8,,
13.98624,51.0282,235,42.4,4.21,6
14.00047,51.02771,840,45.4,4.84,317
14.01471,51.02722,174,45.3,4.75,11
14.02894,51.02673,39,45.8,,
14.12858,51.02322,6,49.0,,
14.14282,51.02271,3,36.4,,
14.17128,51.02169,107,45.7,5.15,51
14.18551,51.02118,508,54.7,5.18,53
14.19975,51.02066,1923,54.8,4.94,1
14.21398,51.02015,1963,48.5,5.36,705
14.22821,51.01963,322,55.5,5.58,90
14.24244,51.01911,115,52.4,3.9,12
14.25667,51.01858,100,48.7,,
14.2709,51.01806,99,47.6,4.5,5
14.54123,51.00778,7,58.5,4.62,3
14.55545,51.00722,80,50.0,3.78,4
14.56968,51.00666,556,51.1,4.44,63
14.5839,51.00609,1466,51.4,4.66,551
14.59812,51.00553,641,48.1,4.53,59
14.61235,51.00497,371,46.8,4.25,40
14.62657,51.0044,128,53.3,3.63,7
14.64079,51.00383,261,52.4,4.32,9
14.65501,51.00326,46,41.4,,
14.66924,51.00268,24,59.0,,
14.68346,51.00211,11,60.5,,
14.69768,51.00153,108,48.8,4.02,4
14.7119,51.00096,128,44.8,3.27,5
14.72612,51.00038,352,45.5,6.09,29
14.74034,50.9998,125,48.0,3.78,6
14.76878,50.99863,16,44.6,4.97,3
14.79722,50.99745,197,48.0,4.46,20
14.81144,50.99686,13,35.9,,
14.85409,50.99508,17,50.8,,
14.86831,50.99448,26,41.4,,
12.36222,51.08166,82,47.8,1.35,3
12.37648,51.08136,105,49.8,,
12.41927,51.08048,59,44.6,4.98,31
12.43353,51.08018,113,47.9,4.33,14
12.46206,51.07958,67,41.0,5.01,24
12.50485,51.07866,187,47.4,5.04,17
12.51911,51.07836,327,46.2,4.31,23
12.53337,51.07805,103,47.8,4.51,3
12.54763,51.07773,82,53.9,,
12.61894,51.07615,121,46.5,4.42,11
12.6332,51.07582,110,47.3,5.47,3
12.66172,51.07517,46,45.5,,
12.69024,51.07451,41,36.9,,
12.7045,51.07418,17,47.1,,
12.71876,51.07385,15,48.5,,
12.73302,51.07351,5,61.5,,
12.74728,51.07318,75,50.4,3.57,5
12.7758,51.0725,4,44.7,,
12.79006,51.07216,83,47.7,,
12.81858,51.07147,35,46.6,,
12.83283,51.07112,207,53.2,4.31,41
12.84709,51.07077,14,56.3,,
12.86135,51.07042,18,57.2,,
12.87561,51.07007,147,48.8,4.98,3
12.88987,51.06971,153,47.4,4.7,15
12.90412,51.06936,535,53.5,4.44,207
12.91838,51.069,401,45.1,4.43,46
12.93264,51.06864,45,49.7,,
12.94689,51.06828,31,49.2,,
12.96115,51.06792,18,41.2,,
12.98966,51.06718,4,33.5,,
13.00392,51.06682,11,53.6,,
13.01817,51.06645,358,48.2,4.74,59
13.03243,51.06607,1090,48.6,4.93,352
13.04668,51.0657,197,41.4,4.47,9
13.06094,51.06533,119,47.5,4.88,4
13.07519,51.06495,9,68.2,,
13.08945,51.06457,4,52.7,,
13.1037,51.06419,182,44.5,5.08,10
13.13221,51.06342,9,49.0,,
13.14646,51.06304,132,50.5,4.15,31
13.16072,51.06265,42,53.5,3.57,4
13.17497,51.06226,838,41.5,4.24,277
13.18922,51.06187,1244,44.5,4.3,337
13.20348,51.06148,15,45.5,,
13.21773,51.06108,91,50.2,3.74,11
13.23198,51.06069,22,52.4,,
13.24623,51.06029,5,65.8,,
13.27474,51.05949,133,52.6,4.58,26
13.28899,51.05908,1476,51.3,4.72,714
13.30324,51.05868,1612,47.8,4.89,610
13.31749,51.05827,205,41.9,5.18,31
13.33174,51.05786,135,49.6,5.17,13
13.34599,51.05745,247,47.1,4.8,51
13.36024,51.05704,178,49.0,3.93,6
13.37449,51.05663,4,48.1,,
13.38874,51.05621,3,68.9,,
13.40299,51.05579,21,45.4,4.64,3
13.41724,51.05537,76,45.9,6.02,6
13.45999,51.05411,9,40.2,,
13.47424,51.05368,215,43.2,4.8,24
13.48848,51.05325,102,45.0,5.83,25
13.50273,51.05282,15,49.3,,
13.51698,51.05239,47,47.3,,
13.53123,51.05196,2117,48.4,5.79,605
13.54547,51.05152,1113,42.0,5.97,273
13.55972,51.05109,178,42.0,6.6,49
13.57397,51.05065,317,39.7,6.58,124
13.60246,51.04977,47,40.4,5.66,5
13.61671,51.04932,128,50.5,7.7,6
13.63095,51.04888,46,44.5,,
13.6452,51.04843,207,45.9,6.92,51
13.65944,51.04798,6850,41.9,5.97,3
13.67369,51.04753,8382,44.0,6.37,5
13.68793,51.04708,10591,38.4,6.7,6
13.70218,51.04663,7097,34.1,7.35,4
13.71642,51.04617,2494,40.4,8.24,1
13.73066,51.04571,8155,44.5,7.91,6
13.74491,51.04525,4740,40.1,7.46,3
13.75915,51.04479,5451,50.0,7.05,3
13.77339,51.04433,11438,45.8,6.92,6
13.78764,51.04387,10420,41.7,7.17,5
13.80188,51.0434,9576,39.5,7.45,4
13.81612,51.04293,2996,43.0,7.29,1
13.83036,51.04246,1075,44.3,8.08,321
13.84461,51.04199,733,50.0,6.86,41
13.85885,51.04152,820,45.7,6.63,133
13.87309,51.04104,423,42.0,6.21,61
13.88733,51.04056,230,49.9,6.74,12
13.90157,51.04009,22,51.2,,
13.91581,51.03961,527,42.5,5.25,41
13.93005,51.03912,279,44.2,6.19,32
13.94429,51.03864,360,44.7,7.09,32
13.95853,51.03815,68,42.9,4.73,4
13.97277,51.03767,29,40.7,6.32,3
13.98701,51.03718,449,44.6,4.94,39
14.00125,51.03669,284,50.4,4.83,34
14.01549,51.0362,3,61.5,,
14.02972,51.0357,261,46.9,4.37,26
14.04396,51.03521,263,44.7,5.71,50
14.0582,51.03471,17,45.4,,
14.08667,51.03371,19,61.7,4.03,4
14.14362,51.03168,9,37.4,,
14.15786,51.03117,34,41.4,,
14.17209,51.03066,258,44.3,4.77,36
14.18633,51.03015,119,48.4,5.4,26
14.20056,51.02963,869,51.5,5.41,307
14.2148,51.02912,1496,54.6,5.24,460
14.22903,51.0286,262,53.6,5.07,99
14.24326,51.02808,610,52.5,4.18,24
14.2575,51.02756,150,46.9,5.38,7
14.54211,51.01675,13,45.6,,
14.57056,51.01563,568,48.1,4.88,35
14.58479,51.01506,310,54.6,4.79,24
14.59901,51.0145,15,37.3,,
14.67014,51.01165,11,62.7,,
14.72704,51.00934,4,56.0,,
14.74126,51.00876,114,46.2,4.74,4
14.7697,51.00759,11,37.6,,
14.79815,51.00642,26,39.6,,
14.81237,51.00583,54,45.6,,
14.82659,51.00524,103,44.1,,
14.86925,51.00345,59,55.0,3.09,3
14.91191,51.00165,23,43.5,,
14.92613,51.00104,263,44.0,4.01,26
12.36267,51.09064,147,45.9,4.48,13
12.37694,51.09035,534,47.4,4.79,61
12.41974,51.08946,83,51.5,4.19,16
12.43401,51.08917,1471,52.7,4.72,595
12.44827,51.08887,762,48.2,4.98,138
12.46254,51.08856,3,66.8,,
12.4768,51.08826,8,41.2,,
12.5196,51.08734,198,50.6,5.74,23
12.53386,51.08703,622,49.0,4.99,158
12.56239,51.0864,248,49.0,4.47,12
12.63371,51.08481,89,41.9,,
12.64798,51.08448,329,45.7,4.46,9
12.66224,51.08415,102,42.5,4.74,20
12.69077,51.0835,151,48.3,4.59,21
12.70503,51.08316,24,52.6,,
12.71929,51.08283,15,44.0,,
12.74782,51.08216,25,55.8,,
12.76208,51.08182,5,30.8,,
12.77634,51.08148,3,75.2,,
12.7906,51.08114,37,42.9,,
12.80486,51.08079,62,46.3,5.59,3
12.83339,51.0801,25,51.8,,
12.84765,51.07975,128,50.5,4.42,11
12.86191,51.0794,4,63.2,,
12.87617,51.07905,71,47.7,4.19,3
12.89043,51.07869,204,51.0,4.5,14
12.90469,51.07834,1465,50.9,4.5,434
12.91895,51.07798,297,45.9,4.32,59
12.94747,51.07726,32,55.7,2.25,4
12.96173,51.0769,125,46.0,3.61,3
12.97598,51.07653,28,39.3,5.22,4
12.99024,51.07617,71,50.3,,
13.0045,51.0758,2000,50.2,4.53,813
13.01876,51.07543,1758,49.8,4.63,714
13.03302,51.07505,1513,45.4,4.71,398
13.04728,51.07468,14,41.8,,
13.07579,51.07393,14,58.9,,
13.09005,51.07355,20,42.4,,
13.10431,51.07317,3,58.8,,
13.11856,51.07279,102,47.5,4.02,20
13.13282,51.0724,51,53.1,,
13.14708,51.07202,54,48.3,,
13.16133,51.07163,42,51.5,4.59,4
13.17559,51.07124,1136,56.8,4.57,451
13.18984,51.07085,1150,52.7,4.74,406
13.2041,51.07046,52,44.9,3.03,3
13.21835,51.07006,19,45.6,4.67,4
13.23261,51.06966,125,48.7,4.61,3
13.24686,51.06927,34,49.7,4.36,11
13.28963,51.06806,311,45.9,5.07,94
13.30388,51.06766,165,55.6,,
13.31813,51.06725,75,48.0,4.26,3
13.33239,51.06684,34,48.4,,
13.36089,51.06602,54,54.6,,
13.37515,51.0656,138,45.5,4.99,18
13.3894,51.06519,154,44.1,4.93,22
13.40365,51.06477,9,40.5,,
13.4179,51.06435,271,45.9,5.79,17
13.43216,51.06393,37,46.0,,
13.44641,51.06351,105,40.2,4.6,6
13.46066,51.06308,3,54.0,,
13.47491,51.06266,4,50.2,,
13.48916,51.06223,29,40.1,,
13.51766,51.06137,30,47.2,4.85,10
13.53191,51.06094,57,49.0,,
13.57466,51.05963,4,43.9,,
13.58891,51.05919,163,47.5,6.68,27
13.60316,51.05874,22,41.2,,
13.63166,51.05786,123,41.9,5.57,6
13.6459,51.05741,662,47.8,6.57,50
13.66015,51.05696,2126,46.8,6.7,491
13.6744,51.05651,3369,42.5,7.04,1
13.68865,51.05606,3424,39.2,6.95,2
13.70289,51.0556,507,33.7,8.33,241
13.71714,51.05515,6366,35.4,7.29,4
13.73139,51.05469,4387,41.8,8.69,2
13.74563,51.05423,2129,47.1,7.14,1
13.75988,51.05377,10431,47.0,6.3,6
13.77413,51.05331,6064,49.2,6.77,3
13.78837,51.05284,6038,43.8,6.92,3
13.80262,51.05237,4541,45.8,7.47,2
13.81686,51.05191,2098,48.5,7.85,710
13.83111,51.05144,1554,46.0,8.65,416
13.84535,51.05096,788,44.8,6.92,70
13.8596,51.05049,833,44.3,7.0,59
13.87384,51.05002,660,46.8,6.79,41
13.90233,51.04906,135,46.0,5.68,7
13.91657,51.04858,34,46.0,,
13.93081,51.0481,15,39.9,,
13.97354,51.04664,163,49.2,3.95,7
13.98778,51.04615,22,39.3,,
14.00202,51.04566,41,45.4,,
14.03051,51.04467,98,48.7,4.52,9
14.04475,51.04418,78,45.0,5.18,3
14.05899,51.04368,104,44.0,5.1,7
14.07323,51.04318,932,51.3,5.8,238
14.08747,51.04268,372,42.6,5.37,69
14.10171,51.04218,436,42.9,6.0,68
14.11595,51.04167,225,44.1,6.2,21
14.13018,51.04117,248,44.2,4.93,47
14.14442,51.04066,38,45.3,5.34,5
14.20138,51.03861,3,28.7,,
14.21561,51.03809,135,49.7,4.37,4
14.22985,51.03757,92,37.7,,
14.38644,51.03175,67,48.7,,
14.40067,51.03121,287,47.0,4.69,12
14.4149,51.03067,96,49.3,5.28,4
14.48606,51.02793,19,39.7,,
14.51453,51.02683,35,46.0,,
14.52876,51.02627,31,56.9,,
14.54299,51.02571,54,49.3,3.61,5
14.55722,51.02516,411,45.3,3.61,26
14.57145,51.02459,208,50.0,3.56,11
14.5999,51.02347,4,33.6,,
14.61413,51.0229,85,47.5,,
14.62836,51.02233,32,49.4,,
14.67104,51.02062,78,44.8,,
14.72795,51.01831,92,44.7,3.96,17
14.74218,51.01773,1176,50.1,4.63,429
14.7564,51.01715,86,56.0,4.13,15
14.77063,51.01656,17,35.8,,
14.78485,51.01597,4,46.6,2.2,3
14.82752,51.0142,3,52.8,,
14.85597,51.01301,50,42.0,,
14.87019,51.01242,180,53.0,3.81,8
14.92708,51.01001,530,52.0,4.23,59
12.26324,51.10161,15,33.6,,
12.29178,51.10105,36,41.0,,
12.39167,51.09904,3,68.0,,
12.42021,51.09845,39,43.9,,
12.43448,51.09815,392,37.6,5.1,104
12.44875,51.09785,80,45.2,4.23,7
12.50582,51.09663,556,47.8,5.73,168
12.52009,51.09632,110,46.2,4.97,16
12.56289,51.09538,158,43.9,4.61,16
12.59143,51.09475,57,39.9,,
12.60569,51.09443,59,46.9,,
12.63423,51.09379,3,48.6,,
12.64849,51.09346,5,54.5,,
12.67702,51.09281,134,43.2,4.56,14
12.69129,51.09248,159,46.2,4.62,9
12.71982,51.09181,14,39.6,,
12.73409,51.09148,161,47.6,,
12.74835,51.09114,7,42.0,,
12.76261,51.0908,69,43.6,,
12.77688,51.09046,227,45.8,4.09,14
12.79114,51.09012,6,60.2,,
12.80541,51.08978,82,47.3,,
12.83394,51.08908,34,43.6,,
12.90525,51.08732,67,49.8,5.41,9
12.91951,51.08696,216,52.5,4.14,13
12.93378,51.0866,135,36.1,4.23,3
12.94804,51.08624,11,31.6,,
12.9623,51.08588,7,69.7,,
12.97656,51.08551,266,48.5,4.06,35
12.99082,51.08515,229,46.5,4.25,18
13.00508,51.08478,120,44.4,5.52,12
13.01935,51.08441,3,60.6,,
13.03361,51.08403,322,44.4,4.43,28
13.04787,51.08366,6,34.8,,
13.06213,51.08329,133,46.4,5.34,7
13.07639,51.08291,187,46.2,4.72,36
13.10491,51.08215,23,45.2,,
13.14769,51.081,305,48.3,4.38,42
13.16195,51.08061,51,42.0,,
13.1762,51.08022,22,51.1,,
13.19046,51.07983,43,50.3,4.78,5
13.20472,51.07943,93,47.2,,
13.21898,51.07904,9,56.6,,
13.23324,51.07864,173,50.5,4.05,14
13.24749,51.07825,170,45.0,4.62,11
13.26175,51.07785,67,48.4,2.7,7
13.27601,51.07744,20,49.3,1.5,3
13.29027,51.07704,165,51.3,4.6,57
13.30452,51.07663,74,39.3,,
13.33304,51.07582,94,44.6,4.81,23
13.34729,51.07541,216,45.7,5.16,22
13.36155,51.075,28,32.9,6.73,3
13.3758,51.07458,77,48.0,4.62,4
13.39006,51.07417,28,33.3,,
13.40431,51.07375,42,48.9,,
13.41857,51.07333,3,71.4,,
13.43282,51.07291,163,41.5,4.89,17
13.44708,51.07249,51,40.2,3.37,3
13.48984,51.07121,72,45.9,5.88,11
13.51835,51.07035,386,40.8,6.37,15
13.5326,51.06991,613,41.2,5.95,93
13.54685,51.06948,48,40.3,6.32,4
13.5611,51.06904,31,49.2,,
13.57536,51.0686,212,43.7,5.62,42
13.60386,51.06772,160,44.0,8.12,4
13.61811,51.06728,121,43.9,6.95,7
13.63236,51.06683,21,51.0,5.76,3
13.64661,51.06638,134,44.5,5.95,22
13.66086,51.06594,1644,46.5,7.19,412
13.67511,51.06548,3505,43.6,6.89,2
13.68936,51.06503,171,33.5,8.17,94
13.70361,51.06458,319,26.0,6.22,3
13.71786,51.06412,355,30.7,7.62,87
13.73211,51.06366,743,30.9,10.66,440
13.74636,51.0632,9304,36.6,7.38,5
13.76061,51.06274,8225,36.3,7.35,4
13.77486,51.06228,3651,33.9,7.58,2
13.78911,51.06182,1211,43.3,7.85,523
13.80336,51.06135,661,44.8,7.81,160
13.8176,51.06088,3160,43.5,7.91,981
13.83185,51.06041,2424,44.6,7.61,703
13.8461,51.05994,2587,48.2,7.39,799
13.86035,51.05947,1304,46.5,6.51,325
13.87459,51.05899,881,47.4,6.47,165
13.88884,51.05851,1230,46.3,6.7,120
13.90308,51.05803,387,47.9,6.37,24
13.91733,51.05755,6,45.0,,
13.93158,51.05707,76,48.8,5.95,6
14.0028,51.05463,320,42.4,5.41,44
14.01704,51.05414,40,36.0,,
14.05977,51.05265,11,63.8,,
14.07402,51.05215,258,50.1,5.35,63
14.08826,51.05165,472,45.7,5.25,128
14.14523,51.04963,122,41.3,5.47,15
14.15947,51.04912,4,50.9,,
14.17371,51.04861,86,45.5,4.62,3
14.21643,51.04706,214,49.0,4.05,10
14.23067,51.04654,78,46.5,4.36,7
14.28763,51.04445,11,38.1,3.95,7
14.38729,51.04072,3,65.5,,
14.40152,51.04018,203,52.1,5.14,9
14.41576,51.03964,396,50.9,4.3,26
14.42999,51.03909,296,55.4,5.73,23
14.44423,51.03855,106,53.0,3.64,3
14.45846,51.038,79,49.9,,
14.4727,51.03745,188,44.9,4.9,58
14.48693,51.0369,306,50.6,5.0,35
14.5154,51.0358,149,48.5,4.71,22
14.52963,51.03524,1014,48.1,4.48,251
14.54387,51.03468,172,57.9,4.26,16
14.5581,51.03412,230,55.6,3.78,5
14.62926,51.0313,270,44.5,4.64,22
14.65772,51.03016,14,49.0,,
14.67195,51.02959,818,54.6,5.09,46
14.68618,51.02901,23,57.5,,
14.70041,51.02844,20,55.8,,
14.71464,51.02786,37,43.1,4.7,3
14.72887,51.02728,416,43.2,4.77,52
14.7431,51.0267,381,49.6,4.15,13
14.75732,51.02611,336,51.3,4.28,41
14.77155,51.02553,235,46.3,4.28,10
14.78578,51.02494,157,50.8,3.58,3
14.80001,51.02435,203,47.5,4.04,8
14.85691,51.02198,6,36.3,,
14.87114,51.02138,147,53.3,2.78,3
14.92804,51.01898,891,49.0,4.17,135
12.23513,51.11115,141,48.7,4.1,7
12.24941,51.11087,22,41.0,,
12.27796,51.11032,48,51.0,,
12.29223,51.11004,7,53.5,,
12.33505,51.10918,165,44.7,4.42,9
12.42068,51.10743,696,50.4,5.42,240
12.43495,51.10713,78,49.5,3.97,24
12.49204,51.10592,135,43.5,3.91,48
12.50631,51.10561,428,45.8,5.3,29
12.52058,51.1053,174,46.8,5.52,10
12.56339,51.10437,88,49.6,3.25,4
12.59193,51.10373,4,65.6,,
12.6062,51.10341,553,44.8,4.84,107
12.63474,51.10277,84,45.5,1.5,3
12.64901,51.10244,91,51.7,4.3,12
12.66328,51.10212,229,46.5,4.47,15
12.69181,51.10146,190,49.8,4.28,15
12.70608,51.10113,144,48.6,4.94,15
12.72035,51.10079,4,73.5,,
12.73462,51.10046,37,40.0,,
12.76315,51.09978,126,48.5,4.83,11
12.80595,51.09876,11,44.4,,
12.82022,51.09841,179,53.6,5.07,5
12.83449,51.09806,8,45.0,,
12.86302,51.09736,4,45.5,,
12.87728,51.09701,4,54.7,,
12.89155,51.09666,24,48.9,,
12.93435,51.09558,3,57.5,,
12.94861,51.09522,12,43.2,,
12.96288,51.09486,289,53.8,4.79,77
12.97714,51.09449,1665,48.4,4.46,478
12.9914,51.09413,37,54.7,4.69,9
13.00567,51.09376,68,42.8,4.45,3
13.0342,51.09301,30,48.9,,
13.04846,51.09264,11,61.3,,
13.06272,51.09227,25,46.1,,
13.07699,51.09189,79,39.8,4.49,23
13.09125,51.09151,75,46.4,3.84,3
13.10551,51.09113,93,44.8,,
13.13404,51.09036,59,49.5,3.66,8
13.1483,51.08998,99,41.9,4.48,5
13.16256,51.08959,13,42.1,4.76,5
13.17682,51.0892,181,47.4,4.56,30
13.20534,51.08841,46,48.4,,
13.2196,51.08802,64,46.0,,
13.23386,51.08762,93,47.6,,
13.26239,51.08682,22,55.5,4.79,3
13.27665,51.08642,11,47.0,,
13.2909,51.08602,151,41.3,4.24,8
13.30516,51.08561,4,41.6,,
13.31942,51.08521,133,41.6,4.78,10
13.33368,51.0848,41,40.1,,
13.34794,51.08439,16,44.5,,
13.3622,51.08397,70,44.0,5.32,4
13.37646,51.08356,55,43.4,3.79,6
13.39072,51.08314,65,47.4,4.64,4
13.40497,51.08273,100,45.8,5.02,17
13.41923,51.08231,141,53.7,6.84,25
13.44775,51.08146,190,43.3,5.75,7
13.47626,51.08061,28,42.2,,
13.49052,51.08018,91,48.1,4.64,8
13.50477,51.07975,203,44.9,4.97,48
13.51903,51.07932,73,45.6,,
13.53328,51.07889,177,42.6,6.65,9
13.54754,51.07845,6,66.9,,
13.60456,51.0767,335,39.8,7.05,53
13.61881,51.07625,215,44.1,6.43,14
13.63307,51.07581,104,43.7,6.43,8
13.64732,51.07536,817,45.6,6.74,233
13.66157,51.07491,821,44.5,6.2,210
13.67583,51.07446,138,42.2,6.13,47
13.69008,51.07401,2670,42.1,6.88,1
13.70433,51.07355,1373,42.1,6.96,622
13.71858,51.0731,2590,34.7,7.11,1
13.73284,51.07264,5189,34.5,7.22,3
13.74709,51.07218,13710,33.3,7.56,7
13.76134,51.07172,6926,36.1,7.4,3
13.77559,51.07126,3306,40.3,7.11,1
13.78984,51.07079,3280,37.1,6.88,1
13.81834,51.06986,38,63.6,11.47,5
13.83259,51.06939,6,33.3,,
13.84684,51.06891,228,51.3,7.83,50
13.86109,51.06844,506,47.0,7.36,96
13.87534,51.06796,491,46.7,7.3,47
13.88959,51.06749,2462,48.1,7.14,1
13.93234,51.06605,25,49.0,,
13.94659,51.06556,108,60.4,5.9,24
13.97508,51.06459,7,38.0,,
14.00358,51.06361,16,51.3,,
14.01782,51.06312,311,46.0,5.49,18
14.06056,51.06163,186,45.8,4.75,15
14.07481,51.06113,237,44.0,4.16,19
14.17452,51.05758,219,47.8,4.94,13
14.23149,51.05551,345,47.7,5.15,23
14.24573,51.05499,4,31.8,,
14.34542,51.0513,104,48.4,4.33,8
14.35966,51.05076,3,65.0,,
14.3739,51.05023,181,49.0,3.93,11
14.38814,51.04969,308,38.8,4.95,71
14.40238,51.04915,101,48.2,4.25,26
14.41662,51.04861,14,49.7,,
14.43085,51.04806,637,49.4,4.87,153
14.44509,51.04752,57,34.5,3.58,16
14.45933,51.04697,203,45.0,4.5,4
14.47357,51.04642,312,45.7,4.62,30
14.4878,51.04587,275,53.7,3.86,28
14.51628,51.04477,309,45.0,4.3,20
14.53051,51.04421,205,51.1,4.09,14
14.54475,51.04365,11,51.0,,
14.55898,51.04309,8,27.8,,
14.57322,51.04253,3,63.4,,
14.58745,51.04197,147,48.8,4.4,5
14.60169,51.0414,145,54.0,5.79,5
14.63016,51.04027,79,52.7,,
14.64439,51.0397,3,63.4,,
14.65862,51.03913,77,55.2,2.56,3
14.67286,51.03856,289,52.0,4.36,22
14.70132,51.0374,3,58.2,,
14.71555,51.03683,142,48.7,,
14.72978,51.03625,18,58.2,,
14.74402,51.03566,7,44.0,,
14.77248,51.0345,52,49.5,,
14.80094,51.03332,36,53.0,,
14.87208,51.03035,105,44.6,4.33,6
14.88631,51.02975,29,45.3,,
14.92899,51.02794,181,55.2,4.39,96
12.24985,51.11986,344,49.4,4.72,9
12.29267,51.11902,36,49.6,,
12.32123,51.11845,18,50.5,,
12.3355,51.11817,133,47.1,6.53,3
12.42115,51.11641,172,48.5,4.36,50
12.43543,51.11611,520,47.0,4.22,199
12.47825,51.11521,197,49.9,5.24,95
12.49252,51.1149,2049,48.7,4.4,1
12.5068,51.1146,152,50.5,4.65,9
12.60671,51.1124,91,49.5,5.07,20
12.62098,51.11207,61,46.0,4.12,3
12.72088,51.10978,12,48.0,,
12.73515,51.10944,80,49.8,4.23,3
12.79223,51.10808,3,13.5,,
12.8065,51.10774,45,40.7,,
12.82077,51.10739,3,64.8,,
12.84931,51.1067,90,44.4,,
12.86358,51.10634,44,42.3,,
12.87784,51.10599,27,43.6,4.45,8
12.89211,51.10564,13,60.3,,
12.90638,51.10528,95,46.7,,
12.93492,51.10456,65,46.1,,
12.94918,51.1042,25,41.2,5.07,10
12.96345,51.10384,551,52.6,4.83,161
12.97772,51.10347,1471,57.3,4.81,734
12.99199,51.10311,77,43.7,3.44,14
13.00625,51.10274,66,49.1,3.81,7
13.02052,51.10237,31,42.6,3.18,3
13.04905,51.10162,36,47.7,,
13.06332,51.10125,161,45.4,5.14,3
13.09185,51.10049,137,49.3,3.55,4
13.10611,51.10011,208,46.8,4.56,23
13.12038,51.09973,229,48.9,5.37,18
13.13464,51.09934,413,46.7,5.04,58
13.14891,51.09895,6,37.7,,
13.16317,51.09857,23,48.5,4.9,4
13.17744,51.09818,104,51.1,4.86,10
13.1917,51.09779,96,40.2,4.4,14
13.20597,51.09739,14,50.3,,
13.22023,51.097,71,45.6,,
13.23449,51.0966,90,45.9,6.64,4
13.24876,51.0962,98,45.5,,
13.26302,51.0958,79,42.5,5.6,20
13.27728,51.0954,151,40.5,4.11,4
13.29154,51.095,6,67.2,,
13.30581,51.09459,51,43.3,5.0,3
13.32007,51.09418,25,35.7,,
13.33433,51.09378,32,45.5,2.55,3
13.34859,51.09336,81,54.1,5.1,6
13.36285,51.09295,51,48.6,4.53,27
13.37711,51.09254,123,45.5,4.47,5
13.39138,51.09212,50,54.8,3.71,9
13.40564,51.0917,21,55.9,4.69,3
13.4199,51.09129,77,40.3,4.64,19
13.44842,51.09044,38,48.4,5.34,7
13.46268,51.09002,91,44.4,5.96,4
13.50545,51.08873,43,43.0,,
13.56249,51.08699,128,46.2,5.66,16
13.57674,51.08656,176,40.6,7.07,27
13.591,51.08612,466,35.9,6.46,59
13.60526,51.08567,369,46.5,6.72,49
13.61952,51.08523,1356,48.8,6.1,393
13.63377,51.08478,1809,42.5,6.92,527
13.64803,51.08434,1474,45.7,6.96,482
13.66228,51.08389,974,44.2,6.63,274
13.67654,51.08344,1061,45.6,6.5,430
13.6908,51.08298,386,44.6,6.64,189
13.70505,51.08253,8259,39.8,7.06,4
13.71931,51.08207,8764,37.0,6.86,4
13.73356,51.08161,3398,37.9,6.99,2
13.74782,51.08116,3529,39.3,7.03,2
13.76207,51.08069,206,57.5,9.39,129
13.77632,51.08023,16,42.6,,
13.79058,51.07977,251,33.0,6.14,125
13.8761,51.07694,6,34.4,,
13.89035,51.07646,362,45.0,6.32,71
13.9046,51.07598,821,50.5,6.59,128
13.91885,51.0755,39,40.3,5.66,3
13.9331,51.07502,39,47.9,5.83,3
14.00435,51.07258,9,47.0,,
14.0186,51.07209,42,43.8,5.42,20
14.06135,51.0706,106,45.1,4.98,11
14.08985,51.0696,17,38.2,,
14.10409,51.06909,167,47.6,3.55,6
14.11834,51.06859,221,44.6,4.18,11
14.13259,51.06808,161,42.8,4.03,7
14.14684,51.06757,16,38.7,,
14.17533,51.06655,7,61.0,,
14.20382,51.06552,156,42.1,5.02,6
14.21807,51.065,324,45.7,5.08,21
14.23231,51.06448,4,50.0,,
14.31778,51.06133,10,59.8,,
14.33202,51.0608,48,51.8,4.17,3
14.34626,51.06027,592,52.4,4.45,50
14.36051,51.05973,18,61.8,,
14.37475,51.0592,226,45.8,4.73,17
14.38899,51.05866,451,46.9,4.78,32
14.40323,51.05812,512,48.1,4.37,42
14.41747,51.05758,174,47.3,4.24,10
14.43171,51.05703,447,50.5,5.03,43
14.44595,51.05649,267,48.2,5.45,17
14.47443,51.05539,67,53.6,3.28,3
14.48867,51.05484,145,60.5,,
14.50291,51.05429,785,48.6,4.48,218
14.51715,51.05373,38,42.4,,
14.57411,51.0515,48,43.4,,
14.60258,51.05037,235,54.4,5.2,43
14.61682,51.04981,156,49.4,4.75,37
14.63105,51.04924,45,46.1,,
14.64529,51.04867,49,52.5,,
14.65953,51.0481,348,48.3,3.38,23
14.67376,51.04752,5,54.2,,
14.688,51.04695,22,57.4,,
14.70223,51.04637,8,40.5,,
14.71647,51.04579,21,54.4,,
14.7307,51.04521,10,40.3,,
14.80187,51.04229,13,50.9,3.82,3
14.8161,51.0417,243,49.3,4.56,49
14.83033,51.0411,117,67.0,3.91,5
14.87303,51.03931,18,40.0,,
14.88726,51.03872,100,50.5,,
14.90149,51.03811,47,43.4,3.12,5
14.94418,51.0363,77,57.7,3.52,13
12.25028,51.12884,127,43.4,3.78,25
12.26456,51.12856,31,44.4,,
12.27884,51.12829,51,43.6,,
12.29312,51.128,15,44.7,,
12.33596,51.12715,15,54.6,,
12.45018,51.1248,83,54.1,,
12.46445,51.1245,82,59.0,,
12.47873,51.12419,1686,49.9,4.89,621
12.49301,51.12389,2454,46.0,5.21,843
12.50728,51.12358,2800,48.4,4.86,1
12.56439,51.12233,40,51.1,,
12.57866,51.12202,72,50.5,,
12.59294,51.1217,414,47.6,5.0,15
12.60721,51.12138,9,61.7,,
12.63576,51.12073,5,43.5,,
12.66431,51.12008,12,48.2,,
12.69286,51.11942,3,39.1,,
12.7785,51.11741,79,49.3,4.12,4
12.79277,51.11706,261,47.2,4.51,10
12.80704,51.11672,28,47.8,,
12.82132,51.11637,265,47.1,4.44,18
12.83559,51.11603,392,45.9,4.95,74
12.86413,51.11533,33,57.0,,
12.8784,51.11497,184,46.0,6.41,27
12.89267,51.11462,32,48.8,,
12.90695,51.11426,18,54.7,,
12.92122,51.1139,113,72.7,4.75,9
12.93549,51.11354,161,46.3,3.96,17
12.94976,51.11318,3,74.1,,
12.96403,51.11282,82,41.9,,
12.9783,51.11245,11,48.5,4.43,3
12.99257,51.11209,14,54.7,,
13.02111,51.11135,31,58.1,4.58,3
13.03538,51.11097,7,45.3,,
13.04964,51.1106,74,48.4,5.59,7
13.06391,51.11022,26,47.6,,
13.07818,51.10985,66,45.9,4.25,4
13.09245,51.10947,64,48.6,,
13.10672,51.10909,147,48.0,,
13.12099,51.1087,42,49.2,4.82,8
13.13525,51.10832,70,49.8,4.98,14
13.14952,51.10793,44,57.6,,
13.16379,51.10755,129,49.1,5.05,9
13.17806,51.10716,94,50.5,,
13.20659,51.10637,21,50.3,,
13.22086,51.10598,13,57.8,,
13.23512,51.10558,37,59.0,4.43,7
13.24939,51.10518,38,37.9,3.66,3
13.26365,51.10478,70,46.1,4.27,11
13.27792,51.10438,61,46.0,7.15,3
13.29218,51.10398,47,39.2,,
13.30645,51.10357,5,34.1,,
13.32071,51.10316,21,31.0,,
13.33498,51.10275,29,33.2,3.35,3
13.34924,51.10234,33,36.8,,
13.36351,51.10193,20,46.6,4.43,5
13.37777,51.10152,17,48.4,,
13.39203,51.1011,8,41.1,,
13.4063,51.10068,263,51.4,4.04,18
13.42056,51.10026,107,48.4,2.97,4
13.43482,51.09984,98,44.9,4.83,17
13.46335,51.09899,302,49.4,5.71,29
13.47761,51.09857,137,41.7,4.5,19
13.49187,51.09814,73,47.2,5.14,18
13.50613,51.09771,62,37.2,3.77,4
13.5204,51.09728,458,46.4,5.17,85
13.53466,51.09684,58,46.6,,
13.54892,51.09641,12,43.3,,
13.56318,51.09597,3,71.0,,
13.57744,51.09553,23,47.2,,
13.5917,51.09509,78,51.3,4.37,4
13.60596,51.09465,287,45.1,6.7,63
13.62022,51.09421,9,52.0,5.26,6
13.63448,51.09376,361,47.2,6.69,35
13.64874,51.09331,442,44.8,6.85,88
13.663,51.09286,808,47.6,6.11,168
13.67725,51.09241,1699,44.8,6.13,405
13.69151,51.09196,1766,41.6,6.81,818
13.70577,51.0915,5271,46.9,6.0,3
13.72003,51.09105,8837,42.3,6.75,4
13.73429,51.09059,3081,38.7,6.95,1
13.74854,51.09013,782,33.2,5.88,3
13.7628,51.08967,45,58.7,,
13.8911,51.08544,57,46.0,8.06,4
13.90536,51.08496,326,50.9,5.87,17
13.91961,51.08448,230,41.8,5.14,28
13.93387,51.08399,159,42.7,5.43,3
14.01938,51.08106,402,46.0,4.03,9
14.07639,51.07907,40,50.2,,
14.09064,51.07857,16,38.0,6.41,3
14.10489,51.07807,65,56.6,4.54,30
14.11914,51.07756,10,27.0,,
14.14764,51.07655,36,42.7,,
14.16189,51.07604,28,40.5,,
14.19039,51.07501,20,40.2,,
14.20464,51.07449,162,50.5,4.5,3
14.33286,51.06977,24,52.0,3.99,10
14.34711,51.06924,565,48.4,4.47,50
14.36135,51.0687,11,37.4,4.48,4
14.41833,51.06655,18,46.6,,
14.43257,51.066,313,49.0,4.29,18
14.44682,51.06546,118,48.8,5.33,3
14.46106,51.06491,4,82.3,,
14.4753,51.06436,7,38.0,,
14.48955,51.06381,260,53.8,4.33,7
14.50379,51.06326,613,51.1,4.18,134
14.51803,51.0627,86,48.0,4.2,9
14.54651,51.06159,3,35.1,,
14.56075,51.06103,335,47.4,3.32,9
14.57499,51.06047,472,49.4,4.46,29
14.58923,51.05991,48,52.8,,
14.61771,51.05878,146,52.9,4.82,9
14.63195,51.05821,145,47.7,4.96,13
14.64619,51.05764,95,49.2,,
14.66043,51.05707,425,46.8,4.2,40
14.67467,51.05649,9,55.4,,
14.68891,51.05592,152,47.9,4.19,16
14.70314,51.05534,24,46.0,3.4,3
14.71738,51.05476,4,54.0,7.89,3
14.78856,51.05184,13,59.2,,
14.8028,51.05125,3,35.0,,
14.81703,51.05066,427,50.3,4.09,115
14.83127,51.05007,717,49.6,4.18,99
14.8455,51.04947,284,47.5,4.25,42
14.85974,51.04888,92,48.4,4.13,8
14.90244,51.04708,133,46.3,3.29,15
14.91667,51.04648,6,39.8,,
14.94514,51.04526,185,48.2,4.28,7
12.22216,51.13838,129,46.6,4.46,7
12.23644,51.1381,145,45.8,5.14,31
12.265,51.13755,45,51.4,,
12.29357,51.13699,3,44.0,,
12.30785,51.13671,14,38.2,,
12.32213,51.13642,79,50.1,5.02,13
12.33641,51.13613,11,32.0,4.35,3
12.42209,51.13438,16,42.6,4.97,4
12.45065,51.13378,1105,44.4,4.95,288
12.46493,51.13348,12,38.2,,
12.49349,51.13287,2964,50.7,5.0,2
12.50777,51.13256,1588,48.4,4.87,694
12.59344,51.13068,32,49.7,,
12.60772,51.13036,4,68.7,,
12.622,51.13004,3,68.2,,
12.65055,51.12939,85,44.3,,
12.66483,51.12906,345,48.0,4.48,21
12.79331,51.12604,606,51.3,4.88,163
12.80759,51.1257,1685,52.5,4.7,664
12.82186,51.12535,186,48.0,4.28,81
12.83614,51.12501,30,49.3,,
12.85041,51.12466,107,50.3,3.86,9
12.86469,51.12431,16,43.2,,
12.87896,51.12395,63,54.0,,
12.89324,51.1236,13,52.4,3.58,4
12.90751,51.12324,103,48.9,,
12.92178,51.12288,31,49.8,,
12.93606,51.12252,199,46.0,4.24,22
12.95033,51.12216,109,47.5,,
12.9646,51.1218,70,47.7,4.77,3
12.99315,51.12107,120,47.1,4.53,12
13.02169,51.12033,16,39.4,4.93,4
13.03597,51.11995,55,46.6,3.62,6
13.05024,51.11958,185,50.8,4.73,42
13.06451,51.1192,54,40.6,3.64,3
13.07878,51.11883,129,51.2,5.02,23
13.09305,51.11845,182,43.6,4.85,67
13.10732,51.11807,1904,44.4,5.01,748
13.12159,51.11768,2856,41.3,4.81,1
13.13586,51.1173,2079,54.0,5.43,726
13.15013,51.11691,49,51.3,5.55,10
13.1644,51.11652,8,56.8,,
13.17867,51.11614,155,41.0,4.0,5
13.19294,51.11574,108,45.0,,
13.20721,51.11535,18,58.7,,
13.22148,51.11496,66,42.6,3.65,4
13.23575,51.11456,9,40.3,,
13.25002,51.11416,20,49.8,,
13.26429,51.11376,100,44.0,2.41,3
13.27856,51.11336,67,45.0,5.55,4
13.29282,51.11295,16,55.6,,
13.30709,51.11255,126,43.4,3.8,14
13.32136,51.11214,130,48.0,4.45,23
13.33563,51.11173,38,48.8,6.76,3
13.34989,51.11132,111,40.5,4.52,11
13.36416,51.11091,16,48.5,2.97,6
13.39269,51.11008,55,37.6,5.08,16
13.40696,51.10966,54,50.9,,
13.42123,51.10924,120,49.3,4.4,31
13.43549,51.10882,64,43.6,4.76,4
13.46402,51.10797,19,53.9,,
13.47829,51.10754,256,41.6,5.59,81
13.49255,51.10712,42,54.8,3.1,3
13.52108,51.10625,25,49.6,,
13.54961,51.10538,62,42.0,7.56,11
13.56387,51.10495,253,46.0,4.89,17
13.57813,51.10451,244,42.8,6.41,60
13.5924,51.10407,21,39.7,,
13.60666,51.10363,223,44.0,6.34,15
13.62092,51.10318,1660,48.2,6.35,739
13.63518,51.10274,1689,41.8,6.57,529
13.64945,51.10229,624,49.7,7.95,225
13.66371,51.10184,2131,49.4,6.19,975
13.67797,51.10139,3886,46.0,6.85,2
13.69223,51.10093,2181,48.7,6.33,774
13.70649,51.10048,430,42.5,5.68,66
13.72075,51.10002,2142,41.4,6.88,786
13.73501,51.09957,171,33.8,7.28,37
13.84909,51.09584,3,36.9,,
13.90612,51.09393,384,48.0,6.02,12
13.92037,51.09345,677,46.2,5.45,57
13.94889,51.09248,167,44.1,4.6,23
13.96314,51.092,69,43.7,4.88,5
13.9774,51.09151,624,42.8,6.09,114
13.99165,51.09102,796,44.9,5.05,282
14.00591,51.09053,446,47.4,5.09,102
14.02016,51.09004,392,43.3,5.71,102
14.04867,51.08904,7,55.5,,
14.06293,51.08855,77,55.0,3.17,3
14.07718,51.08805,212,47.8,4.59,5
14.09144,51.08754,69,47.1,3.87,17
14.10569,51.08704,282,44.0,5.16,7
14.14845,51.08552,176,41.6,4.79,4
14.1627,51.08501,67,47.6,4.28,7
14.20545,51.08346,25,42.7,,
14.2197,51.08295,24,55.6,,
14.23396,51.08243,4,46.1,,
14.26246,51.08138,34,32.6,5.59,12
14.27671,51.08086,35,46.7,4.54,5
14.29096,51.08033,26,33.4,5.15,9
14.3052,51.0798,5,37.5,,
14.31945,51.07927,20,46.2,5.0,3
14.3337,51.07874,608,50.4,4.95,40
14.34795,51.07821,103,56.4,,
14.3622,51.07767,569,49.2,4.61,59
14.37645,51.07714,3,58.0,,
14.39069,51.0766,72,48.2,5.61,4
14.40494,51.07606,267,47.7,5.69,4
14.41919,51.07552,723,45.9,4.85,65
14.43343,51.07497,834,52.2,4.67,158
14.47617,51.07333,47,42.7,4.1,3
14.49042,51.07278,57,50.5,4.19,4
14.50466,51.07223,178,49.4,5.21,8
14.51891,51.07167,185,53.1,4.53,4
14.53315,51.07112,279,47.6,4.62,18
14.54739,51.07056,134,45.0,,
14.56164,51.07,132,46.2,3.71,5
14.59012,51.06888,133,47.9,3.85,5
14.63285,51.06718,144,46.8,3.47,5
14.64709,51.06661,331,48.4,4.71,31
14.66134,51.06603,3,58.3,,
14.67558,51.06546,30,50.6,,
14.68982,51.06488,168,45.3,,
14.7183,51.06373,137,49.1,4.26,8
14.73254,51.06315,85,42.6,3.02,4
14.76102,51.06198,13,45.8,,
14.78949,51.06081,44,47.0,4.56,3
14.80373,51.06022,214,48.1,2.73,4
14.81797,51.05963,30,49.3,,
14.86068,51.05784,93,48.6,4.74,18
14.87492,51.05725,274,47.8,4.67,16
14.88915,51.05665,308,50.1,4.76,147
14.94609,51.05423,3,64.3,,
14.96033,51.05362,3,24.0,,
12.22259,51.14736,13,38.7,,
12.23687,51.14709,590,45.2,4.29,37
12.26544,51.14653,101,48.8,7.58,7
12.27973,51.14625,616,55.0,5.44,179
12.29401,51.14597,501,42.3,4.95,129
12.3083,51.14569,83,49.6,4.13,3
12.32258,51.1454,150,50.1,4.32,26
12.35115,51.14483,26,45.6,3.13,3
12.40828,51.14366,356,51.4,4.14,97
12.45113,51.14276,300,38.5,4.68,42
12.49398,51.14185,89,38.7,6.12,14
12.50826,51.14154,590,44.5,5.0,31
12.52254,51.14123,25,23.1,,
12.57967,51.13998,11,67.0,,
12.60823,51.13934,4,53.6,,
12.62251,51.13902,208,51.1,3.07,4
12.63679,51.1387,473,49.8,4.8,114
12.65107,51.13837,651,46.8,6.4,77
12.66535,51.13805,12,53.0,,
12.67963,51.13772,7,60.7,,
12.69391,51.13739,265,45.2,3.91,14
12.70819,51.13706,3,67.2,,
12.77958,51.13537,40,48.9,4.47,13
12.79386,51.13503,919,46.6,4.57,264
12.80814,51.13468,382,49.7,4.39,90
12.82241,51.13434,183,56.7,4.13,23
12.83669,51.13399,66,53.3,,
12.85097,51.13364,157,47.7,,
12.86525,51.13329,43,49.0,4.17,3
12.87952,51.13293,58,46.3,,
12.8938,51.13258,6,66.7,,
12.90808,51.13222,84,44.4,,
12.92235,51.13186,7,57.8,,
12.93663,51.1315,75,47.4,3.99,3
12.9509,51.13114,51,54.4,,
12.96518,51.13078,28,51.2,,
12.99373,51.13005,106,51.3,3.92,10
13.00801,51.12968,35,46.7,,
13.03656,51.12893,84,44.7,4.06,12
13.05083,51.12856,45,45.8,5.01,12
13.06511,51.12818,504,54.8,5.18,76
13.07938,51.12781,554,49.1,4.92,102
13.09365,51.12743,1050,46.1,4.87,549
13.10793,51.12705,1062,48.8,4.96,505
13.1222,51.12666,4298,46.8,4.97,2
13.13647,51.12628,2126,53.4,5.12,1
13.15075,51.12589,197,49.9,5.15,35
13.16502,51.1255,36,49.3,,
13.17929,51.12511,39,39.7,6.42,3
13.19356,51.12472,19,39.5,,
13.20784,51.12433,71,46.7,5.59,6
13.22211,51.12393,242,48.2,4.25,35
13.23638,51.12354,32,51.5,,
13.26492,51.12274,38,44.3,2.6,7
13.29346,51.12193,82,48.0,4.79,21
13.30773,51.12153,110,46.7,4.69,4
13.322,51.12112,22,33.0,,
13.33628,51.12071,23,42.6,4.17,4
13.35054,51.1203,58,47.7,4.48,8
13.36481,51.11989,135,49.8,3.25,5
13.37908,51.11947,319,46.4,4.7,70
13.39335,51.11906,12,45.7,3.9,3
13.40762,51.11864,38,47.3,,
13.42189,51.11822,77,44.1,5.16,16
13.43616,51.1178,66,43.4,,
13.45043,51.11737,157,44.8,5.17,25
13.46469,51.11695,89,40.9,6.05,10
13.47896,51.11652,148,37.1,4.84,38
13.5075,51.11566,477,44.2,5.48,80
13.52176,51.11523,166,42.1,4.92,4
13.53603,51.1148,94,43.5,4.62,24
13.5503,51.11436,153,47.4,5.29,8
13.56456,51.11392,471,42.7,5.62,68
13.57883,51.11349,1149,44.3,6.07,388
13.5931,51.11304,498,40.8,6.55,161
13.60736,51.1126,1023,42.2,6.36,199
13.62163,51.11216,1771,48.4,6.41,499
13.63589,51.11171,3266,48.0,6.55,827
13.65016,51.11126,2624,49.6,7.01,601
13.66442,51.11081,1692,51.4,6.87,479
13.67868,51.11036,1428,48.3,7.9,375
13.69295,51.10991,1018,44.5,7.67,152
13.70721,51.10946,192,47.8,5.14,12
13.72148,51.109,380,50.0,6.74,49
13.73574,51.10854,400,46.0,6.7,26
13.75,51.10808,512,46.6,6.46,34
13.76426,51.10762,1635,46.0,7.06,285
13.77853,51.10716,711,44.8,7.65,234
13.79279,51.10669,3,80.0,,
13.83557,51.10528,4,38.8,,
13.90688,51.10291,2029,53.4,5.67,1
13.92114,51.10242,1584,45.4,5.24,603
13.94965,51.10146,193,42.8,5.96,7
13.96391,51.10097,58,47.5,4.56,9
13.97817,51.10048,457,42.5,5.28,38
13.99243,51.09999,666,46.9,4.77,146
14.00669,51.0995,29,50.7,,
14.02095,51.09901,20,45.0,,
14.0352,51.09851,335,44.7,5.17,32
14.04946,51.09802,243,48.5,4.87,18
14.07797,51.09702,21,41.0,4.83,4
14.09223,51.09652,55,37.3,4.83,12
14.14925,51.09449,105,48.7,4.73,7
14.16351,51.09398,213,41.7,4.75,46
14.22052,51.09192,4,27.0,,
14.23478,51.0914,54,46.2,,
14.26328,51.09036,70,35.5,6.31,8
14.27754,51.08983,103,49.2,4.95,3
14.29179,51.0893,126,52.2,4.47,17
14.30604,51.08878,264,53.0,4.9,3
14.32029,51.08825,511,50.5,4.86,68
14.33454,51.08771,27,53.8,,
14.34879,51.08718,3,19.9,,
14.39155,51.08557,4,62.5,,
14.4058,51.08503,58,44.6,,
14.42005,51.08449,203,44.6,5.05,79
14.43429,51.08394,381,47.0,4.59,73
14.44854,51.0834,397,50.0,5.06,24
14.46279,51.08285,239,49.1,3.76,7
14.47704,51.0823,105,53.0,4.2,6
14.49129,51.08175,33,52.4,,
14.53403,51.08009,150,48.5,,
14.54828,51.07953,294,50.4,4.19,64
14.56252,51.07897,130,44.0,4.51,7
14.57677,51.07841,302,48.3,4.08,5
14.59102,51.07784,241,54.3,4.24,4
14.60526,51.07728,333,49.0,4.93,54
14.61951,51.07671,33,45.8,,
14.63375,51.07614,60,38.6,4.75,26
14.648,51.07557,481,48.8,4.3,84
14.66224,51.075,112,46.9,4.37,11
14.67648,51.07443,76,46.4,4.63,8
14.69073,51.07385,196,48.0,3.69,16
14.71921,51.0727,26,34.8,2.13,3
14.73346,51.07212,178,49.0,4.43,17
14.7477,51.07153,28,51.8,,
14.77618,51.07036,109,45.2,2.71,3
14.79042,51.06978,324,49.0,4.18,10
14.80466,51.06919,18,54.1,,
14.87586,51.06621,44,51.4,,
14.8901,51.06561,345,44.9,4.28,37
14.94705,51.0632,75,50.1,5.0,7
14.96129,51.06259,89,46.5,4.5,32
12.23731,51.15607,285,45.9,4.78,21
12.2516,51.15579,48,44.4,,
12.26588,51.15552,121,55.9,6.43,7
12.28017,51.15524,3263,49.6,5.22,996
12.29446,51.15496,620,54.6,7.72,135
12.30875,51.15467,30,44.2,4.58,7
12.40875,51.15264,2189,50.7,5.28,825
12.42304,51.15235,70,46.8,4.45,5
12.43732,51.15205,38,48.4,,
12.45161,51.15175,288,44.5,5.46,34
12.46589,51.15144,162,52.9,4.74,73
12.49446,51.15083,69,51.7,,
12.50875,51.15053,304,47.0,4.77,25
12.52303,51.15022,267,49.2,4.82,27
12.53732,51.14991,201,44.4,3.58,9
12.58017,51.14896,219,46.1,4.52,6
12.59445,51.14864,9,30.4,,
12.60873,51.14832,54,46.2,7.4,3
12.62302,51.148,151,44.7,4.75,16
12.6373,51.14768,1070,48.1,5.51,246
12.65158,51.14735,1619,52.2,5.39,487
12.66587,51.14703,770,48.1,5.02,323
12.68015,51.1467,3,78.5,,
12.75156,51.14503,49,52.1,,
12.76584,51.14469,5,54.7,,
12.78012,51.14435,48,53.0,,
12.7944,51.14401,16,58.8,,
12.80868,51.14366,5,55.6,,
12.82296,51.14332,203,45.5,4.03,75
12.83724,51.14297,135,49.6,4.65,7
12.85152,51.14262,23,48.0,,
12.89436,51.14156,50,38.9,4.26,8
12.92292,51.14084,125,45.0,4.31,14
12.9372,51.14048,8,48.9,,
12.95148,51.14012,200,47.2,4.69,18
12.98004,51.13939,102,48.2,4.54,8
12.99431,51.13903,207,57.3,4.08,7
13.02287,51.13829,282,46.7,3.61,74
13.03715,51.13791,291,53.9,3.82,51
13.05142,51.13754,3,48.8,,
13.0657,51.13716,57,50.2,4.65,11
13.07998,51.13679,11,59.7,,
13.09425,51.13641,312,48.1,4.88,79
13.10853,51.13603,102,52.0,4.89,23
13.12281,51.13564,590,53.1,4.52,103
13.13708,51.13526,419,52.6,5.74,46
13.16563,51.13448,15,53.0,,
13.17991,51.13409,178,48.2,4.92,55
13.19419,51.1337,170,44.3,4.47,40
13.20846,51.13331,3,63.0,,
13.22273,51.13291,59,49.2,4.19,3
13.23701,51.13252,41,43.7,,
13.25128,51.13212,24,44.8,4.21,3
13.26556,51.13172,9,38.7,,
13.27983,51.13131,46,53.3,,
13.2941,51.13091,5,53.6,,
13.30838,51.1305,59,42.7,5.0,3
13.32265,51.1301,13,36.5,3.42,3
13.33692,51.12969,74,44.1,4.17,7
13.3512,51.12928,18,34.5,3.25,5
13.36547,51.12886,39,45.5,,
13.37974,51.12845,31,37.6,3.77,3
13.39401,51.12803,121,46.2,4.4,18
13.42256,51.1272,222,46.5,3.97,16
13.43683,51.12677,302,45.2,5.0,27
13.4511,51.12635,4,58.6,,
13.46537,51.12593,27,48.9,4.13,3
13.49391,51.12507,20,52.5,4.69,3
13.50818,51.12464,90,46.0,,
13.52245,51.12421,93,48.6,5.51,8
13.53672,51.12377,25,48.0,,
13.55099,51.12334,8,29.4,,
13.56526,51.1229,782,49.7,6.18,339
13.57953,51.12246,1968,45.8,6.1,747
13.59379,51.12202,2431,52.3,5.42,1
13.60806,51.12158,1078,45.9,6.98,195
13.62233,51.12113,800,46.4,7.1,208
13.6366,51.12069,1168,48.4,7.27,124
13.65087,51.12024,329,43.8,6.28,36
13.66513,51.11979,398,45.9,6.87,38
13.6794,51.11934,528,46.3,5.79,17
13.69367,51.11889,864,48.5,7.01,94
13.70793,51.11843,609,47.4,6.58,101
13.7222,51.11797,981,45.4,6.81,112
13.73646,51.11752,1722,45.8,6.64,287
13.75073,51.11706,556,44.7,7.01,67
13.765,51.11659,3623,47.0,6.33,1
13.77926,51.11613,3809,45.4,6.89,1
13.79353,51.11567,913,48.1,7.49,252
13.89337,51.11236,1405,51.5,5.66,770
13.90764,51.11188,1310,43.1,5.8,634
13.9219,51.1114,2216,44.8,5.54,1
13.93616,51.11092,167,47.2,5.76,14
13.95042,51.11043,147,42.0,6.72,8
13.96468,51.10994,109,45.6,5.23,3
14.07877,51.10599,106,48.3,,
14.09303,51.10549,594,40.8,5.58,36
14.10728,51.10498,488,43.2,5.87,98
14.1358,51.10397,4,71.4,,
14.15006,51.10346,199,47.7,4.76,49
14.16432,51.10295,155,44.0,4.17,22
14.17857,51.10244,19,22.4,,
14.19283,51.10192,3,58.7,,
14.20709,51.10141,59,43.6,4.23,4
14.22134,51.10089,378,46.3,4.12,33
14.2356,51.10037,523,45.2,5.23,16
14.24986,51.09985,275,47.6,4.56,21
14.26411,51.09933,92,55.2,5.21,3
14.27837,51.0988,598,47.7,5.24,68
14.29262,51.09828,782,48.6,4.89,114
14.30688,51.09775,1260,47.4,4.99,472
14.32113,51.09722,543,48.3,4.64,53
14.33539,51.09668,371,47.2,5.05,25
14.34964,51.09615,152,48.7,4.45,3
14.36389,51.09562,166,52.7,3.99,8
14.37815,51.09508,719,49.1,4.76,72
14.3924,51.09454,983,50.4,4.88,226
14.40665,51.094,613,61.7,4.96,342
14.4209,51.09346,757,48.0,4.63,197
14.43516,51.09291,714,47.7,4.71,156
14.44941,51.09237,145,48.9,,
14.46366,51.09182,150,49.7,4.62,4
14.47791,51.09127,748,55.4,4.02,471
14.49216,51.09072,89,47.9,,
14.50641,51.09017,128,55.4,,
14.52066,51.08961,21,54.0,4.69,20
14.53491,51.08905,91,46.2,3.32,5
14.54916,51.0885,198,52.3,,
14.56341,51.08794,33,51.5,,
14.57766,51.08738,63,41.9,,
14.59191,51.08681,62,50.3,1.77,3
14.60616,51.08625,23,49.6,,
14.6204,51.08568,44,55.7,1.67,3
14.63465,51.08511,11,42.8,,
14.66315,51.08397,1620,53.7,4.8,1
14.67739,51.0834,712,53.9,4.91,71
14.69164,51.08282,198,49.7,4.99,17
14.70588,51.08224,7,33.4,,
14.72013,51.08166,58,45.9,,
14.73437,51.08108,362,44.4,4.46,67
14.74862,51.0805,4,50.4,,
14.79135,51.07874,3,66.0,,
14.89105,51.07458,3,53.4,,
14.94801,51.07216,109,42.0,4.07,6
14.96225,51.07155,716,47.5,4.66,275
12.23775,51.16505,900,45.8,5.24,218
12.25204,51.16478,1734,48.2,5.34,513
12.26633,51.1645,432,46.4,4.99,102
12.28062,51.16422,33,51.9,,
12.29491,51.16394,29,59.5,,
12.38064,51.16221,307,42.3,5.39,26
12.39493,51.16192,8,29.8,,
12.4378,51.16103,260,49.8,4.4,21
12.50924,51.15951,210,45.0,4.25,17
12.53781,51.15889,121,47.5,5.05,8
12.5521,51.15858,917,47.3,4.92,237
12.56638,51.15826,3,54.7,,
12.58067,51.15794,6,58.4,,
12.59496,51.15763,32,44.3,,
12.62353,51.15699,13,48.4,,
12.63781,51.15666,19,45.8,4.84,3
12.6521,51.15634,208,38.2,3.68,4
12.66639,51.15601,148,46.6,7.59,7
12.69496,51.15535,165,50.7,5.7,8
12.70924,51.15502,8,51.5,,
12.75209,51.15401,144,46.4,4.2,4
12.76638,51.15367,255,45.1,4.54,21
12.78066,51.15333,54,45.4,5.03,4
12.79495,51.15299,142,49.4,2.98,8
12.80923,51.15264,88,44.9,,
12.82351,51.1523,73,46.2,4.52,28
12.8378,51.15195,177,47.7,4.11,4
12.85208,51.1516,9,45.7,,
12.86636,51.15125,4,46.4,,
12.88064,51.1509,82,39.8,4.51,8
12.89493,51.15054,90,43.0,4.25,3
12.90921,51.15018,3,60.2,,
12.92349,51.14983,348,53.4,4.67,65
12.93777,51.14946,662,57.2,4.94,438
12.96633,51.14874,58,82.5,,
13.00918,51.14764,5,53.8,,
13.03774,51.14689,47,48.0,4.82,6
13.05202,51.14652,33,44.0,,
13.0663,51.14614,35,33.5,,
13.08058,51.14577,75,48.9,4.51,6
13.09486,51.14539,112,49.6,5.08,9
13.10914,51.145,39,48.7,4.77,7
13.12342,51.14462,355,43.7,4.81,41
13.13769,51.14424,48,46.7,,
13.15197,51.14385,4,40.8,,
13.16625,51.14346,95,48.8,,
13.18053,51.14307,42,49.4,,
13.19481,51.14268,84,56.3,2.59,3
13.20908,51.14229,14,34.8,,
13.22336,51.14189,88,45.1,3.8,3
13.23764,51.14149,15,51.2,,
13.26619,51.14069,36,36.4,3.19,5
13.28047,51.14029,6,65.5,,
13.29475,51.13989,12,51.9,,
13.30902,51.13948,166,44.6,4.86,31
13.35185,51.13825,5,42.8,,
13.36612,51.13784,19,44.2,,
13.3804,51.13743,28,44.7,,
13.39467,51.13701,11,42.4,,
13.40895,51.13659,153,42.0,5.12,37
13.42322,51.13617,14,44.9,,
13.4375,51.13575,91,45.5,4.4,13
13.45177,51.13533,257,55.8,5.8,96
13.46604,51.1349,37,45.0,6.27,9
13.48032,51.13448,266,45.6,5.33,53
13.49459,51.13405,59,44.6,,
13.50886,51.13362,25,46.6,6.68,4
13.52313,51.13318,217,49.7,5.39,35
13.53741,51.13275,275,45.5,5.33,42
13.55168,51.13231,430,47.3,5.53,71
13.56595,51.13188,21,63.3,,
13.58022,51.13144,3889,53.0,6.04,2
13.59449,51.131,2227,48.4,5.5,703
13.60876,51.13055,182,49.8,7.35,23
13.62303,51.13011,200,45.4,6.06,19
13.63731,51.12966,401,48.8,6.87,45
13.65158,51.12922,817,45.9,6.31,66
13.66585,51.12877,36,50.0,,
13.68011,51.12831,786,46.2,6.08,77
13.69438,51.12786,307,48.3,6.52,17
13.70865,51.12741,296,43.1,7.41,19
13.72292,51.12695,141,48.5,5.82,18
13.76573,51.12557,398,43.2,7.27,12
13.78,51.12511,2840,50.1,7.72,1
13.79426,51.12464,2014,44.9,6.0,1
13.8228,51.1237,473,49.5,7.17,29
13.83706,51.12323,1437,43.7,6.96,265
13.85133,51.12276,588,49.1,6.62,144
13.8656,51.12229,3,61.6,,
13.89413,51.12133,3,18.1,,
13.90839,51.12085,280,42.7,6.04,111
13.92266,51.12037,2441,42.5,6.1,1
13.93692,51.11989,188,76.8,4.7,3
13.95119,51.1194,7,43.5,,
13.96545,51.11892,169,46.5,3.88,3
13.97972,51.11843,9,62.6,,
14.10808,51.11396,299,49.0,4.02,10
14.1366,51.11294,37,45.8,4.98,5
14.15087,51.11243,132,43.1,,
14.16513,51.11192,27,48.9,,
14.17939,51.11141,49,44.5,,
14.19365,51.1109,170,47.8,4.76,9
14.20791,51.11038,59,45.6,3.61,7
14.22216,51.10986,6,60.8,,
14.23642,51.10934,6,63.0,,
14.29346,51.10725,4,40.6,,
14.30771,51.10672,5,68.0,,
14.36474,51.10459,3,56.7,,
14.379,51.10405,327,51.7,4.13,67
14.39325,51.10351,1289,49.6,3.96,716
14.40751,51.10297,363,49.1,4.42,26
14.42176,51.10243,41,50.6,5.0,3
14.43602,51.10188,125,49.1,4.63,3
14.45027,51.10134,309,52.2,4.67,23
14.46453,51.10079,111,43.1,,
14.47878,51.10024,290,48.6,4.53,42
14.49303,51.09969,466,48.3,5.05,35
14.50729,51.09914,749,45.0,5.04,63
14.52154,51.09858,615,52.6,4.16,139
14.53579,51.09802,351,46.6,4.13,20
14.55004,51.09747,125,48.8,4.57,5
14.5643,51.09691,17,45.1,3.85,4
14.57855,51.09634,55,55.6,,
14.5928,51.09578,53,51.1,,
14.60705,51.09522,7,23.4,,
14.63555,51.09408,21,53.6,,
14.6498,51.09351,473,49.2,4.42,48
14.66405,51.09294,2941,47.0,4.73,1
14.6783,51.09236,1246,50.1,4.35,604
14.72105,51.09063,26,47.5,,
14.73529,51.09005,226,41.9,4.08,10
14.74954,51.08947,64,42.0,4.89,3
14.76379,51.08888,36,41.9,,
14.79228,51.08771,56,49.7,9.56,4
14.80653,51.08712,4,70.8,,
14.83502,51.08593,7,39.4,,
14.84927,51.08534,26,50.1,,
14.86351,51.08474,52,46.7,,
12.23818,51.17404,51,49.1,6.79,9
12.25247,51.17376,1008,47.6,6.02,246
12.26677,51.17348,73,52.4,4.64,6
12.28106,51.1732,154,46.2,2.83,3
12.29535,51.17292,196,39.2,5.25,7
12.36681,51.17149,89,46.5,5.6,3
12.38111,51.1712,31,51.8,3.45,3
12.43827,51.17001,143,43.5,4.49,7
12.52401,51.16818,97,44.8,,
12.5383,51.16787,163,37.5,4.59,24
12.55259,51.16756,2570,49.3,4.48,1
12.59546,51.16661,357,46.3,5.48,46
12.62404,51.16597,13,63.2,,
12.6669,51.16499,29,62.8,,
12.68119,51.16466,5,28.0,,
12.69548,51.16433,97,42.5,6.33,6
12.76692,51.16265,7,54.6,,
12.7812,51.16231,69,51.0,4.79,4
12.79549,51.16197,247,49.3,4.9,18
12.80978,51.16163,7,42.2,,
12.82406,51.16128,56,53.5,,
12.83835,51.16093,30,36.7,,
12.85263,51.16058,21,51.8,,
12.86692,51.16023,48,50.8,,
12.89549,51.15952,169,49.0,2.52,3
12.90977,51.15916,79,41.5,4.4,37
12.92406,51.15881,2119,49.7,4.54,768
12.93834,51.15845,966,49.2,4.59,327
12.95263,51.15808,83,54.5,4.09,18
12.96691,51.15772,17,45.9,5.15,5
12.9812,51.15735,37,45.4,4.21,7
12.99548,51.15699,5,47.4,,
13.00976,51.15662,45,42.3,5.44,14
13.03833,51.15587,134,44.3,4.12,11
13.05261,51.1555,322,44.5,4.62,65
13.06689,51.15512,6,67.0,,
13.08118,51.15475,27,36.1,2.65,3
13.09546,51.15437,66,44.7,4.39,9
13.10974,51.15398,24,35.9,3.79,5
13.12402,51.1536,7,27.9,,
13.1383,51.15322,29,53.2,3.63,3
13.16687,51.15244,55,40.5,4.45,10
13.19543,51.15166,6,25.3,,
13.20971,51.15127,78,45.0,5.05,19
13.22399,51.15087,23,48.5,4.5,14
13.23827,51.15047,24,49.2,3.95,3
13.26683,51.14967,28,39.1,,
13.28111,51.14927,25,46.6,,
13.29539,51.14887,5,43.2,,
13.30967,51.14846,62,52.9,,
13.33822,51.14764,49,47.0,,
13.3525,51.14723,74,47.6,5.16,4
13.36678,51.14682,92,44.1,4.46,28
13.39533,51.14599,3,39.0,,
13.40961,51.14557,240,45.5,5.43,31
13.42389,51.14515,26,34.7,,
13.43816,51.14473,11,33.8,,
13.45244,51.1443,789,45.5,5.83,467
13.46672,51.14388,1235,55.6,5.8,644
13.48099,51.14345,5,56.4,,
13.49527,51.14302,170,48.2,6.26,53
13.50954,51.14259,57,49.4,,
13.52382,51.14216,303,45.8,6.05,20
13.53809,51.14173,307,45.1,5.39,74
13.55237,51.14129,418,38.9,5.91,182
13.56664,51.14085,427,49.1,5.95,16
13.58092,51.14041,1844,48.0,5.82,372
13.59519,51.13997,2770,57.5,6.24,1
13.63801,51.13864,41,37.2,8.96,11
13.65229,51.13819,485,45.2,6.32,54
13.66656,51.13774,190,43.4,7.05,14
13.68083,51.13729,41,40.3,,
13.6951,51.13684,13,60.0,6.21,3
13.75219,51.13501,6,47.6,,
13.78073,51.13408,86,52.0,6.8,26
13.795,51.13361,772,53.8,7.58,43
13.80927,51.13315,3,55.9,,
13.82354,51.13268,495,48.2,7.54,39
13.83781,51.13221,546,44.8,6.95,79
13.85208,51.13174,212,50.6,6.36,53
13.86635,51.13126,153,48.1,6.21,9
13.88062,51.13078,220,44.0,5.37,11
13.89489,51.13031,96,43.8,6.04,10
13.90915,51.12983,838,43.3,6.07,229
13.92342,51.12935,732,39.8,6.19,86
13.93769,51.12886,67,42.2,6.14,12
13.95196,51.12838,230,48.1,5.44,3
13.98049,51.1274,436,45.9,4.99,44
14.10888,51.12293,23,40.6,,
14.12315,51.12242,69,46.7,,
14.13741,51.12192,209,50.7,4.37,6
14.15167,51.12141,27,54.6,,
14.16594,51.1209,57,44.4,4.1,6
14.1802,51.12038,819,44.9,5.4,214
14.19446,51.11987,3069,57.0,5.41,1
14.20872,51.11935,250,47.4,5.79,28
14.22299,51.11883,175,51.5,4.81,16
14.23725,51.11831,287,45.5,4.9,38
14.25151,51.11779,95,54.2,3.37,6
14.26577,51.11727,131,54.2,2.7,4
14.28003,51.11674,105,41.3,3.65,3
14.29429,51.11622,29,57.6,,
14.30855,51.11569,32,46.8,,
14.33707,51.11463,41,46.1,,
14.35133,51.11409,6,64.2,,
14.36559,51.11356,83,46.4,4.87,8
14.37985,51.11302,18,39.2,4.5,3
14.39411,51.11248,68,46.5,,
14.40836,51.11194,7,57.6,,
14.42262,51.1114,29,50.3,8.15,3
14.43688,51.11085,74,48.5,2.65,3
14.45114,51.11031,375,51.3,4.9,39
14.46539,51.10976,166,49.3,4.74,3
14.47965,51.10921,6,57.9,,
14.49391,51.10866,213,50.7,4.17,8
14.50816,51.1081,90,62.3,4.91,4
14.52242,51.10755,239,45.6,4.28,17
14.53667,51.10699,11,32.1,,
14.56518,51.10587,16,52.9,,
14.57944,51.10531,166,50.1,4.25,4
14.59369,51.10475,223,46.9,4.23,21
14.60795,51.10418,148,50.7,3.58,10
14.6222,51.10362,55,41.0,,
14.63645,51.10305,212,43.4,4.63,4
14.6507,51.10248,86,50.3,,
14.66496,51.1019,1433,44.4,4.69,627
14.67921,51.10133,903,47.8,4.53,487
14.69346,51.10075,42,37.6,4.35,8
14.70771,51.10018,34,49.6,,
14.72196,51.0996,12,46.5,4.61,4
14.73621,51.09902,109,44.8,3.9,3
14.75046,51.09843,58,38.7,,
14.79321,51.09667,148,48.9,4.49,9
14.82171,51.09549,5,70.6,,
14.83596,51.0949,31,57.6,,
14.86446,51.09371,221,47.2,4.28,20
14.8787,51.09311,91,43.3,3.56,11
14.89295,51.09251,5,35.2,,
14.9072,51.09191,39,57.1,5.39,5
14.92144,51.0913,195,41.5,5.17,15
12.25291,51.18275,4,22.7,,
12.26721,51.18247,78,43.6,,
12.2958,51.18191,169,46.0,5.04,4
12.3101,51.18162,32,48.8,4.29,3
12.36728,51.18047,4,65.9,,
12.46733,51.17839,44,22.2,,
12.48163,51.17809,100,24.7,,
12.52451,51.17717,112,49.3,4.33,3
12.5388,51.17685,15,44.2,,
12.55309,51.17654,112,36.9,,
12.56738,51.17623,17,50.7,4.67,3
12.59597,51.17559,80,52.7,4.92,6
12.62455,51.17495,311,48.4,4.04,11
12.69601,51.17331,11,41.4,,
12.73888,51.17231,9,44.9,,
12.75317,51.17197,6,51.4,,
12.76746,51.17163,160,56.2,3.35,13
12.85319,51.16956,76,35.9,4.58,3
12.86748,51.16921,21,49.9,,
12.88177,51.16886,99,43.7,7.65,15
12.91034,51.16814,55,47.6,,
12.92463,51.16779,429,50.1,4.4,37
12.93892,51.16743,28,44.0,,
12.9532,51.16706,64,57.9,4.29,4
12.96749,51.1667,43,44.8,,
12.98178,51.16633,156,40.4,3.75,15
12.99606,51.16597,5,40.8,,
13.03892,51.16485,18,39.5,,
13.05321,51.16448,61,49.2,4.93,18
13.06749,51.1641,54,51.5,,
13.08178,51.16372,286,48.9,4.42,45
13.09606,51.16335,19,44.9,,
13.11035,51.16296,15,63.0,,
13.12463,51.16258,78,48.9,4.53,20
13.13892,51.1622,30,52.6,5.41,3
13.1532,51.16181,47,51.3,5.44,4
13.16748,51.16142,121,44.4,3.77,6
13.18177,51.16103,6,61.4,,
13.19605,51.16064,53,41.2,4.29,5
13.21033,51.16024,23,64.4,2.97,3
13.22462,51.15985,88,48.0,,
13.2389,51.15945,27,39.9,3.7,4
13.25318,51.15905,37,43.2,,
13.26746,51.15865,84,51.9,3.44,6
13.28175,51.15825,146,48.5,4.9,19
13.29603,51.15784,165,51.7,8.21,33
13.31031,51.15744,59,57.1,,
13.32459,51.15703,32,51.2,3.06,3
13.35315,51.15621,32,49.9,,
13.36743,51.1558,54,45.1,,
13.38171,51.15538,67,39.8,5.73,24
13.39599,51.15497,45,34.2,5.25,9
13.41027,51.15455,29,39.2,,
13.42455,51.15413,89,47.5,5.54,4
13.43883,51.15371,135,52.5,5.57,56
13.45311,51.15328,1592,42.8,5.45,716
13.46739,51.15286,1788,42.0,5.52,761
13.48167,51.15243,1707,51.9,6.24,878
13.49595,51.152,1774,52.9,6.15,531
13.51023,51.15157,728,50.3,5.73,168
13.52451,51.15114,63,45.5,,
13.53878,51.1507,380,42.4,5.5,65
13.55306,51.15027,990,45.0,5.66,381
13.56734,51.14983,1838,48.1,6.88,533
13.58162,51.14939,376,47.7,5.28,22
13.59589,51.14895,78,51.0,,
13.653,51.14717,3,67.3,,
13.7101,51.14536,3,28.6,,
13.73865,51.14444,351,44.4,4.85,20
13.79574,51.14259,1956,45.5,6.79,208
13.81001,51.14212,474,46.4,6.73,50
13.82429,51.14165,6,56.2,,
13.83856,51.14118,73,43.1,6.13,7
13.85283,51.14071,4,54.9,,
13.8671,51.14024,123,51.9,,
13.88137,51.13976,463,45.8,6.87,14
13.89564,51.13928,923,46.8,6.33,104
13.90992,51.1388,486,46.2,5.43,61
13.92419,51.13832,247,46.8,5.63,53
13.95273,51.13735,9,45.9,,
13.98127,51.13638,279,53.1,4.57,13
13.99554,51.13589,295,42.5,4.69,46
14.0098,51.13539,301,45.0,4.97,59
14.02407,51.1349,385,46.4,5.43,101
14.03834,51.13441,218,52.1,5.36,36
14.05261,51.13391,11,43.9,,
14.06688,51.13341,8,49.8,,
14.09541,51.13241,133,44.9,3.05,9
14.10968,51.1319,473,46.0,4.86,42
14.12395,51.1314,145,44.9,4.34,9
14.13821,51.13089,67,49.8,,
14.15248,51.13038,19,41.4,,
14.16675,51.12987,57,44.3,5.0,9
14.18101,51.12935,2901,45.4,5.36,1
14.19528,51.12884,199,47.3,5.11,34
14.20954,51.12832,8,53.6,,
14.22381,51.12781,76,58.2,5.24,11
14.23807,51.12729,430,49.6,4.5,75
14.25234,51.12676,107,46.4,,
14.2666,51.12624,6,75.3,,
14.29513,51.12519,169,49.6,6.03,3
14.32365,51.12413,93,48.1,2.88,3
14.33791,51.1236,96,48.8,6.31,6
14.35218,51.12306,109,49.0,4.68,7
14.36644,51.12253,57,40.9,,
14.3807,51.12199,13,46.3,,
14.39496,51.12145,15,47.3,,
14.40922,51.12091,128,43.7,4.77,9
14.42348,51.12037,126,45.9,4.85,24
14.43774,51.11982,955,46.8,5.06,287
14.452,51.11928,207,47.4,5.09,32
14.46626,51.11873,101,49.2,4.36,6
14.49478,51.11763,3,73.5,,
14.58033,51.11428,23,40.8,,
14.60884,51.11315,29,45.5,,
14.6231,51.11258,106,47.8,,
14.66586,51.11087,309,45.4,4.3,188
14.68012,51.1103,1018,43.5,4.66,206
14.69437,51.10972,143,60.0,3.58,3
14.70863,51.10914,124,47.0,2.35,8
14.72288,51.10857,72,50.0,3.18,5
14.73713,51.10798,106,51.9,3.41,3
14.75139,51.1074,4,72.4,,
14.76564,51.10682,4,47.8,,
14.77989,51.10623,154,42.8,4.56,10
14.79415,51.10564,135,47.4,3.86,11
14.8369,51.10387,95,46.3,,
14.8654,51.10267,7,54.6,,
14.87965,51.10208,181,45.2,4.6,24
14.8939,51.10148,6,41.2,,
14.90815,51.10087,154,47.9,6.23,13
14.9224,51.10027,5,63.5,,
14.93665,51.09966,21,41.6,,
14.9509,51.09906,9,31.4,,
12.22475,51.19228,219,48.6,5.58,13
12.25335,51.19173,15,47.1,,
12.26765,51.19145,97,48.1,3.41,9
12.28195,51.19117,321,45.9,4.39,23
12.29625,51.19089,106,53.5,4.26,3
12.31055,51.19061,211,44.2,5.08,34
12.39633,51.18887,238,46.5,5.2,40
12.41063,51.18857,4,53.6,,
12.42492,51.18828,114,49.7,5.33,4
12.46781,51.18738,497,46.2,4.3,231
12.48211,51.18707,99,46.7,4.56,11
12.49641,51.18676,10,30.0,,
12.525,51.18615,59,48.8,3.78,5
12.55359,51.18552,80,45.1,4.75,3
12.56788,51.18521,22,51.2,,
12.58218,51.18489,36,40.9,,
12.59647,51.18457,68,47.3,,
12.61077,51.18425,4,18.4,,
12.65365,51.18328,91,42.9,4.87,5
12.66794,51.18296,102,40.2,4.43,5
12.68224,51.18263,80,44.8,5.24,10
12.69653,51.1823,178,41.6,6.19,7
12.73941,51.18129,16,59.5,,
12.7537,51.18096,123,52.9,4.04,9
12.76799,51.18062,8,33.5,,
12.78229,51.18027,301,49.4,4.72,13
12.79658,51.17993,37,47.2,,
12.85375,51.17854,3,65.0,,
12.86804,51.17819,60,47.2,,
12.88233,51.17784,42,52.7,,
12.89662,51.17748,191,47.2,5.19,24
12.91091,51.17713,226,45.9,4.47,52
12.93949,51.17641,4,55.2,,
12.95378,51.17604,135,39.9,3.77,4
12.96807,51.17568,19,39.5,,
12.98236,51.17531,12,37.7,,
13.02522,51.17421,63,45.6,3.82,4
13.03951,51.17383,64,48.1,,
13.0538,51.17346,9,53.9,,
13.06809,51.17308,15,43.9,,
13.08238,51.1727,67,47.4,,
13.09667,51.17232,4,25.0,,
13.11095,51.17194,50,48.1,,
13.13953,51.17117,11,67.0,,
13.15381,51.17079,99,48.4,4.72,40
13.1681,51.1704,302,47.6,4.27,18
13.18239,51.17001,128,44.4,4.55,9
13.21096,51.16922,59,42.8,3.54,3
13.23953,51.16843,10,46.3,,
13.2681,51.16763,62,50.7,4.31,13
13.28239,51.16723,15,54.8,,
13.29667,51.16682,177,51.9,3.65,17
13.31095,51.16642,92,46.3,4.01,33
13.35381,51.16519,17,49.6,,
13.38237,51.16436,87,46.5,3.81,8
13.39666,51.16394,25,39.7,,
13.41094,51.16352,32,39.6,,
13.42522,51.1631,253,44.4,5.54,24
13.4395,51.16268,213,44.3,5.72,38
13.45379,51.16226,1748,48.9,5.51,409
13.46807,51.16183,4258,41.7,5.58,2
13.48235,51.16141,2893,45.9,5.83,1
13.49663,51.16098,886,52.2,5.88,515
13.51091,51.16055,266,48.4,5.24,43
13.55375,51.15924,11,53.9,,
13.56803,51.15881,1949,45.1,6.12,334
13.58231,51.15837,1159,49.1,6.27,212
13.59659,51.15793,626,50.1,6.12,47
13.61087,51.15748,11,48.3,4.54,5
13.62515,51.15704,117,42.8,,
13.63943,51.15659,16,44.7,,
13.66799,51.15569,118,43.0,6.48,13
13.68226,51.15524,1186,50.2,6.98,244
13.69654,51.15479,250,49.5,,
13.71082,51.15433,5,29.4,,
13.73937,51.15342,147,46.0,7.6,4
13.7822,51.15203,103,48.6,5.15,7
13.79648,51.15156,999,44.9,6.31,121
13.81075,51.1511,1258,46.4,6.74,102
13.82503,51.15063,46,50.3,,
13.8393,51.15016,17,31.0,,
13.86785,51.14921,489,43.8,6.29,35
13.88213,51.14873,10,30.7,,
13.8964,51.14826,9,34.4,,
13.91068,51.14778,114,45.4,,
13.9535,51.14633,253,46.2,5.3,26
13.96777,51.14584,6,55.5,,
13.99631,51.14486,4,70.5,,
14.01058,51.14437,779,44.3,5.19,157
14.02486,51.14387,2379,47.3,5.54,698
14.03913,51.14338,771,44.9,5.09,193
14.0534,51.14288,859,45.0,5.52,166
14.06767,51.14238,80,49.0,4.18,8
14.09621,51.14138,71,42.7,6.46,6
14.12475,51.14037,7,45.0,,
14.13902,51.13986,5,36.0,,
14.16756,51.13884,28,54.5,5.66,3
14.18182,51.13833,875,50.8,5.4,205
14.19609,51.13781,255,51.0,5.89,123
14.2389,51.13626,253,48.8,4.66,37
14.25316,51.13573,89,49.3,4.6,19
14.2817,51.13469,79,47.3,,
14.29596,51.13416,17,50.0,,
14.31023,51.13363,353,48.4,5.02,54
14.32449,51.1331,142,45.5,,
14.33876,51.13257,7,36.0,,
14.35302,51.13203,41,48.4,,
14.38155,51.13096,43,38.7,,
14.39582,51.13042,262,49.7,4.58,10
14.41008,51.12988,705,48.5,4.58,116
14.42434,51.12934,239,48.2,4.01,11
14.43861,51.12879,442,45.0,4.75,60
14.45287,51.12825,28,43.8,,
14.46713,51.1277,47,47.8,,
14.48139,51.12715,36,44.6,4.56,3
14.53844,51.12493,8,40.2,,
14.5527,51.12437,19,47.7,,
14.59548,51.12269,18,45.8,,
14.60974,51.12212,42,37.6,4.94,5
14.624,51.12155,85,46.7,4.31,13
14.63825,51.12098,24,54.7,,
14.65251,51.12041,46,44.0,5.46,4
14.66677,51.11984,13,53.4,,
14.68103,51.11927,85,46.6,3.83,3
14.69529,51.11869,88,44.2,3.85,18
14.70954,51.11811,20,48.7,,
14.7238,51.11753,65,54.9,,
14.73806,51.11695,44,45.7,,
14.76657,51.11578,4,19.0,,
14.78082,51.1152,272,45.3,4.49,30
14.79508,51.11461,66,47.9,,
14.82359,51.11343,18,42.9,,
14.83784,51.11283,34,41.8,,
14.85209,51.11224,18,46.7,,
14.8806,51.11104,39,43.7,,
14.92336,51.10923,55,51.9,4.1,3
14.93761,51.10863,68,47.7,,
14.95186,51.10802,41,46.3,4.61,6
12.22519,51.20126,34,41.2,,
12.23949,51.20099,78,43.6,,
12.25379,51.20071,14,58.7,3.37,9
12.26809,51.20043,210,47.3,4.76,8
12.311,51.19959,199,45.4,6.69,14
12.3253,51.19931,93,49.6,4.07,3
12.3825,51.19815,1963,44.9,5.54,837
12.3968,51.19785,661,46.9,5.56,136
12.4111,51.19756,2174,45.4,5.22,791
12.4254,51.19726,1620,44.2,6.54,201
12.4683,51.19636,186,47.4,4.7,61
12.48259,51.19605,4,66.0,,
12.49689,51.19575,552,47.4,4.52,62
12.52549,51.19513,88,49.0,,
12.55409,51.19451,253,45.6,4.68,32
12.56838,51.19419,97,49.1,,
12.72565,51.19061,4,61.5,,
12.73994,51.19027,397,47.2,4.75,61
12.75424,51.18994,674,48.9,4.91,107
12.76853,51.1896,187,44.7,4.72,9
12.78283,51.18926,137,52.3,4.53,6
12.79712,51.18891,53,58.9,5.0,8
12.82571,51.18822,9,38.2,,
12.8543,51.18752,81,51.5,2.85,3
12.8686,51.18717,320,48.4,4.69,24
12.89718,51.18646,68,49.4,,
12.91148,51.18611,125,47.7,4.82,10
12.92577,51.18575,30,49.6,3.6,6
12.94006,51.18539,51,43.5,,
12.95435,51.18502,22,56.2,,
12.96865,51.18466,25,40.5,7.42,4
12.98294,51.18429,136,43.5,4.09,29
12.99723,51.18393,7,48.5,,
13.01152,51.18356,15,60.0,,
13.04011,51.18281,48,51.5,,
13.06869,51.18206,18,59.2,4.66,6
13.08298,51.18168,28,41.4,,
13.09727,51.1813,21,46.0,,
13.11156,51.18092,111,47.3,,
13.12585,51.18054,97,49.0,4.51,9
13.15443,51.17977,7,47.0,,
13.16872,51.17938,203,48.5,4.47,20
13.18301,51.17899,53,48.9,,
13.1973,51.1786,96,47.8,5.35,10
13.22587,51.17781,86,42.4,4.57,19
13.24016,51.17741,97,43.5,,
13.25445,51.17701,35,53.7,,
13.26874,51.17661,110,44.3,3.94,14
13.28302,51.17621,9,47.3,,
13.3116,51.17539,39,51.6,3.2,5
13.32589,51.17499,31,46.7,1.33,4
13.34017,51.17458,45,42.8,4.48,7
13.36875,51.17375,55,42.7,6.18,6
13.38303,51.17334,58,48.0,4.23,16
13.39732,51.17292,6,43.2,,
13.4116,51.1725,62,47.7,,
13.42589,51.17208,26,41.2,,
13.44017,51.17166,34,47.5,4.53,15
13.45446,51.17124,98,47.0,4.67,16
13.46874,51.17081,567,41.1,5.45,271
13.48303,51.17038,3261,44.2,5.7,2
13.49731,51.16995,2196,53.9,5.8,979
13.51159,51.16952,599,44.6,6.15,244
13.54016,51.16866,186,44.8,5.93,47
13.55444,51.16822,293,44.6,6.09,23
13.56873,51.16778,2117,44.8,6.06,269
13.58301,51.16734,1278,47.5,7.55,201
13.59729,51.1669,365,55.2,5.57,15
13.62586,51.16601,78,41.8,,
13.64014,51.16557,20,54.3,,
13.6687,51.16467,46,48.1,,
13.68298,51.16422,949,46.4,6.79,177
13.69726,51.16376,3,71.2,,
13.71154,51.16331,16,40.0,4.24,3
13.72582,51.16285,413,47.8,5.45,29
13.7401,51.16239,44,53.5,,
13.76866,51.16147,263,42.4,5.5,28
13.78294,51.16101,22,51.2,,
13.79722,51.16054,15,37.3,,
13.8115,51.16007,182,49.0,4.89,4
13.82577,51.1596,29,43.1,2.61,8
13.84005,51.15913,310,44.7,5.3,54
13.85433,51.15866,4,78.0,,
13.86861,51.15818,15,50.6,,
13.88288,51.15771,372,46.7,4.37,25
13.89716,51.15723,199,46.9,4.75,26
13.91144,51.15675,364,42.2,5.31,70
13.95427,51.1553,101,42.9,4.89,8
13.96854,51.15481,617,46.2,5.78,42
14.01137,51.15334,28,45.1,,
14.02564,51.15285,376,46.9,4.34,127
14.03991,51.15235,31,36.1,5.17,5
14.05419,51.15185,480,49.7,5.19,50
14.06846,51.15135,708,45.8,4.99,86
14.08273,51.15085,398,44.6,4.88,24
14.09701,51.15035,138,47.7,4.11,22
14.12555,51.14934,119,51.3,2.56,5
14.13982,51.14883,528,46.2,5.75,31
14.1541,51.14832,110,48.1,,
14.16837,51.14781,130,42.9,3.56,7
14.18264,51.1473,58,56.7,,
14.19691,51.14678,3,56.5,,
14.21118,51.14627,43,50.7,,
14.22545,51.14575,6,36.9,,
14.23972,51.14523,561,47.4,4.89,260
14.25399,51.14471,599,50.4,4.74,137
14.26826,51.14418,16,29.8,,
14.28253,51.14366,94,51.2,,
14.2968,51.14313,23,50.9,,
14.31107,51.1426,93,43.0,,
14.32533,51.14207,213,41.3,5.72,15
14.3396,51.14154,70,50.3,4.18,3
14.35387,51.141,51,38.2,,
14.3824,51.13993,6,45.7,,
14.39667,51.13939,209,39.4,7.0,9
14.41094,51.13885,233,45.1,6.25,27
14.43947,51.13776,244,44.8,4.85,33
14.48226,51.13612,70,46.4,,
14.49653,51.13556,52,51.5,,
14.51079,51.13501,129,48.3,4.17,4
14.55358,51.13334,137,41.6,5.01,4
14.58211,51.13222,72,46.6,,
14.59637,51.13165,58,49.5,3.6,12
14.61063,51.13109,3,39.5,,
14.63916,51.12995,3,58.0,,
14.65342,51.12938,15,55.8,,
14.66768,51.12881,184,46.2,4.99,102
14.68194,51.12823,512,47.8,5.09,50
14.6962,51.12766,68,50.6,3.24,10
14.71046,51.12708,15,49.1,,
14.72472,51.1265,63,55.5,,
14.73898,51.12592,21,45.6,,
14.75323,51.12533,69,46.8,3.3,6
14.78175,51.12416,212,43.7,4.83,33
14.81027,51.12298,3,71.5,,
14.82452,51.12239,16,45.5,,
14.83878,51.1218,98,51.9,,
14.85304,51.1212,169,49.6,4.63,20
14.91006,51.1188,232,47.7,4.43,15
14.92431,51.1182,97,45.9,5.66,3
14.93857,51.11759,486,51.3,5.37,7
14.96708,51.11638,5,23.1,,
12.21132,51.21052,3,37.2,,
12.22562,51.21025,166,50.8,4.16,4
12.23993,51.20997,106,44.2,4.55,8
12.26854,51.20942,235,43.5,5.71,47
12.28284,51.20914,64,47.4,4.89,4
12.29714,51.20886,6,64.8,4.09,5
12.32575,51.20829,1000,50.8,5.82,216
12.34005,51.208,14,26.6,,
12.38296,51.20713,1938,52.5,5.01,722
12.39727,51.20684,261,57.2,6.07,198
12.41157,51.20654,182,41.0,5.48,46
12.48308,51.20504,111,41.3,6.37,8
12.52598,51.20411,5,33.8,,
12.59749,51.20254,109,54.8,,
12.61179,51.20222,842,43.4,4.9,98
12.64038,51.20157,193,45.6,3.59,7
12.65468,51.20125,4,55.9,,
12.69758,51.20026,333,47.2,5.08,34
12.71188,51.19993,58,50.1,,
12.74048,51.19926,3,62.7,,
12.75478,51.19892,90,42.4,5.9,4
12.82626,51.1972,70,50.9,2.83,3
12.84056,51.19685,47,49.3,4.58,4
12.85486,51.1965,5,57.3,,
12.86915,51.19615,3,56.5,,
12.88345,51.1958,72,51.0,,
12.89775,51.19544,31,40.0,,
12.91204,51.19509,71,43.4,,
12.92634,51.19473,34,58.2,,
12.94063,51.19437,29,41.6,4.18,3
12.95493,51.194,99,46.8,4.67,8
12.96922,51.19364,3,25.0,,
12.98352,51.19327,21,49.1,,
13.01211,51.19254,3,47.0,,
13.0264,51.19217,188,45.7,4.75,20
13.0407,51.19179,3,58.5,,
13.05499,51.19142,30,41.9,,
13.06929,51.19104,17,49.4,3.28,3
13.08358,51.19066,135,50.6,4.16,9
13.09787,51.19028,115,44.7,4.05,13
13.11217,51.1899,11,42.0,4.03,7
13.14075,51.18913,184,44.2,4.45,11
13.16934,51.18836,80,47.8,4.27,9
13.18363,51.18797,3,45.2,,
13.2265,51.18678,6,62.3,,
13.24079,51.18639,53,37.7,2.81,3
13.25508,51.18599,19,39.8,,
13.28366,51.18518,32,53.3,,
13.29795,51.18478,92,44.9,4.03,20
13.32653,51.18396,47,44.6,3.13,5
13.34082,51.18356,55,47.3,,
13.38369,51.18232,22,47.0,,
13.39798,51.1819,18,34.2,,
13.41227,51.18148,20,36.2,,
13.42656,51.18106,3,69.0,,
13.44084,51.18064,44,47.9,,
13.45513,51.18021,53,46.8,5.24,6
13.46942,51.17979,203,52.6,5.32,13
13.48371,51.17936,139,47.3,5.14,4
13.49799,51.17893,948,48.9,6.03,286
13.51228,51.1785,13,49.0,,
13.54085,51.17763,1112,43.4,6.6,226
13.55514,51.1772,318,46.3,4.92,42
13.56942,51.17676,481,44.6,5.37,16
13.58371,51.17632,96,44.0,,
13.59799,51.17588,30,50.8,,
13.61228,51.17543,33,51.0,,
13.62656,51.17499,15,62.9,,
13.71226,51.17228,8,44.0,,
13.72655,51.17183,114,46.8,5.18,12
13.78368,51.16998,59,50.0,,
13.79796,51.16951,419,48.7,5.36,14
13.81224,51.16905,267,44.6,6.07,37
13.82652,51.16858,667,45.1,5.9,42
13.8408,51.16811,285,45.2,5.02,9
13.86936,51.16716,3,66.5,,
13.88364,51.16668,336,41.9,6.37,146
13.89792,51.1662,46,40.7,,
13.9122,51.16572,185,45.9,,
13.94076,51.16476,20,43.6,,
13.95504,51.16427,233,45.2,5.1,14
14.0407,51.16132,24,46.8,,
14.05498,51.16083,209,47.8,4.69,11
14.06925,51.16033,91,49.9,4.86,4
14.0978,51.15932,260,45.1,4.67,6
14.11208,51.15882,106,46.9,5.0,5
14.12636,51.15831,152,50.5,5.38,4
14.14063,51.1578,273,39.3,4.75,27
14.1549,51.15729,40,51.3,,
14.19773,51.15576,186,49.6,5.43,9
14.212,51.15524,122,49.5,,
14.24055,51.1542,197,48.0,4.5,7
14.25482,51.15368,12,32.2,,
14.26909,51.15315,79,42.7,,
14.28336,51.15263,27,44.0,,
14.29763,51.1521,69,40.4,,
14.32618,51.15104,60,53.9,3.56,3
14.34045,51.15051,117,45.3,3.85,6
14.36899,51.14944,322,45.1,4.36,41
14.38326,51.1489,189,44.2,4.52,71
14.39753,51.14836,467,45.8,5.47,55
14.41179,51.14782,139,49.4,4.12,13
14.42606,51.14728,28,43.4,3.75,3
14.44033,51.14673,29,37.4,,
14.4546,51.14618,91,51.5,3.88,7
14.46887,51.14564,11,71.1,,
14.48314,51.14509,10,41.0,,
14.4974,51.14453,24,45.5,,
14.51167,51.14398,16,35.8,,
14.52594,51.14343,14,55.2,,
14.5402,51.14287,126,48.4,5.38,3
14.583,51.14119,13,49.3,,
14.59727,51.14062,87,47.7,,
14.61153,51.14006,14,55.9,,
14.62579,51.13949,130,45.7,4.23,4
14.64006,51.13892,82,55.7,,
14.65432,51.13835,114,43.6,4.83,4
14.66859,51.13778,117,45.2,2.82,3
14.68285,51.1372,22,47.6,,
14.69711,51.13662,90,47.7,3.14,4
14.71137,51.13605,34,53.0,,
14.7399,51.13489,10,36.8,,
14.75416,51.1343,62,52.4,3.5,3
14.76842,51.13372,83,45.8,4.01,10
14.78268,51.13313,150,53.6,4.88,5
14.79694,51.13254,274,44.6,4.67,79
14.8112,51.13195,87,50.2,5.45,4
14.83972,51.13076,3,58.4,,
14.85398,51.13017,166,47.2,3.96,8
14.86824,51.12957,220,46.2,4.45,34
14.8825,51.12897,73,50.3,2.71,4
14.89676,51.12837,4,56.8,,
14.91101,51.12777,96,45.2,5.96,9
14.93953,51.12656,241,47.4,13.39,48
14.96804,51.12534,1151,54.4,4.6,736
14.9823,51.12473,2299,54.8,4.75,1
12.19744,51.21978,26,52.2,,
12.22606,51.21923,812,45.7,4.68,70
12.25467,51.21868,8,45.9,,
12.26898,51.2184,431,47.3,5.17,22
12.3262,51.21727,2228,48.5,5.54,525
12.34051,51.21699,799,43.0,5.75,323
12.45495,51.21463,13,31.8,,
12.46926,51.21432,272,39.9,4.82,21
12.48356,51.21402,201,44.1,4.31,7
12.49787,51.21371,78,46.0,,
12.51217,51.2134,127,44.9,6.25,8
12.52647,51.2131,216,43.2,5.59,30
12.55508,51.21247,65,48.3,,
12.56939,51.21216,38,50.5,,
12.58369,51.21184,3,60.0,,
12.59799,51.21152,57,44.2,4.35,6
12.61229,51.2112,144,43.3,5.29,6
12.6552,51.21023,3,74.0,,
12.69811,51.20924,395,46.8,4.79,51
12.71241,51.20891,384,48.0,5.33,6
12.72671,51.20857,26,50.3,,
12.75531,51.2079,80,49.2,4.56,6
12.78391,51.20722,51,45.0,4.58,3
12.79821,51.20688,61,44.9,,
12.81251,51.20653,10,44.3,,
12.82681,51.20618,115,49.3,3.76,9
12.84111,51.20584,36,48.6,3.46,8
12.85541,51.20549,142,53.4,4.4,37
12.86971,51.20513,148,50.1,4.58,38
12.88401,51.20478,54,43.2,,
12.89831,51.20442,10,53.2,,
12.92691,51.20371,103,50.8,4.07,5
12.94121,51.20335,43,46.4,3.56,4
12.95551,51.20298,77,47.0,5.04,7
12.9698,51.20262,6,39.2,,
12.9841,51.20225,16,48.0,4.25,3
12.9984,51.20189,52,44.1,2.73,4
13.0127,51.20152,26,47.1,,
13.02699,51.20115,3,59.3,,
13.05559,51.2004,14,59.9,3.75,3
13.06988,51.20002,225,48.2,12.52,21
13.09848,51.19926,16,52.3,,
13.11277,51.19888,60,41.8,4.75,15
13.12707,51.1985,42,45.5,3.51,7
13.14136,51.19811,86,42.5,4.92,12
13.15566,51.19773,243,56.2,4.59,61
13.16995,51.19734,250,50.5,4.26,56
13.19854,51.19655,156,49.4,4.21,7
13.22713,51.19576,18,54.9,5.13,3
13.24142,51.19537,53,49.4,4.41,6
13.25572,51.19497,24,46.2,,
13.27001,51.19457,13,47.4,4.2,7
13.2843,51.19416,68,47.8,4.48,15
13.2986,51.19376,533,55.9,4.8,181
13.31289,51.19335,1543,52.3,4.67,464
13.32718,51.19294,50,45.4,4.12,16
13.34147,51.19253,125,47.9,4.66,3
13.35577,51.19212,75,46.2,4.74,6
13.37006,51.19171,45,49.8,3.73,7
13.38435,51.19129,9,55.9,,
13.39864,51.19088,57,52.9,5.41,9
13.41293,51.19046,59,50.1,3.97,8
13.42722,51.19004,27,34.9,,
13.44151,51.18961,66,51.5,,
13.4558,51.18919,17,45.0,,
13.47009,51.18876,10,42.2,,
13.49867,51.18791,53,43.6,5.01,16
13.51296,51.18748,128,49.2,4.58,3
13.52725,51.18704,287,44.7,5.18,23
13.54154,51.18661,5,73.7,,
13.55583,51.18617,182,47.1,4.56,10
13.57012,51.18574,50,43.0,5.01,3
13.59869,51.18485,3,45.0,,
13.61298,51.18441,20,38.9,,
13.62727,51.18397,55,45.8,,
13.64156,51.18352,9,58.7,,
13.67013,51.18262,10,61.0,,
13.71299,51.18126,93,47.3,4.34,3
13.72727,51.1808,99,43.1,6.27,23
13.77013,51.17942,146,40.1,8.49,3
13.78441,51.17895,813,43.5,5.85,161
13.7987,51.17849,258,40.1,5.96,17
13.81298,51.17802,885,45.6,5.65,212
13.82726,51.17755,944,44.7,5.55,184
13.84155,51.17708,23,39.2,,
13.85583,51.17661,106,49.4,4.67,4
13.89868,51.17518,3,42.8,,
13.92724,51.17422,85,47.2,5.0,5
13.94152,51.17373,77,46.2,,
13.95581,51.17325,481,40.8,5.34,63
13.97009,51.17276,433,48.7,5.15,59
13.98437,51.17227,31,49.5,,
14.01293,51.17129,477,51.4,5.93,40
14.02721,51.17079,191,41.5,4.04,7
14.04149,51.1703,784,42.2,5.42,128
14.05577,51.1698,136,44.2,5.29,8
14.07005,51.1693,57,47.8,,
14.08432,51.1688,6,69.2,,
14.0986,51.1683,9,44.1,,
14.12716,51.16728,27,48.0,,
14.14144,51.16678,15,61.7,,
14.21282,51.16421,104,40.9,3.47,8
14.2271,51.16369,262,46.4,4.62,33
14.24137,51.16317,33,47.4,,
14.25565,51.16265,40,51.6,3.64,3
14.26992,51.16212,219,45.3,3.69,34
14.2842,51.1616,95,45.1,,
14.29847,51.16107,74,44.4,2.62,4
14.31274,51.16054,26,45.8,,
14.32702,51.16001,173,43.8,5.1,16
14.34129,51.15948,15,43.0,,
14.36984,51.15841,96,43.9,6.67,8
14.38411,51.15787,145,43.0,4.58,14
14.39838,51.15733,789,44.1,5.38,200
14.41265,51.15679,67,37.3,5.11,15
14.42693,51.15625,280,48.9,5.72,17
14.4412,51.1557,484,46.5,5.6,29
14.45547,51.15515,62,45.9,4.97,8
14.48401,51.15406,62,51.8,,
14.49828,51.1535,56,52.3,,
14.51255,51.15295,119,44.9,,
14.52682,51.15239,10,42.4,3.75,4
14.54109,51.15184,109,43.4,3.72,13
14.55536,51.15128,8,39.7,,
14.56962,51.15072,709,46.8,4.64,59
14.58389,51.15015,63,45.4,,
14.59816,51.14959,74,41.8,3.82,14
14.62669,51.14846,11,42.7,,
14.64096,51.14789,36,38.9,,
14.65523,51.14732,42,39.0,,
14.66949,51.14674,7,52.3,,
14.68376,51.14617,17,50.8,,
14.71229,51.14501,70,49.1,4.8,7
14.72656,51.14443,37,44.0,,
14.74082,51.14385,22,59.1,,
14.75508,51.14327,25,53.9,,
14.76935,51.14268,19,27.0,4.14,5
14.78361,51.1421,124,49.3,4.04,22
14.79787,51.14151,1489,50.2,4.25,612
14.81214,51.14092,220,52.7,4.71,23
14.8264,51.14032,7,49.4,,
14.86919,51.13854,111,45.4,5.28,22
14.88345,51.13794,228,42.9,4.49,15
14.92623,51.13613,204,52.9,5.12,7
14.94049,51.13552,1884,50.6,5.75,98
14.95475,51.13492,1494,49.6,5.33,297
14.96901,51.13431,134,51.8,5.62,12
14.98327,51.13369,988,53.2,4.93,491
12.19787,51.22876,64,48.4,,
12.21218,51.22849,38,48.0,,
12.22649,51.22821,120,46.7,5.46,14
12.2408,51.22794,6,30.6,,
12.32666,51.22626,1985,50.1,5.41,688
12.34097,51.22597,695,48.8,6.06,109
12.38389,51.2251,239,35.8,5.46,55
12.45543,51.22361,14,24.8,4.29,8
12.46974,51.22331,213,41.2,3.85,30
12.51266,51.22239,6,61.2,,
12.52697,51.22208,262,45.8,5.47,28
12.65572,51.21921,7,49.7,,
12.68433,51.21855,7,38.2,,
12.71294,51.21789,139,32.1,,
12.72724,51.21756,1689,50.4,5.11,964
12.74155,51.21722,61,47.7,6.35,9
12.75585,51.21688,119,47.0,5.13,3
12.77015,51.21654,75,45.6,5.36,5
12.78446,51.2162,41,48.2,,
12.81306,51.21551,31,61.6,,
12.82737,51.21516,22,41.0,4.6,3
12.84167,51.21482,91,44.8,,
12.85597,51.21447,218,41.1,4.34,95
12.87027,51.21411,21,49.9,5.25,8
12.88458,51.21376,114,43.8,4.37,8
12.89888,51.2134,70,45.1,,
12.91318,51.21305,5,30.5,,
12.95608,51.21196,139,48.0,4.22,16
12.97038,51.2116,79,45.8,4.08,10
12.98468,51.21123,153,44.6,3.71,6
12.99898,51.21087,60,41.2,5.06,21
13.01328,51.2105,198,49.5,4.06,42
13.02758,51.21013,73,48.1,3.88,5
13.04188,51.20975,45,47.1,,
13.05618,51.20938,13,29.0,,
13.07048,51.209,155,45.4,1.85,4
13.09908,51.20824,26,55.4,,
13.12768,51.20748,85,45.7,5.18,14
13.14198,51.20709,169,50.2,4.46,8
13.15627,51.2067,504,45.1,4.91,234
13.17057,51.20632,51,53.8,3.99,8
13.19917,51.20553,6,56.7,,
13.21346,51.20514,7,33.0,,
13.22776,51.20474,27,40.3,3.22,6
13.24206,51.20434,58,39.0,4.26,36
13.27065,51.20354,13,48.9,,
13.29924,51.20274,221,46.7,4.11,48
13.31354,51.20233,543,49.2,4.72,119
13.35642,51.2011,19,64.0,4.49,9
13.37072,51.20069,67,57.1,6.09,3
13.38501,51.20027,66,54.3,4.52,11
13.3993,51.19985,355,48.4,4.95,59
13.4136,51.19943,96,47.0,4.98,11
13.42789,51.19901,165,50.9,4.27,7
13.44218,51.19859,366,43.4,5.48,40
13.45648,51.19817,134,48.3,4.51,33
13.47077,51.19774,88,45.3,4.43,4
13.48506,51.19731,59,34.6,,
13.49936,51.19688,481,41.9,5.69,155
13.51365,51.19645,145,45.2,5.55,4
13.52794,51.19602,3,60.1,,
13.54223,51.19559,8,44.5,,
13.55652,51.19515,16,49.6,,
13.57081,51.19471,95,49.0,5.28,6
13.5994,51.19383,25,48.0,,
13.61369,51.19339,208,42.6,,
13.62798,51.19294,138,49.5,5.25,7
13.71371,51.19023,63,50.2,3.46,3
13.728,51.18978,448,46.6,5.82,52
13.77086,51.18839,66,51.2,,
13.78515,51.18793,723,47.8,5.34,25
13.79944,51.18746,222,41.1,5.04,7
13.81372,51.187,1454,44.8,5.83,374
13.82801,51.18653,969,51.4,6.0,196
13.8423,51.18605,727,45.7,6.58,67
13.85658,51.18558,25,42.5,,
13.89944,51.18415,99,42.9,3.94,4
13.91372,51.18367,37,39.2,,
13.92801,51.18319,3,45.0,,
13.97086,51.18173,232,45.9,6.15,33
13.98514,51.18124,3,46.0,,
13.99943,51.18075,794,48.4,5.57,337
14.01371,51.18026,2227,45.0,5.65,658
14.02799,51.17977,376,45.9,5.34,43
14.04227,51.17927,291,52.8,5.72,19
14.05656,51.17877,444,44.9,4.93,29
14.0994,51.17727,12,51.5,,
14.14224,51.17575,59,41.6,,
14.15652,51.17524,367,46.3,4.85,21
14.1708,51.17473,308,51.0,4.71,34
14.18508,51.17421,605,44.0,4.77,49
14.19936,51.1737,11,55.7,,
14.21364,51.17318,16,45.9,,
14.22792,51.17266,38,56.7,,
14.2422,51.17214,33,51.8,,
14.25647,51.17162,5,33.1,,
14.27075,51.1711,45,45.8,5.05,8
14.28503,51.17057,101,54.0,4.59,8
14.29931,51.17004,79,46.5,5.0,3
14.32786,51.16898,48,36.1,,
14.34214,51.16845,98,44.2,5.19,4
14.35641,51.16791,114,45.4,4.75,4
14.37069,51.16738,16,54.5,,
14.38496,51.16684,146,42.8,,
14.39924,51.1663,14,51.0,,
14.41351,51.16576,329,37.0,5.18,142
14.42779,51.16522,471,46.2,5.24,258
14.44206,51.16467,945,51.2,5.58,253
14.45633,51.16412,144,48.8,6.27,3
14.47061,51.16357,206,45.4,5.58,50
14.48488,51.16302,40,43.9,,
14.49915,51.16247,61,49.2,4.28,8
14.51343,51.16192,254,53.4,4.71,68
14.5277,51.16136,41,51.2,,
14.57051,51.15969,135,47.2,3.87,21
14.58478,51.15912,35,40.5,,
14.59905,51.15856,32,42.5,,
14.61332,51.15799,49,43.0,,
14.62759,51.15742,57,58.1,,
14.64186,51.15686,6,54.7,,
14.6704,51.15571,22,45.4,,
14.68467,51.15514,40,46.7,,
14.69894,51.15456,152,37.8,4.4,5
14.71321,51.15398,5,69.6,,
14.72748,51.1534,4,67.8,,
14.74174,51.15282,53,47.7,,
14.75601,51.15224,33,46.5,,
14.77028,51.15165,8,35.9,,
14.79881,51.15047,37,52.0,,
14.81307,51.14988,70,52.4,,
14.82734,51.14929,22,49.6,4.18,4
14.8416,51.1487,8,51.2,,
14.85587,51.1481,3,13.7,,
14.87013,51.1475,9,37.3,,
14.8844,51.1469,244,44.0,4.44,28
14.89866,51.1463,229,45.4,4.75,32
14.91292,51.1457,49,54.4,5.17,3
14.92719,51.1451,197,42.7,4.82,41
14.94145,51.14449,3091,55.5,5.25,1
14.95571,51.14388,2840,58.6,5.48,1
14.96997,51.14327,5367,45.4,4.83,3
14.98424,51.14266,4457,43.3,4.83,2
12.24124,51.23692,201,44.6,,
12.32711,51.23524,540,38.6,9.72,78
12.34142,51.23495,91,32.0,,
12.38436,51.23408,1112,41.9,5.62,207
12.54177,51.23075,228,46.0,6.08,32
12.55608,51.23043,139,43.8,5.46,12
12.61331,51.22916,26,54.3,,
12.65624,51.22819,42,43.0,,
12.68485,51.22753,98,44.6,,
12.69916,51.2272,333,43.0,5.34,205
12.71347,51.22687,583,50.9,5.27,262
12.72777,51.22654,912,50.9,5.09,540
12.74208,51.2262,52,49.1,4.76,5
12.75639,51.22586,132,49.2,3.85,5
12.77069,51.22552,232,42.3,5.17,18
12.785,51.22518,12,33.3,,
12.79931,51.22484,77,51.8,,
12.81361,51.22449,8,21.7,,
12.82792,51.22415,13,46.8,,
12.84222,51.2238,67,39.5,4.84,13
12.88514,51.22274,107,44.9,2.46,3
12.89944,51.22238,25,50.2,,
12.91375,51.22203,48,49.4,,
12.94236,51.22131,57,47.1,3.91,6
12.95666,51.22094,7,41.6,,
12.97096,51.22058,4,30.5,,
12.99957,51.21985,98,44.2,,
13.01387,51.21948,155,47.0,4.67,11
13.02817,51.21911,95,45.0,2.98,3
13.07108,51.21798,16,42.4,3.6,3
13.08538,51.2176,12,45.1,,
13.12829,51.21646,4,50.0,,
13.14259,51.21607,18,44.2,,
13.15689,51.21568,33,44.8,,
13.17119,51.21529,164,48.8,4.07,7
13.21409,51.21412,37,38.8,2.86,5
13.24269,51.21332,36,39.1,3.28,6
13.25699,51.21292,15,64.8,,
13.29988,51.21171,49,55.4,4.48,4
13.31418,51.21131,9,35.1,,
13.32848,51.2109,15,31.5,,
13.35708,51.21008,26,44.4,6.36,3
13.37137,51.20966,45,42.7,4.08,5
13.39997,51.20883,53,50.6,4.14,4
13.41426,51.20841,155,51.3,4.99,16
13.42856,51.20799,25,38.8,5.28,5
13.45715,51.20714,7,51.4,,
13.50004,51.20586,4,71.8,,
13.52863,51.205,213,46.3,3.43,7
13.5858,51.20325,42,48.5,,
13.6001,51.20281,4,64.1,,
13.62868,51.20192,484,47.8,7.27,8
13.67156,51.20057,300,44.9,6.37,10
13.70014,51.19967,8,44.8,,
13.72873,51.19875,235,52.1,5.59,14
13.75731,51.19783,3,61.9,,
13.7716,51.19737,429,44.2,5.3,8
13.80018,51.19644,24,41.1,8.65,4
13.81447,51.19597,24,52.3,,
13.82876,51.1955,475,48.4,5.79,134
13.84304,51.19503,43,49.5,,
13.87162,51.19408,25,47.5,8.55,4
13.88591,51.1936,214,46.5,,
13.9002,51.19313,560,44.7,4.77,38
13.92877,51.19216,3,68.4,,
13.97163,51.19071,96,46.5,3.75,3
13.98592,51.19022,4,39.1,,
14.00021,51.18973,61,41.7,,
14.01449,51.18923,1019,53.2,5.99,376
14.02878,51.18874,396,47.5,5.66,142
14.04306,51.18824,85,51.2,,
14.05735,51.18775,307,45.6,4.36,8
14.07163,51.18725,7,38.0,,
14.12877,51.18523,75,41.4,5.88,3
14.14305,51.18472,5,49.0,,
14.1859,51.18319,138,48.6,4.01,3
14.20018,51.18267,94,43.5,4.41,3
14.21446,51.18215,58,42.3,,
14.24302,51.18111,37,46.5,,
14.2573,51.18059,139,37.2,4.25,14
14.30014,51.17901,15,22.9,7.1,7
14.31442,51.17848,501,50.9,5.0,132
14.3287,51.17795,307,49.2,5.0,56
14.34298,51.17742,48,51.2,,
14.35726,51.17688,93,46.8,,
14.37154,51.17635,19,64.5,,
14.38582,51.17581,129,52.3,5.59,27
14.40009,51.17527,634,47.8,5.19,34
14.41437,51.17473,1231,51.7,5.35,524
14.42865,51.17419,3192,45.2,5.38,1
14.44293,51.17364,3816,49.4,5.58,2
14.4572,51.17309,3604,51.8,5.34,2
14.47148,51.17254,253,48.9,5.21,37
14.48575,51.17199,304,48.1,4.06,6
14.50003,51.17144,133,47.6,3.75,6
14.51431,51.17089,13,53.5,5.53,3
14.5714,51.16865,54,49.0,3.93,11
14.58568,51.16809,162,44.2,4.69,11
14.61422,51.16696,15,45.2,,
14.6285,51.16639,8,38.1,,
14.67131,51.16468,161,46.6,4.17,5
14.68558,51.1641,96,50.4,4.5,14
14.69985,51.16353,18,49.3,,
14.71412,51.16295,11,46.3,,
14.74267,51.16179,16,41.7,,
14.75694,51.1612,26,49.2,4.51,4
14.78547,51.16003,12,38.1,,
14.79974,51.15944,135,48.2,3.49,11
14.81401,51.15885,218,45.8,4.28,11
14.88535,51.15587,16,49.3,,
14.89961,51.15527,69,54.1,,
14.91388,51.15467,299,49.6,4.9,22
14.92815,51.15406,130,43.3,4.34,13
14.94241,51.15345,133,53.7,5.13,20
14.95668,51.15285,386,45.1,4.61,208
14.97094,51.15224,3748,37.3,4.53,2
14.9852,51.15162,7535,39.9,4.73,4
14.99947,51.15101,2003,42.1,4.9,865
12.19873,51.24673,51,52.2,7.11,4
12.22736,51.24618,60,47.0,3.5,3
12.38482,51.24306,631,46.5,6.44,234
12.4707,51.24127,23,44.3,,
12.48502,51.24097,95,43.0,6.31,5
12.54227,51.23973,250,51.7,5.45,35
12.55658,51.23942,366,43.3,4.99,28
12.59951,51.23847,94,35.0,,
12.61382,51.23815,656,45.6,5.09,43
12.64245,51.2375,7,54.0,,
12.65676,51.23717,298,46.2,3.81,13
12.67107,51.23685,24,34.6,4.35,3
12.68538,51.23652,14,48.0,,
12.69969,51.23619,1228,54.2,5.32,830
12.714,51.23585,2526,50.3,5.19,1
12.72831,51.23552,2844,40.8,5.31,1
12.74262,51.23518,272,52.2,5.44,76
12.75693,51.23484,78,46.0,,
12.77124,51.2345,270,46.0,4.68,33
12.78554,51.23416,7,71.7,,
12.79985,51.23382,35,56.6,,
12.81416,51.23347,13,52.1,,
12.82847,51.23313,189,45.2,3.36,13
12.84278,51.23278,39,47.0,3.96,8
12.85709,51.23243,167,42.3,4.32,26
12.90001,51.23137,27,46.5,4.83,3
12.94293,51.23029,168,51.8,4.37,37
12.95724,51.22992,126,42.8,3.79,14
12.98585,51.22919,32,47.4,,
13.00015,51.22883,115,50.0,3.96,32
13.01446,51.22846,13,44.2,,
13.02877,51.22808,131,48.8,5.45,7
13.04307,51.22771,83,47.3,5.01,3
13.05738,51.22734,12,59.0,,
13.07168,51.22696,4,52.8,4.87,3
13.08598,51.22658,53,46.8,,
13.10029,51.2262,3,59.5,,
13.1289,51.22543,62,46.5,5.11,4
13.17181,51.22427,3,58.2,,
13.18611,51.22388,178,44.7,4.4,8
13.21472,51.22309,166,50.3,3.91,11
13.22902,51.2227,152,44.8,3.92,11
13.24332,51.2223,15,31.1,,
13.25762,51.2219,50,44.6,3.34,10
13.27192,51.2215,3,43.1,4.69,3
13.28623,51.2211,125,44.0,3.88,30
13.31483,51.22029,90,42.5,4.59,8
13.32913,51.21988,46,40.6,,
13.35773,51.21905,21,42.4,,
13.37203,51.21864,21,41.0,4.88,9
13.40063,51.21781,75,49.5,4.83,10
13.41493,51.21739,187,42.8,4.14,11
13.42923,51.21697,108,46.3,5.18,7
13.44353,51.21655,49,51.7,,
13.45783,51.21612,5,64.5,,
13.52932,51.21397,38,45.4,,
13.57221,51.21266,272,45.7,4.64,26
13.62939,51.21089,145,48.7,4.31,6
13.64369,51.21045,20,53.7,,
13.71516,51.20818,365,56.7,5.77,19
13.72945,51.20773,750,49.5,5.66,210
13.75804,51.20681,28,43.7,,
13.77233,51.20634,244,49.7,5.41,5
13.8295,51.20447,20,56.6,,
13.92954,51.20114,237,48.6,5.74,8
13.94383,51.20065,396,45.7,4.31,27
13.95812,51.20017,163,45.3,6.39,10
13.97241,51.19968,36,50.6,,
13.9867,51.19919,3,39.8,,
14.00099,51.1987,289,44.2,4.31,7
14.01527,51.19821,246,47.3,5.43,13
14.02956,51.19771,36,49.0,,
14.04385,51.19722,131,48.7,5.64,10
14.05814,51.19672,482,47.9,5.02,17
14.07242,51.19622,140,47.7,2.87,6
14.08671,51.19572,9,44.9,,
14.12957,51.1942,300,46.0,5.14,8
14.14386,51.19369,11,29.5,,
14.17243,51.19267,95,45.6,6.05,5
14.21528,51.19112,273,45.6,4.96,23
14.22957,51.19061,5,20.6,,
14.25813,51.18956,37,47.2,,
14.2867,51.18851,152,47.0,4.14,7
14.30098,51.18798,36,41.9,,
14.31526,51.18745,10,55.6,,
14.32955,51.18692,38,45.6,,
14.34383,51.18639,37,49.9,,
14.35811,51.18586,42,54.2,,
14.38667,51.18478,226,51.2,,
14.40095,51.18424,238,64.1,4.45,12
14.41523,51.1837,1810,47.1,5.45,765
14.42951,51.18315,5176,43.5,5.44,3
14.44379,51.18261,3860,49.1,5.69,2
14.45807,51.18206,274,48.0,5.54,51
14.47235,51.18151,3,54.4,,
14.48663,51.18096,18,39.0,,
14.50091,51.18041,173,44.4,4.4,45
14.52946,51.1793,93,41.0,4.07,10
14.54374,51.17874,39,46.7,3.44,4
14.55802,51.17818,55,46.1,5.03,8
14.57229,51.17762,174,45.6,4.55,6
14.58657,51.17706,16,53.3,2.5,3
14.61512,51.17593,113,43.1,3.68,5
14.6294,51.17536,53,47.7,3.26,3
14.64367,51.17479,72,43.7,,
14.65795,51.17422,6,64.3,,
14.67222,51.17365,7,35.0,,
14.6865,51.17307,78,42.3,,
14.70077,51.17249,29,47.1,,
14.71504,51.17192,25,57.0,,
14.72932,51.17133,3,52.0,,
14.74359,51.17075,14,45.8,3.05,5
14.75786,51.17017,132,48.8,4.05,8
14.77213,51.16958,37,34.4,,
14.78641,51.169,33,41.3,4.38,12
14.81495,51.16782,21,40.4,,
14.82922,51.16722,15,39.2,,
14.9291,51.16303,428,50.0,5.48,51
14.94337,51.16242,22,41.2,5.67,4
14.95764,51.16181,83,55.0,4.18,6
14.97191,51.1612,1492,52.4,4.34,895
14.98618,51.16059,4593,44.8,4.76,2
12.21348,51.25544,209,43.4,5.3,44
12.2278,51.25517,109,50.2,5.27,9
12.27075,51.25434,405,50.5,6.84,19
12.29939,51.25377,23,45.7,,
12.3137,51.25349,3,40.5,,
12.37097,51.25234,121,45.4,7.17,46
12.38529,51.25205,709,44.0,6.09,249
12.44255,51.25086,41,51.3,,
12.45687,51.25056,7,46.6,,
12.47119,51.25025,357,46.6,4.86,30
12.4855,51.24995,4,50.8,,
12.51413,51.24933,14,40.0,5.66,3
12.52845,51.24902,3,87.0,,
12.54276,51.24871,3,21.7,,
12.55708,51.2484,304,40.8,6.13,104
12.57139,51.24808,586,43.2,5.26,82
12.61433,51.24713,50,51.3,6.67,4
12.62865,51.24681,145,50.8,6.18,3
12.64296,51.24648,266,51.3,4.2,16
12.65728,51.24616,3,43.8,,
12.67159,51.24583,19,45.2,,
12.71453,51.24483,883,50.9,5.65,23
12.72884,51.2445,1350,48.6,5.42,215
12.74315,51.24416,89,48.4,6.38,12
12.75746,51.24382,182,44.2,6.03,24
12.77178,51.24348,129,41.4,5.43,6
12.78609,51.24314,146,46.6,4.47,9
12.8004,51.2428,4,77.2,,
12.81471,51.24245,6,36.9,,
12.82902,51.24211,65,48.0,4.7,3
12.87195,51.24106,49,48.3,4.62,11
12.88626,51.2407,27,52.1,,
12.90057,51.24035,13,38.2,,
12.91488,51.23999,236,41.9,4.96,62
12.92919,51.23963,82,42.8,3.24,3
12.9435,51.23927,57,59.2,6.73,11
12.95781,51.23891,4,28.6,,
12.97212,51.23854,61,45.3,,
12.98643,51.23817,7,50.3,,
13.00074,51.23781,48,55.2,4.09,13
13.01505,51.23744,45,44.6,4.29,8
13.02936,51.23706,76,53.4,4.76,12
13.04366,51.23669,1490,50.7,4.62,427
13.05797,51.23632,842,49.9,4.71,305
13.07228,51.23594,210,45.8,5.09,47
13.08659,51.23556,104,52.3,,
13.1152,51.2348,41,48.8,,
13.12951,51.23441,101,45.1,4.13,13
13.15812,51.23364,66,38.3,4.75,8
13.17243,51.23325,124,44.7,3.97,6
13.18673,51.23286,91,45.6,3.78,5
13.21534,51.23207,91,37.5,3.59,7
13.24395,51.23128,50,41.6,3.04,7
13.25826,51.23088,7,61.9,4.35,4
13.27256,51.23048,52,47.9,4.16,4
13.28687,51.23007,4,40.8,,
13.31548,51.22926,153,49.0,5.03,30
13.32978,51.22885,35,41.0,,
13.34408,51.22844,17,55.4,,
13.35839,51.22803,105,54.4,4.49,5
13.37269,51.22762,12,54.6,,
13.38699,51.2272,10,60.8,,
13.40129,51.22679,18,35.0,,
13.4156,51.22637,158,51.8,5.28,6
13.4299,51.22595,299,52.7,5.51,26
13.4728,51.22467,92,47.5,3.2,3
13.4871,51.22424,208,46.9,5.04,43
13.5014,51.22382,9,51.2,,
13.53,51.22295,17,45.4,,
13.5443,51.22252,65,47.3,,
13.5729,51.22164,52,47.3,5.09,3
13.5872,51.2212,21,41.3,,
13.6158,51.22031,46,51.7,,
13.6301,51.21987,244,47.6,5.02,9
13.71588,51.21716,1956,45.1,5.62,752
13.73018,51.2167,1139,50.4,5.59,517
13.74448,51.21624,9,56.8,,
13.75877,51.21578,10,65.3,,
14.00177,51.20767,270,41.1,4.58,28
14.01606,51.20718,19,46.7,,
14.03035,51.20668,67,44.0,,
14.04464,51.20619,311,48.2,4.58,9
14.05893,51.20569,22,47.4,,
14.07322,51.20519,82,56.8,4.04,3
14.1018,51.20419,25,39.0,,
14.13038,51.20317,94,49.8,4.26,5
14.14466,51.20267,112,48.0,4.58,8
14.17324,51.20164,46,40.9,,
14.18753,51.20113,50,48.3,6.03,3
14.20182,51.20061,10,39.5,,
14.23039,51.19958,52,47.0,4.33,4
14.24468,51.19906,95,43.9,4.99,6
14.27325,51.19801,19,37.3,,
14.28753,51.19748,43,54.3,,
14.30182,51.19695,82,48.6,3.54,3
14.31611,51.19642,28,61.3,,
14.33039,51.19589,6,49.1,,
14.34467,51.19536,54,45.9,,
14.35896,51.19483,6,53.6,,
14.37324,51.19429,256,49.6,4.31,23
14.38753,51.19375,30,45.8,,
14.40181,51.19321,55,36.8,6.1,11
14.41609,51.19267,345,45.8,5.96,30
14.43037,51.19212,1233,48.0,5.34,365
14.44466,51.19158,6004,49.7,4.64,4
14.45894,51.19103,235,49.2,4.28,131
14.47322,51.19048,359,46.4,4.64,75
14.51606,51.18883,43,50.3,,
14.53034,51.18827,14,48.6,,
14.57318,51.18659,141,40.1,4.94,32
14.58746,51.18603,62,42.3,,
14.61602,51.1849,84,39.1,3.98,8
14.6303,51.18433,65,45.9,,
14.64458,51.18376,40,39.6,5.6,4
14.67313,51.18261,82,44.9,4.36,6
14.68741,51.18204,95,46.1,,
14.70168,51.18146,15,53.1,,
14.71596,51.18088,18,44.9,,
14.74451,51.17972,33,43.8,4.31,4
14.75879,51.17914,54,43.1,7.75,3
14.77306,51.17855,57,41.4,,
14.80161,51.17737,17,37.8,,
14.93006,51.17199,285,46.0,4.24,8
14.94434,51.17138,130,36.9,5.07,28
14.97288,51.17017,2859,57.5,4.68,2
14.98715,51.16955,2767,50.8,4.29,2
15.00142,51.16894,137,42.5,4.06,10
12.19959,51.26469,36,54.9,,
12.21391,51.26442,247,47.5,3.06,5
12.22823,51.26415,141,43.7,7.31,4
12.24255,51.26388,3,38.6,,
12.27119,51.26332,4,58.5,,
12.28551,51.26304,15,32.0,,
12.29983,51.26276,593,45.9,5.92,45
12.31416,51.26247,250,44.4,6.1,39
12.3428,51.2619,239,45.0,9.71,15
12.35712,51.26161,655,39.7,6.38,60
12.37144,51.26132,1419,50.8,6.57,441
12.38576,51.26103,366,43.3,6.11,147
12.42871,51.26014,316,41.3,6.78,10
12.44303,51.25984,328,47.5,5.39,31
12.45735,51.25954,53,49.2,4.97,8
12.50031,51.25863,549,46.7,6.27,32
12.51462,51.25832,402,45.8,6.09,65
12.52894,51.25801,588,47.9,6.03,83
12.54326,51.2577,356,46.4,5.38,28
12.57189,51.25707,514,41.5,5.59,135
12.58621,51.25675,210,42.0,5.14,19
12.60053,51.25643,169,50.3,5.53,42
12.61485,51.25611,7,46.0,,
12.62916,51.25579,169,50.6,3.81,49
12.64348,51.25546,364,44.9,4.02,28
12.68643,51.25448,39,49.7,,
12.70074,51.25415,18,45.1,,
12.71506,51.25382,37,39.9,7.52,4
12.72937,51.25348,878,50.0,5.76,98
12.74369,51.25314,213,46.6,5.67,11
12.758,51.25281,69,53.1,,
12.77232,51.25247,256,49.8,4.85,44
12.78663,51.25212,66,39.5,3.14,7
12.80095,51.25178,21,50.0,4.15,4
12.81526,51.25144,54,53.0,,
12.82957,51.25109,13,55.8,,
12.8582,51.25039,38,49.8,3.34,6
12.87251,51.25004,3,58.0,,
12.88683,51.24968,24,54.9,,
12.91545,51.24897,67,36.6,4.53,10
12.94408,51.24825,3,55.5,,
12.95839,51.24789,32,49.0,2.49,3
12.9727,51.24752,26,47.4,,
12.98701,51.24715,82,48.4,3.32,6
13.00133,51.24679,86,45.0,3.93,9
13.01564,51.24642,58,47.1,3.38,5
13.02995,51.24604,164,48.8,4.39,5
13.04426,51.24567,202,50.6,4.61,3
13.05857,51.2453,25,52.8,,
13.07288,51.24492,181,49.2,3.69,3
13.08719,51.24454,193,48.9,4.07,19
13.13012,51.24339,59,49.7,,
13.15874,51.24262,4,17.5,,
13.17305,51.24223,42,41.3,,
13.18735,51.24184,429,45.6,4.36,61
13.20166,51.24145,40,41.3,4.82,7
13.21597,51.24105,677,50.2,4.69,155
13.23028,51.24066,21,53.7,3.24,3
13.24459,51.24026,39,42.2,,
13.25889,51.23986,11,53.6,,
13.30182,51.23865,14,54.6,,
13.37335,51.2366,31,52.3,,
13.38765,51.23618,104,42.0,5.07,5
13.40196,51.23576,90,54.1,4.47,4
13.41626,51.23534,96,48.2,4.47,8
13.43057,51.23492,56,52.7,5.17,15
13.45918,51.23408,10,42.4,,
13.47348,51.23365,7,41.3,,
13.48778,51.23322,83,41.1,,
13.50209,51.23279,123,49.8,4.46,41
13.51639,51.23236,41,47.9,5.37,6
13.53069,51.23193,134,42.9,4.06,11
13.545,51.23149,253,47.5,4.42,35
13.5879,51.23018,19,40.5,3.33,3
13.6022,51.22973,46,43.3,5.68,3
13.61651,51.22929,106,47.4,4.36,8
13.65941,51.22795,414,45.4,5.18,28
13.67371,51.2275,29,43.9,6.19,3
13.70231,51.22659,137,47.2,4.84,5
13.71661,51.22614,19,56.7,,
13.73091,51.22568,9,43.3,5.31,3
13.74521,51.22522,13,52.4,,
13.75951,51.22476,9,62.2,,
13.88818,51.22053,7,52.0,,
13.90248,51.22005,97,44.5,3.49,5
13.91678,51.21957,267,42.5,5.05,9
13.98825,51.21714,379,46.3,4.96,34
14.00255,51.21665,435,46.2,5.28,28
14.03113,51.21566,335,43.7,6.5,21
14.04543,51.21516,4,62.4,,
14.07401,51.21416,169,44.7,3.76,3
14.08831,51.21366,5,40.3,,
14.1026,51.21316,25,45.4,,
14.11689,51.21265,72,46.4,,
14.15976,51.21113,16,34.0,,
14.17405,51.21061,14,51.8,,
14.18835,51.2101,24,38.8,3.5,7
14.20264,51.20958,33,48.0,2.91,3
14.21693,51.20907,136,43.8,3.97,3
14.23121,51.20855,49,44.9,,
14.2455,51.20803,58,49.2,4.36,3
14.25979,51.2075,7,57.4,,
14.28837,51.20645,33,51.9,,
14.30266,51.20593,175,40.9,4.72,30
14.33123,51.20486,26,50.4,,
14.34552,51.20433,149,45.8,3.95,10
14.35981,51.2038,37,48.6,,
14.37409,51.20326,10,53.7,7.09,3
14.38838,51.20272,57,43.4,,
14.40267,51.20218,37,46.9,,
14.41695,51.20164,42,49.6,3.45,3
14.44552,51.20055,64,45.1,5.84,4
14.45981,51.2,311,47.2,6.0,23
14.47409,51.19945,59,45.7,,
14.48838,51.1989,28,31.8,,
14.50266,51.19835,199,45.6,4.59,11
14.51694,51.19779,30,37.2,,
14.53123,51.19724,6,63.7,,
14.55979,51.19612,26,52.5,,
14.57408,51.19556,82,40.5,,
14.58836,51.195,46,44.4,5.45,10
14.60264,51.19443,103,45.4,,
14.6312,51.1933,15,55.9,,
14.64548,51.19273,78,44.5,5.19,10
14.65976,51.19215,401,47.4,4.51,75
14.67404,51.19158,5,59.2,,
14.68832,51.19101,6,46.2,,
14.7026,51.19043,85,46.8,4.46,3
14.71688,51.18985,83,54.3,,
14.74544,51.18869,254,46.2,4.48,14
14.75971,51.1881,88,53.3,,
14.77399,51.18752,49,42.6,5.45,4
14.78827,51.18693,215,47.1,3.5,5
14.80255,51.18634,35,45.9,,
14.84538,51.18456,281,44.5,7.45,37
14.85965,51.18396,267,44.7,4.05,25
14.87393,51.18337,346,48.0,5.09,27
14.8882,51.18277,211,44.5,4.69,15
14.90248,51.18216,8,46.6,,
14.93102,51.18096,501,49.9,4.82,34
14.95957,51.17974,3,66.5,,
14.97384,51.17913,355,53.2,4.61,72
14.98812,51.17852,303,43.7,5.0,18
15.00239,51.1779,158,52.5,4.31,10
12.20002,51.27368,49,50.2,,
12.21434,51.27341,75,57.3,,
12.22867,51.27313,655,45.7,5.73,61
12.24299,51.27286,111,47.4,4.96,13
12.27164,51.2723,95,43.5,4.93,5
12.28596,51.27202,193,34.0,6.98,11
12.30028,51.27174,1385,45.0,8.4,48
12.31461,51.27146,881,46.5,5.81,221
12.34325,51.27088,155,46.1,8.24,26
12.35758,51.2706,2878,51.9,7.38,494
12.3719,51.2703,1880,46.1,6.87,754
12.38622,51.27001,79,45.5,6.85,40
12.40054,51.26972,709,44.7,6.55,96
12.41487,51.26942,170,46.8,6.98,7
12.42919,51.26912,267,49.0,7.93,8
12.44351,51.26882,3,77.7,,
12.45783,51.26852,3,41.8,,
12.47215,51.26822,129,55.6,,
12.48647,51.26791,311,48.1,6.19,23
12.50079,51.26761,1183,49.6,5.38,75
12.51512,51.2673,77,34.8,9.15,10
12.58672,51.26573,5,59.4,,
12.60104,51.26541,6,63.3,,
12.61536,51.26509,96,53.1,6.03,5
12.62968,51.26477,177,40.6,5.98,6
12.68695,51.26346,358,42.9,4.96,24
12.70127,51.26313,5,68.5,,
12.78718,51.2611,220,44.6,6.0,46
12.80149,51.26076,22,48.2,5.04,3
12.83013,51.26007,22,44.2,2.89,4
12.84444,51.25972,16,42.6,,
12.85876,51.25937,13,50.8,,
12.88739,51.25866,512,48.2,4.45,61
12.90171,51.25831,5,65.7,,
12.91602,51.25795,135,41.8,4.91,31
12.93034,51.25759,64,54.9,2.99,5
12.94465,51.25723,113,49.7,4.73,15
12.95897,51.25687,41,53.9,,
12.97328,51.2565,92,47.3,2.22,3
12.9876,51.25613,50,42.9,,
13.00191,51.25577,84,41.3,5.11,3
13.01623,51.2554,20,41.7,,
13.03054,51.25502,8,55.0,,
13.04485,51.25465,44,46.8,2.6,3
13.05917,51.25428,12,55.7,,
13.07348,51.2539,39,44.8,,
13.08779,51.25352,3,59.0,,
13.10211,51.25314,236,50.3,4.72,65
13.11642,51.25276,200,43.1,5.77,8
13.13073,51.25237,69,44.8,,
13.14504,51.25199,23,41.4,6.07,3
13.15935,51.2516,4,50.3,,
13.18798,51.25082,6,63.1,,
13.20229,51.25043,46,42.4,,
13.2166,51.25003,206,51.4,7.1,20
13.23091,51.24963,69,45.3,6.17,6
13.24522,51.24924,4,34.4,,
13.28815,51.24803,284,47.3,3.7,13
13.30246,51.24763,24,58.3,4.72,7
13.31677,51.24722,112,49.5,4.23,3
13.33108,51.24681,19,53.7,,
13.34539,51.2464,78,44.0,,
13.374,51.24557,39,48.1,,
13.40262,51.24474,85,58.1,3.81,3
13.41693,51.24432,210,49.0,5.2,46
13.43124,51.2439,19,43.6,4.8,3
13.44554,51.24348,151,42.9,5.0,15
13.45985,51.24305,88,45.2,,
13.47416,51.24263,66,48.4,,
13.48846,51.2422,85,45.2,,
13.50277,51.24177,16,40.9,,
13.51708,51.24134,115,41.9,4.55,34
13.53138,51.2409,3,29.9,,
13.55999,51.24003,68,51.9,,
13.5886,51.23915,48,45.1,3.58,8
13.60291,51.23871,130,46.4,4.64,11
13.61721,51.23827,18,44.2,,
13.66012,51.23692,327,43.9,4.42,39
13.68873,51.23602,10,40.8,,
13.70303,51.23557,340,51.8,5.14,24
13.74594,51.23419,4,33.0,,
13.78884,51.2328,149,48.0,6.37,3
13.80314,51.23234,76,43.0,,
13.90324,51.22902,157,43.2,3.6,3
13.91754,51.22854,55,46.0,,
13.96043,51.22709,5,16.5,,
13.98903,51.22611,253,49.9,4.04,11
14.03192,51.22463,20,48.3,,
14.04622,51.22413,175,51.2,5.42,83
14.06051,51.22364,534,48.6,4.98,53
14.07481,51.22314,7,34.9,,
14.11769,51.22162,116,52.2,4.82,3
14.13199,51.22112,1158,48.7,4.65,220
14.14628,51.22061,65,41.5,4.38,17
14.16058,51.2201,25,49.3,4.84,7
14.18916,51.21907,290,40.1,4.49,3
14.20345,51.21856,62,39.6,,
14.21775,51.21804,47,35.4,,
14.23204,51.21752,47,37.9,,
14.24633,51.217,121,40.0,4.86,10
14.26062,51.21648,15,35.0,,
14.27492,51.21595,41,47.3,,
14.28921,51.21542,41,37.4,4.21,6
14.3035,51.2149,37,56.6,,
14.31779,51.21437,169,47.1,,
14.36066,51.21277,65,46.5,,
14.37495,51.21223,17,37.6,,
14.38924,51.21169,1008,47.4,5.11,129
14.40353,51.21115,54,44.8,,
14.41781,51.21061,101,44.4,3.76,3
14.4321,51.21006,23,50.2,,
14.50354,51.20732,28,43.4,,
14.51782,51.20676,44,54.6,,
14.53211,51.20621,202,51.4,4.24,17
14.56068,51.20509,37,34.1,4.23,4
14.57497,51.20453,86,42.7,5.87,5
14.61782,51.20283,110,51.0,4.64,6
14.6321,51.20226,88,47.2,,
14.64639,51.20169,8,58.3,,
14.66067,51.20112,455,52.3,4.97,52
14.68924,51.19997,105,44.7,4.29,8
14.70352,51.1994,125,44.7,5.54,13
14.7178,51.19882,3,57.4,,
14.73208,51.19824,136,44.0,4.18,16
14.76064,51.19707,18,58.9,,
14.77492,51.19648,172,44.8,4.91,39
14.7892,51.1959,167,47.4,4.22,4
14.83204,51.19412,7,52.9,,
14.84632,51.19353,10,70.6,,
14.90343,51.19113,6,44.4,,
14.93199,51.18992,238,45.8,4.76,19
14.94626,51.18931,12,28.4,,
14.96054,51.18871,22,24.2,4.28,7
15.00336,51.18687,149,47.3,3.08,3
12.17179,51.2832,5,44.1,,
12.18612,51.28293,46,45.4,5.35,3
12.20045,51.28266,119,44.9,5.41,9
12.2291,51.28212,355,43.3,5.41,76
12.25775,51.28157,9,40.1,,
12.27208,51.28129,3,46.4,,
12.28641,51.28101,45,52.1,,
12.30073,51.28072,825,46.9,6.95,27
12.31506,51.28044,1370,43.9,6.17,386
12.35804,51.27958,3670,48.7,6.29,2
12.37236,51.27929,5634,44.2,6.31,2
12.38669,51.279,357,50.0,6.84,144
12.40101,51.2787,2264,48.3,7.01,669
12.41534,51.2784,312,50.6,6.12,8
12.42966,51.27811,491,46.9,7.51,65
12.45831,51.27751,648,45.1,6.08,217
12.47264,51.2772,1841,46.2,6.09,432
12.48696,51.2769,202,42.4,,
12.50128,51.27659,779,48.0,6.17,46
12.51561,51.27628,309,41.8,6.67,13
12.52993,51.27597,236,46.6,5.85,15
12.54425,51.27566,153,45.4,5.79,27
12.5729,51.27503,91,41.8,6.52,29
12.58722,51.27471,1729,44.1,5.89,374
12.60154,51.27439,1719,51.6,4.98,538
12.61587,51.27407,3,78.2,,
12.63019,51.27375,336,46.4,5.93,18
12.64451,51.27343,459,47.2,4.55,26
12.65883,51.2731,4,24.4,,
12.67315,51.27277,9,60.4,,
12.7018,51.27211,126,45.5,5.66,5
12.71612,51.27178,358,46.9,5.18,35
12.75908,51.27077,34,34.3,,
12.78772,51.27009,1044,50.0,4.5,204
12.80204,51.26974,179,48.2,4.19,20
12.81636,51.2694,70,42.7,4.17,13
12.83068,51.26905,80,41.5,3.79,3
12.845,51.2687,3,55.7,,
12.85932,51.26835,30,46.7,,
12.87364,51.268,5,41.9,,
12.88796,51.26764,461,48.9,4.59,84
12.91659,51.26693,6,32.7,,
12.93091,51.26657,68,53.9,5.11,10
12.94523,51.26621,20,59.1,,
12.97386,51.26548,251,48.4,4.65,33
13.01681,51.26438,3,62.7,,
13.03113,51.264,5,33.7,,
13.05976,51.26325,141,46.9,,
13.07408,51.26288,71,48.3,2.95,3
13.0884,51.2625,74,47.2,,
13.10271,51.26212,166,54.0,4.63,36
13.11703,51.26174,16,54.4,,
13.13134,51.26135,53,46.9,4.01,11
13.14566,51.26097,84,45.8,3.69,6
13.15997,51.26058,48,47.8,2.51,4
13.17429,51.26019,10,59.6,,
13.1886,51.2598,89,48.1,4.26,3
13.20291,51.2594,52,49.5,5.65,9
13.21723,51.25901,122,50.5,4.8,3
13.23154,51.25861,234,48.4,4.61,24
13.24585,51.25821,175,49.8,4.2,12
13.26017,51.25781,140,50.8,,
13.28879,51.25701,5,44.6,,
13.30311,51.2566,8,47.3,,
13.31742,51.2562,280,46.6,4.53,53
13.37466,51.25455,166,44.8,4.7,14
13.38897,51.25414,29,43.9,3.97,4
13.40329,51.25372,115,47.8,5.1,12
13.4176,51.2533,258,47.6,4.4,7
13.44622,51.25245,57,44.3,4.89,7
13.50345,51.25075,341,45.6,5.63,56
13.51776,51.25031,109,47.1,,
13.54638,51.24944,181,45.9,7.28,5
13.56069,51.24901,108,48.1,5.03,9
13.575,51.24857,48,46.7,2.39,4
13.5893,51.24813,37,40.6,,
13.61792,51.24724,33,42.4,,
13.66084,51.2459,447,42.9,5.24,61
13.68945,51.245,8,51.9,,
13.70375,51.24454,53,45.8,3.87,3
13.71806,51.24409,15,34.7,,
13.77528,51.24224,8,60.0,,
13.78958,51.24178,271,44.5,5.28,34
13.8754,51.23895,82,49.3,4.83,5
13.8897,51.23847,26,52.5,,
13.98981,51.23508,162,46.8,5.44,7
14.01841,51.2341,3,23.6,,
14.03271,51.2336,105,50.5,,
14.04701,51.23311,625,49.3,5.29,101
14.0613,51.23261,92,43.2,5.83,4
14.0756,51.23211,13,54.9,,
14.1042,51.2311,19,52.1,,
14.1185,51.2306,102,43.8,6.83,8
14.13279,51.23009,107,41.4,5.29,6
14.14709,51.22958,45,48.2,4.1,3
14.16139,51.22907,64,50.7,,
14.17568,51.22856,77,44.6,,
14.18998,51.22804,74,43.7,4.53,5
14.20427,51.22753,94,46.0,6.25,3
14.21857,51.22701,76,39.7,4.6,3
14.24716,51.22597,21,40.9,,
14.26146,51.22545,54,38.2,5.41,9
14.29004,51.22439,3,85.7,,
14.30434,51.22387,102,42.1,5.36,3
14.31863,51.22334,69,44.6,,
14.36151,51.22174,35,52.7,,
14.39009,51.22066,127,44.2,4.12,10
14.40438,51.22012,3,67.5,,
14.41868,51.21958,15,44.6,4.0,3
14.43297,51.21903,8,43.7,,
14.47584,51.21739,54,35.4,5.86,7
14.49013,51.21684,79,48.0,4.28,4
14.50442,51.21629,36,43.8,,
14.51871,51.21573,29,40.9,4.52,4
14.53299,51.21518,317,45.3,4.23,79
14.54728,51.21462,49,41.2,,
14.57586,51.2135,144,42.7,4.42,4
14.59015,51.21293,79,50.0,,
14.60443,51.21237,58,40.2,4.48,7
14.61872,51.2118,131,41.0,4.34,7
14.64729,51.21066,43,42.3,,
14.66158,51.21009,15,44.9,,
14.71872,51.20778,6,37.2,3.13,3
14.733,51.2072,21,49.1,,
14.76157,51.20604,37,44.7,,
14.77585,51.20545,148,46.9,,
14.89011,51.2007,3,82.0,,
14.90439,51.2001,57,46.5,,
14.91867,51.19949,107,45.8,5.06,7
14.93295,51.19889,175,43.0,5.21,12
14.94723,51.19828,13,48.6,,
14.99006,51.19645,52,37.4,6.92,3
15.00434,51.19583,194,46.7,5.47,18
12.15789,51.29245,52,48.4,3.38,5
12.20088,51.29165,355,45.5,4.9,29
12.21521,51.29137,41,44.7,5.54,4
12.22954,51.2911,48,39.4,4.33,11
12.24387,51.29083,302,43.2,6.14,22
12.2582,51.29055,633,45.9,6.5,56
12.27253,51.29027,9,39.6,,
12.30118,51.28971,357,50.4,7.27,8
12.31551,51.28942,458,42.4,6.08,156
12.32984,51.28914,52,41.4,3.81,16
12.3585,51.28856,1424,44.8,6.6,223
12.37283,51.28827,1756,48.3,6.58,406
12.38715,51.28798,1876,43.3,6.64,822
12.40148,51.28768,1689,43.6,6.04,464
12.41581,51.28739,540,42.6,6.83,244
12.43014,51.28709,950,44.0,5.98,105
12.44446,51.28679,1079,51.4,6.49,18
12.45879,51.28649,1553,49.9,5.77,527
12.47312,51.28618,369,43.4,5.4,138
12.48745,51.28588,29,54.9,,
12.50177,51.28557,135,49.7,6.04,4
12.5161,51.28526,81,50.9,6.55,3
12.53042,51.28495,489,47.6,4.97,33
12.54475,51.28464,34,51.9,,
12.5734,51.28401,103,43.3,4.03,3
12.58773,51.2837,1485,45.9,6.0,313
12.60205,51.28338,212,42.8,6.56,24
12.6307,51.28273,178,50.4,4.83,4
12.64503,51.28241,114,50.8,5.7,3
12.70233,51.28109,11,37.1,,
12.71665,51.28076,33,55.7,6.96,3
12.73097,51.28042,45,43.6,,
12.7453,51.28009,3,34.0,,
12.75962,51.27975,622,50.6,3.7,132
12.77394,51.27941,8,54.3,,
12.78827,51.27907,285,52.6,5.01,25
12.80259,51.27872,113,43.8,5.64,10
12.81691,51.27838,38,57.7,,
12.83123,51.27803,135,50.6,4.74,19
12.84556,51.27768,3,80.8,,
12.85988,51.27733,88,46.2,,
12.8742,51.27698,80,51.6,5.58,5
12.88852,51.27662,10,52.4,,
12.90284,51.27627,14,31.7,4.7,8
12.93148,51.27555,247,49.2,4.78,24
12.9458,51.27519,656,49.5,4.69,208
12.97444,51.27446,19,45.5,3.95,3
13.06036,51.27223,33,40.1,,
13.11764,51.27071,11,47.2,,
13.13195,51.27033,12,46.5,,
13.14627,51.26994,17,51.3,,
13.16059,51.26956,6,69.1,,
13.18922,51.26878,81,51.6,5.27,4
13.20354,51.26838,90,47.7,,
13.23217,51.26759,172,46.0,3.47,3
13.24649,51.26719,192,42.9,4.93,32
13.2608,51.26679,207,45.6,4.31,12
13.27512,51.26639,11,27.7,,
13.28944,51.26599,57,45.0,,
13.30375,51.26558,65,41.8,4.0,3
13.33238,51.26477,149,48.4,3.95,5
13.34669,51.26436,87,51.2,4.3,14
13.36101,51.26394,15,40.7,,
13.37532,51.26353,3,57.4,,
13.38964,51.26311,190,46.6,4.45,23
13.40395,51.26269,431,48.0,4.84,21
13.41826,51.26228,6,31.1,,
13.43258,51.26185,9,48.6,4.83,6
13.48983,51.26015,196,38.5,3.62,17
13.50414,51.25972,137,42.8,4.17,9
13.51845,51.25929,17,52.3,,
13.54707,51.25842,12,44.0,,
13.56138,51.25798,41,41.7,,
13.61862,51.25622,214,45.1,3.56,13
13.66155,51.25488,120,45.6,4.25,12
13.67586,51.25442,29,42.6,,
13.73309,51.2526,19,44.8,4.63,3
13.76171,51.25168,4,39.9,,
13.77601,51.25122,21,50.1,,
13.79032,51.25075,63,38.5,,
13.87616,51.24792,884,47.3,4.88,56
13.89046,51.24745,218,44.5,5.07,29
13.93337,51.246,261,41.6,4.6,24
13.97628,51.24455,459,46.9,4.18,30
13.99059,51.24406,72,49.0,3.88,4
14.00489,51.24356,102,48.8,5.13,6
14.01919,51.24307,409,48.7,5.06,22
14.03349,51.24258,493,45.1,4.73,10
14.0478,51.24208,46,75.5,,
14.0764,51.24108,89,44.2,4.86,6
14.0907,51.24058,24,41.4,,
14.1193,51.23957,17,41.5,,
14.1336,51.23906,206,47.1,4.76,16
14.1479,51.23855,22,46.0,,
14.1765,51.23753,17,42.6,,
14.1908,51.23702,430,49.1,4.89,83
14.2051,51.2365,507,44.7,5.56,22
14.21939,51.23598,46,52.4,,
14.23369,51.23546,176,42.3,4.47,6
14.24799,51.23494,348,50.3,5.04,9
14.26229,51.23442,100,38.6,3.39,3
14.27658,51.23389,68,37.1,,
14.29088,51.23337,39,42.2,,
14.30518,51.23284,22,42.0,,
14.31947,51.23231,99,41.8,3.28,3
14.33377,51.23178,194,48.4,3.46,13
14.36236,51.23071,87,45.8,,
14.37665,51.23017,19,56.1,5.4,3
14.39095,51.22963,202,48.8,4.4,18
14.40524,51.22909,15,30.4,,
14.41954,51.22855,80,47.7,,
14.43383,51.228,46,46.3,2.9,3
14.44812,51.22746,171,49.5,4.82,23
14.47671,51.22636,335,48.9,5.07,12
14.491,51.22581,49,49.3,5.68,4
14.5053,51.22526,181,49.8,4.33,10
14.53388,51.22414,14,43.1,,
14.54817,51.22359,164,51.4,3.8,12
14.59104,51.2219,185,49.3,4.09,16
14.63391,51.2202,24,55.4,,
14.6482,51.21963,21,42.0,,
14.66249,51.21906,118,47.2,4.53,33
14.67678,51.21848,115,42.8,4.41,12
14.7625,51.215,37,38.6,,
14.77678,51.21442,229,46.1,4.61,39
14.81964,51.21265,142,52.4,4.44,7
14.83393,51.21205,82,47.1,3.78,3
14.89106,51.20966,127,43.7,5.67,6
14.90534,51.20906,18,40.0,4.83,4
14.91963,51.20846,232,46.8,3.83,17
14.93391,51.20785,36,48.6,,
14.99103,51.20541,7,34.0,,
15.00531,51.2048,283,46.8,4.33,58
12.15831,51.30143,161,47.7,4.82,11
12.17264,51.30117,502,47.5,5.19,73
12.20131,51.30063,215,49.0,,
12.21564,51.30036,2732,46.3,6.2,983
12.22997,51.30008,1917,44.2,5.92,773
12.25864,51.29953,1531,50.2,6.56,585
12.27297,51.29925,735,48.4,6.29,196
12.2873,51.29897,207,43.2,5.86,9
12.30163,51.29869,19,39.6,,
12.31597,51.29841,1670,48.6,5.8,824
12.3303,51.29812,2358,45.5,6.17,963
12.34463,51.29783,5,47.2,3.8,3
12.37329,51.29725,93,31.6,7.29,3
12.38762,51.29696,5943,46.5,5.95,3
12.40195,51.29667,2504,57.4,5.67,1
12.41628,51.29637,167,43.0,5.38,34
12.43061,51.29607,2674,52.9,6.15,1
12.44494,51.29577,1241,50.2,6.41,68
12.45927,51.29547,534,46.5,7.39,17
12.4736,51.29517,238,51.7,5.56,4
12.50226,51.29456,55,47.1,3.66,3
12.51659,51.29425,315,42.3,5.91,62
12.57391,51.29299,453,52.2,5.92,98
12.58823,51.29268,23,47.3,,
12.63122,51.29171,416,43.3,5.67,104
12.64555,51.29139,554,45.5,5.02,51
12.6742,51.29074,12,62.5,,
12.68853,51.29041,469,50.0,5.23,43
12.70285,51.29007,267,46.9,3.49,16
12.74583,51.28907,644,52.4,5.19,139
12.76016,51.28873,667,47.5,5.14,152
12.77448,51.28839,319,45.0,3.74,35
12.80314,51.2877,37,42.9,,
12.86044,51.28631,9,43.8,1.5,3
12.87476,51.28596,6,25.7,3.53,5
12.91773,51.28489,47,39.4,4.96,4
12.93206,51.28453,522,48.9,4.84,62
12.94638,51.28417,801,49.0,4.63,106
13.03232,51.28196,94,48.0,4.38,3
13.04664,51.28159,76,44.6,3.59,3
13.07528,51.28084,90,48.4,,
13.0896,51.28046,348,49.8,5.32,16
13.13257,51.27931,7,50.4,,
13.14689,51.27892,121,45.2,4.56,3
13.18985,51.27775,11,43.2,,
13.21848,51.27697,9,63.5,,
13.2328,51.27657,13,64.3,,
13.24712,51.27617,99,42.0,4.74,7
13.26144,51.27577,27,34.8,2.92,3
13.27576,51.27537,108,49.1,4.73,17
13.29008,51.27497,461,48.2,5.59,47
13.3044,51.27456,77,55.0,4.64,4
13.33303,51.27374,7,57.7,,
13.3903,51.27209,143,45.7,3.32,8
13.40462,51.27167,213,50.7,4.43,13
13.41893,51.27125,37,52.2,,
13.43325,51.27083,178,50.6,4.39,11
13.44756,51.27041,20,49.5,,
13.46188,51.26998,113,43.5,4.47,3
13.49051,51.26913,66,49.0,6.94,5
13.53345,51.26783,277,49.4,3.46,13
13.5907,51.26608,126,43.2,4.0,3
13.67658,51.2634,182,43.0,1.88,4
13.77675,51.26019,256,50.0,5.07,9
13.80537,51.25926,191,45.4,5.48,3
13.8626,51.25737,25,50.6,,
13.87691,51.2569,20,53.9,4.85,3
13.89122,51.25642,323,50.7,6.09,119
13.90553,51.25594,426,39.8,5.14,145
13.91983,51.25546,98,55.6,,
13.93414,51.25498,65,41.6,4.18,12
13.94845,51.25449,72,58.7,,
13.96275,51.25401,193,50.1,,
13.97706,51.25352,118,47.8,4.9,4
14.00567,51.25254,112,50.1,1.5,3
14.01998,51.25204,7,51.5,,
14.06289,51.25055,199,48.4,4.21,9
14.07719,51.25005,23,43.2,,
14.1201,51.24854,91,50.5,,
14.13441,51.24803,76,53.3,,
14.14871,51.24752,126,45.6,5.78,58
14.17731,51.2465,202,40.0,4.62,14
14.19161,51.24599,13,41.2,,
14.20592,51.24547,8,22.4,,
14.22022,51.24495,61,39.6,4.74,3
14.23452,51.24443,30,41.9,,
14.24882,51.24391,41,49.3,,
14.27742,51.24286,71,45.5,4.46,8
14.29172,51.24234,69,41.6,,
14.33461,51.24075,75,36.5,5.12,8
14.34891,51.24021,81,42.8,,
14.36321,51.23968,10,39.4,,
14.37751,51.23914,38,45.3,4.52,3
14.39181,51.2386,48,45.6,4.5,3
14.4061,51.23806,117,45.0,4.52,6
14.4204,51.23752,87,41.7,,
14.44899,51.23643,153,45.7,4.86,3
14.46329,51.23588,48,53.1,5.02,3
14.47758,51.23533,13,43.3,,
14.49188,51.23478,104,40.2,3.15,3
14.50617,51.23422,10,42.6,,
14.52047,51.23367,331,44.8,3.8,26
14.57764,51.23143,4,38.9,,
14.59194,51.23087,175,45.0,5.02,15
14.60623,51.2303,23,45.2,1.75,5
14.63481,51.22917,20,44.1,2.83,3
14.64911,51.2286,6,38.0,,
14.6634,51.22802,61,52.2,4.39,24
14.67769,51.22745,129,50.8,,
14.77772,51.22338,95,48.9,,
14.792,51.22279,47,40.6,,
14.84915,51.22042,3,70.4,,
14.86344,51.21983,14,46.1,,
14.89201,51.21863,206,47.6,5.11,16
14.9063,51.21803,17,36.5,,
14.92058,51.21742,20,43.3,3.27,6
14.93487,51.21682,5,20.1,,
14.94915,51.21621,4,66.5,,
14.96344,51.2156,15,49.3,,
14.99201,51.21438,27,54.6,,
15.00629,51.21376,176,45.0,5.14,4
12.15873,51.31042,5,70.4,,
12.17307,51.31015,1060,48.4,5.45,119
12.1874,51.30988,109,47.1,3.64,5
12.21607,51.30934,1174,45.1,6.05,379
12.23041,51.30907,2856,48.5,6.27,831
12.24474,51.30879,127,38.6,,
12.25908,51.30852,4901,50.4,5.57,3
12.27341,51.30824,5158,43.2,5.9,2
12.28775,51.30796,1199,51.7,5.28,121
12.30208,51.30767,420,51.6,5.97,22
12.31642,51.30739,1981,54.8,5.85,1
12.33075,51.3071,2474,50.4,6.13,1
12.34509,51.30682,15,49.1,,
12.35942,51.30653,51,42.3,7.94,3
12.37375,51.30624,9518,38.8,6.65,5
12.38809,51.30594,6489,43.8,5.98,3
12.40242,51.30565,5787,46.0,5.99,2
12.41675,51.30535,465,34.4,6.37,136
12.43109,51.30505,2989,46.3,6.12,967
12.44542,51.30476,1773,54.1,7.16,572
12.45975,51.30445,1372,40.3,5.76,375
12.47409,51.30415,313,43.4,5.52,112
12.50275,51.30354,21,53.6,5.65,3
12.51708,51.30323,180,45.5,6.61,10
12.56008,51.30229,321,45.6,6.71,13
12.57441,51.30198,159,49.9,5.06,8
12.63173,51.3007,94,49.0,5.86,11
12.64606,51.30037,11,41.2,4.57,3
12.68905,51.29939,14,39.7,4.01,3
12.73204,51.29839,16,43.3,,
12.74637,51.29805,74,48.4,,
12.78936,51.29703,5,17.4,,
12.80368,51.29668,3,43.4,,
12.81801,51.29634,19,46.0,,
12.83234,51.29599,115,45.7,4.34,9
12.84667,51.29564,162,48.8,4.35,9
12.861,51.29529,56,50.2,,
12.87532,51.29494,5,61.3,,
13.03291,51.29094,10,16.8,,
13.04723,51.29057,34,55.4,,
13.06156,51.29019,556,46.1,5.25,234
13.09021,51.28944,256,47.4,4.79,31
13.10453,51.28906,697,47.7,5.12,114
13.11885,51.28867,662,55.5,5.31,231
13.13318,51.28829,144,46.7,4.52,16
13.1475,51.2879,176,51.0,4.83,25
13.17615,51.28712,81,52.0,,
13.19047,51.28673,175,42.8,,
13.21911,51.28594,53,42.8,5.17,6
13.23344,51.28555,138,43.7,4.03,7
13.24776,51.28515,13,48.3,,
13.2764,51.28435,46,43.3,4.88,3
13.29072,51.28394,169,44.0,3.58,3
13.30504,51.28354,46,47.4,4.7,5
13.31936,51.28313,101,58.8,4.7,7
13.33368,51.28272,9,26.5,,
13.39096,51.28107,61,48.5,,
13.40528,51.28065,341,48.5,3.93,7
13.4196,51.28023,68,50.4,3.28,3
13.46255,51.27896,5,28.9,,
13.50551,51.27768,8,55.7,,
13.51982,51.27724,106,52.1,4.37,21
13.53414,51.27681,267,42.6,5.17,52
13.56277,51.27594,187,53.4,6.05,3
13.62004,51.27417,128,48.1,3.97,3
13.63435,51.27372,352,47.8,4.26,122
13.64867,51.27328,158,49.5,4.74,3
13.66298,51.27283,212,47.7,5.06,23
13.6773,51.27238,19,62.2,,
13.7918,51.2687,45,36.2,6.5,5
13.80611,51.26823,314,43.0,5.12,8
13.84905,51.26682,20,56.0,,
13.86336,51.26635,60,44.2,,
13.87767,51.26587,262,42.3,,
13.89198,51.2654,880,49.9,5.26,213
13.90629,51.26492,1568,45.5,5.26,447
13.9206,51.26443,105,51.9,4.78,25
13.94922,51.26347,26,50.7,4.17,3
14.02076,51.26102,21,46.0,,
14.06368,51.25953,165,50.3,6.8,8
14.07799,51.25903,112,46.8,4.78,7
14.0923,51.25852,115,43.5,,
14.1066,51.25802,75,35.0,6.41,19
14.12091,51.25751,367,48.5,5.33,25
14.13521,51.25701,104,50.2,5.6,16
14.14952,51.2565,9,59.0,,
14.19243,51.25496,97,44.4,,
14.20674,51.25444,111,43.8,3.28,6
14.22104,51.25392,482,41.2,4.78,29
14.27825,51.25183,154,43.7,,
14.29256,51.25131,95,43.4,,
14.30686,51.25078,56,43.0,3.49,10
14.33546,51.24972,74,49.8,,
14.34976,51.24918,226,42.5,4.74,17
14.36406,51.24865,116,45.3,6.04,3
14.39266,51.24757,389,45.0,3.93,50
14.40696,51.24703,164,44.3,3.65,5
14.42126,51.24649,126,47.1,4.95,5
14.43556,51.24594,80,50.8,,
14.44986,51.2454,77,50.9,4.97,5
14.46416,51.24485,254,51.5,5.41,11
14.50705,51.24319,12,49.6,,
14.52135,51.24264,281,45.9,4.13,31
14.56424,51.24096,144,42.6,2.36,3
14.57854,51.2404,149,43.8,4.03,5
14.60713,51.23927,136,45.7,5.21,3
14.63572,51.23814,54,47.3,,
14.65001,51.23756,32,46.3,,
14.66431,51.23699,6,61.7,,
14.6786,51.23642,5,51.7,,
14.69289,51.23584,47,50.5,,
14.70719,51.23526,53,41.0,4.0,3
14.73577,51.2341,3,76.7,,
14.79294,51.23176,75,43.6,4.57,5
14.80723,51.23117,61,44.8,4.13,7
14.8501,51.22939,143,48.7,4.16,10
14.86439,51.22879,114,48.9,4.85,4
14.89297,51.22759,321,46.6,4.97,25
14.90726,51.22699,46,51.1,,
14.95012,51.22517,4,68.2,,
14.99298,51.22334,9,59.8,,
15.00727,51.22273,112,45.1,4.49,15
12.17349,51.31914,307,45.7,5.46,44
12.18783,51.31887,65,41.7,,
12.21651,51.31833,6,53.1,,
12.23085,51.31805,29,48.2,6.14,3
12.24518,51.31778,116,44.2,5.81,78
12.25952,51.3175,2856,42.8,5.56,1
12.27386,51.31722,5726,41.9,5.41,2
12.2882,51.31694,9619,47.8,5.17,5
12.30253,51.31666,7762,46.1,5.38,4
12.31687,51.31637,3548,38.6,5.97,2
12.33121,51.31609,5573,37.2,6.34,3
12.34555,51.3158,3061,40.5,6.92,1
12.35988,51.31551,1114,45.0,7.48,459
12.37422,51.31522,14067,37.9,6.73,7
12.38856,51.31493,1520,38.4,6.46,764
12.40289,51.31463,849,51.3,6.21,245
12.41723,51.31434,4954,46.1,6.23,2
12.43156,51.31404,1280,49.1,6.02,262
12.4459,51.31374,526,47.2,7.64,29
12.46023,51.31344,1968,51.0,6.16,715
12.47457,51.31313,322,44.8,6.16,12
12.51757,51.31221,260,48.7,5.58,29
12.56058,51.31127,64,42.0,8.37,8
12.57491,51.31096,52,49.9,,
12.58925,51.31064,119,47.8,5.54,5
12.60358,51.31032,172,47.6,6.36,5
12.71824,51.3077,47,46.5,,
12.73258,51.30737,28,36.3,,
12.74691,51.30703,13,47.6,,
12.76124,51.30669,199,47.5,4.46,10
12.77557,51.30635,4,50.9,,
12.80423,51.30567,19,44.4,,
12.81856,51.30532,4,66.8,,
12.86155,51.30427,5,62.7,,
13.01917,51.30029,204,46.9,4.49,6
13.0335,51.29992,8,42.3,,
13.04783,51.29955,4,42.8,,
13.06216,51.29917,435,43.4,5.21,205
13.09081,51.29842,843,51.6,4.7,534
13.10514,51.29803,3916,48.0,5.08,2
13.11946,51.29765,1023,50.2,5.45,394
13.16244,51.29649,24,43.4,,
13.23407,51.29453,3,48.4,,
13.24839,51.29413,137,47.5,,
13.29136,51.29292,749,52.4,4.9,326
13.30569,51.29252,2004,55.7,5.15,1
13.32001,51.29211,556,49.9,5.39,64
13.33433,51.2917,72,45.3,6.86,3
13.36298,51.29088,39,52.9,,
13.3773,51.29046,135,50.1,8.63,23
13.40595,51.28963,7,59.9,,
13.42027,51.28921,61,49.0,4.32,3
13.43459,51.28879,93,48.5,4.21,3
13.44891,51.28836,57,49.6,,
13.46323,51.28794,17,62.2,,
13.47755,51.28751,222,44.8,5.2,18
13.49187,51.28708,85,46.9,4.93,6
13.50619,51.28665,277,50.1,5.06,40
13.52051,51.28622,715,50.1,5.45,134
13.53483,51.28579,2246,53.0,5.02,789
13.54915,51.28535,1999,50.6,4.55,852
13.57779,51.28447,49,48.7,4.19,4
13.59211,51.28403,183,45.5,4.8,13
13.60643,51.28359,4,48.1,,
13.62075,51.28315,73,42.1,,
13.63506,51.2827,67,45.1,4.19,10
13.73528,51.27953,23,51.6,5.63,4
13.7496,51.27907,105,41.6,6.68,5
13.79254,51.27768,279,38.3,7.4,30
13.80686,51.27721,17,50.6,,
13.86411,51.27532,4,31.7,,
13.87843,51.27485,89,42.6,6.24,23
13.89274,51.27437,150,45.6,5.12,20
13.90705,51.27389,120,41.0,6.16,21
13.92137,51.27341,39,48.4,,
13.9643,51.27195,238,49.9,4.73,35
14.02155,51.26999,117,48.3,,
14.06448,51.2685,245,45.7,5.54,13
14.07879,51.268,64,52.8,4.89,7
14.0931,51.2675,1633,44.0,5.35,494
14.1074,51.26699,1307,52.1,5.25,320
14.12171,51.26649,1166,53.8,5.34,470
14.13602,51.26598,16,55.9,,
14.15033,51.26547,174,44.9,4.6,21
14.16464,51.26496,271,41.4,4.54,18
14.17894,51.26444,243,40.2,,
14.20756,51.26341,147,53.0,,
14.22187,51.26289,127,35.1,,
14.23617,51.26237,51,46.8,,
14.25048,51.26185,233,46.2,,
14.29339,51.26028,46,49.1,,
14.3077,51.25975,168,54.6,4.41,80
14.33631,51.25869,7,62.3,,
14.36491,51.25762,40,46.7,3.14,4
14.39352,51.25654,87,42.8,3.92,3
14.40782,51.256,4,33.2,,
14.42213,51.25546,113,40.2,4.98,3
14.45073,51.25436,369,49.0,4.72,183
14.46503,51.25382,891,47.6,4.8,260
14.47933,51.25327,8,47.5,,
14.49363,51.25272,66,49.4,5.32,8
14.52223,51.25161,3,40.9,,
14.53653,51.25105,38,49.9,,
14.56513,51.24993,5,66.5,,
14.60803,51.24824,24,49.5,2.28,4
14.62233,51.24767,3,18.1,,
14.63662,51.2471,3,64.7,,
14.65092,51.24653,3,52.4,,
14.66522,51.24596,8,52.7,,
14.67951,51.24539,9,36.3,,
14.69381,51.24481,79,42.2,,
14.70811,51.24423,21,63.0,,
14.7367,51.24307,21,57.5,,
14.75099,51.24249,178,48.1,3.54,3
14.76529,51.2419,189,45.3,4.7,7
14.77958,51.24132,3,72.1,,
14.80817,51.24014,39,37.6,,
14.82246,51.23955,188,45.8,4.26,55
14.83675,51.23895,70,48.1,4.69,9
14.87963,51.23716,9,34.4,,
14.89392,51.23656,347,45.4,4.66,64
14.90821,51.23596,12,50.9,5.9,5
15.00824,51.23169,210,49.5,3.87,47
12.2026,51.32758,92,38.3,4.48,6
12.24562,51.32676,179,52.0,4.37,11
12.25996,51.32648,2300,47.3,5.17,965
12.2743,51.3262,3376,51.4,5.1,2
12.28865,51.32592,5535,46.5,5.65,3
12.30299,51.32564,3926,50.6,5.22,2
12.31733,51.32536,1875,39.6,6.84,886
12.33167,51.32507,7770,36.4,6.94,4
12.346,51.32478,11025,36.9,7.08,5
12.36034,51.32449,2094,37.7,7.08,961
12.37468,51.3242,16872,36.3,7.37,9
12.38902,51.32391,6549,37.0,6.52,3
12.40336,51.32362,2915,43.6,6.35,1
12.4177,51.32332,10090,35.7,6.54,6
12.43204,51.32302,1886,39.7,6.54,805
12.44638,51.32272,1681,51.9,7.69,340
12.46072,51.32242,1007,49.0,6.45,61
12.47505,51.32211,1187,45.9,5.87,54
12.48939,51.32181,349,42.5,5.54,55
12.51807,51.32119,33,40.8,,
12.53241,51.32088,68,43.3,6.57,8
12.54674,51.32057,80,48.2,,
12.56108,51.32026,1130,46.5,4.97,340
12.57542,51.31994,882,40.7,5.54,124
12.58975,51.31962,573,44.2,6.91,13
12.60409,51.3193,314,47.6,5.93,8
12.61843,51.31898,14,56.2,,
12.63276,51.31866,18,48.5,,
12.6471,51.31833,499,49.7,5.0,52
12.67577,51.31768,3,58.0,,
12.73311,51.31635,63,46.4,,
12.74744,51.31601,6,25.4,,
12.76178,51.31567,62,48.7,6.42,4
12.79045,51.31499,35,46.4,,
12.83345,51.31395,4,24.3,,
12.84778,51.3136,14,38.0,,
12.86211,51.31325,248,48.2,7.58,15
13.06276,51.30815,14,54.7,6.53,3
13.09142,51.30739,1432,53.3,5.1,557
13.10575,51.30701,1451,53.1,5.23,511
13.1344,51.30625,7,59.7,,
13.14873,51.30586,84,48.1,2.59,5
13.16306,51.30547,15,42.1,,
13.17739,51.30508,210,45.2,3.87,13
13.22037,51.3039,3,51.4,,
13.24903,51.30311,1239,55.8,5.1,385
13.26335,51.30271,3775,56.3,5.26,2
13.27768,51.3023,1001,51.9,4.96,284
13.29201,51.3019,1938,48.5,5.29,961
13.30633,51.30149,5417,49.2,5.25,2
13.32066,51.30109,1045,48.2,5.05,359
13.33499,51.30068,111,48.8,4.45,15
13.36364,51.29985,32,57.8,4.36,3
13.37796,51.29944,327,52.0,5.33,32
13.39229,51.29902,1339,49.2,5.0,453
13.40661,51.2986,188,47.1,5.4,6
13.43526,51.29776,8,63.5,,
13.49256,51.29606,405,43.2,6.15,83
13.50688,51.29563,833,49.7,5.65,110
13.5212,51.2952,1886,43.6,5.46,823
13.53552,51.29476,3351,46.9,5.14,2
13.54985,51.29433,329,47.4,5.17,43
13.56417,51.29389,117,51.8,4.94,20
13.59281,51.29301,16,44.5,,
13.62145,51.29212,29,42.4,,
13.66441,51.29078,10,62.8,,
13.73601,51.2885,88,45.1,4.84,15
13.75033,51.28804,12,46.5,,
13.79328,51.28665,289,47.3,3.04,8
13.8935,51.28334,20,39.1,,
13.90782,51.28286,10,53.4,,
13.92213,51.28238,201,42.2,4.11,19
13.93645,51.2819,16,48.0,6.0,3
13.97939,51.28044,149,48.1,4.12,5
14.00802,51.27946,23,38.8,,
14.02233,51.27896,52,51.4,,
14.03665,51.27847,274,46.2,4.87,42
14.06527,51.27747,13,36.3,,
14.07958,51.27697,185,50.9,5.43,8
14.0939,51.27647,2030,47.7,5.38,880
14.10821,51.27596,2737,47.8,5.23,1
14.12252,51.27546,232,37.0,4.97,115
14.13683,51.27495,3,68.8,,
14.15114,51.27444,39,41.0,,
14.22269,51.27187,8,61.7,,
14.237,51.27135,181,40.8,2.77,4
14.25131,51.27082,6,39.8,,
14.26562,51.2703,124,43.8,4.49,5
14.29423,51.26925,23,41.9,,
14.32285,51.26819,432,46.4,4.55,94
14.33715,51.26766,256,50.8,3.85,8
14.35146,51.26712,35,50.1,,
14.39438,51.26551,147,43.8,5.85,10
14.40868,51.26497,7,56.6,,
14.42299,51.26443,17,40.6,,
14.43729,51.26388,56,52.6,4.48,14
14.4516,51.26333,107,50.7,5.07,9
14.4659,51.26279,270,47.2,4.91,4
14.48021,51.26224,39,42.1,,
14.49451,51.26168,31,42.6,,
14.50881,51.26113,5,42.2,,
14.52312,51.26058,158,43.8,5.8,12
14.53742,51.26002,17,58.0,,
14.55172,51.25946,289,47.3,4.02,35
14.56602,51.2589,194,43.9,2.74,12
14.58033,51.25834,11,59.6,,
14.59463,51.25777,3,65.9,,
14.60893,51.25721,35,44.3,3.54,7
14.63753,51.25607,40,38.2,4.36,3
14.65183,51.2555,105,44.3,4.7,4
14.66613,51.25493,159,47.0,3.87,9
14.69473,51.25378,236,47.4,3.52,6
14.76622,51.25087,88,45.9,,
14.78051,51.25028,55,47.6,,
14.80911,51.2491,214,48.8,4.15,9
14.8234,51.24851,103,41.9,4.21,10
14.8377,51.24792,8,44.5,,
14.88058,51.24613,77,41.0,5.05,23
14.89488,51.24552,235,46.9,4.69,31
14.90917,51.24492,13,53.3,,
14.96634,51.24249,261,46.0,4.22,10
14.98064,51.24188,68,50.1,4.68,10
15.00922,51.24065,262,48.4,4.3,19
15.02351,51.24004,8,43.8,,
12.20303,51.33656,16,46.4,6.32,4
12.23172,51.33602,316,51.6,6.95,21
12.24606,51.33574,863,49.0,6.1,88
12.26041,51.33547,183,40.2,7.23,9
12.27475,51.33519,3,36.7,,
12.30344,51.33462,2179,41.6,7.34,1
12.31778,51.33434,7647,40.8,6.26,4
12.33212,51.33405,13401,34.1,6.64,7
12.34646,51.33377,4740,37.2,7.12,2
12.36081,51.33348,6244,41.6,7.22,3
12.37515,51.33319,8361,39.0,7.68,5
12.38949,51.33289,6247,36.0,7.84,3
12.40383,51.3326,15376,34.2,6.85,8
12.41817,51.3323,7638,35.0,6.32,4
12.43252,51.332,1215,49.6,6.21,98
12.44686,51.3317,1744,49.2,6.2,721
12.4612,51.3314,124,41.2,6.2,58
12.47554,51.3311,1227,45.2,6.16,487
12.48988,51.33079,301,57.7,5.76,10
12.5329,51.32987,24,47.7,8.13,7
12.54724,51.32955,292,44.7,5.96,25
12.56158,51.32924,314,44.2,5.83,146
12.57592,51.32892,787,51.2,6.03,100
12.59026,51.3286,241,45.2,4.49,8
12.6046,51.32829,814,50.0,5.48,134
12.61894,51.32796,883,47.4,5.69,307
12.63328,51.32764,22,34.7,,
12.67629,51.32666,4,78.1,,
12.71931,51.32567,50,75.8,,
12.73365,51.32533,247,45.4,4.68,59
12.74798,51.32499,26,51.6,,
12.76232,51.32465,14,58.8,,
12.79099,51.32397,11,57.1,,
12.80533,51.32363,245,46.1,4.54,56
12.84834,51.32258,82,48.5,,
12.86267,51.32223,51,55.8,,
13.00602,51.31862,14,34.4,,
13.06336,51.31713,12,42.9,,
13.07769,51.31675,124,45.8,5.7,12
13.09202,51.31637,236,53.6,4.24,11
13.10635,51.31599,663,47.1,4.76,121
13.12068,51.31561,107,56.0,5.99,8
13.13502,51.31523,144,49.7,5.35,4
13.14935,51.31484,39,56.2,,
13.16368,51.31445,61,40.8,3.12,3
13.17801,51.31406,315,48.9,4.14,18
13.19234,51.31367,276,51.2,4.63,50
13.20667,51.31328,3,53.0,,
13.221,51.31288,435,50.3,4.19,10
13.24966,51.31208,1141,53.0,5.17,50
13.26399,51.31168,309,49.9,5.35,65
13.27832,51.31128,371,48.3,4.73,64
13.29265,51.31088,1528,51.7,5.04,887
13.30698,51.31047,198,43.9,4.79,113
13.33564,51.30965,43,49.7,5.39,6
13.34997,51.30924,89,45.8,3.73,6
13.3643,51.30883,238,49.2,4.68,13
13.37862,51.30842,956,55.4,5.23,396
13.39295,51.308,189,57.4,5.52,115
13.42161,51.30716,130,47.9,3.27,3
13.46459,51.30589,55,52.2,,
13.47891,51.30546,357,47.3,4.21,15
13.52189,51.30417,29,37.2,5.14,5
13.53621,51.30374,309,35.8,4.97,167
13.55054,51.3033,99,48.8,4.51,12
13.56486,51.30287,23,74.2,,
13.57919,51.30243,77,41.3,,
13.59351,51.30198,218,49.3,5.19,11
13.63648,51.30065,173,47.4,5.54,17
13.65081,51.3002,62,48.2,,
13.66513,51.29975,35,52.2,,
13.69378,51.29885,165,43.0,4.21,8
13.7081,51.29839,294,47.7,5.83,10
13.73674,51.29748,317,45.9,5.54,53
13.75106,51.29702,257,46.0,5.41,33
13.76538,51.29656,13,48.1,,
13.79403,51.29563,3,79.7,,
13.82267,51.29469,173,43.0,4.37,13
13.90858,51.29184,41,46.5,4.17,3
13.9229,51.29136,196,50.6,3.6,3
13.98017,51.28941,270,42.5,4.91,21
14.0088,51.28843,38,52.6,,
14.03743,51.28744,105,53.0,,
14.05175,51.28694,84,43.1,4.82,11
14.06607,51.28644,70,50.8,5.29,3
14.08038,51.28594,70,49.6,2.99,4
14.0947,51.28544,400,47.7,5.21,100
14.10901,51.28494,1465,46.1,5.48,709
14.12332,51.28443,749,47.7,5.56,203
14.13764,51.28392,40,42.2,,
14.15195,51.28341,272,46.3,5.19,21
14.18058,51.28239,69,40.6,,
14.19489,51.28187,155,41.5,5.1,16
14.22352,51.28084,66,42.1,,
14.23783,51.28032,201,38.6,,
14.25214,51.2798,7,42.7,,
14.26645,51.27927,33,39.4,,
14.28076,51.27875,64,40.2,,
14.32369,51.27716,96,56.1,4.57,34
14.338,51.27663,202,51.0,4.15,13
14.36662,51.27556,82,46.0,,
14.38093,51.27502,55,42.0,,
14.39524,51.27448,39,46.1,,
14.40955,51.27394,4,22.6,,
14.42385,51.27339,145,40.3,5.51,12
14.43816,51.27285,45,56.5,3.51,4
14.45247,51.2723,292,44.0,3.22,8
14.46678,51.27176,29,53.4,,
14.48108,51.27121,41,54.6,,
14.49539,51.27065,212,47.9,3.35,5
14.524,51.26954,92,50.8,2.87,4
14.53831,51.26899,7,34.9,,
14.56692,51.26787,6,51.2,,
14.59552,51.26674,178,50.2,4.41,35
14.60983,51.26618,127,48.5,3.19,15
14.63843,51.26504,75,41.8,4.12,4
14.65274,51.26447,107,42.2,4.53,19
14.69564,51.26274,7,34.1,,
14.72425,51.26159,89,47.6,4.62,12
14.73855,51.261,10,39.3,,
14.81005,51.25807,143,49.6,4.9,12
14.82434,51.25748,82,41.0,4.25,7
14.85294,51.25629,13,55.5,,
14.88154,51.25509,75,42.1,3.0,3
14.89583,51.25449,53,44.2,3.22,3
14.91013,51.25389,40,52.9,4.51,8
14.92443,51.25328,160,47.1,4.44,88
14.93872,51.25268,17,40.5,,
14.95302,51.25207,69,47.8,4.39,3
14.96731,51.25146,62,43.6,4.05,9
14.98161,51.25085,15,58.6,,
12.20346,51.34555,66,42.4,,
12.21781,51.34528,7,54.0,,
12.23216,51.345,3,68.4,,
12.2465,51.34473,278,45.9,6.14,35
12.26085,51.34445,1548,49.5,6.91,262
12.2752,51.34417,1492,50.2,6.54,302
12.28954,51.34389,76,51.4,,
12.30389,51.34361,381,37.7,7.34,195
12.31823,51.34332,8547,37.2,6.35,5
12.33258,51.34304,5946,36.3,6.33,3
12.34692,51.34275,476,36.5,7.61,212
12.36127,51.34246,12683,37.4,7.49,6
12.37561,51.34217,4065,40.9,7.76,2
12.38996,51.34188,9432,38.6,7.89,6
12.4043,51.34158,14636,35.1,6.11,7
12.41865,51.34128,8148,37.8,6.19,4
12.43299,51.34099,3557,39.4,6.09,2
12.44734,51.34069,169,50.1,5.75,36
12.46168,51.34038,89,64.6,6.81,64
12.47602,51.34008,2718,47.6,5.9,1
12.49037,51.33977,2235,46.7,6.42,576
12.51905,51.33916,594,47.8,5.94,59
12.5334,51.33885,325,45.0,5.8,35
12.54774,51.33853,753,46.3,5.88,128
12.56208,51.33822,44,49.1,,
12.59077,51.33759,7,33.7,,
12.60511,51.33727,2093,47.0,5.59,425
12.61945,51.33695,567,47.0,5.34,94
12.66248,51.33597,18,44.1,,
12.67682,51.33564,121,44.1,3.76,12
12.71984,51.33465,7,38.9,,
12.79154,51.33295,80,50.3,4.36,12
12.80588,51.33261,232,48.8,4.29,17
12.8489,51.33156,57,49.0,,
12.86324,51.33121,61,47.4,,
12.94926,51.32907,37,57.7,,
12.9636,51.32871,209,43.3,5.44,31
12.99227,51.32797,195,49.3,4.67,19
13.00661,51.3276,512,46.1,4.37,59
13.02095,51.32723,89,54.9,5.02,37
13.04962,51.32649,66,51.6,4.67,7
13.07829,51.32573,7,66.6,,
13.09263,51.32535,91,47.8,4.36,18
13.10696,51.32497,7,52.1,,
13.1213,51.32459,123,46.2,5.54,7
13.13563,51.3242,3,56.3,,
13.14996,51.32382,9,33.0,,
13.19297,51.32265,44,43.4,,
13.22163,51.32186,131,47.2,5.31,4
13.23597,51.32146,150,49.6,4.17,13
13.2503,51.32106,1012,54.6,5.01,322
13.26463,51.32066,2368,54.4,4.96,1
13.27896,51.32026,1856,45.7,4.91,717
13.2933,51.31986,299,45.3,5.08,127
13.30763,51.31945,168,50.8,6.22,13
13.32196,51.31904,871,48.1,5.19,105
13.33629,51.31863,3,64.4,,
13.35062,51.31822,3,64.3,,
13.36495,51.31781,556,47.2,4.87,14
13.37928,51.31739,540,50.2,5.18,49
13.39362,51.31698,5,45.9,,
13.49392,51.31401,30,40.7,,
13.50825,51.31358,218,44.8,4.04,15
13.66585,51.30873,105,45.0,12.5,3
13.68017,51.30828,448,50.3,4.77,30
13.70882,51.30737,417,52.7,5.33,31
13.73747,51.30645,9,50.4,,
13.7518,51.30599,76,38.7,4.87,4
13.76612,51.30553,4,65.7,,
13.78044,51.30507,5,32.4,,
13.82341,51.30366,3,49.6,,
13.90935,51.30081,109,40.0,5.3,14
13.92367,51.30033,105,43.6,3.52,6
13.96663,51.29887,22,52.1,,
13.98095,51.29838,3,50.0,,
14.08118,51.29491,13,61.7,4.03,3
14.0955,51.29441,190,42.6,5.12,11
14.10981,51.29391,370,28.3,,
14.15276,51.29238,108,44.0,4.06,3
14.22434,51.28981,197,39.1,4.55,3
14.25297,51.28877,95,39.0,3.09,3
14.32454,51.28613,252,46.6,4.1,12
14.49627,51.27962,11,41.9,5.57,4
14.51058,51.27907,50,44.4,,
14.52488,51.27851,31,46.4,,
14.53919,51.27796,120,48.2,,
14.56781,51.27684,90,46.0,4.77,8
14.58211,51.27627,130,45.5,4.77,14
14.59642,51.27571,15,51.6,,
14.62503,51.27458,32,50.1,5.25,3
14.63934,51.27401,106,51.9,3.94,14
14.65365,51.27344,33,40.0,,
14.69656,51.27171,28,31.8,3.0,3
14.72517,51.27055,86,51.4,4.89,3
14.73947,51.26997,75,63.2,7.02,22
14.79668,51.26763,7,48.1,,
14.81099,51.26704,15,43.5,,
14.82529,51.26644,4,22.2,,
14.85389,51.26525,4,54.0,,
14.88249,51.26406,229,43.0,5.4,10
14.89679,51.26345,145,47.6,4.35,6
14.91109,51.26285,32,52.8,,
14.92539,51.26225,10,53.7,,
14.95399,51.26103,3,28.1,,
15.02547,51.25797,268,49.9,3.84,8
12.2039,51.35453,394,48.9,5.78,22
12.21824,51.35426,1351,46.2,5.66,272
12.24694,51.35371,5,34.7,,
12.26129,51.35343,1031,48.8,6.15,253
12.27564,51.35315,73,49.4,,
12.28999,51.35287,3910,46.9,6.11,2
12.30434,51.35259,4569,44.8,6.03,2
12.31869,51.35231,2544,45.2,6.47,928
12.34738,51.35173,1048,53.2,7.3,567
12.36173,51.35144,1733,39.5,7.62,621
12.37608,51.35115,5826,39.4,8.38,3
12.39043,51.35086,466,34.9,6.13,270
12.40477,51.35056,10040,33.0,6.27,5
12.41912,51.35027,5966,43.6,5.99,3
12.43347,51.34997,4904,47.0,5.72,3
12.44782,51.34967,4458,43.6,5.85,2
12.46216,51.34937,4806,43.4,4.97,2
12.47651,51.34906,1054,57.2,6.35,147
12.49086,51.34876,1736,46.2,6.07,488
12.5052,51.34845,538,45.9,6.47,18
12.51955,51.34814,1054,48.7,6.15,212
12.53389,51.34783,2542,44.6,6.02,792
12.54824,51.34752,1006,47.3,5.69,356
12.59127,51.34657,20,52.7,,
12.60562,51.34625,174,52.0,6.06,7
12.61996,51.34593,7,56.9,,
12.63431,51.3456,168,44.5,6.5,12
12.64865,51.34528,98,71.8,5.24,7
12.663,51.34495,102,46.5,5.09,12
12.67734,51.34462,110,49.0,3.18,10
12.69169,51.34429,12,44.7,,
12.70603,51.34396,26,43.7,,
12.72037,51.34363,75,51.5,,
12.73472,51.34329,3,64.5,,
12.7634,51.34262,203,43.6,4.98,20
12.79209,51.34193,74,43.9,7.7,3
12.80643,51.34159,9,61.3,,
12.83511,51.3409,210,48.1,4.9,23
12.84945,51.34055,167,47.1,4.7,24
12.94984,51.33805,89,42.7,4.04,9
12.96418,51.33768,368,49.2,3.9,28
12.97852,51.33732,5,30.6,,
12.99286,51.33695,64,48.1,,
13.0072,51.33658,14,56.3,,
13.02154,51.33621,31,43.2,,
13.03588,51.33584,187,48.9,4.51,23
13.05022,51.33547,7,39.9,,
13.09323,51.33433,58,48.1,,
13.12191,51.33357,119,44.5,14.24,4
13.13624,51.33318,42,57.3,5.0,3
13.22226,51.33084,59,41.8,3.65,3
13.25094,51.33004,68,48.9,4.18,3
13.26527,51.32964,89,46.5,4.74,22
13.27961,51.32924,188,47.2,5.49,57
13.29394,51.32883,272,47.6,4.93,12
13.30828,51.32843,30,65.0,5.74,5
13.32261,51.32802,375,47.0,4.73,115
13.33694,51.32761,794,55.0,4.95,81
13.35128,51.3272,35,52.4,,
13.36561,51.32679,222,38.3,,
13.37995,51.32637,443,48.4,5.14,46
13.39428,51.32595,15,63.0,,
13.46594,51.32384,326,46.2,4.76,14
13.48027,51.32342,26,54.4,,
13.49461,51.32299,313,43.1,5.15,28
13.55193,51.32126,5,45.2,,
13.58059,51.32038,182,45.8,4.28,3
13.63791,51.3186,150,42.5,5.51,6
13.66656,51.3177,111,46.1,4.87,5
13.68089,51.31725,250,46.0,5.69,37
13.7382,51.31543,40,45.2,,
13.75253,51.31497,6,50.2,,
13.78118,51.31404,110,43.2,6.93,4
13.95308,51.30833,3,42.5,,
13.9674,51.30785,193,44.7,6.03,7
13.98173,51.30736,8,43.3,1.5,3
14.01037,51.30638,14,49.9,,
14.02469,51.30588,4,47.8,,
14.03901,51.30539,39,43.8,,
14.05333,51.30489,47,55.7,,
14.06766,51.30439,17,57.6,,
14.11062,51.30288,5,75.0,,
14.12494,51.30237,256,42.4,5.24,11
14.21085,51.2993,158,43.4,4.66,3
14.22517,51.29878,73,42.6,,
14.23948,51.29826,39,34.4,4.6,3
14.2538,51.29774,137,39.8,2.77,3
14.28243,51.29669,9,22.9,4.87,8
14.31107,51.29563,18,49.2,,
14.32538,51.2951,45,44.6,,
14.42558,51.29133,8,42.7,,
14.4399,51.29079,85,45.2,,
14.48283,51.28914,71,42.3,4.78,3
14.49715,51.28859,4,47.4,,
14.51146,51.28804,53,54.5,5.39,7
14.52577,51.28748,52,48.1,,
14.5687,51.2858,5,54.3,,
14.62594,51.28354,92,53.7,,
14.64025,51.28297,37,52.7,,
14.66886,51.28183,33,45.0,3.58,3
14.68317,51.28125,6,46.1,,
14.69748,51.28068,111,57.3,4.98,12
14.7404,51.27894,30,52.7,,
14.84053,51.27481,164,49.4,4.74,10
14.85484,51.27422,49,47.0,5.83,6
14.88344,51.27302,17,44.2,,
14.89775,51.27242,23,38.3,,
14.92635,51.27121,5,51.8,3.17,5
14.94065,51.27061,67,50.7,2.95,4
14.95495,51.27,114,48.3,,
12.20433,51.36352,3,29.6,,
12.21868,51.36324,4,63.0,,
12.24738,51.36269,4,37.4,,
12.26174,51.36242,586,49.5,5.38,46
12.27609,51.36214,672,47.0,6.08,140
12.29044,51.36186,3428,45.3,6.33,1
12.30479,51.36157,240,48.5,6.43,41
12.31914,51.36129,17,36.1,3.64,3
12.34784,51.36072,2019,42.1,6.72,1
12.36219,51.36043,12331,38.3,6.81,6
12.37654,51.36013,9078,41.1,6.84,5
12.3909,51.35984,6335,37.7,6.4,3
12.40525,51.35955,3028,39.9,6.16,2
12.4196,51.35925,7407,43.2,5.75,4
12.43395,51.35895,1859,56.5,5.74,1
12.44829,51.35865,912,40.8,6.25,233
12.46264,51.35835,5093,47.8,5.43,3
12.47699,51.35804,2961,54.3,6.43,1
12.50569,51.35743,37,45.9,5.9,3
12.52004,51.35712,477,45.3,5.35,12
12.53439,51.35681,577,45.8,6.4,99
12.54874,51.3565,898,46.9,6.12,193
12.57743,51.35587,511,48.6,5.6,74
12.59178,51.35555,876,48.7,5.72,172
12.60613,51.35523,86,40.8,5.64,13
12.62048,51.35491,243,50.0,5.64,52
12.63483,51.35459,1275,43.6,5.71,235
12.64917,51.35426,533,41.9,5.74,176
12.66352,51.35393,13,61.5,,
12.67787,51.35361,673,44.2,5.55,46
12.69221,51.35328,324,46.2,3.8,3
12.70656,51.35294,670,48.3,5.21,90
12.72091,51.35261,542,46.3,4.2,18
12.73525,51.35227,229,45.2,4.64,44
12.7496,51.35194,8,54.2,,
12.76394,51.3516,140,45.5,,
12.77829,51.35126,40,52.3,,
12.79263,51.35091,3,60.8,,
12.80698,51.35057,17,37.7,,
12.83567,51.34988,179,43.6,3.9,5
12.85001,51.34953,69,42.2,,
12.86436,51.34917,3,24.5,,
12.8787,51.34882,29,50.4,,
12.93608,51.34739,3,66.1,,
12.95042,51.34703,3,42.6,,
12.96476,51.34666,8,37.4,,
12.9791,51.3463,19,60.8,,
12.99345,51.34593,6,54.5,3.51,5
13.02213,51.34519,4,56.8,,
13.03647,51.34482,90,50.0,4.11,4
13.09384,51.34331,285,45.8,4.33,34
13.10818,51.34293,35,44.2,,
13.13686,51.34216,13,33.8,,
13.1512,51.34177,56,52.8,,
13.16554,51.34139,12,42.6,,
13.17988,51.341,4,29.2,,
13.19422,51.3406,170,46.9,,
13.23723,51.33942,18,42.7,,
13.25157,51.33902,93,41.6,4.7,20
13.26591,51.33862,6,30.7,,
13.29459,51.33781,17,56.8,4.61,4
13.32326,51.337,34,43.6,,
13.3376,51.33659,720,43.5,4.53,86
13.35193,51.33618,381,47.7,3.71,40
13.39494,51.33493,97,46.5,3.75,3
13.43795,51.33367,114,49.8,,
13.46662,51.33282,38,48.5,3.21,8
13.48096,51.33239,15,41.9,,
13.52396,51.3311,43,47.9,5.91,3
13.55262,51.33023,88,43.4,4.95,7
13.56696,51.32979,3,38.6,,
13.69594,51.32577,113,45.3,,
13.71028,51.32532,47,39.1,,
13.72461,51.32486,3,62.6,,
13.73894,51.3244,67,46.0,,
13.81058,51.32208,21,45.4,,
13.95385,51.31731,6,67.2,,
14.01115,51.31535,3,53.1,,
14.02548,51.31485,122,45.4,3.61,3
14.0398,51.31436,10,51.9,,
14.05413,51.31386,316,44.2,5.41,26
14.06845,51.31336,72,49.7,5.23,10
14.08277,51.31286,4,24.8,,
14.0971,51.31236,95,47.6,,
14.11142,51.31185,10,40.1,,
14.14007,51.31084,96,47.1,5.75,4
14.21167,51.30827,19,51.8,,
14.24031,51.30723,39,47.2,,
14.25463,51.30671,107,41.1,,
14.28327,51.30566,68,41.8,2.5,3
14.29759,51.30513,12,61.0,,
14.32623,51.30407,69,43.1,,
14.34055,51.30354,708,43.6,3.49,409
14.35486,51.303,41,40.8,4.54,6
14.36918,51.30247,60,43.6,,
14.39782,51.30139,81,44.8,4.32,3
14.41213,51.30085,118,47.9,,
14.45508,51.29921,332,47.1,4.4,38
14.48371,51.29811,75,54.4,6.18,3
14.51234,51.29701,106,42.9,,
14.55528,51.29533,123,47.9,2.07,6
14.56959,51.29477,13,48.5,,
14.62684,51.29251,9,38.9,,
14.66978,51.2908,97,44.5,4.01,8
14.6984,51.28964,3,70.1,,
14.74132,51.2879,138,50.5,4.99,6
14.75563,51.28732,73,46.1,,
14.76994,51.28673,7,38.1,5.87,3
14.78425,51.28615,46,58.2,,
14.81287,51.28497,129,57.6,5.7,8
14.82717,51.28437,769,55.3,5.65,164
14.84148,51.28378,417,51.2,6.03,26
14.85579,51.28318,140,55.2,5.81,8
14.8844,51.28199,44,48.9,,
14.8987,51.28139,128,49.6,4.97,3
14.92731,51.28018,12,40.5,,
15.02744,51.27589,110,45.1,4.65,9
12.1904,51.37277,13,48.0,,
12.20476,51.3725,148,45.7,4.59,12
12.23347,51.37195,3,52.0,,
12.29089,51.37084,3,75.4,,
12.30524,51.37056,40,49.6,4.39,7
12.3196,51.37027,1726,48.0,6.72,694
12.33395,51.36999,5996,41.3,6.14,3
12.3483,51.3697,7468,40.6,6.44,4
12.36266,51.36941,9460,39.3,6.62,5
12.37701,51.36912,11172,40.7,6.72,5
12.39136,51.36882,3952,43.2,6.58,2
12.40572,51.36853,3495,43.6,5.88,2
12.42007,51.36823,418,47.9,6.77,111
12.43442,51.36793,160,30.7,6.3,4
12.44877,51.36763,32,38.4,,
12.46313,51.36733,5,42.1,7.22,3
12.47748,51.36703,496,39.7,6.67,21
12.49183,51.36672,650,43.4,6.07,25
12.50618,51.36641,336,49.2,5.92,4
12.52053,51.3661,375,49.4,5.25,16
12.53489,51.36579,684,46.6,6.01,151
12.54924,51.36548,90,42.6,6.81,44
12.56359,51.36517,74,47.0,4.71,28
12.57794,51.36485,46,42.3,,
12.62099,51.36389,1091,45.0,5.74,170
12.63534,51.36357,534,48.6,6.4,42
12.64969,51.36324,449,46.1,5.96,16
12.67839,51.36259,14,48.8,,
12.69274,51.36226,248,45.1,4.79,20
12.70709,51.36192,1108,51.0,5.29,248
12.72144,51.36159,207,41.7,5.13,65
12.73579,51.36126,1449,52.7,5.57,425
12.75014,51.36092,83,45.4,5.13,11
12.76448,51.36058,151,47.4,4.7,6
12.77883,51.36024,4,64.2,,
12.82188,51.3592,8,51.6,,
12.83622,51.35886,98,48.4,4.97,3
12.87927,51.3578,138,43.4,5.0,47
12.90796,51.35709,4,26.5,,
12.93665,51.35637,41,46.5,,
12.97969,51.35528,49,49.8,4.13,12
12.99403,51.35491,230,51.4,4.79,89
13.00838,51.35454,3,41.1,,
13.09444,51.35229,96,50.1,,
13.13747,51.35114,44,51.7,,
13.1805,51.34997,30,47.9,,
13.19484,51.34958,87,49.6,4.02,10
13.20918,51.34919,128,49.0,,
13.22353,51.34879,1343,48.6,4.78,398
13.23787,51.3484,648,45.4,4.69,136
13.25221,51.348,174,57.2,15.95,29
13.26655,51.3476,90,45.7,4.33,14
13.28089,51.34719,118,51.9,4.47,6
13.29523,51.34679,295,54.8,3.81,11
13.33825,51.34556,20,43.7,4.85,3
13.39561,51.34391,24,43.9,,
13.42429,51.34307,35,60.2,5.4,5
13.52465,51.34008,52,46.7,5.1,9
13.53898,51.33964,59,42.6,4.17,22
13.55332,51.33921,109,48.4,5.41,3
13.56766,51.33877,78,45.4,,
13.58199,51.33833,164,47.4,5.32,24
13.59633,51.33789,16,31.6,,
13.711,51.33429,4,67.2,,
13.81133,51.33106,26,42.0,,
13.9403,51.32677,17,43.6,4.77,12
13.95463,51.32628,649,47.7,5.09,118
13.96896,51.32579,627,48.0,4.33,163
14.01194,51.32432,99,53.1,,
14.05492,51.32283,15,49.7,,
14.06925,51.32233,18,49.4,,
14.08357,51.32183,43,42.9,5.41,22
14.0979,51.32133,284,48.5,6.78,13
14.1552,51.3193,44,40.5,,
14.16952,51.31879,14,51.0,,
14.22682,51.31672,93,44.6,4.12,5
14.24114,51.3162,4,40.8,,
14.31275,51.31357,44,48.4,3.0,3
14.32707,51.31304,931,51.4,4.76,85
14.3414,51.31251,439,50.1,4.62,79
14.35572,51.31197,35,46.7,,
14.44163,51.30873,176,46.9,,
14.45595,51.30818,59,42.8,4.17,3
14.55617,51.3043,42,54.3,,
14.65638,51.30034,137,48.3,2.76,5
14.67069,51.29976,78,51.6,,
14.74225,51.29687,107,49.2,,
14.75656,51.29629,4,29.2,,
14.77087,51.2957,121,45.8,5.1,15
14.78519,51.29511,277,48.9,4.94,31
14.81381,51.29393,982,56.8,5.6,325
14.82812,51.29334,3132,48.7,5.31,2
14.84243,51.29275,1390,51.7,5.47,117
14.85673,51.29215,140,46.4,3.38,3
14.87104,51.29155,8,51.8,3.78,3
14.88535,51.29095,140,54.0,4.65,4
14.89966,51.29035,60,49.6,5.21,3
14.91397,51.28975,7,32.1,,
14.92828,51.28914,39,53.6,5.03,3
14.94258,51.28854,32,42.4,,
15.02842,51.28486,18,48.0,,
12.24827,51.38066,41,38.8,6.14,4
12.26262,51.38038,245,47.4,6.18,28
12.27698,51.3801,1237,45.6,5.72,323
12.29134,51.37982,183,52.2,5.01,46
12.30569,51.37954,1567,48.4,7.25,330
12.32005,51.37926,3485,41.7,6.32,2
12.33441,51.37897,2067,50.6,6.46,410
12.34876,51.37868,1309,37.6,7.28,389
12.36312,51.37839,6051,45.9,6.26,3
12.37748,51.3781,1356,47.2,5.76,626
12.39183,51.37781,901,36.2,6.48,437
12.40619,51.37751,6474,46.8,5.66,3
12.42054,51.37721,3189,46.0,5.94,2
12.4349,51.37692,3907,49.4,5.89,2
12.44925,51.37662,507,48.0,6.75,45
12.46361,51.37631,294,50.2,7.08,28
12.47797,51.37601,1544,47.6,5.91,598
12.49232,51.3757,4054,46.6,6.52,2
12.50667,51.3754,593,47.8,5.84,87
12.52103,51.37509,321,48.7,5.31,26
12.53538,51.37478,139,41.2,5.81,9
12.54974,51.37446,11,31.7,,
12.60715,51.37319,3,60.3,,
12.62151,51.37287,22,50.2,,
12.63586,51.37255,46,45.6,,
12.65021,51.37222,62,49.2,,
12.69327,51.37124,158,51.0,4.91,7
12.70762,51.37091,26,38.2,,
12.72197,51.37057,7,29.9,,
12.73632,51.37024,4360,43.2,5.09,2
12.75068,51.3699,2397,46.6,5.26,1
12.76503,51.36956,438,48.2,5.01,56
12.79373,51.36888,62,52.2,,
12.80808,51.36853,196,46.5,4.03,15
12.83678,51.36784,9,54.3,,
12.86548,51.36714,424,52.0,4.84,48
12.87983,51.36678,10,50.6,,
12.90853,51.36607,294,48.9,4.67,14
12.92288,51.36571,26,51.3,,
12.95157,51.36499,58,48.3,,
12.98027,51.36426,10,69.6,,
12.99462,51.36389,1490,49.2,4.41,286
13.00897,51.36352,410,49.6,4.02,17
13.03766,51.36278,54,54.8,,
13.05201,51.3624,113,44.8,,
13.06636,51.36203,113,52.6,4.29,4
13.0807,51.36165,175,47.6,4.76,11
13.1094,51.36089,20,54.0,,
13.12374,51.3605,92,46.7,4.14,3
13.13809,51.36012,49,55.7,,
13.15243,51.35973,4,51.8,,
13.19547,51.35856,6,58.6,,
13.20981,51.35817,29,35.7,,
13.22416,51.35777,479,52.9,5.13,53
13.2385,51.35737,70,42.2,3.44,6
13.25285,51.35697,58,43.4,4.53,12
13.26719,51.35657,53,52.2,,
13.35325,51.35413,254,38.1,4.68,6
13.39627,51.35289,65,46.6,4.48,7
13.41062,51.35247,12,36.1,,
13.42496,51.35205,146,53.7,4.82,8
13.49666,51.34992,491,47.6,5.88,39
13.511,51.34949,324,50.3,5.77,18
13.53968,51.34862,19,44.6,5.49,3
13.59703,51.34686,64,44.3,,
13.62571,51.34598,73,47.4,,
13.65438,51.34508,283,45.6,4.84,27
13.72606,51.34281,93,42.2,6.02,7
13.7404,51.34235,146,47.6,5.13,8
13.76907,51.34143,470,44.2,5.1,32
13.7834,51.34096,11,51.6,,
13.81207,51.34003,39,48.8,,
13.9554,51.33525,234,41.8,4.93,27
13.96973,51.33477,50,44.9,5.26,4
13.99839,51.33379,3,45.9,,
14.01273,51.33329,165,45.5,5.38,8
14.05571,51.33181,77,49.6,,
14.07004,51.33131,57,45.9,5.49,6
14.15601,51.32827,222,42.6,4.93,15
14.17034,51.32776,71,52.6,,
14.22765,51.32569,277,43.7,4.53,12
14.24197,51.32517,164,35.3,6.14,9
14.28495,51.3236,82,39.4,3.92,3
14.34224,51.32148,10,42.6,,
14.4425,51.3177,21,33.6,4.43,8
14.45682,51.31715,75,48.3,,
14.54274,51.31383,130,43.4,,
14.55706,51.31327,22,56.8,,
14.6716,51.30873,8,59.2,,
14.68592,51.30816,16,26.9,,
14.71455,51.307,3,46.7,,
14.72886,51.30642,84,55.4,3.76,10
14.74318,51.30584,12,55.5,,
14.75749,51.30525,20,41.6,,
14.77181,51.30467,207,48.4,4.87,40
14.78612,51.30408,288,48.7,5.06,8
14.80043,51.30349,17,55.5,,
14.82906,51.30231,202,49.5,4.69,32
14.84337,51.30171,51,43.5,,
14.85768,51.30112,5,21.6,,
14.88631,51.29992,73,51.5,,
14.90062,51.29932,193,48.0,3.94,13
14.92924,51.29811,97,48.8,5.47,3
14.94355,51.2975,28,62.8,,
15.01509,51.29444,25,42.8,,
12.19126,51.39074,716,46.2,5.12,31
12.20562,51.39047,899,46.1,5.96,302
12.21998,51.39019,728,43.7,5.67,148
12.23435,51.38992,862,42.4,6.57,119
12.24871,51.38964,1813,46.1,6.55,444
12.26307,51.38937,594,45.1,5.11,50
12.27743,51.38909,929,47.6,5.47,83
12.29179,51.38881,213,47.8,6.18,57
12.32051,51.38824,2252,43.3,6.01,803
12.33487,51.38795,2965,49.0,6.58,1
12.34922,51.38766,1045,42.1,6.0,205
12.36358,51.38737,2431,46.0,6.66,626
12.37794,51.38708,1596,48.8,5.68,210
12.3923,51.38679,589,46.0,6.2,56
12.40666,51.38649,905,51.2,5.74,17
12.42102,51.3862,1516,50.2,5.39,768
12.43538,51.3859,855,48.8,6.67,116
12.44974,51.3856,975,48.3,7.07,326
12.46409,51.3853,1646,50.2,8.07,56
12.47845,51.38499,1880,44.2,6.05,598
12.49281,51.38469,1878,47.8,6.18,688
12.50717,51.38438,1801,42.5,5.76,482
12.52152,51.38407,867,46.0,6.64,46
12.53588,51.38376,40,46.7,,
12.55024,51.38345,3,25.7,,
12.63637,51.38153,9,56.0,,
12.65073,51.38121,16,65.1,,
12.67944,51.38055,126,45.0,4.88,7
12.6938,51.38022,9,63.4,,
12.72251,51.37955,671,46.5,5.29,253
12.73686,51.37922,2803,53.7,5.2,2
12.75121,51.37888,479,56.8,5.48,103
12.77992,51.3782,5,40.4,,
12.82298,51.37717,85,42.7,3.99,3
12.83734,51.37682,183,47.4,4.55,15
12.86604,51.37612,87,43.6,4.41,10
12.9091,51.37505,20,49.6,,
12.92345,51.37469,50,46.8,,
12.9378,51.37433,11,51.2,,
12.99521,51.37287,107,50.9,4.82,6
13.00956,51.3725,157,51.6,4.37,11
13.09566,51.37025,112,51.8,,
13.11001,51.36987,10,32.0,,
13.1387,51.3691,94,48.8,4.24,19
13.15305,51.36871,138,50.6,4.59,17
13.1674,51.36832,7,74.3,,
13.18175,51.36793,11,24.1,,
13.19609,51.36754,91,48.0,4.26,6
13.22479,51.36675,116,46.0,5.46,6
13.23914,51.36635,31,42.0,,
13.25348,51.36595,6,57.1,,
13.38259,51.36228,16,37.8,3.78,4
13.41128,51.36144,96,51.9,4.04,9
13.45431,51.36018,25,30.3,,
13.46866,51.35975,327,43.3,4.19,26
13.49734,51.35889,121,45.6,,
13.51169,51.35846,155,47.3,4.98,3
13.62642,51.35495,202,42.3,4.6,5
13.68378,51.35315,88,46.9,,
13.69812,51.3527,124,45.6,5.86,3
13.74113,51.35133,4,20.7,,
13.75547,51.35087,3,71.0,,
13.97051,51.34374,7,35.3,,
14.01351,51.34227,20,43.7,,
14.02784,51.34177,15,56.3,,
14.12817,51.33826,4,80.3,2.5,3
14.17116,51.33673,137,43.1,4.43,5
14.18549,51.33622,5,33.8,,
14.19982,51.3357,34,44.5,,
14.28579,51.33257,12,43.5,,
14.30011,51.33204,109,47.2,4.69,3
14.34309,51.33045,101,41.2,3.74,3
14.38607,51.32884,67,47.0,,
14.4004,51.3283,72,45.6,,
14.41472,51.32776,122,44.7,5.57,4
14.52931,51.32336,22,61.6,,
14.61524,51.31998,26,36.6,,
14.62956,51.31941,56,41.4,,
14.64388,51.31884,3,36.0,,
14.68683,51.31712,17,56.8,,
14.70115,51.31655,430,49.1,3.87,35
14.71547,51.31597,119,48.2,,
14.72979,51.31539,16,39.5,,
14.74411,51.3148,68,49.2,5.17,6
14.75842,51.31422,104,49.3,3.58,3
14.78706,51.31305,23,52.7,,
14.80137,51.31246,24,55.5,,
14.81569,51.31187,3,54.5,,
14.90158,51.30828,312,46.6,4.38,7
12.19169,51.39972,83,46.1,5.89,4
12.20606,51.39945,1031,37.6,5.72,323
12.22042,51.39918,4681,49.4,5.55,3
12.23478,51.3989,374,47.0,6.61,220
12.24915,51.39863,1005,49.2,5.61,84
12.26351,51.39835,163,43.3,,
12.32096,51.39722,78,40.3,5.96,13
12.33532,51.39694,552,44.0,5.79,80
12.34969,51.39665,6,61.2,,
12.36405,51.39636,379,52.9,6.23,66
12.37841,51.39607,2853,47.0,6.2,725
12.39277,51.39577,487,31.2,5.22,25
12.40713,51.39548,8,42.8,,
12.43585,51.39488,59,48.5,,
12.45022,51.39458,497,45.4,5.14,133
12.46458,51.39428,50,49.7,,
12.47894,51.39397,251,47.0,4.92,16
12.4933,51.39367,276,46.9,5.76,8
12.50766,51.39336,9,69.4,5.19,3
12.53638,51.39274,3,55.7,,
12.62253,51.39084,132,43.9,3.81,3
12.63689,51.39051,7,34.5,,
12.65125,51.39019,171,46.6,6.19,3
12.66561,51.38986,53,42.1,,
12.70868,51.38887,253,47.5,5.51,30
12.72304,51.38853,287,50.4,10.13,112
12.7374,51.3882,3,56.9,,
12.76611,51.38752,168,44.6,5.51,41
12.79482,51.38684,17,55.0,,
12.80918,51.38649,125,45.0,4.54,11
12.82354,51.38615,10,66.9,,
12.88096,51.38474,8,64.6,,
12.89531,51.38439,149,43.3,5.04,13
12.92402,51.38367,260,49.4,4.36,17
12.93838,51.38331,18,47.7,,
12.95273,51.38295,140,48.0,3.92,16
13.03885,51.38074,230,41.1,4.41,3
13.09626,51.37923,37,55.5,3.76,9
13.15367,51.37769,3,54.5,,
13.22542,51.37573,47,56.1,3.41,4
13.23977,51.37533,17,44.8,,
13.25412,51.37493,401,45.6,4.06,40
13.26847,51.37453,14,55.5,,
13.28282,51.37413,11,71.7,,
13.38326,51.37126,93,47.4,4.04,7
13.3976,51.37084,581,47.7,4.81,155
13.41195,51.37042,14,49.6,3.9,3
13.4263,51.37,93,46.1,4.21,8
13.49803,51.36787,3,68.5,,
13.51237,51.36744,58,48.2,4.13,16
13.56975,51.3657,183,42.6,2.43,3
13.5841,51.36526,90,43.9,4.77,6
13.65581,51.36303,77,44.0,,
13.75621,51.35984,82,42.0,4.44,10
13.78489,51.35891,163,45.0,4.38,5
13.79923,51.35845,60,38.4,,
13.82791,51.35751,120,39.8,4.64,10
13.97129,51.35271,147,53.0,3.86,3
13.99996,51.35173,3,58.3,,
14.0143,51.35124,167,50.8,,
14.02863,51.35074,53,45.8,,
14.0573,51.34975,245,45.7,5.14,13
14.07164,51.34925,59,49.5,5.37,9
14.11464,51.34774,132,45.4,5.35,16
14.12897,51.34723,60,49.8,,
14.17197,51.3457,35,54.2,5.16,3
14.18631,51.34519,138,46.9,5.04,26
14.20064,51.34467,40,36.2,,
14.21497,51.34415,129,40.2,5.29,5
14.2293,51.34364,10,48.3,,
14.28663,51.34154,16,49.6,,
14.30096,51.34101,92,46.6,4.48,3
14.35827,51.33888,21,48.9,,
14.3726,51.33835,28,45.8,4.61,17
14.48722,51.33399,68,50.1,4.33,4
14.50155,51.33344,28,52.0,,
14.5302,51.33232,13,49.7,,
14.54452,51.33177,15,41.6,,
14.57317,51.33065,19,45.5,,
14.58749,51.33008,4,64.1,,
14.60182,51.32952,18,39.6,,
14.61614,51.32895,64,40.4,3.48,3
14.63046,51.32838,14,33.7,4.92,3
14.68775,51.32609,93,55.3,3.06,3
14.70207,51.32551,22,52.0,,
14.74503,51.32377,154,46.1,6.81,3
14.75935,51.32319,5,39.2,,
14.88822,51.31785,3,66.0,,
14.90254,51.31725,172,43.3,4.67,34
14.94548,51.31543,94,49.1,,
14.9598,51.31482,3,40.1,,
14.98843,51.3136,80,50.4,4.7,3
15.00274,51.31298,160,42.4,3.91,14
12.22086,51.40816,99,48.6,5.44,49
12.24959,51.40761,9,56.5,,
12.33578,51.40592,246,41.5,5.63,9
12.35015,51.40563,265,38.3,6.63,49
12.36451,51.40534,473,43.6,7.14,55
12.37888,51.40505,679,40.2,6.99,61
12.39324,51.40476,7,45.4,,
12.4076,51.40446,612,47.3,6.11,118
12.42197,51.40416,512,41.6,8.68,184
12.46506,51.40326,51,43.8,4.66,4
12.47942,51.40296,75,47.6,4.93,18
12.49379,51.40265,3,74.9,,
12.50815,51.40234,4,63.5,,
12.57996,51.40078,32,50.0,,
12.59432,51.40046,357,44.6,4.7,35
12.65177,51.39917,326,45.0,4.84,64
12.69485,51.39818,32,33.3,,
12.70921,51.39785,412,39.8,5.1,40
12.76665,51.3965,213,47.2,4.46,10
12.78101,51.39616,183,45.1,5.1,14
12.80973,51.39547,111,46.5,3.88,4
12.82409,51.39513,48,43.8,5.38,6
12.85281,51.39443,3,43.2,,
12.86717,51.39408,250,46.0,5.5,9
12.88152,51.39372,180,49.5,4.83,15
12.98202,51.3912,35,42.1,,
12.99638,51.39083,48,42.8,4.79,3
13.01074,51.39046,5,48.7,,
13.03945,51.38972,108,55.1,5.79,3
13.0538,51.38934,72,52.1,,
13.06816,51.38896,41,47.4,3.79,3
13.08252,51.38859,9,47.2,,
13.09687,51.38821,164,47.1,4.75,8
13.12558,51.38744,344,47.5,4.86,40
13.13993,51.38706,12,52.2,2.39,5
13.15429,51.38667,97,51.2,6.25,3
13.16864,51.38628,9,38.4,,
13.183,51.38589,4,56.9,,
13.19735,51.3855,178,49.4,4.16,17
13.2117,51.3851,14,50.0,,
13.26911,51.38351,24,47.9,,
13.28346,51.3831,152,45.0,4.75,15
13.31217,51.38229,27,44.2,,
13.36957,51.38065,297,46.3,,
13.38392,51.38023,73,41.9,3.9,3
13.42697,51.37898,315,54.0,3.1,13
13.48437,51.37728,262,44.8,3.89,5
13.49871,51.37685,26,43.0,,
13.67088,51.37156,9,51.1,,
13.75694,51.36882,677,49.7,4.59,256
13.78563,51.36789,49,48.0,,
13.90037,51.36411,27,50.7,,
13.97207,51.36169,174,50.1,5.04,6
14.02942,51.35972,19,52.3,,
14.04376,51.35922,270,51.4,5.1,26
14.0581,51.35872,44,49.5,,
14.07244,51.35822,263,51.4,4.62,45
14.11545,51.35671,38,42.8,6.07,7
14.12978,51.3562,14,31.5,,
14.14412,51.3557,282,45.7,5.02,8
14.15846,51.35519,99,46.1,4.76,7
14.17279,51.35467,107,47.4,,
14.18713,51.35416,53,50.3,,
14.20146,51.35364,10,43.0,,
14.2158,51.35313,148,40.3,,
14.24447,51.35209,200,44.6,6.8,6
14.27313,51.35104,38,44.6,,
14.28747,51.35051,66,44.4,3.61,3
14.31613,51.34945,147,45.5,5.87,10
14.33046,51.34892,236,47.3,5.01,18
14.37346,51.34732,188,50.7,,
14.38779,51.34678,55,30.4,4.07,4
14.40212,51.34624,5,51.6,,
14.50243,51.3424,53,55.4,,
14.55974,51.34018,5,40.6,,
14.57407,51.33961,83,44.0,,
14.58839,51.33905,21,41.8,,
14.60272,51.33848,17,47.5,,
14.61704,51.33792,19,34.2,,
14.68867,51.33506,174,49.0,4.64,3
14.70299,51.33448,7,32.8,,
14.81757,51.3298,11,44.8,,
14.88918,51.32681,259,49.6,4.51,77
14.90349,51.32621,74,50.4,4.58,5
14.91781,51.32561,15,54.2,,
14.93213,51.325,16,42.0,,
14.94645,51.32439,104,46.8,3.68,3
14.96077,51.32379,590,50.0,4.17,292
14.97509,51.32317,134,60.0,5.06,3
12.2644,51.41632,7,68.4,,
12.3075,51.41547,55,48.8,6.74,16
12.39371,51.41374,129,42.4,3.7,79
12.40808,51.41344,20,25.0,,
12.42244,51.41315,440,40.8,6.26,179
12.46554,51.41224,97,43.2,,
12.47991,51.41194,209,45.6,6.37,31
12.50864,51.41133,356,46.8,5.68,46
12.52301,51.41102,22,59.7,,
12.53737,51.4107,92,39.5,4.6,13
12.55174,51.41039,50,45.8,3.14,5
12.58047,51.40976,46,54.0,3.67,3
12.6092,51.40912,75,45.2,4.5,9
12.63793,51.40848,57,48.9,4.31,3
12.68102,51.40749,37,45.5,4.43,4
12.69538,51.40716,7,64.8,,
12.75283,51.40582,5,47.6,,
12.7672,51.40548,7,57.4,,
12.79592,51.4048,21,42.1,,
12.81028,51.40445,77,43.7,,
12.82464,51.40411,42,45.0,,
12.83901,51.40376,173,38.2,4.93,10
12.86773,51.40306,338,45.4,5.0,31
12.88209,51.4027,75,43.0,4.8,16
12.91081,51.40199,15,55.4,,
12.92517,51.40163,94,49.0,2.95,4
12.93953,51.40127,29,56.4,,
12.98261,51.40018,257,53.0,4.74,33
12.99697,51.39981,208,49.1,4.91,36
13.02569,51.39907,3,63.2,,
13.08312,51.39757,20,45.1,,
13.09748,51.39719,19,52.4,,
13.12619,51.39642,3,68.7,,
13.14055,51.39603,3,21.7,,
13.18362,51.39487,130,46.5,4.96,10
13.21233,51.39408,5,50.3,,
13.22669,51.39368,67,44.0,3.35,3
13.24104,51.39329,6,44.8,,
13.37023,51.38963,73,50.7,,
13.38458,51.38921,4,54.8,,
13.39894,51.38879,76,53.3,,
13.41329,51.38838,35,44.7,7.61,4
13.42764,51.38795,3,53.5,,
13.44199,51.38753,697,51.2,5.53,223
13.45635,51.38711,89,50.8,5.57,55
13.4707,51.38668,320,51.2,4.06,17
13.48505,51.38625,523,51.7,4.22,19
13.4994,51.38582,21,50.1,,
13.51375,51.38539,33,49.3,,
13.88679,51.37356,12,45.5,,
13.90113,51.37308,76,52.6,5.68,3
14.03021,51.36869,15,42.5,4.56,6
14.04455,51.36819,204,48.9,4.58,21
14.05889,51.36769,1324,50.6,5.04,533
14.07323,51.36719,298,49.6,4.93,38
14.08757,51.36669,3,41.7,,
14.11625,51.36568,3,49.0,,
14.14493,51.36467,9,32.0,,
14.15927,51.36416,212,51.7,4.77,9
14.17361,51.36364,240,45.9,4.86,70
14.18795,51.36313,17,42.0,,
14.20228,51.36261,118,49.7,4.93,9
14.21662,51.3621,6,62.0,5.06,3
14.23096,51.36158,163,43.6,4.35,3
14.2453,51.36106,3,60.9,,
14.25963,51.36053,67,44.1,3.1,3
14.27397,51.36001,78,43.7,,
14.28831,51.35948,14,41.4,,
14.30264,51.35895,273,44.6,5.67,25
14.31698,51.35842,12,47.8,,
14.37432,51.35629,7,43.4,,
14.41732,51.35466,3,68.5,,
14.43165,51.35412,102,53.4,4.74,4
14.44598,51.35357,4,66.7,,
14.58929,51.34802,147,48.6,4.87,8
14.60362,51.34745,448,48.3,5.41,26
14.61795,51.34689,7,30.0,,
14.63228,51.34632,4,23.5,,
14.6466,51.34575,29,50.6,,
14.67526,51.3446,40,37.5,3.97,5
14.68959,51.34402,290,48.4,4.46,44
14.70391,51.34345,3,48.6,,
14.77554,51.34053,36,54.7,,
14.81852,51.33876,69,48.1,,
14.84716,51.33757,11,45.1,,
14.87581,51.33638,56,48.4,2.93,3
14.89013,51.33578,68,52.3,,
14.90445,51.33518,141,48.6,4.03,14
14.9331,51.33397,4,47.5,,
14.96174,51.33275,596,50.0,4.91,164
14.97606,51.33214,598,52.7,4.42,110
12.26484,51.4253,150,52.4,3.9,14
12.27922,51.42502,172,50.4,5.03,16
12.29359,51.42474,564,46.6,5.2,40
12.30796,51.42446,625,43.0,6.53,277
12.37981,51.42301,263,42.3,5.59,32
12.42292,51.42213,308,42.5,5.99,35
12.43729,51.42183,360,39.6,6.62,74
12.45166,51.42153,214,40.5,6.12,21
12.4804,51.42092,58,49.6,,
12.53787,51.41969,49,46.3,,
12.55224,51.41937,447,42.3,6.24,25
12.56661,51.41906,459,46.3,4.78,84
12.59534,51.41842,66,43.6,3.22,3
12.60971,51.4181,197,41.2,5.42,8
12.62408,51.41778,14,57.6,,
12.63844,51.41746,5,73.8,,
12.68154,51.41648,105,39.8,3.88,21
12.71028,51.41581,12,42.7,,
12.72464,51.41548,121,47.6,4.09,4
12.73901,51.41514,3,69.3,,
12.75337,51.4148,284,47.5,5.31,21
12.76774,51.41446,122,48.4,4.17,21
12.7821,51.41412,119,51.7,6.44,30
12.79647,51.41378,611,49.0,4.79,56
12.81083,51.41343,368,53.9,4.89,55
12.85393,51.41239,34,50.9,,
12.86829,51.41204,108,54.5,,
12.95447,51.40989,31,52.3,2.47,3
12.9832,51.40916,5,48.8,,
13.02628,51.40805,4,73.0,,
13.09809,51.40616,48,49.6,,
13.11245,51.40578,34,43.1,,
13.12681,51.4054,127,41.8,5.65,3
13.18424,51.40385,54,54.5,4.32,6
13.1986,51.40345,15,49.1,3.05,3
13.42831,51.39693,3,40.6,,
13.44267,51.39651,51,53.2,,
13.45702,51.39608,19,61.5,,
13.47138,51.39566,69,39.1,,
13.48573,51.39523,31,53.6,,
13.93059,51.38109,71,44.4,,
13.94493,51.38061,68,47.5,,
14.031,51.37766,5,60.0,,
14.05969,51.37667,483,51.3,5.78,25
14.07403,51.37617,853,49.2,5.26,228
14.10272,51.37516,4,83.0,,
14.14574,51.37364,45,45.0,3.31,3
14.16009,51.37313,44,50.1,,
14.17443,51.37262,6,41.7,,
14.18877,51.3721,23,37.5,,
14.26047,51.3695,65,41.1,,
14.28915,51.36845,7,45.5,,
14.30348,51.36792,482,50.1,4.98,53
14.31782,51.36739,293,50.7,4.85,15
14.33216,51.36686,7,57.2,,
14.36084,51.36579,26,45.4,,
14.37517,51.36526,83,49.3,5.7,6
14.38951,51.36472,89,44.2,9.11,3
14.40385,51.36418,167,46.8,,
14.41818,51.36363,82,49.9,5.1,12
14.43252,51.36309,8,45.2,,
14.47552,51.36145,78,50.1,,
14.50419,51.36034,360,55.2,4.7,30
14.51852,51.35979,38,60.2,,
14.59019,51.35699,48,46.2,4.72,7
14.60452,51.35642,53,53.0,,
14.61885,51.35585,23,28.6,,
14.67618,51.35357,54,48.7,,
14.69051,51.35299,89,50.7,,
14.70484,51.35241,34,48.9,4.08,5
14.76215,51.35009,7,51.4,,
14.77648,51.3495,144,41.3,4.8,8
14.79081,51.34891,81,49.4,,
14.80513,51.34832,40,48.8,4.42,4
14.81946,51.34773,123,49.2,4.58,3
14.83379,51.34714,116,46.0,,
14.84811,51.34654,60,48.5,4.57,4
14.87676,51.34534,114,45.7,,
14.89109,51.34474,7,41.3,,
14.91974,51.34354,5,75.6,,
14.93406,51.34293,39,57.5,,
14.94839,51.34232,3,29.1,,
14.96271,51.34171,312,47.1,5.06,18
14.97703,51.3411,39,47.2,,
12.19342,51.43566,93,43.6,4.1,12
12.22216,51.43511,13,38.4,,
12.30841,51.43344,165,50.1,5.28,8
12.3659,51.43229,701,46.6,6.2,192
12.38028,51.432,669,47.8,4.96,76
12.48088,51.4299,30,49.0,5.45,3
12.50963,51.42929,74,47.8,4.72,3
12.55274,51.42836,178,50.4,4.55,14
12.56711,51.42804,151,50.2,5.37,4
12.58148,51.42772,24,56.7,,
12.63896,51.42644,195,49.4,4.22,15
12.65333,51.42611,44,42.7,2.9,4
12.6677,51.42579,43,45.0,,
12.68207,51.42546,163,44.7,4.03,16
12.69644,51.42513,8,70.8,,
12.72518,51.42446,13,49.3,,
12.79702,51.42276,6,65.3,,
12.85449,51.42137,97,51.0,4.75,10
12.86885,51.42102,90,39.1,2.95,11
12.95505,51.41887,103,50.2,4.94,14
13.06997,51.4159,7,61.9,5.9,4
13.44335,51.40549,287,46.0,5.2,55
13.4577,51.40506,24,48.0,,
13.50077,51.40378,6,47.4,,
14.01745,51.38713,74,51.5,6.41,5
14.03179,51.38663,399,51.2,9.51,44
14.06048,51.38564,339,46.8,4.78,19
14.07483,51.38514,595,51.4,5.81,20
14.08918,51.38464,24,59.5,4.95,13
14.11787,51.38363,13,47.0,3.73,11
14.13221,51.38312,29,59.3,5.0,3
14.14656,51.38261,64,49.0,4.27,31
14.1609,51.3821,25,46.1,3.78,10
14.17525,51.38159,7,33.4,,
14.18959,51.38107,65,45.1,,
14.23262,51.37952,632,47.6,4.97,194
14.24696,51.379,1299,43.1,5.72,161
14.2613,51.37847,363,46.6,4.99,27
14.27564,51.37795,28,30.5,5.16,8
14.28999,51.37742,6,48.7,,
14.31867,51.37636,9,45.7,,
14.33301,51.37583,296,49.2,4.94,8
14.36169,51.37476,40,49.0,,
14.39037,51.37369,25,59.9,,
14.40471,51.37315,86,52.7,,
14.50507,51.36931,199,51.0,4.51,30
14.51941,51.36875,3,46.9,,
14.60542,51.36539,6,44.5,,
14.61976,51.36482,45,54.6,,
14.63409,51.36425,8,62.5,,
14.69142,51.36196,52,55.0,,
14.76308,51.35905,6,31.8,,
14.77741,51.35846,7,36.8,,
14.80607,51.35729,104,52.5,4.63,3
14.84906,51.35551,7,28.2,,
14.86339,51.35491,8,49.9,,
14.87772,51.35431,151,48.6,3.99,8
14.89205,51.35371,27,43.5,2.89,3
14.93503,51.3519,11,45.0,,
14.96368,51.35068,84,52.0,3.19,7
12.16509,51.44518,61,46.5,,
12.20822,51.44437,12,41.4,,
12.2226,51.4441,883,46.7,5.86,140
12.23698,51.44382,486,42.6,5.41,92
12.28011,51.44299,31,39.4,4.17,12
12.29449,51.44271,68,46.3,4.36,15
12.36637,51.44127,828,42.7,5.05,341
12.38075,51.44098,375,46.1,5.06,189
12.4095,51.44039,298,46.5,5.34,17
12.42387,51.44009,122,45.1,,
12.49575,51.43858,95,40.5,,
12.51012,51.43827,224,42.8,4.47,26
12.52449,51.43796,92,38.5,2.45,3
12.55324,51.43734,19,55.8,,
12.58199,51.43671,156,50.5,,
12.61074,51.43607,14,54.3,,
12.62511,51.43574,4,50.8,,
12.66823,51.43477,29,42.4,3.3,3
12.6826,51.43444,548,49.2,4.6,35
12.69697,51.43411,126,43.4,,
12.74008,51.4331,27,50.9,,
12.84068,51.4307,36,62.1,,
12.85505,51.43035,299,46.8,4.36,26
12.86942,51.43,37,42.1,,
12.91253,51.42893,9,52.4,,
12.97,51.42748,134,47.6,4.65,37
13.0562,51.42526,6,42.5,,
13.08494,51.4245,45,51.3,,
13.0993,51.42412,103,49.4,3.47,9
13.15676,51.42258,127,50.8,,
13.18549,51.4218,37,45.3,,
13.38658,51.41614,117,49.1,3.3,3
13.40094,51.41573,39,48.3,,
13.4153,51.41531,303,46.7,,
13.42966,51.41488,146,49.8,6.98,4
13.44402,51.41446,1656,48.9,5.25,532
13.45838,51.41404,2758,50.0,4.55,2
14.01823,51.3961,11,30.4,,
14.03258,51.39561,142,38.4,4.14,39
14.04693,51.39511,136,48.2,5.29,4
14.06128,51.39461,3,82.8,,
14.08998,51.39361,12,49.4,2.86,6
14.10433,51.3931,16,62.4,,
14.2191,51.38901,8,45.0,,
14.23345,51.38849,233,53.8,5.31,15
14.24779,51.38797,1053,44.9,5.34,137
14.26214,51.38745,88,37.6,5.13,31
14.27648,51.38692,3,59.5,,
14.31952,51.38533,67,56.0,5.72,11
14.40557,51.38211,551,50.0,4.85,78
14.46294,51.37993,55,42.3,,
14.60633,51.37436,3,64.2,,
14.66367,51.37208,76,45.9,,
14.67801,51.3715,9,72.5,,
14.72101,51.36977,3,87.3,,
14.76402,51.36802,5,62.8,6.67,4
14.77835,51.36743,21,46.7,,
14.79268,51.36684,6,47.4,,
14.80702,51.36625,8,60.4,,
14.82135,51.36566,16,49.6,3.89,6
14.85001,51.36447,70,40.0,2.75,3
14.86434,51.36387,185,47.0,4.48,11
14.87868,51.36327,15,47.7,,
14.936,51.36086,70,45.9,,
14.95033,51.36025,35,46.3,5.55,3
14.96465,51.35964,44,28.2,3.41,8
12.1799,51.45389,389,45.0,4.77,43
12.19428,51.45362,3,57.3,,
12.22304,51.45308,58,51.2,,
12.2518,51.45253,17,38.9,,
12.26618,51.45225,30,53.3,,
12.33808,51.45083,273,48.2,5.99,29
12.36683,51.45025,19,31.1,,
12.38121,51.44996,39,45.2,,
12.40997,51.44937,171,50.3,4.3,24
12.42435,51.44908,165,41.4,6.06,21
12.61125,51.44505,60,46.7,5.02,15
12.62562,51.44473,174,45.7,6.84,27
12.74062,51.44208,482,49.5,5.28,36
12.755,51.44175,154,48.0,3.62,13
12.78374,51.44106,7,22.0,,
12.81249,51.44038,138,45.4,5.16,6
12.92747,51.43755,58,44.5,,
12.97058,51.43646,174,48.9,5.28,16
13.0568,51.43424,129,52.1,3.85,3
13.07117,51.43386,3,40.2,,
13.08554,51.43348,26,43.9,,
13.15738,51.43156,81,49.1,3.76,3
13.17175,51.43117,19,54.9,,
13.20049,51.43039,3,62.5,,
13.35851,51.42595,150,51.6,3.5,3
13.38724,51.42512,99,48.7,4.44,6
13.40161,51.4247,103,48.6,,
13.41597,51.42428,32,41.1,,
13.43033,51.42386,140,43.3,4.63,5
13.4447,51.42344,536,49.7,5.07,121
14.03337,51.40458,50,47.7,4.3,25
14.06208,51.40358,3,68.1,,
14.21993,51.39798,25,40.8,,
14.23428,51.39746,31,54.8,8.17,4
14.24863,51.39694,32,47.1,5.21,3
14.29167,51.39536,291,51.8,4.81,15
14.30602,51.39483,56,55.2,,
14.39209,51.39163,475,56.3,5.05,64
14.40644,51.39108,302,51.9,4.76,13
14.60723,51.38332,50,55.1,4.76,4
14.62157,51.38276,132,46.4,,
14.66459,51.38104,377,46.8,4.41,7
14.67893,51.38047,14,54.8,,
14.69326,51.37989,12,53.9,,
14.7076,51.37931,10,46.3,,
14.72194,51.37873,9,40.8,,
14.73628,51.37815,48,43.5,,
14.76495,51.37698,3,61.0,,
14.77929,51.3764,7,56.5,,
14.80796,51.37522,3,47.0,,
14.83663,51.37403,18,39.7,2.89,3
14.85096,51.37344,61,49.3,,
14.8653,51.37284,16,26.9,,
14.93696,51.36983,3,61.7,,
14.96563,51.36861,4,37.2,,
12.19471,51.46261,50,43.1,,
12.20909,51.46233,231,45.7,5.55,28
12.22348,51.46206,3,59.8,,
12.25224,51.46151,41,51.2,6.88,3
12.26662,51.46123,781,42.0,4.83,128
12.28101,51.46095,46,50.3,4.84,3
12.33854,51.45982,136,41.7,5.93,24
12.35292,51.45953,108,45.3,6.78,7
12.41044,51.45836,74,42.8,,
12.42482,51.45806,96,38.8,5.82,12
12.43921,51.45776,61,47.0,5.84,5
12.45359,51.45746,620,43.3,5.74,92
12.56863,51.45499,223,44.5,4.71,27
12.583,51.45467,53,41.6,2.8,3
12.61176,51.45403,987,48.0,5.57,277
12.62614,51.45371,1614,47.9,5.45,530
12.64052,51.45338,1323,43.7,5.24,642
12.66927,51.45273,7,48.6,3.26,4
12.68365,51.4524,20,53.8,,
12.69803,51.45207,46,50.8,3.17,4
12.74116,51.45107,9,54.6,,
12.76991,51.45039,119,48.8,4.81,26
12.78429,51.45005,428,49.5,3.91,17
12.85617,51.44831,3,54.4,,
12.87055,51.44796,201,47.7,4.64,14
12.91367,51.44689,24,56.2,,
12.92804,51.44653,158,50.4,5.7,5
12.97117,51.44544,277,47.7,4.59,12
13.08615,51.44246,74,51.7,4.74,7
13.11489,51.4417,34,44.0,3.8,9
13.158,51.44054,12,48.0,,
13.17238,51.44015,74,50.1,4.12,19
13.18675,51.43976,39,41.0,,
14.06288,51.41256,42,49.4,,
14.13464,51.41004,3,61.2,,
14.149,51.40953,7,31.3,,
14.20641,51.40747,3,29.3,,
14.22076,51.40695,12,34.2,,
14.26381,51.40539,234,46.4,4.95,19
14.27816,51.40486,142,55.4,4.21,4
14.29251,51.40433,44,46.9,5.6,6
14.30686,51.4038,12,61.0,,
14.32121,51.40327,607,48.4,4.71,242
14.39295,51.40059,154,53.3,4.95,71
14.4073,51.40005,4,62.4,,
14.60813,51.39229,93,45.0,4.11,4
14.62248,51.39172,74,51.3,,
14.6655,51.39001,3,57.7,,
14.76588,51.38595,94,51.1,5.96,3
14.78022,51.38536,249,44.4,4.48,25
14.79456,51.38477,21,45.1,,
14.8089,51.38418,86,52.6,4.34,3
14.82324,51.38359,53,60.8,4.37,4
14.83758,51.383,7,59.8,,
14.85191,51.3824,101,41.2,,
14.86625,51.3818,20,44.1,,
14.88059,51.38121,16,37.1,,
14.9236,51.3794,58,47.6,,
14.93793,51.37879,3,49.3,,
14.95227,51.37818,156,49.1,3.86,4
14.9666,51.37757,140,54.0,5.5,7
12.19514,51.47159,285,45.9,5.44,79
12.20953,51.47132,213,41.7,5.23,37
12.22391,51.47105,131,46.9,4.32,7
12.2383,51.47077,183,41.8,6.19,20
12.26707,51.47022,172,48.4,5.37,39
12.28146,51.46994,72,40.9,4.97,18
12.35338,51.46851,66,53.0,5.82,3
12.36777,51.46822,173,51.2,5.01,8
12.38215,51.46793,37,49.0,4.99,22
12.39653,51.46763,126,41.8,6.29,4
12.41092,51.46734,17,43.6,,
12.4253,51.46704,35,35.0,,
12.43969,51.46674,315,44.1,7.03,44
12.45407,51.46644,1168,46.9,5.65,201
12.46845,51.46614,66,28.0,,
12.48284,51.46583,128,40.8,5.38,6
12.49722,51.46553,185,45.4,4.86,8
12.52598,51.46491,167,46.9,5.42,12
12.54037,51.4646,159,46.7,5.41,6
12.55475,51.46428,152,44.8,5.3,17
12.58351,51.46365,7,50.7,,
12.59789,51.46333,10,65.8,,
12.61228,51.46301,1035,45.7,5.19,282
12.62666,51.46269,2497,47.3,5.36,945
12.64104,51.46236,2060,44.7,5.35,1
12.65542,51.46204,522,45.8,5.44,99
12.6698,51.46171,514,47.9,6.38,204
12.68418,51.46138,278,39.0,7.24,3
12.69856,51.46105,44,50.4,,
12.71294,51.46072,44,51.1,4.75,7
12.72732,51.46038,96,41.6,4.07,11
12.77046,51.45937,5,13.3,,
12.78484,51.45903,108,52.2,4.69,11
12.87111,51.45694,95,45.9,2.58,3
12.89987,51.45623,23,44.0,,
12.91424,51.45587,24,59.8,,
12.92862,51.45551,903,48.9,4.63,153
12.943,51.45515,128,49.9,4.66,5
12.97175,51.45442,288,51.2,6.28,12
12.98613,51.45406,13,31.6,,
13.1155,51.45068,192,47.0,3.67,3
13.15863,51.44952,8,58.3,,
13.173,51.44913,119,43.6,4.45,4
13.18737,51.44874,4,75.4,,
13.38857,51.44307,45,49.9,,
14.06367,51.42153,78,50.0,1.57,3
14.07803,51.42103,140,51.1,,
14.09239,51.42052,4,43.3,,
14.17852,51.41747,30,52.1,5.66,3
14.19288,51.41696,438,47.8,5.46,78
14.20723,51.41644,15,54.2,,
14.22159,51.41592,128,43.5,7.33,4
14.23594,51.4154,195,44.8,6.01,15
14.26465,51.41436,18,45.9,,
14.37946,51.4101,8,60.9,,
14.39381,51.40956,60,47.0,,
14.40816,51.40902,32,49.1,,
14.42251,51.40848,5,37.4,,
14.52296,51.40463,3,39.8,,
14.566,51.40295,93,50.0,4.47,8
14.58034,51.40239,634,55.3,4.66,321
14.63773,51.40012,6,62.5,,
14.75248,51.3955,83,41.7,6.23,7
14.76682,51.39492,66,47.6,,
14.78116,51.39433,729,50.9,5.76,223
14.7955,51.39374,191,46.1,4.05,24
14.80984,51.39315,57,58.0,,
14.82418,51.39256,121,50.7,4.94,11
14.83853,51.39196,96,45.4,4.95,9
14.86721,51.39077,4,41.8,,
14.91022,51.38897,6,53.7,,
14.92456,51.38836,31,62.7,,
14.95324,51.38715,3,77.5,,
12.33946,51.47778,29,38.4,,
12.35384,51.47749,665,41.2,6.15,141
12.36823,51.4772,607,36.2,6.29,34
12.38262,51.47691,117,28.3,,
12.41139,51.47632,3,51.6,,
12.45455,51.47542,129,43.8,6.39,15
12.54087,51.47358,20,55.0,,
12.5984,51.47231,21,58.2,,
12.61279,51.47199,29,40.6,5.1,3
12.65594,51.47102,1888,41.5,5.17,851
12.67032,51.47069,2138,53.8,5.59,886
12.68471,51.47036,492,48.7,5.41,7
12.69909,51.47003,142,46.4,5.64,6
12.71347,51.4697,47,50.9,,
12.72786,51.46936,61,53.5,4.35,17
12.74224,51.46903,111,42.2,,
12.75662,51.46869,62,47.9,,
12.79977,51.46766,102,46.9,4.46,10
12.81415,51.46732,148,43.9,,
12.85729,51.46627,12,46.9,,
12.90044,51.46521,164,47.5,,
12.9292,51.46449,77,40.8,5.54,3
12.94358,51.46413,10,54.8,,
12.95795,51.46377,20,50.2,,
13.10174,51.46004,18,54.8,,
13.13049,51.45927,3,48.4,,
13.15925,51.4585,41,48.6,4.26,11
13.17362,51.45811,24,53.8,,
13.188,51.45772,35,46.0,,
14.06447,51.4305,4,65.0,,
14.07883,51.43,69,48.2,,
14.09319,51.4295,89,53.7,4.98,3
14.12191,51.42849,11,53.6,,
14.13627,51.42798,210,47.1,5.38,17
14.15063,51.42747,153,46.8,5.33,4
14.16498,51.42696,5,23.4,,
14.17934,51.42644,202,52.6,5.44,11
14.1937,51.42593,310,50.3,4.51,16
14.20806,51.42541,182,53.8,4.65,14
14.22242,51.42489,854,51.2,5.37,47
14.23677,51.42437,208,55.2,5.33,15
14.26548,51.42333,61,49.1,,
14.27984,51.4228,840,51.3,5.48,37
14.2942,51.42227,3,62.6,,
14.33726,51.42068,6,65.8,,
14.36597,51.41961,3,59.5,,
14.38032,51.41907,95,57.6,,
14.39468,51.41853,520,51.0,4.88,48
14.52384,51.4136,142,47.7,4.6,20
14.53819,51.41304,5,35.8,,
14.56689,51.41192,27,53.6,,
14.58124,51.41136,223,54.2,,
14.76775,51.40388,65,40.2,5.7,4
14.7821,51.4033,156,50.6,4.44,34
14.79644,51.40271,4,62.2,,
14.81079,51.40212,36,49.1,6.04,4
14.82513,51.40152,176,48.4,3.68,4
14.83947,51.40093,14,45.0,,
14.85382,51.40033,14,40.5,,
14.86816,51.39973,3,25.1,,
14.95421,51.39611,11,42.9,,
12.22479,51.48901,7,38.8,,
12.26796,51.48818,34,51.6,,
12.33992,51.48677,18,39.6,,
12.35431,51.48648,394,50.7,4.93,52
12.3687,51.48619,68,46.2,5.95,5
12.41187,51.4853,135,43.7,5.41,47
12.45503,51.4844,171,40.1,,
12.46942,51.4841,154,48.6,4.86,18
12.4982,51.48349,77,45.9,,
12.54137,51.48256,35,43.9,,
12.57014,51.48193,178,48.2,5.08,36
12.58453,51.48161,12,33.1,,
12.6133,51.48097,200,48.9,4.71,25
12.65646,51.48,3,52.5,,
12.67085,51.47967,169,49.6,4.63,9
12.77155,51.47733,152,44.1,,
12.78593,51.47699,89,54.5,,
12.8147,51.4763,29,45.1,4.26,4
12.84347,51.4756,78,39.6,,
12.85786,51.47525,258,48.2,4.63,22
12.90101,51.47419,103,45.2,4.05,9
12.91539,51.47383,17,58.6,,
12.94415,51.47311,22,55.3,3.97,3
12.95854,51.47275,6,66.0,,
13.00168,51.47165,277,46.9,,
13.01606,51.47128,156,50.7,3.81,4
13.08797,51.4694,4,54.2,,
13.10235,51.46902,73,43.4,,
13.14549,51.46786,38,46.1,,
13.15987,51.46748,152,45.8,3.77,9
13.17425,51.46709,38,45.2,3.94,4
14.05091,51.43997,4,33.2,,
14.07963,51.43897,212,51.6,4.86,21
14.09399,51.43847,879,50.8,5.19,84
14.10836,51.43796,258,51.8,4.17,3
14.13708,51.43695,273,49.6,4.4,12
14.15144,51.43644,3,65.5,,
14.18016,51.43542,137,47.0,4.93,6
14.19452,51.4349,60,54.0,3.72,3
14.20888,51.43438,3,32.6,,
14.22324,51.43386,840,51.0,5.3,344
14.2376,51.43334,2909,47.1,5.33,1
14.25196,51.43282,1759,54.4,4.3,1
14.26632,51.4323,4386,55.6,4.78,3
14.28068,51.43177,1151,53.6,4.49,768
14.29504,51.43124,3,60.0,,
14.35247,51.42912,81,54.4,,
14.36683,51.42858,55,46.0,,
14.39554,51.4275,3,55.0,,
14.53908,51.42201,48,51.3,,
14.78304,51.41226,10,50.1,,
14.79738,51.41167,4,52.0,,
14.81173,51.41108,29,52.1,1.86,3
14.82608,51.41049,3,64.3,,
14.84042,51.40989,4,35.6,,
14.85477,51.4093,17,47.5,,
14.86911,51.4087,5,52.8,,
12.22523,51.498,276,45.2,4.81,55
12.23962,51.49772,161,40.8,4.85,5
12.26841,51.49717,371,46.8,4.47,16
12.2828,51.49689,66,49.2,,
12.34038,51.49575,375,39.1,5.86,61
12.35477,51.49546,30,39.6,,
12.36916,51.49517,571,42.6,6.15,74
12.42673,51.49399,125,48.7,4.71,15
12.44113,51.49369,6,39.8,,
12.45552,51.49339,16,32.3,,
12.46991,51.49308,44,44.6,3.8,6
12.4843,51.49278,135,44.6,4.15,15
12.49869,51.49247,151,45.1,5.07,26
12.52747,51.49185,47,38.9,,
12.54187,51.49154,411,46.9,4.53,50
12.61382,51.48996,22,54.6,,
12.70015,51.48799,398,41.4,4.23,47
12.71454,51.48766,113,45.3,4.16,15
12.77209,51.48631,105,44.5,4.53,10
12.78648,51.48597,53,50.7,,
12.82964,51.48493,43,44.3,,
12.84403,51.48458,7,53.7,,
12.90158,51.48317,260,46.1,3.39,3
13.00227,51.48063,7,47.3,,
13.10296,51.478,7,23.5,,
13.11734,51.47761,1018,51.0,4.57,160
13.13172,51.47723,225,50.1,4.58,28
13.14611,51.47684,42,42.8,4.85,6
13.16049,51.47645,29,42.0,3.6,12
14.08043,51.44794,663,48.0,4.75,229
14.0948,51.44744,1588,52.6,5.18,367
14.10916,51.44694,320,48.2,4.87,111
14.12353,51.44643,253,51.2,4.37,22
14.13789,51.44592,350,48.0,4.63,143
14.20971,51.44335,9,66.6,,
14.22407,51.44284,1003,52.4,4.75,187
14.23844,51.44231,2233,50.2,5.44,688
14.2528,51.44179,2908,52.4,5.04,2
14.26716,51.44127,5024,57.7,4.85,3
14.28152,51.44074,491,55.2,4.58,181
14.35332,51.43809,10,68.3,,
14.5974,51.42873,213,50.5,4.77,10
14.95615,51.41404,53,50.2,,
12.22566,51.50698,38,47.3,4.16,8
12.26886,51.50615,11,57.4,,
12.28325,51.50587,84,46.4,,
12.31205,51.5053,3,33.0,,
12.35523,51.50444,354,47.0,5.46,66
12.36963,51.50415,113,46.2,5.84,11
12.42721,51.50297,241,47.6,5.13,23
12.44161,51.50267,41,26.6,,
12.456,51.50237,26,35.7,,
12.48479,51.50176,141,33.2,5.71,6
12.49918,51.50145,294,40.6,5.45,26
12.51358,51.50115,60,63.0,,
12.52797,51.50084,195,43.5,4.57,17
12.57115,51.49989,30,43.9,5.38,3
12.59994,51.49926,492,44.4,4.85,52
12.61433,51.49894,21,42.2,,
12.64312,51.49829,460,43.9,4.41,38
12.72947,51.49631,156,46.9,3.56,10
12.74386,51.49597,573,47.1,5.72,80
12.75825,51.49563,131,48.3,5.22,4
12.81581,51.49426,3,65.0,,
12.8302,51.49391,292,45.6,5.97,24
12.84459,51.49356,42,45.6,,
12.90215,51.49215,306,43.8,4.5,21
12.94531,51.49107,19,48.3,,
12.9597,51.49071,304,46.1,4.04,16
12.98848,51.48997,12,57.7,,
13.00286,51.4896,70,50.0,,
13.01725,51.48923,12,38.8,,
13.0748,51.48773,167,51.2,4.6,4
13.10357,51.48697,21,44.3,,
13.11795,51.48659,654,49.4,4.44,74
13.13234,51.48621,444,46.7,5.39,72
14.06687,51.45742,118,51.6,22.95,17
14.0956,51.45641,445,48.7,5.38,168
14.12434,51.4554,132,56.1,4.58,86
14.13871,51.45489,28,45.2,5.01,13
14.18181,51.45336,12,35.4,6.44,4
14.19617,51.45284,174,46.7,5.12,15
14.21054,51.45233,15,52.5,,
14.2249,51.45181,6,37.2,,
14.23927,51.45129,102,42.3,6.25,4
14.25363,51.45076,338,50.0,5.69,8
14.268,51.45024,2185,48.3,4.66,782
14.28236,51.44971,597,54.3,5.81,19
14.5983,51.4377,20,52.0,,
12.1973,51.51651,9,52.5,,
12.2117,51.51624,61,50.4,,
12.2549,51.51541,309,48.0,3.79,26
12.2693,51.51513,82,51.1,5.13,9
12.3125,51.51429,374,40.2,5.85,72
12.3269,51.514,81,51.7,6.11,18
12.3413,51.51371,583,49.5,5.61,113
12.3557,51.51342,471,48.5,4.99,84
12.3701,51.51313,3,69.3,,
12.42769,51.51195,3,54.8,,
12.44209,51.51165,36,44.0,,
12.45648,51.51135,46,42.4,3.1,3
12.47088,51.51105,85,38.8,4.82,3
12.48528,51.51074,11,47.7,,
12.49968,51.51044,65,43.5,5.04,8
12.51407,51.51013,5,51.2,,
12.52847,51.50982,166,42.8,4.46,17
12.60045,51.50824,156,46.9,,
12.64364,51.50727,90,48.2,4.95,6
12.65803,51.50695,5,71.9,,
12.67243,51.50662,69,44.4,4.0,3
12.73,51.50529,19,53.3,,
12.7444,51.50495,9,40.4,,
12.75879,51.50461,34,50.7,,
12.80197,51.50359,5,36.0,,
12.81637,51.50324,901,43.8,5.7,318
12.84515,51.50254,103,50.6,,
12.85954,51.50219,211,45.6,2.86,4
12.87393,51.50184,61,48.9,3.56,3
12.88833,51.50148,4,38.5,,
12.90272,51.50113,65,48.9,,
12.9315,51.50041,7,36.6,,
12.98906,51.49895,281,45.7,4.64,16
13.00345,51.49858,102,52.8,2.53,4
13.01784,51.49821,7,57.0,,
13.04662,51.49747,14,51.7,,
13.06101,51.49709,12,54.5,,
13.08979,51.49633,96,48.0,,
13.11857,51.49557,18,46.8,,
13.14734,51.4948,30,58.5,3.85,7
13.17612,51.49402,35,48.8,,
13.19051,51.49363,62,57.1,5.59,5
14.05329,51.46689,10,43.1,,
14.06767,51.46639,184,51.8,6.64,20
14.08204,51.46589,11,60.0,4.93,9
14.09641,51.46538,473,47.6,4.92,139
14.11078,51.46488,990,47.1,5.11,368
14.12515,51.46437,210,54.6,5.6,147
14.13952,51.46386,112,47.9,4.69,33
14.16826,51.46284,4,50.8,4.0,3
14.197,51.46181,129,51.8,5.24,10
14.21137,51.4613,212,46.6,6.41,18
14.22573,51.46078,116,51.3,5.64,14
14.2401,51.46026,219,46.2,5.37,19
14.25447,51.45973,121,50.8,5.21,3
14.26884,51.45921,155,73.0,,
14.34067,51.45656,75,52.5,6.63,3
14.35504,51.45603,92,45.9,,
12.21214,51.52522,5,28.0,,
12.22654,51.52495,379,44.6,4.46,29
12.26975,51.52412,4,32.4,,
12.31296,51.52327,518,45.0,5.96,27
12.32736,51.52298,2258,49.2,5.82,700
12.34176,51.5227,4167,44.0,5.66,2
12.35616,51.52241,2360,52.4,5.53,1
12.37056,51.52212,513,53.4,6.09,68
12.38496,51.52182,49,42.0,5.06,16
12.42817,51.52093,4,53.5,,
12.44257,51.52064,151,46.8,5.35,13
12.45697,51.52033,9,53.3,,
12.50017,51.51942,189,49.6,4.37,16
12.65856,51.51593,78,51.3,5.11,4
12.67295,51.5156,8,58.2,,
12.80252,51.51257,18,45.6,,
12.81692,51.51222,485,47.4,5.05,35
12.83132,51.51187,9,37.5,3.51,3
12.84571,51.51152,3,37.8,,
12.86011,51.51117,66,44.3,3.67,5
12.8745,51.51082,45,51.4,,
12.90329,51.51011,21,51.1,,
12.97526,51.5083,10,44.4,,
12.98965,51.50793,8,35.4,,
13.00405,51.50756,3,23.9,,
13.01844,51.50719,15,43.0,,
13.03283,51.50682,33,43.7,,
13.04722,51.50645,281,48.6,4.72,25
13.06162,51.50607,101,43.7,,
13.11918,51.50455,64,46.0,3.55,7
14.14033,51.47284,381,49.1,4.72,225
14.21219,51.47027,16,26.9,,
14.22657,51.46975,378,48.7,4.75,14
14.25531,51.4687,62,48.4,,
14.26968,51.46818,5,59.0,,
14.34152,51.46553,80,53.6,,
14.35589,51.465,74,63.0,,
12.22698,51.53393,72,52.2,3.69,8
12.2846,51.53282,159,38.9,4.28,9
12.29901,51.53254,11,32.0,,
12.31341,51.53225,903,39.7,4.52,233
12.32782,51.53197,4571,49.2,5.01,2
12.34222,51.53168,1896,47.7,5.45,759
12.35663,51.53139,1884,50.2,6.01,450
12.41424,51.53022,23,50.8,,
12.45745,51.52932,6,44.4,,
12.55827,51.52716,83,48.4,,
12.58707,51.52652,8,47.5,,
12.60148,51.5262,63,61.3,,
12.61588,51.52588,199,45.0,1.88,3
12.63028,51.52556,4,53.6,,
12.64468,51.52523,10,52.4,,
12.65908,51.52491,3,53.5,,
12.71668,51.52358,4,29.4,,
12.78868,51.52189,3,68.5,,
12.80308,51.52155,3,62.6,,
12.86067,51.52015,4,73.0,,
12.90386,51.51909,410,48.4,3.94,15
13.03343,51.5158,196,45.3,5.23,20
13.04782,51.51543,127,47.9,2.55,5
13.07661,51.51467,22,51.1,,
13.1198,51.51353,25,42.5,4.72,3
13.13419,51.51314,24,38.5,,
13.14858,51.51276,6,36.6,,
13.16298,51.51237,29,52.2,2.0,7
13.17737,51.51198,4,32.0,,
13.19176,51.51159,5,75.4,,
14.09802,51.48333,89,50.3,4.37,9
14.1124,51.48282,337,44.7,3.33,9
14.19865,51.47976,3,56.0,,
14.24177,51.4782,30,39.2,,
14.25614,51.47767,14,57.8,,
14.37112,51.47343,180,45.8,4.34,11
14.71592,51.46001,17,45.8,,
14.73029,51.45943,8,68.5,,
14.96005,51.4499,45,64.6,,
12.22742,51.54291,342,44.3,4.0,34
12.31387,51.54123,731,48.1,5.38,96
12.32828,51.54095,559,44.5,4.66,311
12.34268,51.54066,540,38.6,6.86,31
12.35709,51.54037,356,50.0,9.04,47
12.42912,51.5389,246,47.0,5.45,13
12.45794,51.5383,86,43.2,4.58,3
12.48675,51.53769,387,44.3,4.42,65
12.50115,51.53738,8,68.9,,
12.52996,51.53676,6,40.2,,
12.58758,51.5355,382,43.8,4.96,101
12.60199,51.53518,220,48.1,5.42,19
12.6308,51.53454,5,38.5,,
12.70281,51.5329,4,46.8,,
12.71722,51.53257,6,80.0,,
12.73162,51.53223,276,46.0,3.82,10
12.81803,51.53018,7,68.3,,
12.83243,51.52983,4,29.2,,
12.84683,51.52948,10,53.3,,
12.86123,51.52913,148,48.6,4.76,12
12.90443,51.52807,8,49.6,,
12.93323,51.52735,166,48.3,4.24,10
12.94763,51.52699,13,60.2,,
12.99083,51.52589,162,52.8,4.95,3
13.00523,51.52552,8,65.0,,
13.04842,51.5244,85,42.8,,
13.07722,51.52365,54,47.7,2.13,3
13.09162,51.52327,10,35.5,,
13.10601,51.52289,14,39.9,,
13.12041,51.52251,62,46.9,3.84,6
13.13481,51.52212,53,45.0,,
13.178,51.52096,157,50.6,3.73,10
13.19239,51.52056,165,55.1,3.19,7
14.11321,51.49179,64,50.4,,
14.12758,51.49129,268,49.1,5.92,63
14.14196,51.49078,16,55.8,5.2,9
14.37198,51.4824,64,50.8,4.57,12
14.45821,51.47914,3,59.6,,
14.47259,51.47859,14,51.5,,
14.70249,51.46956,13,47.8,,
14.71685,51.46898,27,59.2,,
14.73122,51.4684,15,60.4,,
14.74558,51.46782,3,61.5,,
14.94666,51.45947,3,78.0,,
12.24227,51.55162,64,48.1,,
12.27109,51.55106,236,46.3,3.53,5
12.29991,51.5505,168,45.6,6.33,3
12.31432,51.55022,44,34.6,,
12.32873,51.54993,52,45.8,,
12.34314,51.54964,202,47.6,4.77,15
12.40078,51.54848,177,32.1,5.04,4
12.41519,51.54818,7,55.1,,
12.4296,51.54788,20,48.8,,
12.45842,51.54728,4,47.3,,
12.48724,51.54667,88,51.1,,
12.53046,51.54574,5,60.0,,
12.54487,51.54543,3,66.5,,
12.57369,51.5448,5,51.4,,
12.61691,51.54384,4,67.2,,
12.63131,51.54352,675,53.6,5.0,154
12.64572,51.5432,3,23.6,,
12.70335,51.54188,232,47.3,4.06,6
12.80418,51.53951,324,50.2,4.14,9
12.99142,51.53487,148,51.8,5.62,31
13.00582,51.5345,217,52.8,4.51,5
13.02022,51.53413,246,46.8,6.38,11
13.09223,51.53225,133,50.4,4.71,48
13.10663,51.53187,70,44.9,3.92,22
13.12103,51.53148,244,48.8,4.36,19
13.13543,51.5311,359,47.4,4.14,68
13.17862,51.52993,3,37.0,,
14.1284,51.50026,3,51.0,,
14.37284,51.49137,279,52.2,5.51,65
14.38722,51.49083,8,34.9,,
14.44472,51.48866,51,53.1,,
14.45909,51.48811,228,47.8,4.38,3
14.51659,51.4859,9,57.2,4.34,3
14.53096,51.48534,4,71.3,,
14.70341,51.47853,30,51.8,,
14.71778,51.47795,22,61.9,,
14.94763,51.46844,51,50.6,4.16,3
12.24271,51.5606,81,45.8,,
12.27154,51.56005,4,66.9,,
12.30037,51.55948,27,52.2,,
12.32919,51.55891,49,40.6,5.4,6
12.34361,51.55863,92,47.2,5.09,12
12.38685,51.55775,192,49.3,4.63,3
12.43008,51.55686,63,43.6,5.54,4
12.45891,51.55626,344,41.1,5.05,34
12.53096,51.55473,3,65.3,,
12.54537,51.55441,3,38.8,,
12.57419,51.55378,59,49.3,5.35,6
12.5886,51.55347,80,45.6,5.95,3
12.63183,51.5525,322,45.4,4.72,170
12.64624,51.55218,4,41.0,,
12.70388,51.55086,6,51.5,,
12.9488,51.54495,46,50.3,,
12.9632,51.54458,10,49.9,,
12.9776,51.54422,3,52.5,,
12.99201,51.54385,226,53.6,4.57,10
13.00641,51.54348,273,55.3,6.61,11
13.04963,51.54236,15,57.1,4.31,6
13.06403,51.54199,174,43.7,4.14,15
13.07843,51.54161,3,50.0,,
13.09284,51.54123,50,53.6,,
13.12164,51.54046,37,53.2,,
13.13604,51.54008,26,48.6,,
13.16485,51.5393,54,43.6,,
13.17925,51.53891,12,60.2,,
14.33056,51.50194,44,62.8,5.47,18
14.34494,51.50141,15,61.8,,
14.3737,51.50034,10,50.1,4.22,3
14.38808,51.4998,24,38.5,5.5,3
14.44559,51.49763,5,25.2,,
14.45997,51.49708,28,54.1,,
14.51748,51.49487,92,43.5,3.46,3
14.53185,51.49431,3,65.1,,
14.63247,51.49037,1324,53.5,4.99,774
14.64685,51.48979,381,51.4,4.6,232
14.66122,51.48922,3,22.5,,
14.67559,51.48865,8,45.7,,
14.70434,51.48749,20,49.4,,
14.71871,51.48691,258,50.4,6.26,8
14.73308,51.48633,3,62.2,,
14.79056,51.48399,5,47.4,,
14.80493,51.4834,8,68.6,,
14.84804,51.48162,76,49.0,3.31,5
14.8624,51.48102,44,49.0,5.57,3
14.87677,51.48042,3,69.4,,
14.90551,51.47922,24,39.3,,
12.43056,51.56585,46,46.2,,
12.44498,51.56555,5,60.5,,
12.51705,51.56402,6,20.8,,
12.53146,51.56371,3,72.3,,
12.54588,51.5634,29,66.6,,
12.56029,51.56308,3,77.6,,
12.5747,51.56277,130,46.8,,
12.60353,51.56213,268,45.9,5.4,29
12.61794,51.56181,6,49.2,,
12.69,51.56017,4,28.7,,
12.74765,51.55883,11,51.0,,
12.87733,51.55572,9,47.3,,
12.96378,51.55356,4,70.2,,
12.97819,51.5532,1640,50.9,5.18,742
12.9926,51.55283,3909,52.7,5.26,2
13.00701,51.55246,851,45.2,4.94,274
13.02141,51.55209,7,56.6,,
13.03582,51.55172,98,49.4,5.43,8
13.06463,51.55096,6,62.4,,
13.09345,51.55021,11,43.8,,
13.15107,51.54867,19,53.8,,
13.16547,51.54828,5,36.5,,
14.17318,51.51667,60,48.8,,
14.18757,51.51616,244,48.7,4.14,7
14.38894,51.50877,5,60.8,,
14.40332,51.50823,152,43.8,3.69,7
14.46085,51.50605,3,55.5,3.98,3
14.48961,51.50494,14,55.0,,
14.50399,51.50439,45,50.4,,
14.60463,51.50047,111,52.3,2.68,3
14.61901,51.4999,291,52.0,4.8,90
14.63338,51.49933,4200,52.8,4.79,2
14.64776,51.49876,2904,51.1,4.81,1
14.66214,51.49819,16,63.0,6.66,4
14.67651,51.49761,22,54.3,1.82,3
14.69089,51.49704,15,43.9,,
14.70526,51.49646,189,53.5,8.06,13
14.71964,51.49588,442,50.3,4.36,64
14.73401,51.4953,4,66.9,,
14.80587,51.49236,22,50.1,,
14.86336,51.48999,57,41.4,4.02,9
12.41662,51.57513,3,37.2,,
12.43104,51.57483,197,46.4,4.45,15
12.54638,51.57238,54,45.6,4.43,5
12.56079,51.57206,203,47.0,4.51,5
12.60404,51.57111,82,48.9,4.79,4
12.84908,51.5654,396,47.8,4.84,28
12.8779,51.5647,140,52.3,4.59,28
12.89231,51.56434,334,48.9,5.14,8
12.90673,51.56399,42,41.3,,
12.92114,51.56363,465,46.4,5.29,28
12.93555,51.56327,252,43.4,4.98,9
12.94996,51.56291,216,56.0,5.16,6
12.96437,51.56254,1149,40.2,4.6,548
12.97878,51.56218,1312,48.3,4.82,547
12.99319,51.56181,2326,44.8,4.99,854
13.0076,51.56144,2567,43.8,5.23,1
13.02201,51.56107,12,45.2,,
13.03642,51.56069,43,50.7,,
13.06524,51.55994,49,38.6,,
13.07965,51.55957,38,51.3,,
14.21717,51.52409,129,52.2,4.31,6
14.23156,51.52357,240,50.5,4.34,11
14.26033,51.52253,7,44.1,,
14.27472,51.522,57,41.3,,
14.28911,51.52148,184,45.6,4.85,3
14.31788,51.52042,16,45.4,,
14.38981,51.51774,43,49.8,,
14.40419,51.5172,4,73.0,,
14.49049,51.51391,41,57.8,,
14.50487,51.51336,111,45.6,7.15,3
14.51925,51.5128,4,29.3,,
14.60554,51.50944,264,55.1,4.27,5
14.61992,51.50887,1288,48.6,5.02,221
14.6343,51.5083,986,51.3,4.74,245
14.64868,51.50773,2420,49.1,4.86,1
14.66305,51.50716,114,55.1,3.85,6
14.67743,51.50658,4,16.0,,
14.70619,51.50543,27,45.0,,
14.72056,51.50485,40,45.1,5.0,3
14.73494,51.50427,86,46.2,4.42,4
14.74932,51.50368,10,61.3,,
14.76369,51.5031,88,52.5,,
14.80682,51.50133,159,48.7,3.27,3
14.8212,51.50074,11,47.7,,
12.46036,51.58321,45,39.4,,
12.47478,51.5829,14,45.0,,
12.4892,51.5826,3,69.7,,
12.53246,51.58167,276,46.2,5.8,26
12.54688,51.58136,7,47.0,,
12.57572,51.58073,6,41.1,,
12.59014,51.58041,3,79.2,,
12.60456,51.58009,3,52.5,,
12.63339,51.57945,19,55.9,,
12.64781,51.57912,235,46.2,4.01,3
12.69106,51.57814,35,48.0,4.42,5
12.70548,51.5778,570,45.9,4.2,61
12.73431,51.57713,5,68.3,,
12.77756,51.57612,3,31.2,,
12.83522,51.57473,7,52.5,,
12.84964,51.57438,77,46.6,5.17,10
12.87847,51.57368,5,55.2,,
12.9073,51.57297,133,44.8,5.56,32
12.92171,51.57261,201,47.7,3.38,3
12.93613,51.57225,20,63.7,,
12.95054,51.57189,205,47.3,4.22,8
12.96495,51.57152,1347,38.5,4.55,531
12.97937,51.57116,524,49.8,4.56,279
12.99378,51.57079,252,44.8,4.81,39
13.00819,51.57042,7,57.4,3.32,4
13.02261,51.57005,31,54.0,,
13.03702,51.56967,134,44.9,3.7,13
13.06584,51.56892,741,49.7,4.39,82
13.08025,51.56854,268,50.7,5.06,3
13.10908,51.56778,20,46.9,,
14.27556,51.53097,7,56.3,,
14.37628,51.52725,54,42.3,,
14.39067,51.52671,185,47.2,4.0,5
14.49137,51.52288,7,26.2,,
14.50576,51.52233,110,51.5,3.37,6
14.52014,51.52177,14,45.0,,
14.5633,51.5201,53,46.4,,
14.60644,51.5184,193,48.0,4.86,4
14.62083,51.51784,303,55.3,7.07,22
14.63521,51.51727,463,50.1,5.5,23
14.64959,51.5167,64,47.2,4.51,7
14.66397,51.51612,5,41.8,,
14.70711,51.51439,97,51.3,3.99,7
14.72149,51.51381,408,55.4,4.89,76
14.75025,51.51265,80,39.1,,
14.76463,51.51206,296,47.4,,
14.77901,51.51148,18,45.3,,
14.79339,51.51089,10,49.1,,
12.46085,51.59219,1067,47.2,4.96,106
12.47527,51.59189,153,54.3,5.01,21
12.48969,51.59158,228,49.6,4.64,6
12.54738,51.59034,275,48.8,5.44,6
12.57623,51.58971,226,56.1,6.32,41
12.59065,51.58939,1386,48.8,6.13,309
12.60507,51.58907,29,54.2,7.61,5
12.67717,51.58745,170,50.0,3.86,5
12.87904,51.58266,4,57.7,,
12.89346,51.5823,4,59.2,,
12.92229,51.58159,4,17.0,,
12.97996,51.58013,161,43.5,4.87,15
12.99437,51.57977,5,41.7,,
13.00879,51.5794,56,48.1,3.46,3
13.03762,51.57865,252,44.1,4.51,22
13.05203,51.57828,129,46.6,3.59,3
13.06645,51.5779,1051,42.0,4.66,317
13.13852,51.57599,4,69.9,,
14.39154,51.53568,10,57.6,,
14.49226,51.53185,11,51.3,,
14.50665,51.5313,121,48.8,,
14.52103,51.53074,203,50.6,2.44,5
14.53542,51.53018,324,50.4,4.34,6
14.54981,51.52962,55,47.2,4.46,3
14.56419,51.52906,256,47.2,,
14.57858,51.5285,80,46.0,,
14.60735,51.52737,5,42.3,,
14.62174,51.5268,15,57.3,,
14.65051,51.52566,71,58.5,,
14.66489,51.52509,141,57.9,4.73,13
14.67927,51.52451,134,52.6,5.24,4
14.69366,51.52394,317,49.7,4.21,20
14.70804,51.52336,310,51.3,4.54,29
14.72242,51.52278,575,48.6,4.97,145
14.73681,51.5222,96,51.7,4.46,4
14.75119,51.52161,21,46.7,,
12.46133,51.60117,4,21.0,,
12.54789,51.59932,4,68.7,,
12.56231,51.59901,3,63.6,,
12.57674,51.59869,562,49.3,5.25,95
12.59116,51.59837,3401,48.6,4.73,2
12.60558,51.59805,90,48.1,,
12.6777,51.59643,194,49.2,4.28,12
12.69212,51.5961,42,51.1,,
12.79308,51.59373,14,43.4,,
12.8075,51.59339,308,46.8,4.66,22
13.00938,51.58838,23,41.9,,
13.03822,51.58763,69,45.0,3.25,3
13.05263,51.58726,19,38.1,5.53,15
13.15355,51.58458,8,51.5,,
14.50753,51.54026,21,47.2,,
14.52192,51.53971,607,48.2,4.56,131
14.53631,51.53915,561,49.1,5.62,150
14.5507,51.53859,3,36.0,,
14.57948,51.53747,13,60.4,,
14.59387,51.5369,35,49.0,,
14.62265,51.53577,100,47.1,3.98,5
14.63703,51.5352,42,49.1,6.1,11
14.65142,51.53463,220,53.2,4.16,8
14.66581,51.53406,529,50.6,5.43,58
14.6802,51.53348,146,50.8,2.4,4
14.69458,51.5329,162,52.2,,
14.70897,51.53233,217,42.7,4.7,26
14.72335,51.53175,165,40.6,4.76,36
12.54839,51.6083,71,52.2,,
12.56282,51.60799,226,50.9,6.11,17
12.57724,51.60767,117,46.3,4.88,5
12.59167,51.60736,167,51.9,6.07,10
12.6061,51.60704,24,47.8,,
12.79363,51.60271,8,54.2,,
12.80806,51.60237,36,51.2,4.27,3
12.92344,51.59955,15,37.6,,
12.95229,51.59882,313,47.8,4.45,20
12.98113,51.59809,35,36.8,3.81,10
12.99555,51.59773,71,46.5,4.52,8
13.03882,51.59661,154,43.6,4.14,15
13.12534,51.59433,194,50.5,3.81,8
13.13976,51.59395,38,49.1,,
14.50842,51.54923,4,50.4,,
14.52282,51.54868,67,46.4,4.84,6
14.53721,51.54812,347,49.2,3.71,12
14.5516,51.54756,81,48.4,3.47,3
14.56599,51.547,17,42.7,,
14.58039,51.54644,401,45.6,4.68,6
14.59478,51.54587,20,43.1,,
14.60917,51.54531,30,38.6,3.78,3
14.62356,51.54474,56,46.3,,
14.63795,51.54417,57,47.6,,
14.66673,51.54302,22,50.1,,
14.69551,51.54187,44,45.6,,
14.7099,51.54129,305,48.1,5.04,21
14.72428,51.54071,882,41.7,4.74,342
12.57775,51.61665,139,54.0,5.25,5
12.59218,51.61634,471,48.4,6.29,30
12.66433,51.61472,39,51.7,,
12.67876,51.61439,293,44.8,4.86,12
12.69319,51.61406,108,52.0,5.42,4
12.7509,51.61272,5,35.6,,
12.76533,51.61238,240,48.4,2.61,3
12.77976,51.61204,31,45.1,,
12.82304,51.611,61,51.7,,
12.89517,51.60924,3,58.8,,
12.9096,51.60889,233,50.1,4.4,22
12.92402,51.60853,181,47.2,3.94,10
12.93845,51.60817,48,55.2,3.06,4
12.9673,51.60744,30,51.1,,
12.98172,51.60707,74,47.9,3.94,3
12.99614,51.6067,6,56.0,,
13.02499,51.60596,82,45.8,,
13.03942,51.60559,30,47.5,,
13.12595,51.60331,32,54.2,,
14.5381,51.55709,3,75.0,,
14.65326,51.55256,68,48.4,,
14.66765,51.55199,38,44.2,4.34,12
14.68204,51.55141,25,50.1,5.31,9
14.69643,51.55084,205,48.2,,
14.71082,51.55026,816,52.2,4.38,266
14.72522,51.54968,362,51.7,4.93,202
12.65043,51.62403,24,59.4,,
12.66486,51.6237,196,49.4,3.59,6
12.67929,51.62337,51,50.8,,
12.69372,51.62304,28,41.2,,
12.76588,51.62136,6,46.4,,
12.78031,51.62102,3,81.7,,
12.80917,51.62033,3,58.5,,
12.8236,51.61998,254,51.0,4.92,10
12.83803,51.61963,5,18.8,,
12.88131,51.61858,27,50.2,5.45,5
12.91017,51.61787,139,50.9,4.14,16
12.9246,51.61751,41,45.1,4.14,6
12.96788,51.61642,76,49.4,2.47,5
13.01116,51.61531,41,40.2,4.95,4
13.12657,51.61229,14,41.4,,
14.5534,51.5655,42,52.3,,
14.56779,51.56494,225,44.8,4.84,22
14.69736,51.5598,147,55.2,3.73,5
14.71175,51.55923,197,52.1,5.56,31
12.79529,51.62966,4,57.2,,
12.80972,51.62931,6,63.0,,
12.82415,51.62896,28,44.9,5.36,3
12.85302,51.62826,3,50.0,,
12.86745,51.62791,12,50.9,,
12.88188,51.62756,13,47.9,,
12.89631,51.6272,10,33.8,,
12.91075,51.62684,90,48.2,3.9,4
12.9829,51.62503,39,48.0,4.41,3
14.56869,51.5739,224,51.1,5.59,7
14.71268,51.56819,226,50.8,4.9,13
12.78141,51.63898,126,50.3,5.77,3
12.79584,51.63864,88,54.2,3.4,5
12.85358,51.63724,105,47.6,3.46,7
12.86802,51.63689,187,51.7,4.35,9
12.88245,51.63654,945,52.6,4.52,135
12.92575,51.63547,35,58.3,4.1,3
12.98349,51.63401,23,55.5,,
12.99792,51.63364,42,44.8,2.82,3
13.01235,51.63327,82,49.5,,
14.71361,51.57716,85,52.0,3.52,8
12.75308,51.64864,5,74.0,,
12.86858,51.64587,168,54.1,4.27,89
12.88302,51.64552,381,49.2,4.69,81
12.98408,51.64299,329,48.5,4.12,45
12.99851,51.64262,11,40.3,,
13.01295,51.64225,204,50.3,2.99,10
12.79695,51.6566,5,31.2,,
12.84027,51.65555,3,50.4,,
12.85471,51.6552,111,48.4,3.33,3
12.98467,51.65197,72,49.8,4.12,3
12.99911,51.6516,3,58.0,,
12.82639,51.66488,3,44.3,,
12.84083,51.66453,86,50.6,4.39,20
12.85528,51.66418,147,49.7,4.03,5
12.82695,51.67386,15,56.4,4.4,5
12.8414,51.67351,107,50.4,4.4,3
