{
"type": "FeatureCollection",
"name": "bundestagswahl_2025_wahlkreise",
"crs": { "type": "name", "properties": { "name": "urn:ogc:def:crs:OGC:1.3:CRS84" } },
"xy_coordinate_resolution": 0.001,
"features": [
{ "type": "Feature", "properties": { "wkr_nr": 1, "wkr_name": "Flensburg – Schleswig", "land": "Schleswig-Holstein", "wahlbeteiligung_prozent": 83.1, "union_prozent": 24.9, "afd_prozent": 15.3, "spd_prozent": 15.9, "gruene_prozent": 15.9, "linke_prozent": 8.3, "bsw_prozent": 3.2, "fdp_prozent": 3.7, "staerkste_partei": "union" }, "geometry": { "type": "Polygon", "coordinates": [ [ [ 9.605, 54.855 ], [ 9.747, 54.824 ], [ 9.852, 54.754 ], [ 9.876, 54.753 ], [ 9.894, 54.771 ], [ 9.905, 54.763 ], [ 9.9, 54.773 ], [ 9.909, 54.8 ], [ 9.957, 54.78 ], [ 9.989, 54.718 ], [ 10.036, 54.688 ], [ 10.031, 54.637 ], [ 9.97, 54.647 ], [ 9.965, 54.626 ], [ 9.937, 54.637 ], [ 9.933, 54.626 ], [ 9.761, 54.557 ], [ 9.714, 54.519 ], [ 9.673, 54.515 ], [ 9.675, 54.493 ], [ 9.628, 54.467 ], [ 9.641, 54.455 ], [ 9.553, 54.428 ], [ 9.556, 54.358 ], [ 9.476, 54.336 ], [ 9.416, 54.346 ], [ 9.391, 54.324 ], [ 9.406, 54.298 ], [ 9.394, 54.289 ], [ 9.375, 54.294 ], [ 9.361, 54.28 ], [ 9.288, 54.275 ], [ 9.26, 54.306 ], [ 9.275, 54.308 ], [ 9.278, 54.325 ], [ 9.265, 54.342 ], [ 9.22, 54.346 ], [ 9.226, 54.323 ], [ 9.192, 54.316 ], [ 9.197, 54.331 ], [ 9.171, 54.344 ], [ 9.196, 54.366 ], [ 9.208, 54.363 ], [ 9.208, 54.386 ], [ 9.264, 54.372 ], [ 9.258, 54.392 ], [ 9.279, 54.419 ], [ 9.327, 54.448 ], [ 9.281, 54.515 ], [ 9.304, 54.531 ], [ 9.293, 54.536 ], [ 9.311, 54.56 ], [ 9.25, 54.578 ], [ 9.267, 54.602 ], [ 9.207, 54.631 ], [ 9.223, 54.648 ], [ 9.178, 54.67 ], [ 9.172, 54.699 ], [ 9.124, 54.691 ], [ 9.062, 54.701 ], [ 9.083, 54.71 ], [ 9.078, 54.756 ], [ 9.111, 54.768 ], [ 9.12, 54.788 ], [ 9.099, 54.815 ], [ 9.078, 54.817 ], [ 9.106, 54.83 ], [ 9.113, 54.874 ], [ 9.24, 54.85 ], [ 9.25, 54.81 ], [ 9.295, 54.802 ], [ 9.293, 54.809 ], [ 9.344, 54.8 ], [ 9.383, 54.839 ], [ 9.411, 54.842 ], [ 9.435, 54.827 ], [ 9.498, 54.841 ], [ 9.592, 54.887 ], [ 9.628, 54.88 ], [ 9.605, 54.855 ] ] ] } },
{ "type": "Feature", "properties": { "wkr_nr": 2, "wkr_name": "Nordfriesland – Dithmarschen Nord", "land": "Schleswig-Holstein", "wahlbeteiligung_prozent": 82.7, "union_prozent": 29.6, "afd_prozent": 16.1, "spd_prozent": 17.4, "gruene_prozent": 12.3, "linke_prozent": 6.2, "bsw_prozent": 3.2, "fdp_prozent": 5.0, "staerkste_partei": "union" }, "geometry": { "type": "MultiPolygon", "coordinates": [ [ [ [ 8.464, 55.046 ], [ 8.396, 55.046 ], [ 8.401, 55.035 ], [ 8.437, 55.039 ], [ 8.44, 55.016 ], [ 8.38, 54.997 ], [ 8.353, 54.968 ], [ 8.365, 54.905 ], [ 8.42, 54.879 ], [ 8.606, 54.888 ], [ 8.635, 54.894 ], [ 8.638, 54.911 ], [ 8.67, 54.911 ], [ 8.728, 54.893 ], [ 8.777, 54.893 ], [ 8.824, 54.907 ], [ 8.859, 54.897 ], [ 8.948, 54.903 ], [ 9.048, 54.872 ], [ 9.113, 54.874 ], [ 9.106, 54.83 ], [ 9.078, 54.817 ], [ 9.099, 54.815 ], [ 9.12, 54.788 ], [ 9.111, 54.768 ], [ 9.078, 54.756 ], [ 9.083, 54.71 ], [ 9.062, 54.701 ], [ 9.124, 54.691 ], [ 9.172, 54.699 ], [ 9.178, 54.67 ], [ 9.223, 54.648 ], [ 9.207, 54.631 ], [ 9.267, 54.602 ], [ 9.25, 54.578 ], [ 9.311, 54.56 ], [ 9.293, 54.536 ], [ 9.304, 54.531 ], [ 9.281, 54.515 ], [ 9.327, 54.455 ], [ 9.264, 54.4 ], [ 9.264, 54.372 ], [ 9.208, 54.386 ], [ 9.208, 54.363 ], [ 9.196, 54.366 ], [ 9.171, 54.344 ], [ 9.197, 54.331 ], [ 9.192, 54.316 ], [ 9.226, 54.323 ], [ 9.22, 54.346 ], [ 9.265, 54.342 ], [ 9.278, 54.325 ], [ 9.275, 54.308 ], [ 9.26, 54.306 ], [ 9.289, 54.275 ], [ 9.361, 54.28 ], [ 9.375, 54.294 ], [ 9.394, 54.289 ], [ 9.404, 54.266 ], [ 9.443, 54.245 ], [ 9.427, 54.205 ], [ 9.373, 54.203 ], [ 9.331, 54.189 ], [ 9.245, 54.188 ], [ 9.229, 54.152 ], [ 9.18, 54.158 ], [ 9.143, 54.125 ], [ 9.127, 54.138 ], [ 9.012, 54.135 ], [ 9.0, 54.151 ], [ 8.944, 54.126 ], [ 8.908, 54.135 ], [ 8.858, 54.119 ], [ 8.807, 54.176 ], [ 8.84, 54.233 ], [ 8.835, 54.286 ], [ 8.781, 54.281 ], [ 8.706, 54.293 ], [ 8.674, 54.279 ], [ 8.608, 54.309 ], [ 8.603, 54.341 ], [ 8.644, 54.338 ], [ 8.692, 54.356 ], [ 8.691, 54.373 ], [ 8.649, 54.379 ], [ 8.661, 54.395 ], [ 8.81, 54.409 ], [ 8.871, 54.405 ], [ 9.019, 54.475 ], [ 9.003, 54.479 ], [ 9.016, 54.484 ], [ 8.985, 54.524 ], [ 8.945, 54.512 ], [ 8.948, 54.5 ], [ 8.893, 54.461 ], [ 8.807, 54.47 ], [ 8.819, 54.487 ], [ 8.809, 54.49 ], [ 8.806, 54.498 ], [ 8.871, 54.528 ], [ 8.869, 54.562 ], [ 8.893, 54.597 ], [ 8.847, 54.625 ], [ 8.832, 54.653 ], [ 8.753, 54.681 ], [ 8.741, 54.716 ], [ 8.686, 54.73 ], [ 8.715, 54.738 ], [ 8.702, 54.774 ], [ 8.608, 54.841 ], [ 8.603, 54.886 ], [ 8.51, 54.881 ], [ 8.414, 54.847 ], [ 8.367, 54.869 ], [ 8.341, 54.881 ], [ 8.296, 54.842 ], [ 8.298, 54.74 ], [ 8.279, 54.752 ], [ 8.302, 54.918 ], [ 8.396, 55.052 ], [ 8.417, 55.058 ], [ 8.464, 55.046 ] ] ], [ [ [ 8.833, 54.603 ], [ 8.818, 54.595 ], [ 8.813, 54.597 ], [ 8.808, 54.605 ], [ 8.833, 54.603 ] ] ], [ [ [ 8.824, 54.543 ], [ 8.789, 54.552 ], [ 8.805, 54.556 ], [ 8.824, 54.543 ] ] ], [ [ [ 8.763, 54.635 ], [ 8.761, 54.636 ], [ 8.766, 54.638 ], [ 8.763, 54.635 ] ] ], [ [ [ 8.729, 54.629 ], [ 8.71, 54.632 ], [ 8.714, 54.639 ], [ 8.736, 54.644 ], [ 8.729, 54.629 ] ] ], [ [ [ 8.727, 54.462 ], [ 8.718, 54.466 ], [ 8.727, 54.468 ], [ 8.727, 54.462 ] ] ], [ [ [ 8.71, 54.672 ], [ 8.684, 54.672 ], [ 8.681, 54.676 ], [ 8.699, 54.681 ], [ 8.71, 54.672 ] ] ], [ [ [ 8.687, 54.521 ], [ 8.703, 54.501 ], [ 8.687, 54.509 ], [ 8.67, 54.495 ], [ 8.621, 54.49 ], [ 8.592, 54.509 ], [ 8.591, 54.532 ], [ 8.705, 54.558 ], [ 8.687, 54.521 ] ] ], [ [ [ 8.585, 54.634 ], [ 8.548, 54.618 ], [ 8.529, 54.627 ], [ 8.652, 54.658 ], [ 8.657, 54.644 ], [ 8.585, 54.634 ] ] ], [ [ [ 8.586, 54.744 ], [ 8.597, 54.719 ], [ 8.566, 54.68 ], [ 8.485, 54.68 ], [ 8.397, 54.704 ], [ 8.427, 54.746 ], [ 8.566, 54.752 ], [ 8.586, 54.744 ] ] ], [ [ [ 8.576, 54.56 ], [ 8.551, 54.557 ], [ 8.509, 54.577 ], [ 8.56, 54.576 ], [ 8.576, 54.56 ] ] ], [ [ [ 8.545, 54.465 ], [ 8.548, 54.469 ], [ 8.562, 54.465 ], [ 8.545, 54.465 ] ] ], [ [ [ 8.507, 54.528 ], [ 8.517, 54.529 ], [ 8.514, 54.528 ], [ 8.507, 54.528 ] ] ], [ [ [ 8.361, 54.65 ], [ 8.402, 54.626 ], [ 8.377, 54.608 ], [ 8.294, 54.666 ], [ 8.359, 54.711 ], [ 8.342, 54.692 ], [ 8.361, 54.65 ] ] ], [ [ [ 8.367, 54.869 ], [ 8.362, 54.867 ], [ 8.36, 54.87 ], [ 8.367, 54.869 ] ] ], [ [ [ 8.347, 54.875 ], [ 8.345, 54.874 ], [ 8.345, 54.876 ], [ 8.347, 54.875 ] ] ] ] } },
{ "type": "Feature", "properties": { "wkr_nr": 3, "wkr_name": "Steinburg – Dithmarschen Süd", "land": "Schleswig-Holstein", "wahlbeteiligung_prozent": 83.2, "union_prozent": 29.2, "afd_prozent": 20.4, "spd_prozent": 17.6, "gruene_prozent": 11.0, "linke_prozent": 6.6, "bsw_prozent": 3.7, "fdp_prozent": 5.1, "staerkste_partei": "union" }, "geometry": { "type": "MultiPolygon", "coordinates": [ [ [ [ 9.431, 54.207 ], [ 9.443, 54.174 ], [ 9.304, 54.126 ], [ 9.311, 54.063 ], [ 9.406, 54.071 ], [ 9.419, 54.062 ], [ 9.453, 54.088 ], [ 9.493, 54.085 ], [ 9.517, 54.097 ], [ 9.536, 54.1 ], [ 9.524, 54.095 ], [ 9.585, 54.087 ], [ 9.592, 54.069 ], [ 9.608, 54.067 ], [ 9.605, 54.049 ], [ 9.657, 54.047 ], [ 9.679, 54.063 ], [ 9.682, 54.051 ], [ 9.713, 54.042 ], [ 9.805, 54.051 ], [ 9.82, 54.041 ], [ 9.814, 54.023 ], [ 9.877, 54.009 ], [ 9.967, 54.023 ], [ 10.017, 53.968 ], [ 10.053, 53.974 ], [ 10.049, 53.963 ], [ 10.062, 53.962 ], [ 10.033, 53.949 ], [ 10.036, 53.93 ], [ 9.994, 53.932 ], [ 10.003, 53.918 ], [ 9.952, 53.91 ], [ 9.94, 53.889 ], [ 9.909, 53.888 ], [ 9.885, 53.901 ], [ 9.827, 53.881 ], [ 9.854, 53.872 ], [ 9.855, 53.841 ], [ 9.876, 53.831 ], [ 9.864, 53.821 ], [ 9.85, 53.83 ], [ 9.845, 53.817 ], [ 9.821, 53.826 ], [ 9.824, 53.846 ], [ 9.764, 53.873 ], [ 9.751, 53.893 ], [ 9.656, 53.886 ], [ 9.65, 53.869 ], [ 9.677, 53.845 ], [ 9.646, 53.776 ], [ 9.564, 53.751 ], [ 9.583, 53.722 ], [ 9.486, 53.708 ], [ 9.422, 53.741 ], [ 9.319, 53.851 ], [ 9.231, 53.878 ], [ 9.022, 53.88 ], [ 9.02, 53.89 ], [ 8.97, 53.892 ], [ 8.915, 53.925 ], [ 8.833, 54.024 ], [ 8.805, 54.024 ], [ 8.88, 54.046 ], [ 8.94, 54.035 ], [ 8.977, 54.041 ], [ 8.985, 54.061 ], [ 8.959, 54.063 ], [ 8.977, 54.071 ], [ 8.948, 54.091 ], [ 8.932, 54.124 ], [ 8.987, 54.144 ], [ 8.98, 54.15 ], [ 9.003, 54.15 ], [ 9.012, 54.135 ], [ 9.127, 54.138 ], [ 9.143, 54.125 ], [ 9.18, 54.158 ], [ 9.229, 54.152 ], [ 9.245, 54.188 ], [ 9.331, 54.189 ], [ 9.373, 54.203 ], [ 9.431, 54.207 ] ] ], [ [ [ 9.421, 54.083 ], [ 9.429, 54.079 ], [ 9.416, 54.072 ], [ 9.421, 54.083 ] ] ], [ [ [ 8.697, 54.07 ], [ 8.684, 54.052 ], [ 8.694, 54.046 ], [ 8.682, 54.049 ], [ 8.679, 54.056 ], [ 8.697, 54.07 ] ] ] ] } },
{ "type": "Feature", "properties": { "wkr_nr": 4, "wkr_name": "Rendsburg-Eckernförde", "land": "Schleswig-Holstein", "wahlbeteiligung_prozent": 85.1, "union_prozent": 29.3, "afd_prozent": 16.0, "spd_prozent": 17.7, "gruene_prozent": 14.7, "linke_prozent": 6.3, "bsw_prozent": 3.2, "fdp_prozent": 4.6, "staerkste_partei": "union" }, "geometry": { "type": "Polygon", "coordinates": [ [ [ 9.97, 54.647 ], [ 10.031, 54.637 ], [ 10.027, 54.55 ], [ 9.965, 54.502 ], [ 9.862, 54.47 ], [ 9.864, 54.449 ], [ 10.118, 54.485 ], [ 10.199, 54.456 ], [ 10.146, 54.411 ], [ 10.103, 54.424 ], [ 10.084, 54.416 ], [ 10.069, 54.364 ], [ 10.033, 54.353 ], [ 10.072, 54.347 ], [ 10.043, 54.323 ], [ 10.048, 54.299 ], [ 10.067, 54.285 ], [ 10.095, 54.287 ], [ 10.084, 54.268 ], [ 10.124, 54.258 ], [ 10.097, 54.238 ], [ 10.13, 54.231 ], [ 10.116, 54.191 ], [ 10.13, 54.145 ], [ 10.116, 54.129 ], [ 10.035, 54.129 ], [ 10.016, 54.134 ], [ 10.023, 54.14 ], [ 9.98, 54.148 ], [ 9.926, 54.095 ], [ 9.928, 54.053 ], [ 9.957, 54.049 ], [ 9.946, 54.023 ], [ 9.9, 54.01 ], [ 9.814, 54.023 ], [ 9.82, 54.041 ], [ 9.805, 54.051 ], [ 9.713, 54.042 ], [ 9.682, 54.051 ], [ 9.679, 54.063 ], [ 9.657, 54.047 ], [ 9.605, 54.049 ], [ 9.608, 54.067 ], [ 9.592, 54.069 ], [ 9.585, 54.087 ], [ 9.524, 54.095 ], [ 9.533, 54.098 ], [ 9.535, 54.1 ], [ 9.493, 54.085 ], [ 9.453, 54.088 ], [ 9.419, 54.062 ], [ 9.406, 54.071 ], [ 9.311, 54.063 ], [ 9.304, 54.126 ], [ 9.443, 54.174 ], [ 9.427, 54.189 ], [ 9.44, 54.194 ], [ 9.429, 54.21 ], [ 9.443, 54.245 ], [ 9.404, 54.266 ], [ 9.394, 54.289 ], [ 9.406, 54.298 ], [ 9.391, 54.324 ], [ 9.408, 54.341 ], [ 9.476, 54.336 ], [ 9.556, 54.358 ], [ 9.553, 54.428 ], [ 9.641, 54.455 ], [ 9.628, 54.467 ], [ 9.675, 54.493 ], [ 9.673, 54.515 ], [ 9.714, 54.519 ], [ 9.761, 54.557 ], [ 9.933, 54.626 ], [ 9.937, 54.637 ], [ 9.965, 54.626 ], [ 9.97, 54.647 ] ], [ [ 9.414, 54.074 ], [ 9.429, 54.079 ], [ 9.423, 54.084 ], [ 9.414, 54.074 ] ] ] } },
{ "type": "Feature", "properties": { "wkr_nr": 5, "wkr_name": "Kiel", "land": "Schleswig-Holstein", "wahlbeteiligung_prozent": 83.0, "union_prozent": 19.7, "afd_prozent": 10.8, "spd_prozent": 19.3, "gruene_prozent": 22.9, "linke_prozent": 13.7, "bsw_prozent": 3.3, "fdp_prozent": 3.9, "staerkste_partei": "gruene" }, "geometry": { "type": "Polygon", "coordinates": [ [ [ 10.172, 54.432 ], [ 10.193, 54.39 ], [ 10.152, 54.363 ], [ 10.174, 54.346 ], [ 10.205, 54.341 ], [ 10.202, 54.324 ], [ 10.219, 54.325 ], [ 10.19, 54.315 ], [ 10.209, 54.284 ], [ 10.201, 54.266 ], [ 10.184, 54.253 ], [ 10.159, 54.259 ], [ 10.152, 54.251 ], [ 10.084, 54.268 ], [ 10.09, 54.29 ], [ 10.058, 54.288 ], [ 10.043, 54.323 ], [ 10.072, 54.347 ], [ 10.033, 54.349 ], [ 10.035, 54.359 ], [ 10.069, 54.364 ], [ 10.084, 54.416 ], [ 10.103, 54.424 ], [ 10.146, 54.411 ], [ 10.172, 54.432 ] ] ] } },
{ "type": "Feature", "properties": { "wkr_nr": 6, "wkr_name": "Plön – Neumünster", "land": "Schleswig-Holstein", "wahlbeteiligung_prozent": 82.6, "union_prozent": 28.6, "afd_prozent": 18.0, "spd_prozent": 19.2, "gruene_prozent": 14.0, "linke_prozent": 6.8, "bsw_prozent": 3.5, "fdp_prozent": 4.3, "staerkste_partei": "union" }, "geometry": { "type": "MultiPolygon", "coordinates": [ [ [ [ 10.328, 54.436 ], [ 10.6, 54.364 ], [ 10.685, 54.31 ], [ 10.714, 54.305 ], [ 10.71, 54.278 ], [ 10.729, 54.268 ], [ 10.699, 54.231 ], [ 10.699, 54.219 ], [ 10.716, 54.214 ], [ 10.677, 54.191 ], [ 10.664, 54.212 ], [ 10.607, 54.224 ], [ 10.61, 54.234 ], [ 10.541, 54.228 ], [ 10.549, 54.218 ], [ 10.537, 54.217 ], [ 10.529, 54.189 ], [ 10.483, 54.177 ], [ 10.516, 54.14 ], [ 10.541, 54.134 ], [ 10.538, 54.123 ], [ 10.496, 54.123 ], [ 10.48, 54.104 ], [ 10.433, 54.118 ], [ 10.437, 54.126 ], [ 10.422, 54.115 ], [ 10.419, 54.072 ], [ 10.374, 54.073 ], [ 10.355, 54.108 ], [ 10.241, 54.091 ], [ 10.248, 54.083 ], [ 10.161, 54.056 ], [ 10.123, 54.058 ], [ 10.155, 54.031 ], [ 10.202, 54.039 ], [ 10.232, 54.028 ], [ 10.26, 54.04 ], [ 10.256, 54.029 ], [ 10.284, 54.024 ], [ 10.294, 53.997 ], [ 10.279, 53.992 ], [ 10.228, 54.007 ], [ 10.203, 53.974 ], [ 10.14, 53.972 ], [ 10.036, 53.93 ], [ 10.033, 53.949 ], [ 10.062, 53.961 ], [ 10.049, 53.963 ], [ 10.055, 53.972 ], [ 10.017, 53.968 ], [ 9.967, 54.023 ], [ 9.945, 54.018 ], [ 9.957, 54.049 ], [ 9.928, 54.053 ], [ 9.929, 54.103 ], [ 9.992, 54.15 ], [ 10.035, 54.129 ], [ 10.116, 54.129 ], [ 10.13, 54.145 ], [ 10.116, 54.191 ], [ 10.13, 54.231 ], [ 10.098, 54.24 ], [ 10.136, 54.258 ], [ 10.184, 54.253 ], [ 10.209, 54.28 ], [ 10.189, 54.31 ], [ 10.218, 54.329 ], [ 10.202, 54.324 ], [ 10.205, 54.341 ], [ 10.174, 54.346 ], [ 10.178, 54.361 ], [ 10.196, 54.366 ], [ 10.226, 54.414 ], [ 10.28, 54.418 ], [ 10.328, 54.436 ] ], [ [ 10.123, 53.976 ], [ 10.127, 53.973 ], [ 10.129, 53.975 ], [ 10.123, 53.976 ] ], [ [ 10.101, 53.973 ], [ 10.101, 53.974 ], [ 10.099, 53.972 ], [ 10.101, 53.973 ] ] ], [ [ [ 10.124, 53.955 ], [ 10.125, 53.953 ], [ 10.122, 53.953 ], [ 10.124, 53.955 ] ] ] ] } },
{ "type": "Feature", "properties": { "wkr_nr": 7, "wkr_name": "Pinneberg", "land": "Schleswig-Holstein", "wahlbeteiligung_prozent": 84.6, "union_prozent": 28.9, "afd_prozent": 15.6, "spd_prozent": 20.2, "gruene_prozent": 14.5, "linke_prozent": 7.6, "bsw_prozent": 3.6, "fdp_prozent": 5.1, "staerkste_partei": "union" }, "geometry": { "type": "MultiPolygon", "coordinates": [ [ [ [ 9.751, 53.893 ], [ 9.764, 53.873 ], [ 9.824, 53.846 ], [ 9.821, 53.826 ], [ 9.845, 53.817 ], [ 9.85, 53.83 ], [ 9.881, 53.811 ], [ 9.867, 53.782 ], [ 9.9, 53.773 ], [ 9.892, 53.752 ], [ 9.941, 53.752 ], [ 9.972, 53.77 ], [ 9.985, 53.76 ], [ 9.941, 53.698 ], [ 9.945, 53.653 ], [ 9.905, 53.652 ], [ 9.89, 53.622 ], [ 9.825, 53.585 ], [ 9.764, 53.627 ], [ 9.73, 53.558 ], [ 9.676, 53.565 ], [ 9.551, 53.616 ], [ 9.486, 53.708 ], [ 9.583, 53.722 ], [ 9.564, 53.751 ], [ 9.646, 53.776 ], [ 9.677, 53.845 ], [ 9.65, 53.869 ], [ 9.656, 53.886 ], [ 9.751, 53.893 ] ] ], [ [ [ 7.869, 54.188 ], [ 7.919, 54.189 ], [ 7.908, 54.169 ], [ 7.869, 54.188 ] ] ] ] } },
{ "type": "Feature", "properties": { "wkr_nr": 8, "wkr_name": "Segeberg – Stormarn-Mitte", "land": "Schleswig-Holstein", "wahlbeteiligung_prozent": 84.9, "union_prozent": 29.1, "afd_prozent": 17.2, "spd_prozent": 19.1, "gruene_prozent": 13.7, "linke_prozent": 7.1, "bsw_prozent": 3.7, "fdp_prozent": 5.2, "staerkste_partei": "union" }, "geometry": { "type": "MultiPolygon", "coordinates": [ [ [ [ 10.374, 54.073 ], [ 10.419, 54.072 ], [ 10.417, 54.083 ], [ 10.454, 54.06 ], [ 10.485, 54.058 ], [ 10.505, 54.073 ], [ 10.564, 54.068 ], [ 10.541, 54.017 ], [ 10.501, 54.027 ], [ 10.448, 53.987 ], [ 10.53, 53.983 ], [ 10.516, 53.963 ], [ 10.544, 53.949 ], [ 10.551, 53.929 ], [ 10.503, 53.91 ], [ 10.506, 53.901 ], [ 10.429, 53.899 ], [ 10.443, 53.884 ], [ 10.395, 53.868 ], [ 10.392, 53.855 ], [ 10.421, 53.845 ], [ 10.415, 53.829 ], [ 10.43, 53.817 ], [ 10.45, 53.82 ], [ 10.45, 53.804 ], [ 10.481, 53.793 ], [ 10.444, 53.742 ], [ 10.397, 53.738 ], [ 10.4, 53.729 ], [ 10.446, 53.724 ], [ 10.444, 53.701 ], [ 10.41, 53.702 ], [ 10.406, 53.677 ], [ 10.389, 53.672 ], [ 10.313, 53.682 ], [ 10.315, 53.698 ], [ 10.296, 53.705 ], [ 10.278, 53.703 ], [ 10.283, 53.692 ], [ 10.243, 53.689 ], [ 10.229, 53.701 ], [ 10.216, 53.678 ], [ 10.173, 53.681 ], [ 10.167, 53.668 ], [ 10.14, 53.68 ], [ 10.194, 53.731 ], [ 10.166, 53.738 ], [ 10.121, 53.713 ], [ 10.082, 53.72 ], [ 10.061, 53.689 ], [ 10.069, 53.679 ], [ 9.999, 53.681 ], [ 9.989, 53.649 ], [ 9.948, 53.651 ], [ 9.935, 53.679 ], [ 9.956, 53.732 ], [ 9.966, 53.729 ], [ 9.985, 53.76 ], [ 9.972, 53.77 ], [ 9.941, 53.752 ], [ 9.892, 53.752 ], [ 9.9, 53.773 ], [ 9.867, 53.782 ], [ 9.883, 53.801 ], [ 9.864, 53.821 ], [ 9.876, 53.831 ], [ 9.855, 53.841 ], [ 9.854, 53.872 ], [ 9.827, 53.881 ], [ 9.885, 53.901 ], [ 9.909, 53.888 ], [ 9.94, 53.889 ], [ 9.952, 53.91 ], [ 10.003, 53.918 ], [ 9.994, 53.932 ], [ 10.04, 53.93 ], [ 10.14, 53.972 ], [ 10.203, 53.974 ], [ 10.228, 54.007 ], [ 10.292, 53.995 ], [ 10.284, 54.024 ], [ 10.256, 54.029 ], [ 10.26, 54.04 ], [ 10.232, 54.028 ], [ 10.202, 54.039 ], [ 10.155, 54.031 ], [ 10.123, 54.058 ], [ 10.161, 54.056 ], [ 10.248, 54.083 ], [ 10.241, 54.091 ], [ 10.355, 54.108 ], [ 10.374, 54.073 ] ], [ [ 10.239, 53.702 ], [ 10.242, 53.706 ], [ 10.229, 53.707 ], [ 10.239, 53.702 ] ], [ [ 10.127, 53.953 ], [ 10.126, 53.955 ], [ 10.122, 53.953 ], [ 10.127, 53.953 ] ] ], [ [ [ 10.127, 53.973 ], [ 10.117, 53.974 ], [ 10.122, 53.976 ], [ 10.127, 53.973 ] ] ] ] } },
{ "type": "Feature", "properties": { "wkr_nr": 9, "wkr_name": "Ostholstein – Stormarn-Nord", "land": "Schleswig-Holstein", "wahlbeteiligung_prozent": 83.3, "union_prozent": 31.1, "afd_prozent": 17.7, "spd_prozent": 19.7, "gruene_prozent": 12.7, "linke_prozent": 6.0, "bsw_prozent": 3.1, "fdp_prozent": 5.1, "staerkste_partei": "union" }, "geometry": { "type": "MultiPolygon", "coordinates": [ [ [ [ 11.064, 54.535 ], [ 11.233, 54.507 ], [ 11.313, 54.402 ], [ 11.23, 54.412 ], [ 11.121, 54.402 ], [ 11.095, 54.41 ], [ 11.095, 54.445 ], [ 11.063, 54.453 ], [ 11.023, 54.444 ], [ 11.047, 54.428 ], [ 11.009, 54.442 ], [ 11.01, 54.483 ], [ 11.031, 54.512 ], [ 11.064, 54.535 ] ] ], [ [ [ 11.11, 54.393 ], [ 11.131, 54.388 ], [ 11.126, 54.374 ], [ 11.072, 54.341 ], [ 11.094, 54.199 ], [ 10.955, 54.141 ], [ 10.878, 54.088 ], [ 10.824, 54.089 ], [ 10.801, 54.099 ], [ 10.808, 54.092 ], [ 10.751, 54.04 ], [ 10.787, 53.997 ], [ 10.851, 53.986 ], [ 10.828, 53.964 ], [ 10.83, 53.947 ], [ 10.775, 53.921 ], [ 10.675, 53.903 ], [ 10.642, 53.88 ], [ 10.63, 53.89 ], [ 10.573, 53.894 ], [ 10.564, 53.885 ], [ 10.594, 53.872 ], [ 10.591, 53.854 ], [ 10.622, 53.847 ], [ 10.555, 53.828 ], [ 10.581, 53.801 ], [ 10.541, 53.792 ], [ 10.536, 53.765 ], [ 10.502, 53.754 ], [ 10.469, 53.77 ], [ 10.481, 53.793 ], [ 10.45, 53.804 ], [ 10.45, 53.82 ], [ 10.429, 53.818 ], [ 10.421, 53.845 ], [ 10.392, 53.855 ], [ 10.395, 53.868 ], [ 10.443, 53.884 ], [ 10.429, 53.899 ], [ 10.506, 53.901 ], [ 10.503, 53.91 ], [ 10.551, 53.929 ], [ 10.544, 53.949 ], [ 10.516, 53.963 ], [ 10.53, 53.983 ], [ 10.448, 53.987 ], [ 10.501, 54.027 ], [ 10.541, 54.017 ], [ 10.564, 54.068 ], [ 10.506, 54.073 ], [ 10.485, 54.058 ], [ 10.454, 54.06 ], [ 10.417, 54.083 ], [ 10.422, 54.116 ], [ 10.439, 54.126 ], [ 10.433, 54.118 ], [ 10.48, 54.104 ], [ 10.496, 54.123 ], [ 10.538, 54.123 ], [ 10.541, 54.134 ], [ 10.516, 54.14 ], [ 10.483, 54.177 ], [ 10.529, 54.189 ], [ 10.537, 54.217 ], [ 10.549, 54.218 ], [ 10.541, 54.228 ], [ 10.61, 54.234 ], [ 10.607, 54.224 ], [ 10.664, 54.212 ], [ 10.677, 54.191 ], [ 10.706, 54.206 ], [ 10.716, 54.214 ], [ 10.699, 54.219 ], [ 10.699, 54.232 ], [ 10.729, 54.27 ], [ 10.71, 54.278 ], [ 10.714, 54.305 ], [ 10.79, 54.312 ], [ 10.931, 54.382 ], [ 11.022, 54.38 ], [ 11.024, 54.368 ], [ 11.11, 54.393 ] ] ], [ [ [ 11.089, 54.436 ], [ 11.089, 54.438 ], [ 11.091, 54.438 ], [ 11.089, 54.436 ] ] ] ] } },
{ "type": "Feature", "properties": { "wkr_nr": 10, "wkr_name": "Herzogtum Lauenburg – Stormarn-Süd", "land": "Schleswig-Holstein", "wahlbeteiligung_prozent": 84.8, "union_prozent": 29.7, "afd_prozent": 17.2, "spd_prozent": 19.3, "gruene_prozent": 13.9, "linke_prozent": 6.9, "bsw_prozent": 3.7, "fdp_prozent": 5.4, "staerkste_partei": "union" }, "geometry": { "type": "MultiPolygon", "coordinates": [ [ [ [ 10.733, 53.828 ], [ 10.745, 53.808 ], [ 10.763, 53.811 ], [ 10.772, 53.797 ], [ 10.758, 53.748 ], [ 10.806, 53.739 ], [ 10.811, 53.72 ], [ 10.851, 53.7 ], [ 10.922, 53.699 ], [ 10.953, 53.649 ], [ 10.93, 53.629 ], [ 10.91, 53.572 ], [ 10.863, 53.565 ], [ 10.823, 53.575 ], [ 10.824, 53.514 ], [ 10.786, 53.51 ], [ 10.756, 53.483 ], [ 10.702, 53.478 ], [ 10.693, 53.455 ], [ 10.652, 53.461 ], [ 10.632, 53.455 ], [ 10.617, 53.385 ], [ 10.576, 53.36 ], [ 10.499, 53.374 ], [ 10.375, 53.425 ], [ 10.308, 53.433 ], [ 10.326, 53.45 ], [ 10.301, 53.444 ], [ 10.219, 53.499 ], [ 10.211, 53.52 ], [ 10.19, 53.513 ], [ 10.164, 53.52 ], [ 10.152, 53.577 ], [ 10.162, 53.586 ], [ 10.201, 53.584 ], [ 10.189, 53.613 ], [ 10.222, 53.634 ], [ 10.19, 53.638 ], [ 10.196, 53.654 ], [ 10.17, 53.679 ], [ 10.216, 53.678 ], [ 10.233, 53.69 ], [ 10.226, 53.7 ], [ 10.243, 53.689 ], [ 10.283, 53.692 ], [ 10.278, 53.703 ], [ 10.296, 53.705 ], [ 10.315, 53.698 ], [ 10.313, 53.682 ], [ 10.403, 53.674 ], [ 10.45, 53.635 ], [ 10.497, 53.631 ], [ 10.546, 53.706 ], [ 10.58, 53.715 ], [ 10.598, 53.719 ], [ 10.613, 53.709 ], [ 10.6, 53.7 ], [ 10.681, 53.678 ], [ 10.692, 53.698 ], [ 10.666, 53.708 ], [ 10.682, 53.727 ], [ 10.667, 53.732 ], [ 10.681, 53.743 ], [ 10.671, 53.753 ], [ 10.702, 53.771 ], [ 10.695, 53.784 ], [ 10.74, 53.806 ], [ 10.718, 53.818 ], [ 10.733, 53.828 ] ] ], [ [ [ 10.239, 53.702 ], [ 10.241, 53.706 ], [ 10.242, 53.706 ], [ 10.239, 53.702 ] ] ] ] } },
{ "type": "Feature", "properties": { "wkr_nr": 11, "wkr_name": "Lübeck", "land": "Schleswig-Holstein", "wahlbeteiligung_prozent": 80.2, "union_prozent": 22.5, "afd_prozent": 15.7, "spd_prozent": 21.1, "gruene_prozent": 17.9, "linke_prozent": 10.5, "bsw_prozent": 3.7, "fdp_prozent": 3.9, "staerkste_partei": "union" }, "geometry": { "type": "Polygon", "coordinates": [ [ [ 10.877, 53.987 ], [ 10.883, 53.959 ], [ 10.909, 53.948 ], [ 10.895, 53.925 ], [ 10.962, 53.914 ], [ 10.967, 53.907 ], [ 10.911, 53.898 ], [ 10.911, 53.915 ], [ 10.884, 53.925 ], [ 10.847, 53.897 ], [ 10.771, 53.873 ], [ 10.748, 53.852 ], [ 10.763, 53.811 ], [ 10.752, 53.806 ], [ 10.733, 53.828 ], [ 10.722, 53.823 ], [ 10.74, 53.806 ], [ 10.695, 53.784 ], [ 10.702, 53.771 ], [ 10.671, 53.753 ], [ 10.681, 53.743 ], [ 10.667, 53.732 ], [ 10.682, 53.727 ], [ 10.666, 53.708 ], [ 10.692, 53.698 ], [ 10.681, 53.678 ], [ 10.6, 53.7 ], [ 10.613, 53.709 ], [ 10.598, 53.719 ], [ 10.546, 53.706 ], [ 10.497, 53.631 ], [ 10.45, 53.635 ], [ 10.403, 53.674 ], [ 10.41, 53.702 ], [ 10.444, 53.701 ], [ 10.446, 53.724 ], [ 10.4, 53.729 ], [ 10.397, 53.738 ], [ 10.442, 53.741 ], [ 10.443, 53.753 ], [ 10.474, 53.767 ], [ 10.504, 53.753 ], [ 10.534, 53.763 ], [ 10.54, 53.791 ], [ 10.581, 53.801 ], [ 10.555, 53.828 ], [ 10.622, 53.847 ], [ 10.591, 53.854 ], [ 10.594, 53.872 ], [ 10.566, 53.889 ], [ 10.589, 53.897 ], [ 10.642, 53.88 ], [ 10.704, 53.912 ], [ 10.802, 53.93 ], [ 10.83, 53.947 ], [ 10.828, 53.964 ], [ 10.85, 53.98 ], [ 10.841, 53.992 ], [ 10.877, 53.987 ] ] ] } },
{ "type": "Feature", "properties": { "wkr_nr": 12, "wkr_name": "Schwerin – Ludwigslust-Parchim I – Nordwestmecklenburg I", "land": "Mecklenburg-Vorpommern", "wahlbeteiligung_prozent": 80.7, "union_prozent": 18.9, "afd_prozent": 32.3, "spd_prozent": 14.5, "gruene_prozent": 5.6, "linke_prozent": 11.5, "bsw_prozent": 10.4, "fdp_prozent": 3.3, "staerkste_partei": "afd" }, "geometry": { "type": "Polygon", "coordinates": [ [ [ 10.988, 53.947 ], [ 11.01, 53.941 ], [ 11.039, 53.948 ], [ 11.056, 53.926 ], [ 11.046, 53.903 ], [ 11.014, 53.891 ], [ 11.013, 53.876 ], [ 10.991, 53.878 ], [ 10.98, 53.858 ], [ 11.082, 53.852 ], [ 11.065, 53.84 ], [ 11.077, 53.799 ], [ 11.116, 53.807 ], [ 11.137, 53.783 ], [ 11.181, 53.794 ], [ 11.191, 53.778 ], [ 11.213, 53.77 ], [ 11.231, 53.776 ], [ 11.289, 53.75 ], [ 11.29, 53.764 ], [ 11.329, 53.76 ], [ 11.351, 53.771 ], [ 11.362, 53.763 ], [ 11.386, 53.778 ], [ 11.427, 53.771 ], [ 11.435, 53.75 ], [ 11.467, 53.766 ], [ 11.476, 53.759 ], [ 11.457, 53.744 ], [ 11.474, 53.757 ], [ 11.496, 53.752 ], [ 11.486, 53.691 ], [ 11.45, 53.692 ], [ 11.463, 53.684 ], [ 11.449, 53.681 ], [ 11.452, 53.677 ], [ 11.47, 53.684 ], [ 11.48, 53.676 ], [ 11.484, 53.635 ], [ 11.506, 53.607 ], [ 11.488, 53.58 ], [ 11.45, 53.573 ], [ 11.483, 53.559 ], [ 11.461, 53.552 ], [ 11.491, 53.48 ], [ 11.469, 53.477 ], [ 11.469, 53.455 ], [ 11.546, 53.446 ], [ 11.545, 53.468 ], [ 11.578, 53.486 ], [ 11.61, 53.466 ], [ 11.639, 53.463 ], [ 11.619, 53.433 ], [ 11.636, 53.43 ], [ 11.629, 53.411 ], [ 11.69, 53.394 ], [ 11.699, 53.365 ], [ 11.688, 53.349 ], [ 11.716, 53.311 ], [ 11.775, 53.306 ], [ 11.791, 53.295 ], [ 11.778, 53.289 ], [ 11.787, 53.275 ], [ 11.822, 53.277 ], [ 11.82, 53.289 ], [ 11.841, 53.293 ], [ 11.852, 53.278 ], [ 11.831, 53.258 ], [ 11.796, 53.253 ], [ 11.829, 53.229 ], [ 11.729, 53.217 ], [ 11.728, 53.232 ], [ 11.7, 53.244 ], [ 11.629, 53.242 ], [ 11.587, 53.215 ], [ 11.551, 53.209 ], [ 11.569, 53.166 ], [ 11.535, 53.125 ], [ 11.502, 53.121 ], [ 11.461, 53.14 ], [ 11.396, 53.14 ], [ 11.394, 53.11 ], [ 11.29, 53.117 ], [ 11.223, 53.144 ], [ 11.188, 53.135 ], [ 11.172, 53.157 ], [ 11.194, 53.181 ], [ 11.137, 53.192 ], [ 11.138, 53.203 ], [ 11.08, 53.221 ], [ 11.028, 53.279 ], [ 11.009, 53.281 ], [ 10.988, 53.333 ], [ 10.956, 53.333 ], [ 10.919, 53.348 ], [ 10.836, 53.305 ], [ 10.76, 53.33 ], [ 10.763, 53.339 ], [ 10.738, 53.342 ], [ 10.703, 53.369 ], [ 10.594, 53.365 ], [ 10.617, 53.385 ], [ 10.632, 53.455 ], [ 10.652, 53.461 ], [ 10.693, 53.455 ], [ 10.702, 53.478 ], [ 10.756, 53.483 ], [ 10.786, 53.51 ], [ 10.824, 53.514 ], [ 10.823, 53.575 ], [ 10.864, 53.565 ], [ 10.909, 53.571 ], [ 10.924, 53.584 ], [ 10.93, 53.629 ], [ 10.955, 53.657 ], [ 10.939, 53.666 ], [ 10.942, 53.685 ], [ 10.905, 53.703 ], [ 10.851, 53.7 ], [ 10.811, 53.72 ], [ 10.806, 53.739 ], [ 10.758, 53.748 ], [ 10.773, 53.792 ], [ 10.748, 53.852 ], [ 10.772, 53.874 ], [ 10.847, 53.897 ], [ 10.883, 53.924 ], [ 10.911, 53.915 ], [ 10.911, 53.898 ], [ 10.967, 53.907 ], [ 10.895, 53.925 ], [ 10.904, 53.957 ], [ 10.976, 53.985 ], [ 10.988, 53.947 ] ] ] } },
{ "type": "Feature", "properties": { "wkr_nr": 13, "wkr_name": "Ludwigslust-Parchim II – Nordwestmecklenburg II – Landkreis Rostock I", "land": "Mecklenburg-Vorpommern", "wahlbeteiligung_prozent": 80.4, "union_prozent": 18.4, "afd_prozent": 34.8, "spd_prozent": 14.2, "gruene_prozent": 4.8, "linke_prozent": 10.7, "bsw_prozent": 10.6, "fdp_prozent": 3.0, "staerkste_partei": "afd" }, "geometry": { "type": "MultiPolygon", "coordinates": [ [ [ [ 11.988, 54.173 ], [ 11.976, 54.147 ], [ 12.022, 54.123 ], [ 11.986, 54.103 ], [ 12.003, 54.051 ], [ 11.971, 54.036 ], [ 12.0, 54.03 ], [ 12.023, 53.989 ], [ 11.999, 53.963 ], [ 11.938, 53.959 ], [ 11.925, 53.987 ], [ 11.876, 53.968 ], [ 11.846, 53.933 ], [ 11.792, 53.941 ], [ 11.798, 53.891 ], [ 11.761, 53.873 ], [ 11.779, 53.863 ], [ 11.759, 53.852 ], [ 11.77, 53.831 ], [ 11.756, 53.826 ], [ 11.802, 53.818 ], [ 11.81, 53.793 ], [ 11.793, 53.772 ], [ 11.842, 53.764 ], [ 11.841, 53.75 ], [ 11.905, 53.732 ], [ 11.984, 53.743 ], [ 11.996, 53.734 ], [ 11.976, 53.725 ], [ 12.001, 53.728 ], [ 12.008, 53.714 ], [ 12.035, 53.714 ], [ 12.027, 53.692 ], [ 12.091, 53.643 ], [ 12.12, 53.648 ], [ 12.149, 53.636 ], [ 12.199, 53.643 ], [ 12.209, 53.603 ], [ 12.306, 53.568 ], [ 12.289, 53.518 ], [ 12.301, 53.499 ], [ 12.331, 53.478 ], [ 12.366, 53.479 ], [ 12.308, 53.447 ], [ 12.303, 53.406 ], [ 12.316, 53.391 ], [ 12.275, 53.379 ], [ 12.312, 53.366 ], [ 12.29, 53.355 ], [ 12.318, 53.357 ], [ 12.339, 53.341 ], [ 12.332, 53.318 ], [ 12.311, 53.327 ], [ 12.26, 53.324 ], [ 12.229, 53.358 ], [ 12.191, 53.354 ], [ 12.169, 53.339 ], [ 12.152, 53.362 ], [ 12.134, 53.348 ], [ 12.092, 53.345 ], [ 12.078, 53.369 ], [ 12.045, 53.371 ], [ 12.057, 53.349 ], [ 12.015, 53.334 ], [ 12.019, 53.3 ], [ 11.974, 53.299 ], [ 11.949, 53.272 ], [ 11.893, 53.279 ], [ 11.862, 53.248 ], [ 11.813, 53.254 ], [ 11.853, 53.272 ], [ 11.841, 53.293 ], [ 11.796, 53.273 ], [ 11.775, 53.306 ], [ 11.716, 53.311 ], [ 11.688, 53.349 ], [ 11.699, 53.365 ], [ 11.69, 53.394 ], [ 11.629, 53.411 ], [ 11.636, 53.43 ], [ 11.619, 53.433 ], [ 11.64, 53.462 ], [ 11.61, 53.466 ], [ 11.578, 53.486 ], [ 11.545, 53.468 ], [ 11.546, 53.446 ], [ 11.469, 53.455 ], [ 11.469, 53.477 ], [ 11.491, 53.48 ], [ 11.461, 53.552 ], [ 11.483, 53.559 ], [ 11.45, 53.573 ], [ 11.488, 53.58 ], [ 11.506, 53.607 ], [ 11.484, 53.635 ], [ 11.48, 53.676 ], [ 11.47, 53.684 ], [ 11.452, 53.677 ], [ 11.463, 53.684 ], [ 11.45, 53.692 ], [ 11.486, 53.691 ], [ 11.496, 53.752 ], [ 11.474, 53.757 ], [ 11.457, 53.744 ], [ 11.476, 53.759 ], [ 11.467, 53.766 ], [ 11.435, 53.75 ], [ 11.427, 53.771 ], [ 11.386, 53.778 ], [ 11.362, 53.763 ], [ 11.351, 53.771 ], [ 11.329, 53.76 ], [ 11.29, 53.764 ], [ 11.289, 53.75 ], [ 11.231, 53.776 ], [ 11.213, 53.77 ], [ 11.191, 53.778 ], [ 11.181, 53.794 ], [ 11.137, 53.783 ], [ 11.116, 53.807 ], [ 11.073, 53.8 ], [ 11.065, 53.84 ], [ 11.082, 53.852 ], [ 10.98, 53.858 ], [ 10.991, 53.878 ], [ 11.013, 53.876 ], [ 11.014, 53.891 ], [ 11.046, 53.903 ], [ 11.056, 53.926 ], [ 11.039, 53.948 ], [ 11.01, 53.941 ], [ 10.988, 53.947 ], [ 10.976, 53.985 ], [ 11.047, 54.008 ], [ 11.18, 54.015 ], [ 11.207, 53.988 ], [ 11.26, 53.984 ], [ 11.241, 53.954 ], [ 11.254, 53.937 ], [ 11.289, 53.932 ], [ 11.334, 53.959 ], [ 11.365, 53.935 ], [ 11.407, 53.935 ], [ 11.404, 53.921 ], [ 11.46, 53.895 ], [ 11.445, 53.915 ], [ 11.482, 53.927 ], [ 11.483, 53.968 ], [ 11.47, 53.965 ], [ 11.494, 53.971 ], [ 11.491, 53.994 ], [ 11.534, 54.02 ], [ 11.519, 54.03 ], [ 11.569, 54.031 ], [ 11.587, 54.047 ], [ 11.583, 54.064 ], [ 11.624, 54.077 ], [ 11.626, 54.09 ], [ 11.605, 54.103 ], [ 11.532, 54.049 ], [ 11.535, 54.074 ], [ 11.525, 54.071 ], [ 11.554, 54.093 ], [ 11.608, 54.107 ], [ 11.683, 54.153 ], [ 11.847, 54.145 ], [ 11.988, 54.173 ] ] ], [ [ [ 11.523, 54.068 ], [ 11.512, 54.04 ], [ 11.512, 54.054 ], [ 11.518, 54.064 ], [ 11.523, 54.068 ] ] ], [ [ [ 11.473, 54.024 ], [ 11.494, 54.022 ], [ 11.495, 54.011 ], [ 11.456, 53.958 ], [ 11.441, 53.965 ], [ 11.446, 53.997 ], [ 11.428, 53.986 ], [ 11.432, 53.962 ], [ 11.394, 53.975 ], [ 11.387, 53.968 ], [ 11.411, 53.967 ], [ 11.387, 53.967 ], [ 11.377, 53.996 ], [ 11.473, 54.024 ] ] ], [ [ [ 11.496, 54.031 ], [ 11.495, 54.024 ], [ 11.488, 54.024 ], [ 11.486, 54.025 ], [ 11.496, 54.031 ] ] ], [ [ [ 11.475, 53.964 ], [ 11.477, 53.963 ], [ 11.477, 53.962 ], [ 11.475, 53.964 ] ] ], [ [ [ 11.47, 53.967 ], [ 11.467, 53.968 ], [ 11.471, 53.968 ], [ 11.47, 53.967 ] ] ], [ [ [ 11.423, 53.942 ], [ 11.428, 53.94 ], [ 11.427, 53.938 ], [ 11.423, 53.942 ] ] ] ] } },
{ "type": "Feature", "properties": { "wkr_nr": 14, "wkr_name": "Rostock – Landkreis Rostock II", "land": "Mecklenburg-Vorpommern", "wahlbeteiligung_prozent": 81.0, "union_prozent": 16.8, "afd_prozent": 25.6, "spd_prozent": 14.3, "gruene_prozent": 8.9, "linke_prozent": 17.3, "bsw_prozent": 9.9, "fdp_prozent": 3.4, "staerkste_partei": "afd" }, "geometry": { "type": "Polygon", "coordinates": [ [ [ 12.278, 54.262 ], [ 12.312, 54.234 ], [ 12.372, 54.208 ], [ 12.373, 54.19 ], [ 12.352, 54.185 ], [ 12.375, 54.177 ], [ 12.365, 54.163 ], [ 12.392, 54.134 ], [ 12.385, 54.114 ], [ 12.436, 54.124 ], [ 12.461, 54.107 ], [ 12.459, 54.092 ], [ 12.557, 54.093 ], [ 12.581, 54.072 ], [ 12.607, 54.078 ], [ 12.628, 54.068 ], [ 12.658, 54.04 ], [ 12.629, 54.032 ], [ 12.617, 54.005 ], [ 12.577, 54.016 ], [ 12.551, 54.006 ], [ 12.52, 54.011 ], [ 12.56, 53.994 ], [ 12.551, 53.978 ], [ 12.51, 53.974 ], [ 12.513, 53.951 ], [ 12.48, 53.958 ], [ 12.477, 53.976 ], [ 12.44, 53.986 ], [ 12.41, 53.978 ], [ 12.405, 53.984 ], [ 12.368, 53.96 ], [ 12.345, 53.965 ], [ 12.33, 54.001 ], [ 12.282, 53.972 ], [ 12.288, 53.967 ], [ 12.298, 53.955 ], [ 12.214, 53.962 ], [ 12.206, 53.977 ], [ 12.192, 53.977 ], [ 12.185, 53.946 ], [ 12.159, 53.928 ], [ 12.178, 53.911 ], [ 12.175, 53.893 ], [ 12.112, 53.903 ], [ 12.122, 53.88 ], [ 12.1, 53.86 ], [ 12.046, 53.883 ], [ 12.018, 53.873 ], [ 12.036, 53.902 ], [ 11.993, 53.91 ], [ 11.979, 53.929 ], [ 11.997, 53.929 ], [ 12.005, 53.98 ], [ 12.023, 53.989 ], [ 12.0, 54.03 ], [ 11.971, 54.036 ], [ 12.003, 54.051 ], [ 11.986, 54.103 ], [ 12.022, 54.123 ], [ 11.976, 54.147 ], [ 11.988, 54.173 ], [ 12.087, 54.186 ], [ 12.097, 54.17 ], [ 12.101, 54.169 ], [ 12.094, 54.185 ], [ 12.107, 54.178 ], [ 12.127, 54.186 ], [ 12.217, 54.252 ], [ 12.286, 54.275 ], [ 12.278, 54.262 ] ] ] } },
{ "type": "Feature", "properties": { "wkr_nr": 15, "wkr_name": "Vorpommern-Rügen – Vorpommern-Greifswald I", "land": "Mecklenburg-Vorpommern", "wahlbeteiligung_prozent": 78.6, "union_prozent": 17.7, "afd_prozent": 35.5, "spd_prozent": 10.3, "gruene_prozent": 6.2, "linke_prozent": 12.5, "bsw_prozent": 10.1, "fdp_prozent": 3.4, "staerkste_partei": "afd" }, "geometry": { "type": "MultiPolygon", "coordinates": [ [ [ [ 13.429, 54.66 ], [ 13.391, 54.651 ], [ 13.377, 54.636 ], [ 13.393, 54.599 ], [ 13.419, 54.581 ], [ 13.46, 54.571 ], [ 13.635, 54.585 ], [ 13.68, 54.562 ], [ 13.669, 54.521 ], [ 13.609, 54.499 ], [ 13.598, 54.476 ], [ 13.578, 54.48 ], [ 13.57, 54.46 ], [ 13.613, 54.403 ], [ 13.673, 54.401 ], [ 13.721, 54.359 ], [ 13.767, 54.342 ], [ 13.74, 54.335 ], [ 13.719, 54.312 ], [ 13.724, 54.273 ], [ 13.708, 54.269 ], [ 13.687, 54.28 ], [ 13.691, 54.287 ], [ 13.709, 54.28 ], [ 13.702, 54.296 ], [ 13.662, 54.288 ], [ 13.645, 54.298 ], [ 13.704, 54.326 ], [ 13.672, 54.33 ], [ 13.61, 54.317 ], [ 13.674, 54.337 ], [ 13.682, 54.35 ], [ 13.65, 54.349 ], [ 13.614, 54.33 ], [ 13.578, 54.353 ], [ 13.551, 54.34 ], [ 13.507, 54.344 ], [ 13.464, 54.329 ], [ 13.455, 54.336 ], [ 13.462, 54.316 ], [ 13.42, 54.303 ], [ 13.387, 54.267 ], [ 13.391, 54.279 ], [ 13.351, 54.27 ], [ 13.358, 54.247 ], [ 13.369, 54.254 ], [ 13.364, 54.264 ], [ 13.379, 54.253 ], [ 13.402, 54.266 ], [ 13.417, 54.256 ], [ 13.425, 54.239 ], [ 13.393, 54.221 ], [ 13.291, 54.251 ], [ 13.322, 54.246 ], [ 13.337, 54.279 ], [ 13.31, 54.266 ], [ 13.322, 54.258 ], [ 13.266, 54.254 ], [ 13.218, 54.279 ], [ 13.215, 54.271 ], [ 13.2, 54.27 ], [ 13.193, 54.297 ], [ 13.142, 54.281 ], [ 13.154, 54.305 ], [ 13.186, 54.3 ], [ 13.139, 54.319 ], [ 13.131, 54.283 ], [ 13.148, 54.268 ], [ 13.167, 54.279 ], [ 13.178, 54.271 ], [ 13.158, 54.266 ], [ 13.143, 54.253 ], [ 13.185, 54.266 ], [ 13.216, 54.241 ], [ 13.291, 54.234 ], [ 13.327, 54.184 ], [ 13.368, 54.184 ], [ 13.355, 54.181 ], [ 13.337, 54.177 ], [ 13.316, 54.16 ], [ 13.379, 54.177 ], [ 13.4, 54.17 ], [ 13.394, 54.181 ], [ 13.419, 54.173 ], [ 13.406, 54.148 ], [ 13.43, 54.136 ], [ 13.459, 54.091 ], [ 13.503, 54.089 ], [ 13.502, 54.066 ], [ 13.539, 54.051 ], [ 13.511, 54.034 ], [ 13.522, 54.025 ], [ 13.508, 54.021 ], [ 13.502, 54.039 ], [ 13.464, 54.03 ], [ 13.434, 54.041 ], [ 13.42, 54.016 ], [ 13.434, 54.004 ], [ 13.427, 53.986 ], [ 13.398, 53.965 ], [ 13.331, 53.989 ], [ 13.32, 54.004 ], [ 13.291, 54.008 ], [ 13.277, 54.032 ], [ 13.24, 54.037 ], [ 13.233, 54.056 ], [ 13.208, 54.035 ], [ 13.154, 54.028 ], [ 13.157, 54.022 ], [ 13.131, 54.023 ], [ 13.1, 54.04 ], [ 12.864, 53.974 ], [ 12.759, 54.03 ], [ 12.743, 54.033 ], [ 12.716, 54.019 ], [ 12.607, 54.078 ], [ 12.581, 54.072 ], [ 12.557, 54.093 ], [ 12.459, 54.092 ], [ 12.461, 54.107 ], [ 12.436, 54.124 ], [ 12.385, 54.114 ], [ 12.392, 54.134 ], [ 12.365, 54.163 ], [ 12.375, 54.177 ], [ 12.352, 54.185 ], [ 12.373, 54.19 ], [ 12.372, 54.208 ], [ 12.278, 54.262 ], [ 12.343, 54.303 ], [ 12.406, 54.377 ], [ 12.466, 54.419 ], [ 12.501, 54.475 ], [ 12.51, 54.482 ], [ 12.522, 54.487 ], [ 12.526, 54.471 ], [ 12.561, 54.455 ], [ 12.677, 54.442 ], [ 12.921, 54.445 ], [ 12.915, 54.439 ], [ 12.927, 54.428 ], [ 12.875, 54.414 ], [ 12.832, 54.423 ], [ 12.802, 54.409 ], [ 12.786, 54.417 ], [ 12.74, 54.415 ], [ 12.726, 54.429 ], [ 12.726, 54.43 ], [ 12.721, 54.432 ], [ 12.693, 54.432 ], [ 12.669, 54.421 ], [ 12.668, 54.419 ], [ 12.668, 54.41 ], [ 12.666, 54.409 ], [ 12.638, 54.426 ], [ 12.635, 54.422 ], [ 12.618, 54.407 ], [ 12.578, 54.404 ], [ 12.598, 54.392 ], [ 12.592, 54.384 ], [ 12.553, 54.39 ], [ 12.518, 54.373 ], [ 12.496, 54.382 ], [ 12.436, 54.379 ], [ 12.429, 54.294 ], [ 12.479, 54.304 ], [ 12.473, 54.33 ], [ 12.536, 54.338 ], [ 12.553, 54.356 ], [ 12.534, 54.365 ], [ 12.554, 54.38 ], [ 12.582, 54.373 ], [ 12.586, 54.356 ], [ 12.597, 54.372 ], [ 12.671, 54.391 ], [ 12.659, 54.405 ], [ 12.667, 54.404 ], [ 12.669, 54.408 ], [ 12.707, 54.412 ], [ 12.715, 54.404 ], [ 12.689, 54.4 ], [ 12.676, 54.371 ], [ 12.688, 54.368 ], [ 12.7, 54.398 ], [ 12.715, 54.399 ], [ 12.72, 54.373 ], [ 12.741, 54.373 ], [ 12.744, 54.384 ], [ 12.756, 54.371 ], [ 12.786, 54.396 ], [ 12.81, 54.344 ], [ 12.878, 54.365 ], [ 12.898, 54.402 ], [ 13.016, 54.439 ], [ 13.034, 54.432 ], [ 13.026, 54.397 ], [ 13.048, 54.38 ], [ 13.083, 54.379 ], [ 13.094, 54.366 ], [ 13.08, 54.353 ], [ 13.105, 54.347 ], [ 13.115, 54.323 ], [ 13.129, 54.321 ], [ 13.114, 54.335 ], [ 13.13, 54.372 ], [ 13.197, 54.376 ], [ 13.22, 54.368 ], [ 13.26, 54.38 ], [ 13.23, 54.397 ], [ 13.255, 54.406 ], [ 13.232, 54.404 ], [ 13.212, 54.43 ], [ 13.158, 54.421 ], [ 13.149, 54.428 ], [ 13.171, 54.454 ], [ 13.2, 54.448 ], [ 13.206, 54.46 ], [ 13.253, 54.464 ], [ 13.231, 54.468 ], [ 13.27, 54.48 ], [ 13.229, 54.485 ], [ 13.231, 54.511 ], [ 13.171, 54.508 ], [ 13.144, 54.547 ], [ 13.244, 54.556 ], [ 13.289, 54.542 ], [ 13.288, 54.522 ], [ 13.305, 54.514 ], [ 13.312, 54.524 ], [ 13.297, 54.552 ], [ 13.355, 54.581 ], [ 13.371, 54.577 ], [ 13.354, 54.551 ], [ 13.336, 54.549 ], [ 13.361, 54.543 ], [ 13.344, 54.521 ], [ 13.374, 54.52 ], [ 13.388, 54.531 ], [ 13.388, 54.54 ], [ 13.354, 54.547 ], [ 13.376, 54.56 ], [ 13.415, 54.52 ], [ 13.413, 54.494 ], [ 13.442, 54.487 ], [ 13.448, 54.474 ], [ 13.501, 54.482 ], [ 13.471, 54.454 ], [ 13.514, 54.443 ], [ 13.504, 54.434 ], [ 13.483, 54.436 ], [ 13.499, 54.446 ], [ 13.483, 54.443 ], [ 13.476, 54.425 ], [ 13.541, 54.419 ], [ 13.542, 54.428 ], [ 13.52, 54.432 ], [ 13.557, 54.439 ], [ 13.524, 54.448 ], [ 13.547, 54.457 ], [ 13.548, 54.475 ], [ 13.506, 54.477 ], [ 13.5, 54.489 ], [ 13.514, 54.527 ], [ 13.491, 54.559 ], [ 13.51, 54.558 ], [ 13.511, 54.566 ], [ 13.485, 54.559 ], [ 13.49, 54.551 ], [ 13.446, 54.552 ], [ 13.385, 54.581 ], [ 13.368, 54.615 ], [ 13.328, 54.593 ], [ 13.332, 54.582 ], [ 13.245, 54.558 ], [ 13.288, 54.625 ], [ 13.282, 54.646 ], [ 13.227, 54.625 ], [ 13.238, 54.594 ], [ 13.161, 54.559 ], [ 13.167, 54.574 ], [ 13.215, 54.596 ], [ 13.22, 54.641 ], [ 13.251, 54.66 ], [ 13.288, 54.674 ], [ 13.43, 54.684 ], [ 13.429, 54.66 ] ] ], [ [ [ 13.525, 54.309 ], [ 13.519, 54.312 ], [ 13.542, 54.332 ], [ 13.525, 54.309 ] ] ], [ [ [ 13.362, 54.251 ], [ 13.359, 54.253 ], [ 13.361, 54.253 ], [ 13.362, 54.251 ] ] ], [ [ [ 13.334, 54.169 ], [ 13.332, 54.169 ], [ 13.332, 54.17 ], [ 13.334, 54.169 ] ] ], [ [ [ 13.209, 54.401 ], [ 13.219, 54.402 ], [ 13.217, 54.398 ], [ 13.209, 54.401 ] ] ], [ [ [ 13.225, 54.487 ], [ 13.225, 54.471 ], [ 13.187, 54.466 ], [ 13.182, 54.456 ], [ 13.17, 54.457 ], [ 13.122, 54.442 ], [ 13.143, 54.478 ], [ 13.184, 54.494 ], [ 13.225, 54.487 ] ] ], [ [ [ 13.223, 54.465 ], [ 13.214, 54.464 ], [ 13.213, 54.467 ], [ 13.223, 54.465 ] ] ], [ [ [ 13.207, 54.465 ], [ 13.204, 54.466 ], [ 13.206, 54.467 ], [ 13.207, 54.465 ] ] ], [ [ [ 13.203, 54.462 ], [ 13.199, 54.457 ], [ 13.199, 54.462 ], [ 13.203, 54.462 ] ] ], [ [ [ 13.169, 54.507 ], [ 13.165, 54.502 ], [ 13.155, 54.507 ], [ 13.169, 54.507 ] ] ], [ [ [ 13.147, 54.603 ], [ 13.148, 54.593 ], [ 13.147, 54.596 ], [ 13.145, 54.574 ], [ 13.134, 54.588 ], [ 13.141, 54.599 ], [ 13.111, 54.585 ], [ 13.117, 54.538 ], [ 13.085, 54.519 ], [ 13.065, 54.458 ], [ 13.098, 54.591 ], [ 13.147, 54.603 ] ] ], [ [ [ 13.157, 54.579 ], [ 13.158, 54.574 ], [ 13.148, 54.593 ], [ 13.157, 54.579 ] ] ], [ [ [ 13.118, 54.427 ], [ 13.117, 54.431 ], [ 13.123, 54.429 ], [ 13.118, 54.427 ] ] ], [ [ [ 13.119, 54.539 ], [ 13.123, 54.55 ], [ 13.126, 54.546 ], [ 13.119, 54.539 ] ] ], [ [ [ 13.08, 54.476 ], [ 13.083, 54.477 ], [ 13.083, 54.476 ], [ 13.08, 54.476 ] ] ], [ [ [ 13.059, 54.451 ], [ 13.042, 54.442 ], [ 13.016, 54.444 ], [ 12.975, 54.433 ], [ 12.973, 54.44 ], [ 12.984, 54.436 ], [ 12.998, 54.447 ], [ 13.033, 54.447 ], [ 13.051, 54.46 ], [ 13.059, 54.451 ] ] ], [ [ [ 12.987, 54.444 ], [ 12.989, 54.445 ], [ 12.99, 54.445 ], [ 12.987, 54.444 ] ] ], [ [ [ 12.982, 54.438 ], [ 12.974, 54.441 ], [ 12.978, 54.442 ], [ 12.982, 54.438 ] ] ], [ [ [ 12.968, 54.438 ], [ 12.972, 54.44 ], [ 12.97, 54.437 ], [ 12.968, 54.438 ] ] ], [ [ [ 12.96, 54.441 ], [ 12.961, 54.437 ], [ 12.924, 54.435 ], [ 12.96, 54.441 ] ] ], [ [ [ 12.927, 54.43 ], [ 12.923, 54.433 ], [ 12.93, 54.43 ], [ 12.927, 54.43 ] ] ], [ [ [ 12.73, 54.405 ], [ 12.718, 54.405 ], [ 12.724, 54.412 ], [ 12.737, 54.412 ], [ 12.73, 54.405 ] ] ], [ [ [ 12.724, 54.425 ], [ 12.731, 54.416 ], [ 12.677, 54.416 ], [ 12.696, 54.431 ], [ 12.724, 54.425 ] ] ], [ [ [ 12.723, 54.428 ], [ 12.724, 54.43 ], [ 12.726, 54.429 ], [ 12.723, 54.428 ] ] ], [ [ [ 12.669, 54.418 ], [ 12.67, 54.421 ], [ 12.67, 54.418 ], [ 12.669, 54.418 ] ] ], [ [ [ 12.662, 54.405 ], [ 12.656, 54.407 ], [ 12.659, 54.408 ], [ 12.662, 54.405 ] ] ], [ [ [ 12.637, 54.416 ], [ 12.635, 54.422 ], [ 12.638, 54.424 ], [ 12.637, 54.416 ] ] ], [ [ [ 12.58, 54.377 ], [ 12.585, 54.381 ], [ 12.586, 54.38 ], [ 12.58, 54.377 ] ] ], [ [ [ 12.536, 54.356 ], [ 12.531, 54.35 ], [ 12.528, 54.354 ], [ 12.536, 54.356 ] ] ], [ [ [ 12.53, 54.346 ], [ 12.528, 54.346 ], [ 12.527, 54.352 ], [ 12.53, 54.346 ] ] ], [ [ [ 12.525, 54.365 ], [ 12.528, 54.367 ], [ 12.529, 54.366 ], [ 12.525, 54.365 ] ] ], [ [ [ 12.525, 54.367 ], [ 12.523, 54.368 ], [ 12.529, 54.369 ], [ 12.525, 54.367 ] ] ] ] } },
{ "type": "Feature", "properties": { "wkr_nr": 16, "wkr_name": "Mecklenburgische Seenplatte I – Vorpommern-Greifswald II", "land": "Mecklenburg-Vorpommern", "wahlbeteiligung_prozent": 77.9, "union_prozent": 17.3, "afd_prozent": 42.9, "spd_prozent": 9.8, "gruene_prozent": 2.8, "linke_prozent": 9.5, "bsw_prozent": 11.4, "fdp_prozent": 3.1, "staerkste_partei": "afd" }, "geometry": { "type": "MultiPolygon", "coordinates": [ [ [ [ 13.718, 54.163 ], [ 13.696, 54.158 ], [ 13.697, 54.149 ], [ 13.749, 54.14 ], [ 13.747, 54.135 ], [ 13.809, 54.1 ], [ 13.79, 54.064 ], [ 13.774, 54.06 ], [ 13.783, 54.048 ], [ 13.744, 54.029 ], [ 13.834, 53.984 ], [ 13.853, 53.953 ], [ 13.881, 53.95 ], [ 13.914, 53.922 ], [ 13.865, 53.9 ], [ 13.847, 53.878 ], [ 13.826, 53.878 ], [ 13.819, 53.859 ], [ 13.822, 53.848 ], [ 13.987, 53.812 ], [ 14.179, 53.807 ], [ 14.27, 53.79 ], [ 14.284, 53.772 ], [ 14.267, 53.753 ], [ 14.267, 53.699 ], [ 14.284, 53.683 ], [ 14.271, 53.667 ], [ 14.284, 53.634 ], [ 14.317, 53.618 ], [ 14.303, 53.553 ], [ 14.327, 53.504 ], [ 14.351, 53.496 ], [ 14.358, 53.457 ], [ 14.371, 53.456 ], [ 14.39, 53.354 ], [ 14.412, 53.33 ], [ 14.349, 53.31 ], [ 14.317, 53.312 ], [ 14.302, 53.286 ], [ 14.262, 53.277 ], [ 14.266, 53.26 ], [ 14.211, 53.255 ], [ 14.16, 53.268 ], [ 14.099, 53.262 ], [ 14.11, 53.283 ], [ 14.223, 53.359 ], [ 14.243, 53.392 ], [ 14.237, 53.428 ], [ 14.225, 53.434 ], [ 14.177, 53.423 ], [ 14.122, 53.442 ], [ 14.082, 53.411 ], [ 14.051, 53.413 ], [ 14.046, 53.429 ], [ 14.001, 53.435 ], [ 13.916, 53.422 ], [ 13.903, 53.432 ], [ 13.918, 53.456 ], [ 13.876, 53.473 ], [ 13.879, 53.504 ], [ 13.822, 53.518 ], [ 13.8, 53.559 ], [ 13.784, 53.552 ], [ 13.778, 53.514 ], [ 13.801, 53.498 ], [ 13.827, 53.499 ], [ 13.812, 53.484 ], [ 13.779, 53.474 ], [ 13.741, 53.486 ], [ 13.715, 53.482 ], [ 13.651, 53.444 ], [ 13.641, 53.447 ], [ 13.625, 53.409 ], [ 13.611, 53.414 ], [ 13.55, 53.399 ], [ 13.556, 53.376 ], [ 13.517, 53.352 ], [ 13.524, 53.32 ], [ 13.51, 53.317 ], [ 13.503, 53.327 ], [ 13.483, 53.291 ], [ 13.461, 53.289 ], [ 13.438, 53.3 ], [ 13.442, 53.286 ], [ 13.408, 53.263 ], [ 13.405, 53.246 ], [ 13.387, 53.244 ], [ 13.36, 53.278 ], [ 13.298, 53.281 ], [ 13.233, 53.255 ], [ 13.207, 53.265 ], [ 13.265, 53.318 ], [ 13.308, 53.317 ], [ 13.328, 53.304 ], [ 13.342, 53.31 ], [ 13.325, 53.334 ], [ 13.339, 53.347 ], [ 13.324, 53.356 ], [ 13.341, 53.36 ], [ 13.334, 53.37 ], [ 13.36, 53.374 ], [ 13.372, 53.394 ], [ 13.422, 53.403 ], [ 13.407, 53.425 ], [ 13.376, 53.437 ], [ 13.336, 53.429 ], [ 13.317, 53.438 ], [ 13.286, 53.424 ], [ 13.273, 53.44 ], [ 13.253, 53.434 ], [ 13.237, 53.45 ], [ 13.227, 53.434 ], [ 13.191, 53.432 ], [ 13.18, 53.466 ], [ 13.172, 53.445 ], [ 13.143, 53.45 ], [ 13.135, 53.458 ], [ 13.162, 53.469 ], [ 13.164, 53.489 ], [ 13.185, 53.494 ], [ 13.146, 53.548 ], [ 13.162, 53.559 ], [ 13.149, 53.565 ], [ 13.094, 53.557 ], [ 13.091, 53.574 ], [ 13.138, 53.595 ], [ 13.197, 53.602 ], [ 13.213, 53.621 ], [ 13.252, 53.619 ], [ 13.268, 53.663 ], [ 13.392, 53.697 ], [ 13.415, 53.71 ], [ 13.432, 53.75 ], [ 13.396, 53.762 ], [ 13.372, 53.748 ], [ 13.361, 53.758 ], [ 13.375, 53.767 ], [ 13.344, 53.787 ], [ 13.344, 53.804 ], [ 13.383, 53.803 ], [ 13.397, 53.831 ], [ 13.372, 53.849 ], [ 13.338, 53.849 ], [ 13.301, 53.811 ], [ 13.27, 53.819 ], [ 13.233, 53.808 ], [ 13.186, 53.835 ], [ 13.192, 53.895 ], [ 13.216, 53.909 ], [ 13.195, 53.93 ], [ 13.155, 53.944 ], [ 13.133, 53.932 ], [ 13.088, 53.954 ], [ 13.089, 53.946 ], [ 13.064, 53.955 ], [ 13.059, 53.97 ], [ 13.023, 53.981 ], [ 13.002, 53.975 ], [ 12.997, 53.986 ], [ 13.015, 53.993 ], [ 12.987, 54.004 ], [ 12.997, 54.017 ], [ 13.023, 54.014 ], [ 13.1, 54.04 ], [ 13.131, 54.023 ], [ 13.157, 54.022 ], [ 13.154, 54.028 ], [ 13.208, 54.035 ], [ 13.233, 54.056 ], [ 13.24, 54.037 ], [ 13.277, 54.032 ], [ 13.291, 54.008 ], [ 13.409, 53.967 ], [ 13.434, 54.004 ], [ 13.42, 54.016 ], [ 13.434, 54.041 ], [ 13.464, 54.03 ], [ 13.502, 54.039 ], [ 13.508, 54.021 ], [ 13.523, 54.026 ], [ 13.517, 54.042 ], [ 13.538, 54.047 ], [ 13.502, 54.066 ], [ 13.507, 54.086 ], [ 13.477, 54.119 ], [ 13.623, 54.14 ], [ 13.644, 54.157 ], [ 13.704, 54.172 ], [ 13.718, 54.163 ] ] ], [ [ [ 13.875, 54.1 ], [ 14.016, 54.054 ], [ 14.226, 53.929 ], [ 14.185, 53.914 ], [ 14.212, 53.9 ], [ 14.213, 53.866 ], [ 14.041, 53.875 ], [ 13.991, 53.848 ], [ 13.939, 53.843 ], [ 13.923, 53.852 ], [ 13.95, 53.85 ], [ 13.955, 53.86 ], [ 13.932, 53.87 ], [ 13.918, 53.845 ], [ 13.898, 53.84 ], [ 13.826, 53.85 ], [ 13.834, 53.871 ], [ 13.893, 53.877 ], [ 13.938, 53.909 ], [ 13.923, 53.951 ], [ 13.895, 53.966 ], [ 13.906, 53.99 ], [ 13.965, 53.99 ], [ 13.972, 53.97 ], [ 13.95, 53.959 ], [ 13.96, 53.934 ], [ 13.961, 53.942 ], [ 13.964, 53.957 ], [ 13.984, 53.962 ], [ 14.023, 53.962 ], [ 14.012, 53.949 ], [ 14.04, 53.941 ], [ 14.048, 53.997 ], [ 14.033, 54.017 ], [ 14.016, 54.021 ], [ 14.004, 54.011 ], [ 13.998, 54.042 ], [ 13.973, 54.064 ], [ 13.911, 54.064 ], [ 13.907, 54.043 ], [ 13.924, 54.036 ], [ 13.899, 54.012 ], [ 13.862, 54.0 ], [ 13.853, 54.014 ], [ 13.88, 54.04 ], [ 13.859, 54.048 ], [ 13.821, 54.038 ], [ 13.801, 54.019 ], [ 13.77, 54.019 ], [ 13.764, 54.03 ], [ 13.791, 54.049 ], [ 13.788, 54.056 ], [ 13.807, 54.078 ], [ 13.814, 54.108 ], [ 13.775, 54.12 ], [ 13.749, 54.158 ], [ 13.798, 54.174 ], [ 13.875, 54.1 ] ] ], [ [ [ 14.031, 53.945 ], [ 14.033, 53.947 ], [ 14.034, 53.946 ], [ 14.031, 53.945 ] ] ], [ [ [ 14.025, 53.95 ], [ 14.024, 53.952 ], [ 14.027, 53.951 ], [ 14.025, 53.95 ] ] ], [ [ [ 13.958, 53.943 ], [ 13.959, 53.944 ], [ 13.961, 53.942 ], [ 13.958, 53.943 ] ] ], [ [ [ 13.926, 54.016 ], [ 13.918, 54.019 ], [ 13.926, 54.03 ], [ 13.926, 54.016 ] ] ], [ [ [ 13.927, 54.249 ], [ 13.907, 54.24 ], [ 13.909, 54.244 ], [ 13.927, 54.249 ] ] ], [ [ [ 13.806, 54.084 ], [ 13.804, 54.079 ], [ 13.802, 54.082 ], [ 13.806, 54.084 ] ] ], [ [ [ 13.809, 54.17 ], [ 13.807, 54.174 ], [ 13.812, 54.173 ], [ 13.809, 54.17 ] ] ], [ [ [ 13.81, 54.176 ], [ 13.803, 54.177 ], [ 13.804, 54.178 ], [ 13.81, 54.176 ] ] ], [ [ [ 13.78, 54.056 ], [ 13.782, 54.059 ], [ 13.783, 54.057 ], [ 13.78, 54.056 ] ] ], [ [ [ 13.771, 54.201 ], [ 13.769, 54.201 ], [ 13.769, 54.209 ], [ 13.771, 54.201 ] ] ] ] } },
{ "type": "Feature", "properties": { "wkr_nr": 17, "wkr_name": "Mecklenburgische Seenplatte II – Landkreis Rostock III", "land": "Mecklenburg-Vorpommern", "wahlbeteiligung_prozent": 78.3, "union_prozent": 17.9, "afd_prozent": 39.8, "spd_prozent": 11.4, "gruene_prozent": 3.4, "linke_prozent": 10.3, "bsw_prozent": 11.1, "fdp_prozent": 2.9, "staerkste_partei": "afd" }, "geometry": { "type": "Polygon", "coordinates": [ [ [ 12.664, 54.045 ], [ 12.716, 54.019 ], [ 12.743, 54.033 ], [ 12.759, 54.03 ], [ 12.862, 53.974 ], [ 12.958, 54.004 ], [ 12.987, 54.004 ], [ 13.015, 53.993 ], [ 12.997, 53.986 ], [ 13.002, 53.975 ], [ 13.023, 53.981 ], [ 13.059, 53.97 ], [ 13.064, 53.955 ], [ 13.089, 53.946 ], [ 13.088, 53.954 ], [ 13.133, 53.932 ], [ 13.155, 53.944 ], [ 13.193, 53.931 ], [ 13.216, 53.909 ], [ 13.192, 53.893 ], [ 13.19, 53.832 ], [ 13.235, 53.808 ], [ 13.27, 53.819 ], [ 13.301, 53.811 ], [ 13.338, 53.849 ], [ 13.372, 53.849 ], [ 13.397, 53.831 ], [ 13.383, 53.803 ], [ 13.344, 53.804 ], [ 13.344, 53.787 ], [ 13.375, 53.767 ], [ 13.361, 53.758 ], [ 13.372, 53.748 ], [ 13.396, 53.762 ], [ 13.432, 53.75 ], [ 13.415, 53.71 ], [ 13.392, 53.697 ], [ 13.268, 53.663 ], [ 13.252, 53.619 ], [ 13.213, 53.621 ], [ 13.194, 53.601 ], [ 13.138, 53.595 ], [ 13.093, 53.577 ], [ 13.089, 53.561 ], [ 13.162, 53.559 ], [ 13.146, 53.548 ], [ 13.185, 53.494 ], [ 13.164, 53.489 ], [ 13.162, 53.469 ], [ 13.135, 53.458 ], [ 13.143, 53.45 ], [ 13.172, 53.445 ], [ 13.18, 53.466 ], [ 13.191, 53.432 ], [ 13.227, 53.434 ], [ 13.237, 53.45 ], [ 13.253, 53.434 ], [ 13.273, 53.44 ], [ 13.286, 53.424 ], [ 13.317, 53.438 ], [ 13.336, 53.429 ], [ 13.376, 53.437 ], [ 13.407, 53.425 ], [ 13.422, 53.402 ], [ 13.372, 53.394 ], [ 13.36, 53.374 ], [ 13.334, 53.37 ], [ 13.341, 53.36 ], [ 13.324, 53.356 ], [ 13.339, 53.347 ], [ 13.325, 53.334 ], [ 13.342, 53.31 ], [ 13.328, 53.304 ], [ 13.308, 53.317 ], [ 13.265, 53.318 ], [ 13.239, 53.284 ], [ 13.205, 53.269 ], [ 13.233, 53.255 ], [ 13.253, 53.263 ], [ 13.229, 53.217 ], [ 13.203, 53.222 ], [ 13.182, 53.251 ], [ 13.152, 53.251 ], [ 13.133, 53.237 ], [ 13.11, 53.24 ], [ 13.107, 53.215 ], [ 13.087, 53.215 ], [ 13.08, 53.2 ], [ 13.042, 53.196 ], [ 13.006, 53.167 ], [ 12.98, 53.163 ], [ 12.962, 53.178 ], [ 12.942, 53.174 ], [ 12.979, 53.191 ], [ 12.964, 53.2 ], [ 12.937, 53.194 ], [ 12.942, 53.186 ], [ 12.913, 53.195 ], [ 12.88, 53.18 ], [ 12.846, 53.201 ], [ 12.764, 53.189 ], [ 12.739, 53.2 ], [ 12.757, 53.224 ], [ 12.671, 53.23 ], [ 12.676, 53.248 ], [ 12.661, 53.254 ], [ 12.606, 53.244 ], [ 12.53, 53.265 ], [ 12.445, 53.25 ], [ 12.428, 53.275 ], [ 12.392, 53.285 ], [ 12.394, 53.302 ], [ 12.332, 53.318 ], [ 12.339, 53.341 ], [ 12.318, 53.357 ], [ 12.29, 53.355 ], [ 12.312, 53.366 ], [ 12.275, 53.379 ], [ 12.316, 53.391 ], [ 12.303, 53.406 ], [ 12.308, 53.447 ], [ 12.366, 53.479 ], [ 12.331, 53.478 ], [ 12.301, 53.499 ], [ 12.289, 53.518 ], [ 12.306, 53.568 ], [ 12.209, 53.603 ], [ 12.199, 53.643 ], [ 12.141, 53.636 ], [ 12.12, 53.648 ], [ 12.082, 53.647 ], [ 12.027, 53.692 ], [ 12.035, 53.714 ], [ 12.008, 53.714 ], [ 12.001, 53.728 ], [ 11.976, 53.725 ], [ 11.996, 53.734 ], [ 11.984, 53.743 ], [ 11.905, 53.732 ], [ 11.841, 53.75 ], [ 11.842, 53.764 ], [ 11.793, 53.772 ], [ 11.81, 53.793 ], [ 11.802, 53.818 ], [ 11.756, 53.826 ], [ 11.77, 53.831 ], [ 11.759, 53.852 ], [ 11.779, 53.863 ], [ 11.761, 53.873 ], [ 11.798, 53.891 ], [ 11.792, 53.941 ], [ 11.846, 53.933 ], [ 11.876, 53.968 ], [ 11.925, 53.987 ], [ 11.938, 53.959 ], [ 11.987, 53.968 ], [ 12.007, 53.957 ], [ 11.988, 53.94 ], [ 11.997, 53.929 ], [ 11.979, 53.929 ], [ 11.993, 53.91 ], [ 12.036, 53.902 ], [ 12.018, 53.873 ], [ 12.046, 53.883 ], [ 12.1, 53.86 ], [ 12.122, 53.88 ], [ 12.112, 53.903 ], [ 12.175, 53.893 ], [ 12.178, 53.911 ], [ 12.159, 53.928 ], [ 12.185, 53.946 ], [ 12.192, 53.977 ], [ 12.206, 53.977 ], [ 12.214, 53.962 ], [ 12.298, 53.955 ], [ 12.282, 53.972 ], [ 12.33, 54.001 ], [ 12.345, 53.965 ], [ 12.368, 53.96 ], [ 12.405, 53.984 ], [ 12.41, 53.978 ], [ 12.44, 53.986 ], [ 12.477, 53.976 ], [ 12.48, 53.958 ], [ 12.513, 53.951 ], [ 12.51, 53.974 ], [ 12.551, 53.978 ], [ 12.56, 53.994 ], [ 12.523, 54.006 ], [ 12.52, 54.011 ], [ 12.551, 54.006 ], [ 12.577, 54.016 ], [ 12.617, 54.005 ], [ 12.629, 54.032 ], [ 12.664, 54.045 ] ] ] } },
{ "type": "Feature", "properties": { "wkr_nr": 18, "wkr_name": "Hamburg-Mitte", "land": "Hamburg", "wahlbeteiligung_prozent": 77.7, "union_prozent": 15.7, "afd_prozent": 10.5, "spd_prozent": 22.2, "gruene_prozent": 20.3, "linke_prozent": 19.0, "bsw_prozent": 4.5, "fdp_prozent": 4.1, "staerkste_partei": "spd" }, "geometry": { "type": "MultiPolygon", "coordinates": [ [ [ [ 10.039, 53.607 ], [ 10.075, 53.589 ], [ 10.038, 53.561 ], [ 10.148, 53.564 ], [ 10.161, 53.558 ], [ 10.153, 53.54 ], [ 10.167, 53.537 ], [ 10.156, 53.519 ], [ 10.111, 53.526 ], [ 10.09, 53.511 ], [ 10.066, 53.525 ], [ 10.067, 53.5 ], [ 10.059, 53.51 ], [ 9.977, 53.526 ], [ 9.967, 53.516 ], [ 9.942, 53.523 ], [ 9.909, 53.513 ], [ 9.842, 53.516 ], [ 9.772, 53.544 ], [ 9.778, 53.557 ], [ 9.883, 53.542 ], [ 9.96, 53.544 ], [ 9.96, 53.56 ], [ 9.997, 53.557 ], [ 10.004, 53.575 ], [ 10.034, 53.585 ], [ 10.039, 53.607 ] ] ], [ [ [ 8.491, 53.929 ], [ 8.515, 53.918 ], [ 8.487, 53.914 ], [ 8.491, 53.929 ] ] ], [ [ [ 8.458, 53.957 ], [ 8.431, 53.945 ], [ 8.421, 53.947 ], [ 8.436, 53.964 ], [ 8.458, 53.957 ] ] ] ] } },
{ "type": "Feature", "properties": { "wkr_nr": 19, "wkr_name": "Hamburg-Altona", "land": "Hamburg", "wahlbeteiligung_prozent": 84.1, "union_prozent": 19.5, "afd_prozent": 7.3, "spd_prozent": 20.6, "gruene_prozent": 23.7, "linke_prozent": 18.0, "bsw_prozent": 3.3, "fdp_prozent": 4.7, "staerkste_partei": "gruene" }, "geometry": { "type": "Polygon", "coordinates": [ [ [ 9.87, 53.613 ], [ 9.931, 53.573 ], [ 9.977, 53.564 ], [ 9.96, 53.56 ], [ 9.96, 53.544 ], [ 9.883, 53.542 ], [ 9.73, 53.558 ], [ 9.764, 53.627 ], [ 9.825, 53.585 ], [ 9.87, 53.613 ] ] ] } },
{ "type": "Feature", "properties": { "wkr_nr": 20, "wkr_name": "Hamburg-Eimsbüttel", "land": "Hamburg", "wahlbeteiligung_prozent": 85.1, "union_prozent": 20.2, "afd_prozent": 7.6, "spd_prozent": 22.4, "gruene_prozent": 23.9, "linke_prozent": 14.5, "bsw_prozent": 3.3, "fdp_prozent": 4.9, "staerkste_partei": "gruene" }, "geometry": { "type": "Polygon", "coordinates": [ [ [ 9.977, 53.649 ], [ 9.979, 53.628 ], [ 9.956, 53.616 ], [ 9.968, 53.617 ], [ 9.972, 53.582 ], [ 9.993, 53.585 ], [ 10.004, 53.575 ], [ 9.997, 53.557 ], [ 9.934, 53.572 ], [ 9.87, 53.613 ], [ 9.905, 53.652 ], [ 9.977, 53.649 ] ] ] } },
{ "type": "Feature", "properties": { "wkr_nr": 21, "wkr_name": "Hamburg-Nord", "land": "Hamburg", "wahlbeteiligung_prozent": 85.6, "union_prozent": 26.1, "afd_prozent": 8.3, "spd_prozent": 22.5, "gruene_prozent": 21.1, "linke_prozent": 10.2, "bsw_prozent": 3.0, "fdp_prozent": 5.9, "staerkste_partei": "union" }, "geometry": { "type": "Polygon", "coordinates": [ [ [ 10.158, 53.705 ], [ 10.143, 53.638 ], [ 10.074, 53.631 ], [ 10.077, 53.62 ], [ 10.032, 53.607 ], [ 10.034, 53.585 ], [ 9.976, 53.579 ], [ 9.968, 53.617 ], [ 9.956, 53.616 ], [ 9.979, 53.628 ], [ 9.999, 53.681 ], [ 10.069, 53.679 ], [ 10.061, 53.689 ], [ 10.082, 53.72 ], [ 10.121, 53.713 ], [ 10.168, 53.738 ], [ 10.194, 53.731 ], [ 10.192, 53.723 ], [ 10.182, 53.709 ], [ 10.158, 53.705 ] ] ] } },
{ "type": "Feature", "properties": { "wkr_nr": 22, "wkr_name": "Hamburg-Wandsbek", "land": "Hamburg", "wahlbeteiligung_prozent": 78.1, "union_prozent": 22.3, "afd_prozent": 14.1, "spd_prozent": 24.9, "gruene_prozent": 14.5, "linke_prozent": 11.5, "bsw_prozent": 4.7, "fdp_prozent": 4.1, "staerkste_partei": "spd" }, "geometry": { "type": "Polygon", "coordinates": [ [ [ 10.043, 53.607 ], [ 10.05, 53.619 ], [ 10.083, 53.624 ], [ 10.074, 53.631 ], [ 10.143, 53.638 ], [ 10.146, 53.676 ], [ 10.196, 53.655 ], [ 10.19, 53.638 ], [ 10.222, 53.634 ], [ 10.189, 53.613 ], [ 10.201, 53.584 ], [ 10.162, 53.586 ], [ 10.148, 53.564 ], [ 10.038, 53.561 ], [ 10.075, 53.589 ], [ 10.043, 53.607 ] ] ] } },
{ "type": "Feature", "properties": { "wkr_nr": 23, "wkr_name": "Hamburg-Bergedorf – Harburg", "land": "Hamburg", "wahlbeteiligung_prozent": 76.1, "union_prozent": 20.4, "afd_prozent": 17.3, "spd_prozent": 23.7, "gruene_prozent": 12.6, "linke_prozent": 13.9, "bsw_prozent": 5.2, "fdp_prozent": 3.3, "staerkste_partei": "spd" }, "geometry": { "type": "Polygon", "coordinates": [ [ [ 10.111, 53.526 ], [ 10.187, 53.513 ], [ 10.211, 53.52 ], [ 10.219, 53.499 ], [ 10.301, 53.444 ], [ 10.326, 53.45 ], [ 10.318, 53.435 ], [ 10.26, 53.419 ], [ 10.237, 53.396 ], [ 10.169, 53.398 ], [ 10.052, 53.464 ], [ 10.046, 53.447 ], [ 10.021, 53.447 ], [ 10.029, 53.435 ], [ 9.984, 53.415 ], [ 9.949, 53.431 ], [ 9.942, 53.421 ], [ 9.907, 53.416 ], [ 9.921, 53.437 ], [ 9.904, 53.457 ], [ 9.869, 53.445 ], [ 9.862, 53.43 ], [ 9.8, 53.47 ], [ 9.802, 53.493 ], [ 9.782, 53.491 ], [ 9.764, 53.508 ], [ 9.778, 53.519 ], [ 9.772, 53.544 ], [ 9.842, 53.516 ], [ 9.909, 53.513 ], [ 9.942, 53.523 ], [ 9.967, 53.516 ], [ 9.977, 53.526 ], [ 10.059, 53.51 ], [ 10.067, 53.5 ], [ 10.066, 53.525 ], [ 10.09, 53.511 ], [ 10.111, 53.526 ] ] ] } },
{ "type": "Feature", "properties": { "wkr_nr": 24, "wkr_name": "Aurich – Emden", "land": "Niedersachsen", "wahlbeteiligung_prozent": 82.0, "union_prozent": 23.3, "afd_prozent": 21.0, "spd_prozent": 28.6, "gruene_prozent": 8.2, "linke_prozent": 7.5, "bsw_prozent": 4.2, "fdp_prozent": 3.3, "staerkste_partei": "spd" }, "geometry": { "type": "MultiPolygon", "coordinates": [ [ [ [ 7.358, 53.687 ], [ 7.555, 53.674 ], [ 7.488, 53.65 ], [ 7.509, 53.623 ], [ 7.421, 53.618 ], [ 7.412, 53.542 ], [ 7.429, 53.533 ], [ 7.482, 53.547 ], [ 7.649, 53.561 ], [ 7.663, 53.536 ], [ 7.644, 53.526 ], [ 7.678, 53.503 ], [ 7.677, 53.463 ], [ 7.737, 53.472 ], [ 7.751, 53.465 ], [ 7.732, 53.454 ], [ 7.735, 53.441 ], [ 7.782, 53.443 ], [ 7.774, 53.427 ], [ 7.787, 53.423 ], [ 7.77, 53.408 ], [ 7.814, 53.409 ], [ 7.815, 53.375 ], [ 7.663, 53.34 ], [ 7.619, 53.346 ], [ 7.63, 53.34 ], [ 7.613, 53.333 ], [ 7.547, 53.357 ], [ 7.515, 53.353 ], [ 7.487, 53.37 ], [ 7.436, 53.365 ], [ 7.412, 53.348 ], [ 7.375, 53.348 ], [ 7.371, 53.358 ], [ 7.35, 53.354 ], [ 7.352, 53.376 ], [ 7.347, 53.359 ], [ 7.329, 53.368 ], [ 7.321, 53.35 ], [ 7.305, 53.35 ], [ 7.299, 53.32 ], [ 7.226, 53.334 ], [ 7.018, 53.34 ], [ 6.998, 53.371 ], [ 7.024, 53.482 ], [ 7.049, 53.508 ], [ 7.034, 53.546 ], [ 7.086, 53.521 ], [ 7.13, 53.532 ], [ 7.087, 53.571 ], [ 7.156, 53.63 ], [ 7.243, 53.669 ], [ 7.358, 53.687 ] ] ], [ [ [ 7.43, 53.724 ], [ 7.364, 53.72 ], [ 7.359, 53.727 ], [ 7.396, 53.736 ], [ 7.434, 53.731 ], [ 7.43, 53.724 ] ] ], [ [ [ 7.34, 53.726 ], [ 7.347, 53.719 ], [ 7.27, 53.704 ], [ 7.209, 53.707 ], [ 7.194, 53.699 ], [ 7.17, 53.708 ], [ 7.153, 53.697 ], [ 7.137, 53.707 ], [ 7.187, 53.723 ], [ 7.34, 53.726 ] ] ], [ [ [ 6.854, 53.663 ], [ 7.099, 53.684 ], [ 7.097, 53.677 ], [ 6.854, 53.663 ] ] ], [ [ [ 6.9, 53.648 ], [ 6.898, 53.627 ], [ 6.878, 53.628 ], [ 6.866, 53.645 ], [ 6.9, 53.648 ] ] ] ] } },
{ "type": "Feature", "properties": { "wkr_nr": 25, "wkr_name": "Unterems", "land": "Niedersachsen", "wahlbeteiligung_prozent": 83.5, "union_prozent": 32.8, "afd_prozent": 20.9, "spd_prozent": 21.7, "gruene_prozent": 7.2, "linke_prozent": 6.6, "bsw_prozent": 3.7, "fdp_prozent": 3.9, "staerkste_partei": "union" }, "geometry": { "type": "MultiPolygon", "coordinates": [ [ [ [ 7.354, 53.376 ], [ 7.35, 53.354 ], [ 7.371, 53.358 ], [ 7.375, 53.348 ], [ 7.412, 53.348 ], [ 7.436, 53.365 ], [ 7.487, 53.37 ], [ 7.515, 53.353 ], [ 7.547, 53.357 ], [ 7.562, 53.345 ], [ 7.597, 53.344 ], [ 7.597, 53.332 ], [ 7.626, 53.334 ], [ 7.619, 53.346 ], [ 7.663, 53.34 ], [ 7.815, 53.375 ], [ 7.834, 53.363 ], [ 7.872, 53.376 ], [ 7.886, 53.352 ], [ 7.85, 53.294 ], [ 7.761, 53.242 ], [ 7.702, 53.223 ], [ 7.719, 53.179 ], [ 7.648, 53.183 ], [ 7.612, 53.058 ], [ 7.713, 53.015 ], [ 7.716, 52.968 ], [ 7.741, 52.958 ], [ 7.741, 52.945 ], [ 7.832, 52.92 ], [ 7.784, 52.873 ], [ 7.713, 52.851 ], [ 7.684, 52.799 ], [ 7.624, 52.794 ], [ 7.555, 52.765 ], [ 7.476, 52.747 ], [ 7.448, 52.718 ], [ 7.449, 52.739 ], [ 7.422, 52.766 ], [ 7.382, 52.761 ], [ 7.35, 52.735 ], [ 7.331, 52.76 ], [ 7.259, 52.774 ], [ 7.256, 52.762 ], [ 7.272, 52.762 ], [ 7.25, 52.75 ], [ 7.237, 52.76 ], [ 7.217, 52.736 ], [ 7.14, 52.73 ], [ 7.134, 52.693 ], [ 7.162, 52.693 ], [ 7.192, 52.655 ], [ 7.159, 52.654 ], [ 7.128, 52.64 ], [ 7.119, 52.604 ], [ 7.142, 52.589 ], [ 7.109, 52.602 ], [ 7.109, 52.589 ], [ 7.097, 52.59 ], [ 7.069, 52.605 ], [ 7.049, 52.606 ], [ 7.045, 52.597 ], [ 7.033, 52.618 ], [ 6.995, 52.606 ], [ 7.006, 52.639 ], [ 7.042, 52.633 ], [ 7.056, 52.643 ], [ 7.087, 52.85 ], [ 7.182, 52.941 ], [ 7.217, 53.007 ], [ 7.203, 53.113 ], [ 7.179, 53.138 ], [ 7.204, 53.176 ], [ 7.227, 53.18 ], [ 7.208, 53.188 ], [ 7.217, 53.214 ], [ 7.191, 53.318 ], [ 7.263, 53.326 ], [ 7.299, 53.32 ], [ 7.305, 53.35 ], [ 7.321, 53.35 ], [ 7.329, 53.368 ], [ 7.347, 53.359 ], [ 7.354, 53.376 ] ] ], [ [ [ 6.864, 53.589 ], [ 6.866, 53.591 ], [ 6.869, 53.592 ], [ 6.864, 53.589 ] ] ], [ [ [ 6.759, 53.618 ], [ 6.813, 53.602 ], [ 6.717, 53.582 ], [ 6.757, 53.568 ], [ 6.748, 53.557 ], [ 6.732, 53.57 ], [ 6.719, 53.558 ], [ 6.665, 53.578 ], [ 6.654, 53.598 ], [ 6.64, 53.593 ], [ 6.656, 53.608 ], [ 6.759, 53.618 ] ] ] ] } },
{ "type": "Feature", "properties": { "wkr_nr": 26, "wkr_name": "Friesland – Wilhelmshaven – Wittmund", "land": "Niedersachsen", "wahlbeteiligung_prozent": 81.1, "union_prozent": 26.4, "afd_prozent": 20.2, "spd_prozent": 25.5, "gruene_prozent": 8.4, "linke_prozent": 7.3, "bsw_prozent": 4.1, "fdp_prozent": 4.0, "staerkste_partei": "union" }, "geometry": { "type": "MultiPolygon", "coordinates": [ [ [ [ 7.915, 53.718 ], [ 8.032, 53.706 ], [ 8.022, 53.683 ], [ 8.045, 53.641 ], [ 8.087, 53.644 ], [ 8.123, 53.599 ], [ 8.149, 53.602 ], [ 8.156, 53.586 ], [ 8.142, 53.58 ], [ 8.171, 53.54 ], [ 8.165, 53.523 ], [ 8.098, 53.503 ], [ 8.062, 53.506 ], [ 8.062, 53.483 ], [ 8.098, 53.446 ], [ 8.152, 53.448 ], [ 8.207, 53.395 ], [ 8.202, 53.366 ], [ 8.151, 53.338 ], [ 8.126, 53.33 ], [ 8.064, 53.342 ], [ 8.03, 53.31 ], [ 7.971, 53.305 ], [ 7.964, 53.327 ], [ 7.946, 53.326 ], [ 7.886, 53.352 ], [ 7.872, 53.376 ], [ 7.834, 53.363 ], [ 7.804, 53.4 ], [ 7.814, 53.409 ], [ 7.77, 53.408 ], [ 7.787, 53.423 ], [ 7.774, 53.427 ], [ 7.782, 53.443 ], [ 7.755, 53.436 ], [ 7.732, 53.448 ], [ 7.751, 53.465 ], [ 7.737, 53.472 ], [ 7.677, 53.463 ], [ 7.678, 53.503 ], [ 7.644, 53.526 ], [ 7.663, 53.536 ], [ 7.649, 53.561 ], [ 7.482, 53.547 ], [ 7.429, 53.533 ], [ 7.412, 53.542 ], [ 7.421, 53.618 ], [ 7.509, 53.623 ], [ 7.488, 53.65 ], [ 7.513, 53.654 ], [ 7.51, 53.664 ], [ 7.704, 53.704 ], [ 7.915, 53.718 ] ] ], [ [ [ 7.885, 53.795 ], [ 7.955, 53.787 ], [ 7.973, 53.782 ], [ 7.978, 53.779 ], [ 7.978, 53.777 ], [ 7.876, 53.789 ], [ 7.865, 53.773 ], [ 7.846, 53.788 ], [ 7.885, 53.795 ] ] ], [ [ [ 7.683, 53.776 ], [ 7.813, 53.782 ], [ 7.816, 53.777 ], [ 7.757, 53.76 ], [ 7.694, 53.763 ], [ 7.683, 53.751 ], [ 7.67, 53.754 ], [ 7.683, 53.776 ] ] ], [ [ [ 7.48, 53.754 ], [ 7.643, 53.754 ], [ 7.63, 53.746 ], [ 7.515, 53.744 ], [ 7.505, 53.724 ], [ 7.461, 53.725 ], [ 7.48, 53.754 ] ] ] ] } },
{ "type": "Feature", "properties": { "wkr_nr": 27, "wkr_name": "Oldenburg – Ammerland", "land": "Niedersachsen", "wahlbeteiligung_prozent": 84.6, "union_prozent": 23.9, "afd_prozent": 12.9, "spd_prozent": 23.8, "gruene_prozent": 16.5, "linke_prozent": 11.2, "bsw_prozent": 3.8, "fdp_prozent": 4.4, "staerkste_partei": "union" }, "geometry": { "type": "Polygon", "coordinates": [ [ [ 7.886, 53.352 ], [ 7.964, 53.327 ], [ 7.971, 53.305 ], [ 8.03, 53.31 ], [ 8.064, 53.342 ], [ 8.126, 53.33 ], [ 8.174, 53.354 ], [ 8.171, 53.32 ], [ 8.19, 53.321 ], [ 8.208, 53.303 ], [ 8.252, 53.307 ], [ 8.279, 53.282 ], [ 8.272, 53.265 ], [ 8.293, 53.244 ], [ 8.28, 53.235 ], [ 8.296, 53.239 ], [ 8.315, 53.196 ], [ 8.292, 53.18 ], [ 8.312, 53.153 ], [ 8.275, 53.096 ], [ 8.223, 53.082 ], [ 8.195, 53.092 ], [ 8.201, 53.114 ], [ 8.123, 53.107 ], [ 8.07, 53.09 ], [ 8.051, 53.06 ], [ 8.015, 53.074 ], [ 7.966, 53.076 ], [ 7.902, 53.119 ], [ 7.885, 53.11 ], [ 7.84, 53.141 ], [ 7.854, 53.164 ], [ 7.79, 53.179 ], [ 7.775, 53.172 ], [ 7.721, 53.177 ], [ 7.702, 53.223 ], [ 7.761, 53.242 ], [ 7.85, 53.294 ], [ 7.886, 53.352 ] ] ] } },
{ "type": "Feature", "properties": { "wkr_nr": 28, "wkr_name": "Delmenhorst – Wesermarsch – Oldenburg-Land", "land": "Niedersachsen", "wahlbeteiligung_prozent": 82.2, "union_prozent": 26.1, "afd_prozent": 19.5, "spd_prozent": 23.8, "gruene_prozent": 10.0, "linke_prozent": 7.4, "bsw_prozent": 4.2, "fdp_prozent": 4.9, "staerkste_partei": "union" }, "geometry": { "type": "Polygon", "coordinates": [ [ [ 8.315, 53.615 ], [ 8.347, 53.608 ], [ 8.397, 53.57 ], [ 8.464, 53.552 ], [ 8.518, 53.558 ], [ 8.521, 53.547 ], [ 8.551, 53.537 ], [ 8.553, 53.516 ], [ 8.51, 53.498 ], [ 8.493, 53.475 ], [ 8.502, 53.351 ], [ 8.483, 53.224 ], [ 8.533, 53.187 ], [ 8.619, 53.168 ], [ 8.666, 53.092 ], [ 8.71, 53.072 ], [ 8.711, 53.045 ], [ 8.684, 53.036 ], [ 8.679, 53.018 ], [ 8.664, 53.02 ], [ 8.642, 52.988 ], [ 8.655, 52.963 ], [ 8.688, 52.967 ], [ 8.691, 52.914 ], [ 8.669, 52.92 ], [ 8.645, 52.912 ], [ 8.657, 52.901 ], [ 8.638, 52.895 ], [ 8.634, 52.851 ], [ 8.539, 52.831 ], [ 8.547, 52.819 ], [ 8.479, 52.798 ], [ 8.459, 52.801 ], [ 8.473, 52.823 ], [ 8.397, 52.825 ], [ 8.406, 52.849 ], [ 8.356, 52.852 ], [ 8.332, 52.884 ], [ 8.231, 52.869 ], [ 8.156, 52.905 ], [ 8.157, 52.925 ], [ 8.122, 52.928 ], [ 8.124, 53.0 ], [ 8.051, 53.059 ], [ 8.07, 53.09 ], [ 8.123, 53.107 ], [ 8.201, 53.114 ], [ 8.195, 53.092 ], [ 8.223, 53.082 ], [ 8.275, 53.096 ], [ 8.312, 53.153 ], [ 8.292, 53.18 ], [ 8.315, 53.196 ], [ 8.296, 53.239 ], [ 8.28, 53.235 ], [ 8.293, 53.244 ], [ 8.272, 53.265 ], [ 8.278, 53.285 ], [ 8.252, 53.307 ], [ 8.208, 53.303 ], [ 8.19, 53.321 ], [ 8.171, 53.32 ], [ 8.164, 53.341 ], [ 8.204, 53.369 ], [ 8.196, 53.409 ], [ 8.26, 53.402 ], [ 8.313, 53.456 ], [ 8.309, 53.523 ], [ 8.227, 53.52 ], [ 8.252, 53.593 ], [ 8.315, 53.615 ] ] ] } },
{ "type": "Feature", "properties": { "wkr_nr": 29, "wkr_name": "Cuxhaven – Stade II", "land": "Niedersachsen", "wahlbeteiligung_prozent": 82.9, "union_prozent": 29.8, "afd_prozent": 20.0, "spd_prozent": 24.0, "gruene_prozent": 8.8, "linke_prozent": 6.0, "bsw_prozent": 3.7, "fdp_prozent": 3.8, "staerkste_partei": "union" }, "geometry": { "type": "Polygon", "coordinates": [ [ [ 8.687, 53.89 ], [ 8.729, 53.857 ], [ 8.785, 53.835 ], [ 8.823, 53.831 ], [ 9.019, 53.835 ], [ 9.015, 53.841 ], [ 9.093, 53.861 ], [ 9.275, 53.857 ], [ 9.273, 53.868 ], [ 9.319, 53.851 ], [ 9.422, 53.741 ], [ 9.508, 53.691 ], [ 9.477, 53.671 ], [ 9.439, 53.677 ], [ 9.397, 53.649 ], [ 9.431, 53.62 ], [ 9.392, 53.606 ], [ 9.374, 53.57 ], [ 9.342, 53.56 ], [ 9.333, 53.534 ], [ 9.283, 53.523 ], [ 9.262, 53.534 ], [ 9.273, 53.547 ], [ 9.259, 53.548 ], [ 9.186, 53.532 ], [ 9.159, 53.556 ], [ 9.154, 53.587 ], [ 9.139, 53.594 ], [ 9.116, 53.555 ], [ 9.063, 53.572 ], [ 9.027, 53.555 ], [ 8.979, 53.557 ], [ 8.982, 53.536 ], [ 8.964, 53.53 ], [ 8.933, 53.536 ], [ 8.896, 53.518 ], [ 8.962, 53.507 ], [ 8.956, 53.473 ], [ 8.973, 53.469 ], [ 8.966, 53.455 ], [ 8.951, 53.458 ], [ 8.907, 53.438 ], [ 8.954, 53.412 ], [ 8.916, 53.385 ], [ 8.906, 53.389 ], [ 8.911, 53.38 ], [ 8.868, 53.396 ], [ 8.789, 53.389 ], [ 8.783, 53.376 ], [ 8.736, 53.362 ], [ 8.772, 53.322 ], [ 8.759, 53.327 ], [ 8.722, 53.315 ], [ 8.728, 53.301 ], [ 8.676, 53.297 ], [ 8.661, 53.282 ], [ 8.563, 53.298 ], [ 8.548, 53.286 ], [ 8.522, 53.285 ], [ 8.503, 53.294 ], [ 8.518, 53.321 ], [ 8.498, 53.378 ], [ 8.493, 53.472 ], [ 8.574, 53.489 ], [ 8.606, 53.484 ], [ 8.651, 53.511 ], [ 8.646, 53.556 ], [ 8.631, 53.556 ], [ 8.617, 53.574 ], [ 8.651, 53.603 ], [ 8.623, 53.605 ], [ 8.592, 53.593 ], [ 8.52, 53.606 ], [ 8.484, 53.656 ], [ 8.483, 53.695 ], [ 8.566, 53.846 ], [ 8.615, 53.882 ], [ 8.687, 53.89 ] ], [ [ 8.643, 53.609 ], [ 8.654, 53.603 ], [ 8.661, 53.607 ], [ 8.654, 53.61 ], [ 8.643, 53.609 ] ] ] } },
{ "type": "Feature", "properties": { "wkr_nr": 30, "wkr_name": "Stade I – Rotenburg II", "land": "Niedersachsen", "wahlbeteiligung_prozent": 84.5, "union_prozent": 30.7, "afd_prozent": 18.3, "spd_prozent": 22.0, "gruene_prozent": 10.9, "linke_prozent": 7.1, "bsw_prozent": 3.3, "fdp_prozent": 4.0, "staerkste_partei": "union" }, "geometry": { "type": "Polygon", "coordinates": [ [ [ 9.508, 53.691 ], [ 9.551, 53.616 ], [ 9.676, 53.565 ], [ 9.774, 53.554 ], [ 9.765, 53.495 ], [ 9.738, 53.491 ], [ 9.772, 53.481 ], [ 9.783, 53.44 ], [ 9.741, 53.438 ], [ 9.705, 53.416 ], [ 9.652, 53.41 ], [ 9.647, 53.395 ], [ 9.62, 53.386 ], [ 9.618, 53.367 ], [ 9.603, 53.369 ], [ 9.561, 53.341 ], [ 9.602, 53.3 ], [ 9.604, 53.289 ], [ 9.59, 53.292 ], [ 9.601, 53.259 ], [ 9.526, 53.25 ], [ 9.479, 53.232 ], [ 9.441, 53.247 ], [ 9.4, 53.219 ], [ 9.361, 53.21 ], [ 9.36, 53.181 ], [ 9.34, 53.176 ], [ 9.307, 53.192 ], [ 9.252, 53.183 ], [ 9.219, 53.194 ], [ 9.224, 53.213 ], [ 9.194, 53.211 ], [ 9.192, 53.192 ], [ 9.162, 53.172 ], [ 9.133, 53.168 ], [ 9.109, 53.144 ], [ 9.071, 53.151 ], [ 9.029, 53.196 ], [ 9.026, 53.247 ], [ 8.992, 53.27 ], [ 9.013, 53.301 ], [ 8.989, 53.308 ], [ 8.997, 53.323 ], [ 8.941, 53.342 ], [ 8.942, 53.365 ], [ 8.902, 53.384 ], [ 8.952, 53.408 ], [ 8.928, 53.435 ], [ 8.907, 53.438 ], [ 8.951, 53.458 ], [ 8.966, 53.455 ], [ 8.973, 53.469 ], [ 8.956, 53.473 ], [ 8.955, 53.492 ], [ 8.966, 53.501 ], [ 8.896, 53.518 ], [ 8.933, 53.536 ], [ 8.967, 53.531 ], [ 8.986, 53.539 ], [ 8.979, 53.557 ], [ 9.027, 53.555 ], [ 9.052, 53.571 ], [ 9.116, 53.555 ], [ 9.139, 53.594 ], [ 9.186, 53.532 ], [ 9.259, 53.548 ], [ 9.273, 53.547 ], [ 9.262, 53.534 ], [ 9.283, 53.523 ], [ 9.333, 53.534 ], [ 9.342, 53.56 ], [ 9.374, 53.57 ], [ 9.392, 53.606 ], [ 9.431, 53.62 ], [ 9.397, 53.649 ], [ 9.439, 53.677 ], [ 9.477, 53.671 ], [ 9.508, 53.691 ] ] ] } },
{ "type": "Feature", "properties": { "wkr_nr": 31, "wkr_name": "Mittelems", "land": "Niedersachsen", "wahlbeteiligung_prozent": 85.3, "union_prozent": 39.3, "afd_prozent": 14.3, "spd_prozent": 21.2, "gruene_prozent": 8.7, "linke_prozent": 6.3, "bsw_prozent": 2.9, "fdp_prozent": 4.5, "staerkste_partei": "union" }, "geometry": { "type": "Polygon", "coordinates": [ [ [ 7.685, 52.795 ], [ 7.715, 52.767 ], [ 7.635, 52.726 ], [ 7.683, 52.694 ], [ 7.695, 52.663 ], [ 7.608, 52.616 ], [ 7.622, 52.584 ], [ 7.612, 52.478 ], [ 7.564, 52.432 ], [ 7.603, 52.421 ], [ 7.571, 52.381 ], [ 7.582, 52.376 ], [ 7.505, 52.361 ], [ 7.438, 52.333 ], [ 7.427, 52.314 ], [ 7.386, 52.309 ], [ 7.362, 52.288 ], [ 7.317, 52.28 ], [ 7.298, 52.264 ], [ 7.153, 52.267 ], [ 7.121, 52.261 ], [ 7.102, 52.243 ], [ 7.066, 52.241 ], [ 7.026, 52.287 ], [ 7.072, 52.352 ], [ 7.072, 52.373 ], [ 7.059, 52.399 ], [ 7.036, 52.403 ], [ 7.011, 52.429 ], [ 6.992, 52.467 ], [ 6.942, 52.435 ], [ 6.853, 52.45 ], [ 6.854, 52.46 ], [ 6.753, 52.464 ], [ 6.698, 52.486 ], [ 6.705, 52.52 ], [ 6.681, 52.553 ], [ 6.716, 52.549 ], [ 6.726, 52.563 ], [ 6.767, 52.562 ], [ 6.719, 52.589 ], [ 6.727, 52.615 ], [ 6.71, 52.628 ], [ 6.743, 52.646 ], [ 6.873, 52.653 ], [ 6.939, 52.638 ], [ 6.977, 52.646 ], [ 7.006, 52.639 ], [ 6.995, 52.606 ], [ 7.033, 52.618 ], [ 7.045, 52.597 ], [ 7.049, 52.606 ], [ 7.069, 52.605 ], [ 7.109, 52.589 ], [ 7.109, 52.602 ], [ 7.121, 52.593 ], [ 7.142, 52.589 ], [ 7.119, 52.604 ], [ 7.128, 52.64 ], [ 7.159, 52.654 ], [ 7.192, 52.655 ], [ 7.162, 52.693 ], [ 7.134, 52.693 ], [ 7.14, 52.73 ], [ 7.217, 52.736 ], [ 7.237, 52.76 ], [ 7.25, 52.75 ], [ 7.272, 52.762 ], [ 7.256, 52.762 ], [ 7.259, 52.774 ], [ 7.331, 52.76 ], [ 7.35, 52.735 ], [ 7.382, 52.761 ], [ 7.422, 52.766 ], [ 7.449, 52.739 ], [ 7.448, 52.718 ], [ 7.476, 52.747 ], [ 7.555, 52.765 ], [ 7.624, 52.794 ], [ 7.685, 52.795 ] ] ] } },
{ "type": "Feature", "properties": { "wkr_nr": 32, "wkr_name": "Cloppenburg – Vechta", "land": "Niedersachsen", "wahlbeteiligung_prozent": 83.2, "union_prozent": 39.5, "afd_prozent": 20.6, "spd_prozent": 15.6, "gruene_prozent": 7.1, "linke_prozent": 6.2, "bsw_prozent": 3.3, "fdp_prozent": 4.5, "staerkste_partei": "union" }, "geometry": { "type": "Polygon", "coordinates": [ [ [ 7.648, 53.183 ], [ 7.775, 53.172 ], [ 7.79, 53.179 ], [ 7.854, 53.164 ], [ 7.84, 53.141 ], [ 7.885, 53.11 ], [ 7.902, 53.119 ], [ 7.966, 53.076 ], [ 8.015, 53.074 ], [ 8.082, 53.037 ], [ 8.124, 53.0 ], [ 8.122, 52.928 ], [ 8.157, 52.925 ], [ 8.157, 52.905 ], [ 8.231, 52.869 ], [ 8.332, 52.884 ], [ 8.356, 52.852 ], [ 8.406, 52.849 ], [ 8.397, 52.825 ], [ 8.473, 52.823 ], [ 8.45, 52.786 ], [ 8.472, 52.736 ], [ 8.446, 52.723 ], [ 8.41, 52.723 ], [ 8.336, 52.687 ], [ 8.31, 52.687 ], [ 8.294, 52.65 ], [ 8.313, 52.582 ], [ 8.344, 52.575 ], [ 8.345, 52.543 ], [ 8.314, 52.535 ], [ 8.308, 52.499 ], [ 8.246, 52.48 ], [ 8.203, 52.48 ], [ 8.159, 52.433 ], [ 8.132, 52.445 ], [ 8.061, 52.444 ], [ 8.052, 52.496 ], [ 8.064, 52.503 ], [ 8.014, 52.533 ], [ 8.037, 52.532 ], [ 8.041, 52.59 ], [ 8.072, 52.597 ], [ 8.088, 52.624 ], [ 8.019, 52.683 ], [ 7.973, 52.697 ], [ 7.918, 52.68 ], [ 7.855, 52.709 ], [ 7.803, 52.7 ], [ 7.795, 52.688 ], [ 7.764, 52.677 ], [ 7.69, 52.679 ], [ 7.635, 52.726 ], [ 7.715, 52.767 ], [ 7.682, 52.797 ], [ 7.713, 52.851 ], [ 7.784, 52.873 ], [ 7.832, 52.921 ], [ 7.741, 52.945 ], [ 7.741, 52.958 ], [ 7.716, 52.968 ], [ 7.713, 53.015 ], [ 7.612, 53.058 ], [ 7.648, 53.183 ] ], [ [ 7.791, 52.694 ], [ 7.794, 52.691 ], [ 7.795, 52.695 ], [ 7.791, 52.694 ] ] ] } },
{ "type": "Feature", "properties": { "wkr_nr": 33, "wkr_name": "Diepholz – Nienburg I", "land": "Niedersachsen", "wahlbeteiligung_prozent": 83.5, "union_prozent": 30.4, "afd_prozent": 17.6, "spd_prozent": 22.8, "gruene_prozent": 10.3, "linke_prozent": 6.8, "bsw_prozent": 3.7, "fdp_prozent": 4.6, "staerkste_partei": "union" }, "geometry": { "type": "Polygon", "coordinates": [ [ [ 8.771, 53.052 ], [ 8.822, 53.021 ], [ 8.867, 53.022 ], [ 8.862, 53.036 ], [ 8.867, 53.041 ], [ 8.894, 53.014 ], [ 8.928, 53.01 ], [ 8.933, 52.991 ], [ 8.909, 52.983 ], [ 8.904, 52.967 ], [ 8.952, 52.889 ], [ 8.966, 52.898 ], [ 8.982, 52.889 ], [ 9.004, 52.927 ], [ 9.062, 52.923 ], [ 9.08, 52.902 ], [ 9.116, 52.897 ], [ 9.162, 52.894 ], [ 9.167, 52.91 ], [ 9.177, 52.887 ], [ 9.211, 52.873 ], [ 9.182, 52.856 ], [ 9.221, 52.847 ], [ 9.2, 52.839 ], [ 9.194, 52.815 ], [ 9.242, 52.821 ], [ 9.251, 52.803 ], [ 9.293, 52.818 ], [ 9.308, 52.81 ], [ 9.304, 52.775 ], [ 9.326, 52.767 ], [ 9.3, 52.76 ], [ 9.307, 52.727 ], [ 9.28, 52.741 ], [ 9.299, 52.753 ], [ 9.286, 52.77 ], [ 9.254, 52.743 ], [ 9.215, 52.749 ], [ 9.162, 52.73 ], [ 9.116, 52.736 ], [ 9.104, 52.725 ], [ 9.015, 52.716 ], [ 9.007, 52.71 ], [ 9.03, 52.692 ], [ 9.012, 52.685 ], [ 9.019, 52.666 ], [ 9.004, 52.652 ], [ 8.986, 52.658 ], [ 8.933, 52.631 ], [ 8.883, 52.631 ], [ 8.873, 52.607 ], [ 8.901, 52.598 ], [ 8.898, 52.588 ], [ 8.955, 52.55 ], [ 8.943, 52.498 ], [ 8.967, 52.482 ], [ 8.995, 52.48 ], [ 8.999, 52.458 ], [ 8.978, 52.451 ], [ 8.987, 52.433 ], [ 8.941, 52.416 ], [ 8.938, 52.402 ], [ 8.892, 52.406 ], [ 8.889, 52.396 ], [ 8.855, 52.389 ], [ 8.787, 52.399 ], [ 8.746, 52.388 ], [ 8.725, 52.401 ], [ 8.707, 52.395 ], [ 8.718, 52.429 ], [ 8.703, 52.443 ], [ 8.702, 52.503 ], [ 8.69, 52.519 ], [ 8.671, 52.517 ], [ 8.653, 52.531 ], [ 8.557, 52.499 ], [ 8.509, 52.515 ], [ 8.459, 52.492 ], [ 8.454, 52.461 ], [ 8.418, 52.444 ], [ 8.297, 52.456 ], [ 8.311, 52.531 ], [ 8.35, 52.552 ], [ 8.344, 52.575 ], [ 8.323, 52.574 ], [ 8.311, 52.586 ], [ 8.294, 52.65 ], [ 8.31, 52.687 ], [ 8.336, 52.687 ], [ 8.41, 52.723 ], [ 8.446, 52.723 ], [ 8.472, 52.736 ], [ 8.45, 52.786 ], [ 8.459, 52.801 ], [ 8.517, 52.805 ], [ 8.547, 52.819 ], [ 8.539, 52.831 ], [ 8.634, 52.851 ], [ 8.638, 52.895 ], [ 8.657, 52.901 ], [ 8.645, 52.912 ], [ 8.694, 52.92 ], [ 8.688, 52.967 ], [ 8.655, 52.963 ], [ 8.642, 52.988 ], [ 8.69, 53.039 ], [ 8.711, 53.045 ], [ 8.735, 53.035 ], [ 8.771, 53.052 ] ] ] } },
{ "type": "Feature", "properties": { "wkr_nr": 34, "wkr_name": "Osterholz – Verden", "land": "Niedersachsen", "wahlbeteiligung_prozent": 84.7, "union_prozent": 28.0, "afd_prozent": 17.6, "spd_prozent": 23.0, "gruene_prozent": 12.4, "linke_prozent": 7.3, "bsw_prozent": 3.9, "fdp_prozent": 4.2, "staerkste_partei": "union" }, "geometry": { "type": "Polygon", "coordinates": [ [ [ 8.868, 53.396 ], [ 8.942, 53.365 ], [ 8.941, 53.342 ], [ 8.997, 53.323 ], [ 8.989, 53.308 ], [ 9.013, 53.301 ], [ 8.992, 53.27 ], [ 9.026, 53.247 ], [ 9.029, 53.196 ], [ 9.071, 53.151 ], [ 9.109, 53.144 ], [ 9.133, 53.168 ], [ 9.173, 53.172 ], [ 9.176, 53.184 ], [ 9.194, 53.173 ], [ 9.183, 53.164 ], [ 9.167, 53.168 ], [ 9.194, 53.147 ], [ 9.178, 53.139 ], [ 9.17, 53.1 ], [ 9.153, 53.1 ], [ 9.204, 53.036 ], [ 9.222, 53.043 ], [ 9.285, 53.029 ], [ 9.326, 53.007 ], [ 9.34, 53.015 ], [ 9.35, 53.004 ], [ 9.337, 52.987 ], [ 9.373, 52.982 ], [ 9.437, 53.003 ], [ 9.458, 52.989 ], [ 9.463, 52.958 ], [ 9.444, 52.949 ], [ 9.455, 52.917 ], [ 9.413, 52.898 ], [ 9.414, 52.879 ], [ 9.378, 52.854 ], [ 9.39, 52.833 ], [ 9.33, 52.817 ], [ 9.361, 52.803 ], [ 9.34, 52.801 ], [ 9.349, 52.779 ], [ 9.337, 52.773 ], [ 9.341, 52.783 ], [ 9.328, 52.768 ], [ 9.304, 52.775 ], [ 9.308, 52.81 ], [ 9.293, 52.818 ], [ 9.251, 52.803 ], [ 9.242, 52.821 ], [ 9.194, 52.815 ], [ 9.2, 52.839 ], [ 9.221, 52.847 ], [ 9.182, 52.856 ], [ 9.211, 52.873 ], [ 9.177, 52.887 ], [ 9.167, 52.91 ], [ 9.162, 52.894 ], [ 9.116, 52.897 ], [ 9.08, 52.902 ], [ 9.062, 52.923 ], [ 9.004, 52.927 ], [ 8.982, 52.889 ], [ 8.966, 52.898 ], [ 8.952, 52.889 ], [ 8.904, 52.968 ], [ 8.909, 52.983 ], [ 8.933, 52.992 ], [ 8.918, 53.013 ], [ 8.936, 53.014 ], [ 8.98, 53.047 ], [ 8.964, 53.057 ], [ 8.961, 53.085 ], [ 8.991, 53.097 ], [ 8.963, 53.1 ], [ 8.947, 53.116 ], [ 8.984, 53.126 ], [ 8.957, 53.147 ], [ 8.94, 53.152 ], [ 8.912, 53.133 ], [ 8.864, 53.132 ], [ 8.829, 53.164 ], [ 8.775, 53.159 ], [ 8.741, 53.165 ], [ 8.729, 53.18 ], [ 8.706, 53.175 ], [ 8.699, 53.185 ], [ 8.664, 53.176 ], [ 8.628, 53.198 ], [ 8.593, 53.184 ], [ 8.581, 53.199 ], [ 8.599, 53.213 ], [ 8.578, 53.217 ], [ 8.554, 53.208 ], [ 8.517, 53.228 ], [ 8.485, 53.227 ], [ 8.5, 53.367 ], [ 8.518, 53.321 ], [ 8.503, 53.294 ], [ 8.546, 53.285 ], [ 8.563, 53.298 ], [ 8.661, 53.282 ], [ 8.676, 53.297 ], [ 8.728, 53.301 ], [ 8.722, 53.315 ], [ 8.759, 53.327 ], [ 8.771, 53.321 ], [ 8.736, 53.362 ], [ 8.783, 53.376 ], [ 8.789, 53.389 ], [ 8.868, 53.396 ] ], [ [ 8.613, 53.199 ], [ 8.615, 53.196 ], [ 8.616, 53.197 ], [ 8.613, 53.199 ] ] ] } },
{ "type": "Feature", "properties": { "wkr_nr": 35, "wkr_name": "Rotenburg I – Heidekreis", "land": "Niedersachsen", "wahlbeteiligung_prozent": 82.9, "union_prozent": 28.1, "afd_prozent": 19.8, "spd_prozent": 24.8, "gruene_prozent": 9.2, "linke_prozent": 7.1, "bsw_prozent": 3.4, "fdp_prozent": 3.7, "staerkste_partei": "union" }, "geometry": { "type": "MultiPolygon", "coordinates": [ [ [ [ 9.601, 53.259 ], [ 9.624, 53.227 ], [ 9.728, 53.216 ], [ 9.794, 53.188 ], [ 9.851, 53.21 ], [ 9.913, 53.174 ], [ 9.956, 53.181 ], [ 10.001, 53.174 ], [ 9.997, 53.159 ], [ 10.049, 53.151 ], [ 10.118, 53.106 ], [ 10.064, 53.072 ], [ 10.077, 53.066 ], [ 10.046, 53.069 ], [ 10.036, 53.062 ], [ 10.069, 53.043 ], [ 10.146, 53.047 ], [ 10.151, 53.036 ], [ 10.166, 53.042 ], [ 10.158, 53.064 ], [ 10.199, 53.079 ], [ 10.219, 53.057 ], [ 10.218, 53.024 ], [ 10.157, 53.027 ], [ 10.159, 53.014 ], [ 10.216, 53.008 ], [ 10.237, 52.936 ], [ 10.191, 52.923 ], [ 10.163, 52.937 ], [ 10.157, 52.917 ], [ 10.117, 52.913 ], [ 10.119, 52.898 ], [ 10.07, 52.906 ], [ 9.975, 52.867 ], [ 9.945, 52.892 ], [ 9.891, 52.891 ], [ 9.889, 52.9 ], [ 9.877, 52.895 ], [ 9.87, 52.898 ], [ 9.886, 52.901 ], [ 9.882, 52.906 ], [ 9.864, 52.9 ], [ 9.864, 52.886 ], [ 9.839, 52.872 ], [ 9.858, 52.841 ], [ 9.832, 52.83 ], [ 9.816, 52.782 ], [ 9.829, 52.78 ], [ 9.831, 52.746 ], [ 9.752, 52.732 ], [ 9.761, 52.715 ], [ 9.728, 52.709 ], [ 9.746, 52.651 ], [ 9.728, 52.634 ], [ 9.712, 52.634 ], [ 9.714, 52.614 ], [ 9.697, 52.599 ], [ 9.644, 52.606 ], [ 9.635, 52.626 ], [ 9.662, 52.634 ], [ 9.6, 52.647 ], [ 9.592, 52.676 ], [ 9.54, 52.671 ], [ 9.543, 52.664 ], [ 9.525, 52.66 ], [ 9.504, 52.679 ], [ 9.511, 52.701 ], [ 9.481, 52.705 ], [ 9.481, 52.727 ], [ 9.419, 52.725 ], [ 9.37, 52.736 ], [ 9.348, 52.715 ], [ 9.322, 52.721 ], [ 9.35, 52.726 ], [ 9.331, 52.741 ], [ 9.341, 52.752 ], [ 9.317, 52.759 ], [ 9.33, 52.778 ], [ 9.349, 52.778 ], [ 9.34, 52.801 ], [ 9.361, 52.803 ], [ 9.33, 52.817 ], [ 9.39, 52.833 ], [ 9.378, 52.854 ], [ 9.414, 52.879 ], [ 9.413, 52.898 ], [ 9.452, 52.913 ], [ 9.458, 52.989 ], [ 9.437, 53.003 ], [ 9.373, 52.982 ], [ 9.337, 52.987 ], [ 9.35, 53.004 ], [ 9.34, 53.015 ], [ 9.326, 53.007 ], [ 9.285, 53.029 ], [ 9.222, 53.043 ], [ 9.204, 53.036 ], [ 9.153, 53.099 ], [ 9.17, 53.1 ], [ 9.178, 53.139 ], [ 9.194, 53.147 ], [ 9.166, 53.164 ], [ 9.196, 53.17 ], [ 9.176, 53.184 ], [ 9.194, 53.211 ], [ 9.224, 53.213 ], [ 9.219, 53.194 ], [ 9.252, 53.183 ], [ 9.307, 53.192 ], [ 9.34, 53.176 ], [ 9.36, 53.181 ], [ 9.361, 53.21 ], [ 9.4, 53.219 ], [ 9.441, 53.247 ], [ 9.479, 53.232 ], [ 9.575, 53.257 ], [ 9.601, 53.259 ] ] ], [ [ [ 9.17, 53.178 ], [ 9.153, 53.167 ], [ 9.145, 53.169 ], [ 9.17, 53.178 ] ] ] ] } },
{ "type": "Feature", "properties": { "wkr_nr": 36, "wkr_name": "Harburg", "land": "Niedersachsen", "wahlbeteiligung_prozent": 86.4, "union_prozent": 30.4, "afd_prozent": 16.8, "spd_prozent": 20.5, "gruene_prozent": 12.9, "linke_prozent": 7.1, "bsw_prozent": 3.6, "fdp_prozent": 4.9, "staerkste_partei": "union" }, "geometry": { "type": "MultiPolygon", "coordinates": [ [ [ [ 9.769, 53.505 ], [ 9.802, 53.493 ], [ 9.807, 53.463 ], [ 9.862, 53.43 ], [ 9.869, 53.445 ], [ 9.904, 53.457 ], [ 9.921, 53.437 ], [ 9.916, 53.414 ], [ 9.949, 53.431 ], [ 9.984, 53.415 ], [ 10.029, 53.435 ], [ 10.021, 53.447 ], [ 10.046, 53.447 ], [ 10.052, 53.464 ], [ 10.173, 53.397 ], [ 10.237, 53.396 ], [ 10.26, 53.419 ], [ 10.309, 53.433 ], [ 10.375, 53.425 ], [ 10.471, 53.38 ], [ 10.435, 53.364 ], [ 10.44, 53.355 ], [ 10.364, 53.371 ], [ 10.366, 53.36 ], [ 10.323, 53.36 ], [ 10.326, 53.335 ], [ 10.296, 53.333 ], [ 10.294, 53.328 ], [ 10.266, 53.334 ], [ 10.256, 53.315 ], [ 10.227, 53.315 ], [ 10.212, 53.294 ], [ 10.242, 53.285 ], [ 10.258, 53.29 ], [ 10.24, 53.271 ], [ 10.258, 53.261 ], [ 10.228, 53.248 ], [ 10.212, 53.252 ], [ 10.206, 53.235 ], [ 10.195, 53.238 ], [ 10.196, 53.224 ], [ 10.209, 53.227 ], [ 10.234, 53.21 ], [ 10.236, 53.193 ], [ 10.183, 53.179 ], [ 10.168, 53.189 ], [ 10.112, 53.17 ], [ 10.1, 53.137 ], [ 10.075, 53.129 ], [ 10.049, 53.151 ], [ 9.997, 53.159 ], [ 10.001, 53.174 ], [ 9.985, 53.179 ], [ 9.913, 53.174 ], [ 9.851, 53.21 ], [ 9.799, 53.187 ], [ 9.728, 53.216 ], [ 9.624, 53.227 ], [ 9.602, 53.24 ], [ 9.59, 53.292 ], [ 9.604, 53.289 ], [ 9.604, 53.295 ], [ 9.561, 53.341 ], [ 9.603, 53.369 ], [ 9.618, 53.367 ], [ 9.62, 53.386 ], [ 9.647, 53.395 ], [ 9.652, 53.41 ], [ 9.705, 53.416 ], [ 9.741, 53.438 ], [ 9.783, 53.44 ], [ 9.772, 53.481 ], [ 9.738, 53.491 ], [ 9.765, 53.495 ], [ 9.769, 53.505 ] ] ], [ [ [ 10.302, 53.331 ], [ 10.306, 53.329 ], [ 10.301, 53.33 ], [ 10.302, 53.331 ] ] ], [ [ [ 10.253, 53.301 ], [ 10.251, 53.296 ], [ 10.249, 53.297 ], [ 10.253, 53.301 ] ] ] ] } },
{ "type": "Feature", "properties": { "wkr_nr": 37, "wkr_name": "Lüchow-Dannenberg – Lüneburg", "land": "Niedersachsen", "wahlbeteiligung_prozent": 84.9, "union_prozent": 24.1, "afd_prozent": 16.2, "spd_prozent": 21.0, "gruene_prozent": 16.6, "linke_prozent": 10.4, "bsw_prozent": 3.9, "fdp_prozent": 3.6, "staerkste_partei": "union" }, "geometry": { "type": "Polygon", "coordinates": [ [ [ 10.578, 53.36 ], [ 10.616, 53.37 ], [ 10.701, 53.37 ], [ 10.738, 53.342 ], [ 10.763, 53.339 ], [ 10.76, 53.33 ], [ 10.836, 53.305 ], [ 10.919, 53.348 ], [ 10.956, 53.333 ], [ 10.988, 53.333 ], [ 11.009, 53.281 ], [ 11.028, 53.279 ], [ 11.08, 53.221 ], [ 11.138, 53.203 ], [ 11.137, 53.192 ], [ 11.194, 53.181 ], [ 11.172, 53.157 ], [ 11.185, 53.136 ], [ 11.216, 53.144 ], [ 11.246, 53.136 ], [ 11.273, 53.097 ], [ 11.334, 53.057 ], [ 11.448, 53.078 ], [ 11.507, 53.048 ], [ 11.548, 53.052 ], [ 11.598, 53.036 ], [ 11.559, 53.013 ], [ 11.556, 52.999 ], [ 11.512, 53.007 ], [ 11.492, 52.96 ], [ 11.505, 52.941 ], [ 11.47, 52.939 ], [ 11.407, 52.904 ], [ 11.295, 52.875 ], [ 11.291, 52.889 ], [ 11.244, 52.879 ], [ 11.221, 52.898 ], [ 11.155, 52.906 ], [ 11.107, 52.896 ], [ 11.093, 52.899 ], [ 11.099, 52.913 ], [ 11.038, 52.913 ], [ 10.998, 52.91 ], [ 10.986, 52.882 ], [ 10.94, 52.853 ], [ 10.896, 52.856 ], [ 10.885, 52.846 ], [ 10.869, 52.855 ], [ 10.832, 52.854 ], [ 10.804, 52.867 ], [ 10.827, 52.881 ], [ 10.805, 52.897 ], [ 10.843, 52.932 ], [ 10.862, 52.929 ], [ 10.852, 52.94 ], [ 10.873, 52.964 ], [ 10.853, 52.961 ], [ 10.841, 52.98 ], [ 10.893, 52.998 ], [ 10.89, 53.018 ], [ 10.872, 53.019 ], [ 10.861, 53.044 ], [ 10.84, 53.044 ], [ 10.833, 53.077 ], [ 10.768, 53.097 ], [ 10.776, 53.114 ], [ 10.755, 53.111 ], [ 10.755, 53.123 ], [ 10.715, 53.145 ], [ 10.632, 53.159 ], [ 10.629, 53.174 ], [ 10.661, 53.177 ], [ 10.659, 53.19 ], [ 10.64, 53.183 ], [ 10.607, 53.192 ], [ 10.584, 53.171 ], [ 10.569, 53.18 ], [ 10.543, 53.173 ], [ 10.509, 53.204 ], [ 10.444, 53.173 ], [ 10.45, 53.161 ], [ 10.397, 53.15 ], [ 10.389, 53.114 ], [ 10.329, 53.114 ], [ 10.314, 53.089 ], [ 10.276, 53.096 ], [ 10.23, 53.085 ], [ 10.212, 53.068 ], [ 10.199, 53.079 ], [ 10.176, 53.075 ], [ 10.146, 53.047 ], [ 10.069, 53.043 ], [ 10.043, 53.052 ], [ 10.046, 53.069 ], [ 10.077, 53.066 ], [ 10.064, 53.072 ], [ 10.118, 53.106 ], [ 10.075, 53.129 ], [ 10.1, 53.137 ], [ 10.11, 53.169 ], [ 10.168, 53.189 ], [ 10.183, 53.179 ], [ 10.236, 53.193 ], [ 10.234, 53.21 ], [ 10.209, 53.227 ], [ 10.196, 53.224 ], [ 10.195, 53.238 ], [ 10.206, 53.235 ], [ 10.212, 53.252 ], [ 10.228, 53.248 ], [ 10.258, 53.261 ], [ 10.24, 53.271 ], [ 10.258, 53.29 ], [ 10.242, 53.285 ], [ 10.212, 53.294 ], [ 10.229, 53.315 ], [ 10.256, 53.315 ], [ 10.266, 53.334 ], [ 10.294, 53.328 ], [ 10.296, 53.333 ], [ 10.326, 53.335 ], [ 10.323, 53.36 ], [ 10.366, 53.36 ], [ 10.364, 53.371 ], [ 10.44, 53.355 ], [ 10.434, 53.363 ], [ 10.457, 53.368 ], [ 10.469, 53.386 ], [ 10.578, 53.36 ] ], [ [ 10.307, 53.33 ], [ 10.301, 53.33 ], [ 10.306, 53.329 ], [ 10.307, 53.33 ] ], [ [ 10.253, 53.301 ], [ 10.251, 53.296 ], [ 10.255, 53.3 ], [ 10.253, 53.301 ] ] ] } },
{ "type": "Feature", "properties": { "wkr_nr": 38, "wkr_name": "Osnabrück-Land", "land": "Niedersachsen", "wahlbeteiligung_prozent": 84.1, "union_prozent": 32.1, "afd_prozent": 18.1, "spd_prozent": 22.2, "gruene_prozent": 9.9, "linke_prozent": 6.5, "bsw_prozent": 3.7, "fdp_prozent": 4.3, "staerkste_partei": "union" }, "geometry": { "type": "MultiPolygon", "coordinates": [ [ [ [ 7.855, 52.709 ], [ 7.918, 52.68 ], [ 7.977, 52.696 ], [ 8.019, 52.683 ], [ 8.073, 52.645 ], [ 8.088, 52.624 ], [ 8.072, 52.597 ], [ 8.041, 52.59 ], [ 8.037, 52.532 ], [ 8.014, 52.533 ], [ 8.064, 52.503 ], [ 8.052, 52.496 ], [ 8.061, 52.444 ], [ 8.132, 52.445 ], [ 8.159, 52.433 ], [ 8.203, 52.48 ], [ 8.246, 52.48 ], [ 8.307, 52.5 ], [ 8.297, 52.456 ], [ 8.322, 52.426 ], [ 8.314, 52.406 ], [ 8.439, 52.363 ], [ 8.472, 52.315 ], [ 8.458, 52.302 ], [ 8.468, 52.247 ], [ 8.442, 52.213 ], [ 8.46, 52.196 ], [ 8.517, 52.185 ], [ 8.482, 52.16 ], [ 8.413, 52.138 ], [ 8.405, 52.111 ], [ 8.373, 52.11 ], [ 8.324, 52.126 ], [ 8.311, 52.118 ], [ 8.285, 52.125 ], [ 8.287, 52.135 ], [ 8.267, 52.132 ], [ 8.263, 52.12 ], [ 8.246, 52.121 ], [ 8.209, 52.097 ], [ 8.192, 52.073 ], [ 8.152, 52.076 ], [ 8.096, 52.057 ], [ 8.033, 52.068 ], [ 7.981, 52.036 ], [ 7.917, 52.052 ], [ 7.885, 52.083 ], [ 7.972, 52.116 ], [ 8.008, 52.115 ], [ 7.997, 52.154 ], [ 8.023, 52.16 ], [ 8.018, 52.173 ], [ 8.039, 52.17 ], [ 8.04, 52.179 ], [ 8.096, 52.168 ], [ 8.134, 52.18 ], [ 8.133, 52.203 ], [ 8.152, 52.208 ], [ 8.121, 52.26 ], [ 8.157, 52.266 ], [ 8.208, 52.295 ], [ 8.201, 52.315 ], [ 8.166, 52.322 ], [ 8.173, 52.352 ], [ 8.133, 52.365 ], [ 8.143, 52.371 ], [ 8.127, 52.378 ], [ 8.101, 52.364 ], [ 8.041, 52.359 ], [ 7.942, 52.376 ], [ 7.927, 52.364 ], [ 7.892, 52.381 ], [ 7.807, 52.371 ], [ 7.714, 52.401 ], [ 7.684, 52.457 ], [ 7.609, 52.474 ], [ 7.622, 52.584 ], [ 7.612, 52.623 ], [ 7.695, 52.663 ], [ 7.688, 52.679 ], [ 7.764, 52.677 ], [ 7.795, 52.688 ], [ 7.803, 52.7 ], [ 7.855, 52.709 ] ] ], [ [ [ 7.795, 52.695 ], [ 7.79, 52.692 ], [ 7.793, 52.695 ], [ 7.795, 52.695 ] ] ] ] } },
{ "type": "Feature", "properties": { "wkr_nr": 39, "wkr_name": "Stadt Osnabrück", "land": "Niedersachsen", "wahlbeteiligung_prozent": 84.0, "union_prozent": 26.3, "afd_prozent": 11.5, "spd_prozent": 24.5, "gruene_prozent": 16.0, "linke_prozent": 11.1, "bsw_prozent": 3.4, "fdp_prozent": 4.1, "staerkste_partei": "union" }, "geometry": { "type": "Polygon", "coordinates": [ [ [ 8.127, 52.375 ], [ 8.173, 52.352 ], [ 8.166, 52.322 ], [ 8.201, 52.315 ], [ 8.208, 52.295 ], [ 8.157, 52.266 ], [ 8.121, 52.26 ], [ 8.152, 52.208 ], [ 8.133, 52.203 ], [ 8.134, 52.18 ], [ 8.083, 52.168 ], [ 8.04, 52.179 ], [ 8.039, 52.17 ], [ 7.974, 52.171 ], [ 7.913, 52.185 ], [ 7.9, 52.208 ], [ 7.927, 52.227 ], [ 7.925, 52.262 ], [ 7.956, 52.272 ], [ 7.931, 52.286 ], [ 7.931, 52.302 ], [ 7.991, 52.31 ], [ 7.949, 52.335 ], [ 7.941, 52.376 ], [ 8.041, 52.359 ], [ 8.127, 52.375 ] ] ] } },
{ "type": "Feature", "properties": { "wkr_nr": 40, "wkr_name": "Nienburg II – Schaumburg", "land": "Niedersachsen", "wahlbeteiligung_prozent": 82.5, "union_prozent": 27.4, "afd_prozent": 20.6, "spd_prozent": 24.3, "gruene_prozent": 9.9, "linke_prozent": 6.5, "bsw_prozent": 3.7, "fdp_prozent": 3.8, "staerkste_partei": "union" }, "geometry": { "type": "Polygon", "coordinates": [ [ [ 9.295, 52.758 ], [ 9.28, 52.741 ], [ 9.296, 52.727 ], [ 9.31, 52.733 ], [ 9.303, 52.765 ], [ 9.341, 52.752 ], [ 9.331, 52.741 ], [ 9.35, 52.726 ], [ 9.324, 52.722 ], [ 9.332, 52.715 ], [ 9.348, 52.715 ], [ 9.37, 52.736 ], [ 9.419, 52.725 ], [ 9.481, 52.727 ], [ 9.481, 52.705 ], [ 9.507, 52.704 ], [ 9.504, 52.679 ], [ 9.535, 52.66 ], [ 9.523, 52.623 ], [ 9.46, 52.641 ], [ 9.425, 52.617 ], [ 9.354, 52.609 ], [ 9.343, 52.582 ], [ 9.371, 52.571 ], [ 9.369, 52.561 ], [ 9.276, 52.547 ], [ 9.238, 52.53 ], [ 9.269, 52.508 ], [ 9.267, 52.476 ], [ 9.239, 52.47 ], [ 9.278, 52.462 ], [ 9.284, 52.439 ], [ 9.348, 52.446 ], [ 9.393, 52.434 ], [ 9.369, 52.436 ], [ 9.318, 52.391 ], [ 9.35, 52.383 ], [ 9.411, 52.405 ], [ 9.422, 52.363 ], [ 9.435, 52.364 ], [ 9.419, 52.339 ], [ 9.398, 52.333 ], [ 9.408, 52.299 ], [ 9.448, 52.274 ], [ 9.441, 52.26 ], [ 9.388, 52.246 ], [ 9.368, 52.221 ], [ 9.353, 52.23 ], [ 9.325, 52.212 ], [ 9.286, 52.221 ], [ 9.217, 52.193 ], [ 9.161, 52.189 ], [ 9.162, 52.173 ], [ 9.195, 52.142 ], [ 9.162, 52.146 ], [ 9.186, 52.133 ], [ 9.185, 52.119 ], [ 9.162, 52.098 ], [ 9.135, 52.094 ], [ 9.159, 52.12 ], [ 9.145, 52.135 ], [ 9.099, 52.133 ], [ 9.063, 52.148 ], [ 9.011, 52.136 ], [ 9.022, 52.172 ], [ 8.986, 52.195 ], [ 9.045, 52.184 ], [ 9.036, 52.225 ], [ 9.052, 52.22 ], [ 9.077, 52.233 ], [ 8.975, 52.263 ], [ 8.979, 52.275 ], [ 8.964, 52.279 ], [ 8.988, 52.288 ], [ 8.998, 52.326 ], [ 9.027, 52.346 ], [ 9.058, 52.34 ], [ 9.085, 52.356 ], [ 9.095, 52.387 ], [ 9.125, 52.412 ], [ 9.095, 52.443 ], [ 9.134, 52.482 ], [ 9.099, 52.497 ], [ 9.053, 52.5 ], [ 9.017, 52.46 ], [ 8.996, 52.459 ], [ 8.995, 52.48 ], [ 8.967, 52.482 ], [ 8.943, 52.498 ], [ 8.952, 52.555 ], [ 8.898, 52.588 ], [ 8.901, 52.598 ], [ 8.873, 52.607 ], [ 8.873, 52.622 ], [ 8.883, 52.631 ], [ 8.933, 52.631 ], [ 8.986, 52.658 ], [ 9.004, 52.652 ], [ 9.019, 52.666 ], [ 9.012, 52.685 ], [ 9.03, 52.692 ], [ 9.007, 52.71 ], [ 9.015, 52.716 ], [ 9.104, 52.725 ], [ 9.116, 52.736 ], [ 9.162, 52.73 ], [ 9.215, 52.749 ], [ 9.254, 52.743 ], [ 9.286, 52.77 ], [ 9.295, 52.758 ] ] ] } },
{ "type": "Feature", "properties": { "wkr_nr": 41, "wkr_name": "Stadt Hannover I", "land": "Niedersachsen", "wahlbeteiligung_prozent": 81.9, "union_prozent": 21.4, "afd_prozent": 12.9, "spd_prozent": 23.7, "gruene_prozent": 18.0, "linke_prozent": 11.9, "bsw_prozent": 4.5, "fdp_prozent": 4.3, "staerkste_partei": "spd" }, "geometry": { "type": "Polygon", "coordinates": [ [ [ 9.876, 52.346 ], [ 9.849, 52.343 ], [ 9.838, 52.372 ], [ 9.791, 52.358 ], [ 9.778, 52.373 ], [ 9.752, 52.374 ], [ 9.717, 52.396 ], [ 9.651, 52.396 ], [ 9.644, 52.413 ], [ 9.61, 52.394 ], [ 9.613, 52.421 ], [ 9.645, 52.433 ], [ 9.731, 52.423 ], [ 9.727, 52.429 ], [ 9.764, 52.428 ], [ 9.772, 52.453 ], [ 9.821, 52.448 ], [ 9.819, 52.429 ], [ 9.84, 52.421 ], [ 9.888, 52.422 ], [ 9.89, 52.41 ], [ 9.902, 52.415 ], [ 9.918, 52.405 ], [ 9.885, 52.397 ], [ 9.897, 52.36 ], [ 9.88, 52.358 ], [ 9.876, 52.346 ] ] ] } },
{ "type": "Feature", "properties": { "wkr_nr": 42, "wkr_name": "Stadt Hannover II", "land": "Niedersachsen", "wahlbeteiligung_prozent": 83.8, "union_prozent": 18.8, "afd_prozent": 10.4, "spd_prozent": 22.1, "gruene_prozent": 21.3, "linke_prozent": 16.5, "bsw_prozent": 3.9, "fdp_prozent": 3.9, "staerkste_partei": "spd" }, "geometry": { "type": "Polygon", "coordinates": [ [ [ 9.876, 52.346 ], [ 9.879, 52.326 ], [ 9.861, 52.321 ], [ 9.861, 52.306 ], [ 9.831, 52.307 ], [ 9.794, 52.326 ], [ 9.768, 52.319 ], [ 9.742, 52.336 ], [ 9.682, 52.313 ], [ 9.68, 52.346 ], [ 9.636, 52.361 ], [ 9.661, 52.37 ], [ 9.645, 52.382 ], [ 9.665, 52.398 ], [ 9.696, 52.398 ], [ 9.752, 52.374 ], [ 9.778, 52.373 ], [ 9.791, 52.358 ], [ 9.838, 52.372 ], [ 9.849, 52.343 ], [ 9.876, 52.346 ] ] ] } },
{ "type": "Feature", "properties": { "wkr_nr": 43, "wkr_name": "Hannover-Land I", "land": "Niedersachsen", "wahlbeteiligung_prozent": 84.6, "union_prozent": 29.8, "afd_prozent": 17.4, "spd_prozent": 22.7, "gruene_prozent": 11.4, "linke_prozent": 6.9, "bsw_prozent": 3.9, "fdp_prozent": 4.6, "staerkste_partei": "union" }, "geometry": { "type": "Polygon", "coordinates": [ [ [ 9.588, 52.677 ], [ 9.6, 52.647 ], [ 9.662, 52.634 ], [ 9.635, 52.626 ], [ 9.644, 52.606 ], [ 9.699, 52.6 ], [ 9.712, 52.634 ], [ 9.735, 52.638 ], [ 9.804, 52.607 ], [ 9.835, 52.606 ], [ 9.831, 52.596 ], [ 9.848, 52.608 ], [ 9.889, 52.603 ], [ 9.881, 52.59 ], [ 9.907, 52.597 ], [ 9.967, 52.59 ], [ 9.967, 52.578 ], [ 9.99, 52.578 ], [ 9.965, 52.554 ], [ 9.995, 52.544 ], [ 9.987, 52.536 ], [ 10.077, 52.537 ], [ 10.083, 52.522 ], [ 10.055, 52.496 ], [ 10.103, 52.444 ], [ 10.083, 52.409 ], [ 10.056, 52.419 ], [ 10.055, 52.408 ], [ 10.035, 52.41 ], [ 10.003, 52.431 ], [ 9.945, 52.431 ], [ 9.888, 52.416 ], [ 9.851, 52.427 ], [ 9.84, 52.421 ], [ 9.819, 52.429 ], [ 9.821, 52.448 ], [ 9.772, 52.453 ], [ 9.764, 52.428 ], [ 9.727, 52.429 ], [ 9.731, 52.423 ], [ 9.638, 52.433 ], [ 9.613, 52.421 ], [ 9.607, 52.398 ], [ 9.592, 52.409 ], [ 9.573, 52.403 ], [ 9.555, 52.418 ], [ 9.506, 52.423 ], [ 9.442, 52.364 ], [ 9.422, 52.363 ], [ 9.42, 52.394 ], [ 9.4, 52.407 ], [ 9.379, 52.392 ], [ 9.325, 52.383 ], [ 9.332, 52.413 ], [ 9.367, 52.424 ], [ 9.369, 52.436 ], [ 9.393, 52.434 ], [ 9.348, 52.446 ], [ 9.284, 52.439 ], [ 9.278, 52.462 ], [ 9.239, 52.47 ], [ 9.267, 52.476 ], [ 9.269, 52.508 ], [ 9.238, 52.53 ], [ 9.276, 52.547 ], [ 9.369, 52.561 ], [ 9.371, 52.571 ], [ 9.343, 52.582 ], [ 9.354, 52.609 ], [ 9.425, 52.617 ], [ 9.46, 52.641 ], [ 9.523, 52.623 ], [ 9.54, 52.671 ], [ 9.588, 52.677 ] ] ] } },
{ "type": "Feature", "properties": { "wkr_nr": 44, "wkr_name": "Celle – Uelzen", "land": "Niedersachsen", "wahlbeteiligung_prozent": 82.3, "union_prozent": 29.7, "afd_prozent": 20.3, "spd_prozent": 20.9, "gruene_prozent": 10.2, "linke_prozent": 7.0, "bsw_prozent": 3.6, "fdp_prozent": 4.3, "staerkste_partei": "union" }, "geometry": { "type": "MultiPolygon", "coordinates": [ [ [ [ 10.509, 53.204 ], [ 10.538, 53.174 ], [ 10.569, 53.18 ], [ 10.581, 53.171 ], [ 10.607, 53.192 ], [ 10.64, 53.183 ], [ 10.659, 53.19 ], [ 10.661, 53.177 ], [ 10.629, 53.174 ], [ 10.632, 53.159 ], [ 10.715, 53.145 ], [ 10.755, 53.123 ], [ 10.755, 53.111 ], [ 10.776, 53.114 ], [ 10.768, 53.097 ], [ 10.833, 53.077 ], [ 10.84, 53.044 ], [ 10.861, 53.044 ], [ 10.872, 53.019 ], [ 10.89, 53.018 ], [ 10.893, 52.998 ], [ 10.841, 52.98 ], [ 10.853, 52.961 ], [ 10.873, 52.964 ], [ 10.852, 52.94 ], [ 10.862, 52.929 ], [ 10.843, 52.932 ], [ 10.805, 52.897 ], [ 10.827, 52.881 ], [ 10.804, 52.867 ], [ 10.84, 52.85 ], [ 10.767, 52.842 ], [ 10.759, 52.796 ], [ 10.695, 52.782 ], [ 10.67, 52.765 ], [ 10.594, 52.795 ], [ 10.552, 52.832 ], [ 10.524, 52.832 ], [ 10.459, 52.809 ], [ 10.444, 52.816 ], [ 10.396, 52.775 ], [ 10.403, 52.759 ], [ 10.363, 52.722 ], [ 10.378, 52.695 ], [ 10.369, 52.69 ], [ 10.384, 52.691 ], [ 10.406, 52.658 ], [ 10.38, 52.633 ], [ 10.417, 52.607 ], [ 10.382, 52.573 ], [ 10.411, 52.573 ], [ 10.411, 52.564 ], [ 10.392, 52.555 ], [ 10.378, 52.561 ], [ 10.383, 52.547 ], [ 10.352, 52.561 ], [ 10.338, 52.54 ], [ 10.305, 52.534 ], [ 10.306, 52.523 ], [ 10.282, 52.528 ], [ 10.283, 52.517 ], [ 10.26, 52.518 ], [ 10.274, 52.511 ], [ 10.267, 52.488 ], [ 10.178, 52.513 ], [ 10.135, 52.499 ], [ 10.101, 52.512 ], [ 10.077, 52.537 ], [ 9.987, 52.536 ], [ 9.995, 52.544 ], [ 9.965, 52.554 ], [ 9.99, 52.578 ], [ 9.967, 52.578 ], [ 9.967, 52.59 ], [ 9.907, 52.597 ], [ 9.881, 52.59 ], [ 9.889, 52.603 ], [ 9.848, 52.608 ], [ 9.831, 52.596 ], [ 9.835, 52.606 ], [ 9.804, 52.607 ], [ 9.768, 52.63 ], [ 9.741, 52.631 ], [ 9.744, 52.669 ], [ 9.729, 52.676 ], [ 9.738, 52.693 ], [ 9.726, 52.707 ], [ 9.761, 52.715 ], [ 9.752, 52.732 ], [ 9.831, 52.746 ], [ 9.829, 52.78 ], [ 9.816, 52.782 ], [ 9.832, 52.83 ], [ 9.858, 52.841 ], [ 9.839, 52.872 ], [ 9.864, 52.886 ], [ 9.864, 52.9 ], [ 9.882, 52.906 ], [ 9.87, 52.898 ], [ 9.889, 52.9 ], [ 9.891, 52.891 ], [ 9.945, 52.892 ], [ 9.975, 52.867 ], [ 10.07, 52.906 ], [ 10.119, 52.898 ], [ 10.117, 52.913 ], [ 10.157, 52.917 ], [ 10.163, 52.937 ], [ 10.191, 52.923 ], [ 10.223, 52.928 ], [ 10.237, 52.936 ], [ 10.216, 53.008 ], [ 10.159, 53.014 ], [ 10.157, 53.027 ], [ 10.218, 53.024 ], [ 10.212, 53.076 ], [ 10.276, 53.096 ], [ 10.314, 53.089 ], [ 10.329, 53.114 ], [ 10.389, 53.114 ], [ 10.397, 53.15 ], [ 10.45, 53.161 ], [ 10.444, 53.173 ], [ 10.509, 53.204 ] ] ], [ [ [ 10.202, 53.069 ], [ 10.199, 53.067 ], [ 10.199, 53.07 ], [ 10.202, 53.069 ] ] ], [ [ [ 10.166, 53.042 ], [ 10.146, 53.047 ], [ 10.154, 53.057 ], [ 10.166, 53.042 ] ] ] ] } },
{ "type": "Feature", "properties": { "wkr_nr": 45, "wkr_name": "Gifhorn – Peine", "land": "Niedersachsen", "wahlbeteiligung_prozent": 84.7, "union_prozent": 27.5, "afd_prozent": 21.3, "spd_prozent": 23.9, "gruene_prozent": 9.5, "linke_prozent": 6.5, "bsw_prozent": 3.8, "fdp_prozent": 3.7, "staerkste_partei": "union" }, "geometry": { "type": "Polygon", "coordinates": [ [ [ 10.56, 52.828 ], [ 10.594, 52.795 ], [ 10.67, 52.765 ], [ 10.695, 52.782 ], [ 10.759, 52.796 ], [ 10.797, 52.714 ], [ 10.829, 52.717 ], [ 10.903, 52.633 ], [ 10.831, 52.615 ], [ 10.707, 52.601 ], [ 10.699, 52.575 ], [ 10.728, 52.556 ], [ 10.726, 52.538 ], [ 10.641, 52.474 ], [ 10.674, 52.462 ], [ 10.647, 52.444 ], [ 10.671, 52.378 ], [ 10.622, 52.387 ], [ 10.605, 52.376 ], [ 10.618, 52.346 ], [ 10.569, 52.352 ], [ 10.538, 52.328 ], [ 10.529, 52.339 ], [ 10.546, 52.348 ], [ 10.521, 52.358 ], [ 10.497, 52.346 ], [ 10.477, 52.352 ], [ 10.478, 52.336 ], [ 10.493, 52.334 ], [ 10.485, 52.32 ], [ 10.417, 52.328 ], [ 10.418, 52.286 ], [ 10.441, 52.281 ], [ 10.421, 52.267 ], [ 10.453, 52.257 ], [ 10.428, 52.246 ], [ 10.436, 52.226 ], [ 10.407, 52.223 ], [ 10.347, 52.176 ], [ 10.32, 52.177 ], [ 10.317, 52.19 ], [ 10.288, 52.175 ], [ 10.266, 52.179 ], [ 10.249, 52.213 ], [ 10.184, 52.235 ], [ 10.157, 52.225 ], [ 10.136, 52.236 ], [ 10.065, 52.222 ], [ 10.046, 52.231 ], [ 9.998, 52.23 ], [ 10.0, 52.258 ], [ 10.029, 52.264 ], [ 10.034, 52.291 ], [ 10.078, 52.303 ], [ 10.081, 52.34 ], [ 10.097, 52.342 ], [ 10.118, 52.322 ], [ 10.133, 52.329 ], [ 10.126, 52.338 ], [ 10.141, 52.35 ], [ 10.126, 52.354 ], [ 10.156, 52.363 ], [ 10.131, 52.394 ], [ 10.18, 52.396 ], [ 10.208, 52.429 ], [ 10.254, 52.421 ], [ 10.252, 52.437 ], [ 10.294, 52.449 ], [ 10.288, 52.462 ], [ 10.303, 52.459 ], [ 10.272, 52.483 ], [ 10.289, 52.506 ], [ 10.26, 52.518 ], [ 10.283, 52.517 ], [ 10.282, 52.528 ], [ 10.306, 52.523 ], [ 10.305, 52.534 ], [ 10.338, 52.54 ], [ 10.352, 52.561 ], [ 10.383, 52.547 ], [ 10.378, 52.561 ], [ 10.392, 52.555 ], [ 10.411, 52.564 ], [ 10.411, 52.573 ], [ 10.382, 52.573 ], [ 10.417, 52.607 ], [ 10.38, 52.633 ], [ 10.406, 52.658 ], [ 10.384, 52.691 ], [ 10.369, 52.69 ], [ 10.378, 52.695 ], [ 10.363, 52.722 ], [ 10.403, 52.759 ], [ 10.396, 52.775 ], [ 10.444, 52.816 ], [ 10.459, 52.809 ], [ 10.533, 52.834 ], [ 10.56, 52.828 ] ] ] } },
{ "type": "Feature", "properties": { "wkr_nr": 46, "wkr_name": "Hameln-Pyrmont – Holzminden", "land": "Niedersachsen", "wahlbeteiligung_prozent": 81.2, "union_prozent": 27.0, "afd_prozent": 21.2, "spd_prozent": 24.6, "gruene_prozent": 9.4, "linke_prozent": 6.7, "bsw_prozent": 3.8, "fdp_prozent": 3.9, "staerkste_partei": "union" }, "geometry": { "type": "MultiPolygon", "coordinates": [ [ [ [ 9.464, 52.256 ], [ 9.497, 52.239 ], [ 9.516, 52.212 ], [ 9.492, 52.209 ], [ 9.507, 52.198 ], [ 9.497, 52.167 ], [ 9.514, 52.159 ], [ 9.556, 52.167 ], [ 9.684, 52.105 ], [ 9.643, 52.055 ], [ 9.663, 52.046 ], [ 9.651, 52.05 ], [ 9.654, 52.002 ], [ 9.634, 51.987 ], [ 9.648, 51.965 ], [ 9.663, 51.969 ], [ 9.687, 51.955 ], [ 9.715, 51.983 ], [ 9.759, 51.983 ], [ 9.827, 51.933 ], [ 9.895, 51.906 ], [ 9.873, 51.909 ], [ 9.874, 51.898 ], [ 9.803, 51.885 ], [ 9.784, 51.864 ], [ 9.711, 51.88 ], [ 9.683, 51.84 ], [ 9.643, 51.828 ], [ 9.653, 51.81 ], [ 9.639, 51.813 ], [ 9.641, 51.777 ], [ 9.626, 51.775 ], [ 9.641, 51.769 ], [ 9.646, 51.77 ], [ 9.637, 51.761 ], [ 9.647, 51.759 ], [ 9.634, 51.749 ], [ 9.611, 51.75 ], [ 9.634, 51.748 ], [ 9.663, 51.755 ], [ 9.65, 51.747 ], [ 9.656, 51.746 ], [ 9.677, 51.757 ], [ 9.67, 51.747 ], [ 9.671, 51.741 ], [ 9.689, 51.77 ], [ 9.686, 51.758 ], [ 9.692, 51.765 ], [ 9.698, 51.758 ], [ 9.693, 51.769 ], [ 9.699, 51.762 ], [ 9.753, 51.765 ], [ 9.751, 51.746 ], [ 9.735, 51.738 ], [ 9.754, 51.745 ], [ 9.761, 51.738 ], [ 9.695, 51.706 ], [ 9.709, 51.691 ], [ 9.733, 51.705 ], [ 9.744, 51.702 ], [ 9.767, 51.643 ], [ 9.737, 51.64 ], [ 9.722, 51.602 ], [ 9.685, 51.582 ], [ 9.638, 51.609 ], [ 9.626, 51.637 ], [ 9.571, 51.625 ], [ 9.544, 51.64 ], [ 9.516, 51.626 ], [ 9.492, 51.635 ], [ 9.495, 51.657 ], [ 9.453, 51.646 ], [ 9.375, 51.65 ], [ 9.402, 51.702 ], [ 9.394, 51.732 ], [ 9.375, 51.744 ], [ 9.448, 51.795 ], [ 9.427, 51.81 ], [ 9.442, 51.829 ], [ 9.433, 51.841 ], [ 9.46, 51.855 ], [ 9.46, 51.863 ], [ 9.405, 51.856 ], [ 9.363, 51.865 ], [ 9.335, 51.854 ], [ 9.326, 51.854 ], [ 9.344, 51.88 ], [ 9.341, 51.908 ], [ 9.272, 51.932 ], [ 9.277, 51.944 ], [ 9.264, 51.948 ], [ 9.286, 51.957 ], [ 9.274, 51.974 ], [ 9.217, 51.974 ], [ 9.209, 51.96 ], [ 9.186, 51.966 ], [ 9.175, 51.983 ], [ 9.197, 51.997 ], [ 9.179, 52.003 ], [ 9.197, 52.012 ], [ 9.172, 52.047 ], [ 9.193, 52.07 ], [ 9.155, 52.092 ], [ 9.185, 52.12 ], [ 9.186, 52.133 ], [ 9.16, 52.141 ], [ 9.195, 52.142 ], [ 9.161, 52.189 ], [ 9.217, 52.193 ], [ 9.286, 52.221 ], [ 9.325, 52.212 ], [ 9.353, 52.23 ], [ 9.362, 52.219 ], [ 9.388, 52.246 ], [ 9.441, 52.26 ], [ 9.448, 52.274 ], [ 9.469, 52.265 ], [ 9.464, 52.256 ] ], [ [ 9.62, 51.77 ], [ 9.632, 51.768 ], [ 9.641, 51.769 ], [ 9.62, 51.77 ] ], [ [ 9.743, 51.761 ], [ 9.741, 51.758 ], [ 9.743, 51.758 ], [ 9.743, 51.761 ] ], [ [ 9.71, 51.742 ], [ 9.709, 51.74 ], [ 9.711, 51.74 ], [ 9.71, 51.742 ] ], [ [ 9.691, 51.724 ], [ 9.686, 51.73 ], [ 9.685, 51.729 ], [ 9.691, 51.724 ] ], [ [ 9.685, 51.738 ], [ 9.683, 51.746 ], [ 9.681, 51.743 ], [ 9.685, 51.738 ] ], [ [ 9.682, 51.754 ], [ 9.684, 51.747 ], [ 9.684, 51.753 ], [ 9.682, 51.754 ] ], [ [ 9.635, 51.779 ], [ 9.636, 51.78 ], [ 9.632, 51.782 ], [ 9.635, 51.779 ] ], [ [ 9.616, 51.761 ], [ 9.634, 51.76 ], [ 9.623, 51.762 ], [ 9.616, 51.761 ] ], [ [ 9.583, 51.792 ], [ 9.579, 51.787 ], [ 9.633, 51.815 ], [ 9.583, 51.792 ] ] ], [ [ [ 9.651, 51.552 ], [ 9.636, 51.559 ], [ 9.627, 51.582 ], [ 9.672, 51.568 ], [ 9.651, 51.552 ] ] ] ] } },
{ "type": "Feature", "properties": { "wkr_nr": 47, "wkr_name": "Hannover-Land II", "land": "Niedersachsen", "wahlbeteiligung_prozent": 84.5, "union_prozent": 27.4, "afd_prozent": 17.5, "spd_prozent": 24.1, "gruene_prozent": 12.2, "linke_prozent": 7.4, "bsw_prozent": 3.8, "fdp_prozent": 4.0, "staerkste_partei": "union" }, "geometry": { "type": "Polygon", "coordinates": [ [ [ 10.081, 52.526 ], [ 10.139, 52.498 ], [ 10.178, 52.513 ], [ 10.267, 52.488 ], [ 10.274, 52.511 ], [ 10.289, 52.506 ], [ 10.272, 52.483 ], [ 10.303, 52.459 ], [ 10.288, 52.462 ], [ 10.294, 52.449 ], [ 10.252, 52.437 ], [ 10.254, 52.421 ], [ 10.208, 52.429 ], [ 10.18, 52.396 ], [ 10.131, 52.394 ], [ 10.156, 52.363 ], [ 10.126, 52.354 ], [ 10.141, 52.35 ], [ 10.126, 52.323 ], [ 10.097, 52.342 ], [ 10.081, 52.34 ], [ 10.078, 52.303 ], [ 10.031, 52.282 ], [ 9.996, 52.284 ], [ 10.004, 52.297 ], [ 9.998, 52.29 ], [ 9.972, 52.294 ], [ 9.971, 52.285 ], [ 9.913, 52.281 ], [ 9.9, 52.262 ], [ 9.872, 52.27 ], [ 9.791, 52.251 ], [ 9.769, 52.231 ], [ 9.818, 52.228 ], [ 9.808, 52.193 ], [ 9.782, 52.191 ], [ 9.784, 52.174 ], [ 9.764, 52.169 ], [ 9.738, 52.198 ], [ 9.696, 52.198 ], [ 9.686, 52.19 ], [ 9.728, 52.169 ], [ 9.671, 52.128 ], [ 9.614, 52.135 ], [ 9.556, 52.167 ], [ 9.504, 52.161 ], [ 9.494, 52.178 ], [ 9.507, 52.198 ], [ 9.492, 52.209 ], [ 9.516, 52.212 ], [ 9.497, 52.239 ], [ 9.464, 52.256 ], [ 9.473, 52.267 ], [ 9.415, 52.288 ], [ 9.398, 52.333 ], [ 9.479, 52.388 ], [ 9.506, 52.423 ], [ 9.555, 52.418 ], [ 9.573, 52.403 ], [ 9.597, 52.408 ], [ 9.61, 52.394 ], [ 9.647, 52.411 ], [ 9.651, 52.396 ], [ 9.665, 52.397 ], [ 9.645, 52.381 ], [ 9.661, 52.37 ], [ 9.636, 52.361 ], [ 9.68, 52.346 ], [ 9.679, 52.313 ], [ 9.742, 52.336 ], [ 9.768, 52.319 ], [ 9.794, 52.326 ], [ 9.831, 52.307 ], [ 9.861, 52.306 ], [ 9.884, 52.342 ], [ 9.871, 52.351 ], [ 9.896, 52.36 ], [ 9.885, 52.397 ], [ 9.919, 52.404 ], [ 9.902, 52.415 ], [ 9.89, 52.41 ], [ 9.895, 52.421 ], [ 10.003, 52.431 ], [ 10.035, 52.41 ], [ 10.055, 52.408 ], [ 10.056, 52.419 ], [ 10.083, 52.409 ], [ 10.103, 52.444 ], [ 10.055, 52.501 ], [ 10.081, 52.526 ] ] ] } },
{ "type": "Feature", "properties": { "wkr_nr": 48, "wkr_name": "Hildesheim", "land": "Niedersachsen", "wahlbeteiligung_prozent": 83.7, "union_prozent": 26.9, "afd_prozent": 18.1, "spd_prozent": 24.2, "gruene_prozent": 11.6, "linke_prozent": 8.4, "bsw_prozent": 3.7, "fdp_prozent": 3.7, "staerkste_partei": "union" }, "geometry": { "type": "Polygon", "coordinates": [ [ [ 10.004, 52.297 ], [ 9.996, 52.284 ], [ 10.034, 52.278 ], [ 10.029, 52.264 ], [ 10.0, 52.258 ], [ 9.998, 52.23 ], [ 10.046, 52.231 ], [ 10.065, 52.222 ], [ 10.136, 52.236 ], [ 10.157, 52.225 ], [ 10.184, 52.235 ], [ 10.249, 52.213 ], [ 10.264, 52.188 ], [ 10.258, 52.174 ], [ 10.235, 52.17 ], [ 10.234, 52.178 ], [ 10.204, 52.179 ], [ 10.176, 52.141 ], [ 10.2, 52.124 ], [ 10.175, 52.109 ], [ 10.199, 52.08 ], [ 10.194, 52.001 ], [ 10.206, 51.967 ], [ 10.191, 51.956 ], [ 10.087, 51.96 ], [ 10.066, 51.927 ], [ 10.034, 51.948 ], [ 10.018, 51.938 ], [ 10.004, 51.943 ], [ 9.992, 51.934 ], [ 10.014, 51.913 ], [ 9.969, 51.897 ], [ 9.945, 51.913 ], [ 9.926, 51.903 ], [ 9.917, 51.913 ], [ 9.896, 51.906 ], [ 9.862, 51.918 ], [ 9.775, 51.963 ], [ 9.759, 51.983 ], [ 9.715, 51.983 ], [ 9.687, 51.955 ], [ 9.663, 51.969 ], [ 9.648, 51.965 ], [ 9.634, 51.987 ], [ 9.654, 52.002 ], [ 9.651, 52.05 ], [ 9.663, 52.046 ], [ 9.643, 52.055 ], [ 9.685, 52.103 ], [ 9.629, 52.131 ], [ 9.674, 52.129 ], [ 9.72, 52.157 ], [ 9.727, 52.171 ], [ 9.686, 52.19 ], [ 9.696, 52.198 ], [ 9.738, 52.198 ], [ 9.764, 52.169 ], [ 9.784, 52.174 ], [ 9.782, 52.191 ], [ 9.803, 52.188 ], [ 9.818, 52.228 ], [ 9.769, 52.231 ], [ 9.791, 52.251 ], [ 9.872, 52.27 ], [ 9.9, 52.262 ], [ 9.913, 52.281 ], [ 9.971, 52.285 ], [ 9.972, 52.294 ], [ 9.998, 52.29 ], [ 10.004, 52.297 ] ] ] } },
{ "type": "Feature", "properties": { "wkr_nr": 49, "wkr_name": "Salzgitter – Wolfenbüttel", "land": "Niedersachsen", "wahlbeteiligung_prozent": 81.7, "union_prozent": 26.5, "afd_prozent": 21.3, "spd_prozent": 24.4, "gruene_prozent": 8.7, "linke_prozent": 7.8, "bsw_prozent": 4.0, "fdp_prozent": 3.5, "staerkste_partei": "union" }, "geometry": { "type": "MultiPolygon", "coordinates": [ [ [ [ 10.716, 52.303 ], [ 10.736, 52.271 ], [ 10.725, 52.263 ], [ 10.784, 52.206 ], [ 10.814, 52.206 ], [ 10.846, 52.174 ], [ 10.885, 52.18 ], [ 10.87, 52.123 ], [ 10.836, 52.117 ], [ 10.842, 52.098 ], [ 10.825, 52.1 ], [ 10.794, 52.08 ], [ 10.801, 52.048 ], [ 10.648, 52.042 ], [ 10.655, 52.025 ], [ 10.626, 52.008 ], [ 10.597, 52.014 ], [ 10.558, 52.006 ], [ 10.533, 51.971 ], [ 10.483, 51.992 ], [ 10.46, 51.966 ], [ 10.437, 51.971 ], [ 10.408, 51.956 ], [ 10.367, 51.969 ], [ 10.348, 51.95 ], [ 10.386, 51.933 ], [ 10.383, 51.895 ], [ 10.359, 51.887 ], [ 10.369, 51.918 ], [ 10.348, 51.923 ], [ 10.327, 51.915 ], [ 10.327, 51.897 ], [ 10.307, 51.893 ], [ 10.281, 51.908 ], [ 10.274, 51.897 ], [ 10.308, 51.862 ], [ 10.286, 51.865 ], [ 10.275, 51.852 ], [ 10.272, 51.909 ], [ 10.315, 51.932 ], [ 10.293, 51.947 ], [ 10.232, 51.944 ], [ 10.205, 51.923 ], [ 10.216, 51.914 ], [ 10.202, 51.889 ], [ 10.221, 51.881 ], [ 10.189, 51.881 ], [ 10.202, 51.86 ], [ 10.197, 51.813 ], [ 10.171, 51.812 ], [ 10.18, 51.837 ], [ 10.16, 51.827 ], [ 10.108, 51.836 ], [ 10.118, 51.872 ], [ 10.099, 51.879 ], [ 10.106, 51.902 ], [ 10.066, 51.927 ], [ 10.087, 51.96 ], [ 10.191, 51.956 ], [ 10.206, 51.967 ], [ 10.194, 52.001 ], [ 10.199, 52.08 ], [ 10.175, 52.109 ], [ 10.2, 52.12 ], [ 10.193, 52.139 ], [ 10.176, 52.138 ], [ 10.198, 52.175 ], [ 10.218, 52.181 ], [ 10.235, 52.17 ], [ 10.263, 52.184 ], [ 10.288, 52.175 ], [ 10.316, 52.19 ], [ 10.32, 52.177 ], [ 10.347, 52.176 ], [ 10.407, 52.223 ], [ 10.43, 52.222 ], [ 10.44, 52.203 ], [ 10.484, 52.208 ], [ 10.505, 52.187 ], [ 10.539, 52.192 ], [ 10.546, 52.204 ], [ 10.578, 52.205 ], [ 10.575, 52.223 ], [ 10.598, 52.223 ], [ 10.592, 52.252 ], [ 10.62, 52.264 ], [ 10.614, 52.277 ], [ 10.638, 52.285 ], [ 10.636, 52.297 ], [ 10.716, 52.303 ] ], [ [ 10.338, 51.926 ], [ 10.317, 51.925 ], [ 10.303, 51.909 ], [ 10.338, 51.926 ] ] ], [ [ [ 10.229, 51.877 ], [ 10.226, 51.875 ], [ 10.227, 51.877 ], [ 10.229, 51.877 ] ] ] ] } },
{ "type": "Feature", "properties": { "wkr_nr": 50, "wkr_name": "Braunschweig", "land": "Niedersachsen", "wahlbeteiligung_prozent": 83.4, "union_prozent": 22.6, "afd_prozent": 13.3, "spd_prozent": 22.6, "gruene_prozent": 18.0, "linke_prozent": 11.6, "bsw_prozent": 3.9, "fdp_prozent": 4.0, "staerkste_partei": "spd" }, "geometry": { "type": "Polygon", "coordinates": [ [ [ 10.522, 52.357 ], [ 10.546, 52.348 ], [ 10.528, 52.328 ], [ 10.569, 52.352 ], [ 10.613, 52.349 ], [ 10.602, 52.338 ], [ 10.621, 52.34 ], [ 10.629, 52.326 ], [ 10.614, 52.312 ], [ 10.643, 52.295 ], [ 10.614, 52.277 ], [ 10.613, 52.257 ], [ 10.592, 52.252 ], [ 10.6, 52.226 ], [ 10.575, 52.223 ], [ 10.578, 52.205 ], [ 10.553, 52.206 ], [ 10.539, 52.192 ], [ 10.505, 52.187 ], [ 10.484, 52.208 ], [ 10.44, 52.203 ], [ 10.428, 52.246 ], [ 10.453, 52.257 ], [ 10.421, 52.267 ], [ 10.441, 52.286 ], [ 10.418, 52.286 ], [ 10.427, 52.304 ], [ 10.412, 52.318 ], [ 10.424, 52.33 ], [ 10.485, 52.32 ], [ 10.493, 52.334 ], [ 10.478, 52.336 ], [ 10.477, 52.352 ], [ 10.497, 52.346 ], [ 10.522, 52.357 ] ] ] } },
{ "type": "Feature", "properties": { "wkr_nr": 51, "wkr_name": "Helmstedt – Wolfsburg", "land": "Niedersachsen", "wahlbeteiligung_prozent": 81.8, "union_prozent": 27.7, "afd_prozent": 21.8, "spd_prozent": 23.2, "gruene_prozent": 8.5, "linke_prozent": 6.7, "bsw_prozent": 4.5, "fdp_prozent": 3.8, "staerkste_partei": "union" }, "geometry": { "type": "Polygon", "coordinates": [ [ [ 10.903, 52.633 ], [ 10.927, 52.609 ], [ 10.977, 52.624 ], [ 10.976, 52.607 ], [ 10.94, 52.59 ], [ 10.938, 52.567 ], [ 11.009, 52.497 ], [ 10.95, 52.496 ], [ 10.934, 52.461 ], [ 11.006, 52.409 ], [ 11.015, 52.388 ], [ 11.047, 52.388 ], [ 11.074, 52.374 ], [ 11.057, 52.35 ], [ 10.984, 52.342 ], [ 11.036, 52.31 ], [ 11.014, 52.287 ], [ 11.029, 52.27 ], [ 11.052, 52.267 ], [ 11.059, 52.241 ], [ 11.073, 52.243 ], [ 11.086, 52.229 ], [ 11.014, 52.2 ], [ 11.018, 52.179 ], [ 11.06, 52.172 ], [ 11.044, 52.134 ], [ 10.977, 52.106 ], [ 10.942, 52.103 ], [ 10.942, 52.094 ], [ 10.971, 52.086 ], [ 10.964, 52.057 ], [ 10.881, 52.059 ], [ 10.801, 52.048 ], [ 10.794, 52.08 ], [ 10.825, 52.1 ], [ 10.842, 52.098 ], [ 10.836, 52.117 ], [ 10.87, 52.123 ], [ 10.885, 52.18 ], [ 10.846, 52.174 ], [ 10.814, 52.206 ], [ 10.784, 52.206 ], [ 10.725, 52.263 ], [ 10.733, 52.293 ], [ 10.716, 52.303 ], [ 10.643, 52.295 ], [ 10.62, 52.305 ], [ 10.628, 52.329 ], [ 10.621, 52.34 ], [ 10.602, 52.338 ], [ 10.622, 52.355 ], [ 10.605, 52.376 ], [ 10.622, 52.387 ], [ 10.671, 52.378 ], [ 10.647, 52.444 ], [ 10.674, 52.462 ], [ 10.641, 52.474 ], [ 10.726, 52.538 ], [ 10.728, 52.556 ], [ 10.699, 52.575 ], [ 10.707, 52.601 ], [ 10.831, 52.615 ], [ 10.903, 52.633 ] ] ] } },
{ "type": "Feature", "properties": { "wkr_nr": 52, "wkr_name": "Goslar – Northeim – Göttingen II", "land": "Niedersachsen", "wahlbeteiligung_prozent": 81.3, "union_prozent": 27.9, "afd_prozent": 20.0, "spd_prozent": 24.9, "gruene_prozent": 8.7, "linke_prozent": 6.9, "bsw_prozent": 3.9, "fdp_prozent": 4.0, "staerkste_partei": "union" }, "geometry": { "type": "MultiPolygon", "coordinates": [ [ [ [ 10.606, 51.977 ], [ 10.62, 51.958 ], [ 10.651, 51.958 ], [ 10.613, 51.939 ], [ 10.613, 51.922 ], [ 10.64, 51.915 ], [ 10.65, 51.891 ], [ 10.579, 51.848 ], [ 10.58, 51.783 ], [ 10.629, 51.756 ], [ 10.642, 51.725 ], [ 10.669, 51.709 ], [ 10.671, 51.667 ], [ 10.701, 51.642 ], [ 10.638, 51.619 ], [ 10.649, 51.607 ], [ 10.633, 51.608 ], [ 10.639, 51.584 ], [ 10.666, 51.578 ], [ 10.657, 51.558 ], [ 10.612, 51.579 ], [ 10.584, 51.576 ], [ 10.565, 51.61 ], [ 10.58, 51.618 ], [ 10.544, 51.614 ], [ 10.526, 51.623 ], [ 10.503, 51.602 ], [ 10.478, 51.608 ], [ 10.474, 51.618 ], [ 10.491, 51.616 ], [ 10.499, 51.619 ], [ 10.47, 51.624 ], [ 10.503, 51.639 ], [ 10.484, 51.64 ], [ 10.524, 51.646 ], [ 10.527, 51.66 ], [ 10.568, 51.68 ], [ 10.522, 51.662 ], [ 10.505, 51.649 ], [ 10.482, 51.651 ], [ 10.489, 51.645 ], [ 10.468, 51.636 ], [ 10.472, 51.653 ], [ 10.46, 51.644 ], [ 10.445, 51.649 ], [ 10.458, 51.631 ], [ 10.435, 51.637 ], [ 10.437, 51.626 ], [ 10.419, 51.624 ], [ 10.412, 51.632 ], [ 10.401, 51.626 ], [ 10.395, 51.648 ], [ 10.359, 51.66 ], [ 10.366, 51.662 ], [ 10.373, 51.676 ], [ 10.351, 51.664 ], [ 10.33, 51.683 ], [ 10.306, 51.675 ], [ 10.316, 51.667 ], [ 10.305, 51.642 ], [ 10.27, 51.623 ], [ 10.3, 51.613 ], [ 10.29, 51.61 ], [ 10.217, 51.633 ], [ 10.179, 51.629 ], [ 10.161, 51.646 ], [ 10.155, 51.638 ], [ 10.138, 51.641 ], [ 10.114, 51.614 ], [ 10.103, 51.622 ], [ 10.071, 51.609 ], [ 10.039, 51.625 ], [ 10.038, 51.618 ], [ 10.001, 51.612 ], [ 9.951, 51.621 ], [ 9.94, 51.602 ], [ 9.835, 51.613 ], [ 9.816, 51.597 ], [ 9.797, 51.612 ], [ 9.732, 51.613 ], [ 9.737, 51.64 ], [ 9.766, 51.643 ], [ 9.765, 51.66 ], [ 9.747, 51.676 ], [ 9.744, 51.702 ], [ 9.709, 51.691 ], [ 9.695, 51.706 ], [ 9.761, 51.738 ], [ 9.754, 51.745 ], [ 9.745, 51.74 ], [ 9.735, 51.738 ], [ 9.755, 51.765 ], [ 9.699, 51.762 ], [ 9.693, 51.769 ], [ 9.698, 51.758 ], [ 9.692, 51.765 ], [ 9.686, 51.758 ], [ 9.691, 51.766 ], [ 9.689, 51.77 ], [ 9.671, 51.741 ], [ 9.677, 51.757 ], [ 9.656, 51.746 ], [ 9.663, 51.755 ], [ 9.634, 51.748 ], [ 9.611, 51.75 ], [ 9.644, 51.753 ], [ 9.646, 51.77 ], [ 9.641, 51.769 ], [ 9.626, 51.775 ], [ 9.641, 51.777 ], [ 9.639, 51.813 ], [ 9.653, 51.81 ], [ 9.643, 51.828 ], [ 9.683, 51.84 ], [ 9.687, 51.86 ], [ 9.715, 51.881 ], [ 9.784, 51.864 ], [ 9.803, 51.885 ], [ 9.88, 51.901 ], [ 9.873, 51.909 ], [ 9.893, 51.901 ], [ 9.912, 51.913 ], [ 9.926, 51.903 ], [ 9.945, 51.913 ], [ 9.969, 51.897 ], [ 9.985, 51.9 ], [ 10.014, 51.913 ], [ 9.995, 51.939 ], [ 10.02, 51.938 ], [ 10.034, 51.948 ], [ 10.106, 51.902 ], [ 10.099, 51.879 ], [ 10.118, 51.872 ], [ 10.108, 51.836 ], [ 10.16, 51.827 ], [ 10.18, 51.837 ], [ 10.167, 51.818 ], [ 10.182, 51.809 ], [ 10.204, 51.835 ], [ 10.19, 51.884 ], [ 10.221, 51.881 ], [ 10.202, 51.889 ], [ 10.216, 51.914 ], [ 10.205, 51.923 ], [ 10.231, 51.943 ], [ 10.293, 51.947 ], [ 10.315, 51.932 ], [ 10.272, 51.909 ], [ 10.274, 51.889 ], [ 10.28, 51.886 ], [ 10.27, 51.874 ], [ 10.28, 51.864 ], [ 10.269, 51.858 ], [ 10.275, 51.852 ], [ 10.286, 51.865 ], [ 10.308, 51.862 ], [ 10.274, 51.897 ], [ 10.281, 51.908 ], [ 10.307, 51.893 ], [ 10.327, 51.897 ], [ 10.327, 51.915 ], [ 10.348, 51.923 ], [ 10.369, 51.918 ], [ 10.359, 51.887 ], [ 10.383, 51.895 ], [ 10.386, 51.933 ], [ 10.348, 51.95 ], [ 10.367, 51.969 ], [ 10.408, 51.956 ], [ 10.437, 51.971 ], [ 10.46, 51.966 ], [ 10.483, 51.992 ], [ 10.533, 51.971 ], [ 10.558, 52.006 ], [ 10.592, 51.975 ], [ 10.606, 51.977 ] ], [ [ 10.419, 51.702 ], [ 10.389, 51.678 ], [ 10.436, 51.7 ], [ 10.419, 51.702 ] ], [ [ 10.381, 51.681 ], [ 10.375, 51.68 ], [ 10.38, 51.679 ], [ 10.381, 51.681 ] ], [ [ 10.36, 51.689 ], [ 10.378, 51.691 ], [ 10.379, 51.695 ], [ 10.359, 51.692 ], [ 10.361, 51.699 ], [ 10.347, 51.691 ], [ 10.358, 51.68 ], [ 10.36, 51.689 ] ], [ [ 10.227, 51.877 ], [ 10.226, 51.875 ], [ 10.23, 51.875 ], [ 10.227, 51.877 ] ] ], [ [ [ 9.632, 51.768 ], [ 9.62, 51.77 ], [ 9.641, 51.769 ], [ 9.632, 51.768 ] ] ], [ [ [ 10.328, 51.918 ], [ 10.303, 51.909 ], [ 10.317, 51.925 ], [ 10.336, 51.928 ], [ 10.328, 51.918 ] ] ], [ [ [ 9.743, 51.758 ], [ 9.741, 51.758 ], [ 9.743, 51.761 ], [ 9.743, 51.758 ] ] ], [ [ [ 9.711, 51.74 ], [ 9.709, 51.74 ], [ 9.713, 51.743 ], [ 9.711, 51.74 ] ] ], [ [ [ 9.69, 51.723 ], [ 9.686, 51.73 ], [ 9.688, 51.728 ], [ 9.69, 51.723 ] ] ], [ [ [ 9.686, 51.742 ], [ 9.685, 51.738 ], [ 9.682, 51.74 ], [ 9.686, 51.742 ] ] ], [ [ [ 9.684, 51.747 ], [ 9.682, 51.754 ], [ 9.685, 51.756 ], [ 9.684, 51.747 ] ] ], [ [ [ 9.635, 51.779 ], [ 9.629, 51.782 ], [ 9.632, 51.782 ], [ 9.635, 51.779 ] ] ], [ [ [ 9.627, 51.761 ], [ 9.634, 51.76 ], [ 9.616, 51.761 ], [ 9.627, 51.761 ] ] ], [ [ [ 9.579, 51.787 ], [ 9.583, 51.792 ], [ 9.612, 51.809 ], [ 9.63, 51.817 ], [ 9.633, 51.815 ], [ 9.579, 51.787 ] ] ] ] } },
{ "type": "Feature", "properties": { "wkr_nr": 53, "wkr_name": "Göttingen I", "land": "Niedersachsen", "wahlbeteiligung_prozent": 83.5, "union_prozent": 25.6, "afd_prozent": 14.5, "spd_prozent": 22.0, "gruene_prozent": 15.7, "linke_prozent": 11.1, "bsw_prozent": 3.8, "fdp_prozent": 4.0, "staerkste_partei": "union" }, "geometry": { "type": "MultiPolygon", "coordinates": [ [ [ [ 10.571, 51.678 ], [ 10.524, 51.646 ], [ 10.484, 51.64 ], [ 10.503, 51.639 ], [ 10.47, 51.624 ], [ 10.499, 51.619 ], [ 10.474, 51.618 ], [ 10.478, 51.608 ], [ 10.503, 51.602 ], [ 10.526, 51.623 ], [ 10.544, 51.614 ], [ 10.58, 51.618 ], [ 10.565, 51.61 ], [ 10.593, 51.576 ], [ 10.584, 51.566 ], [ 10.519, 51.554 ], [ 10.444, 51.59 ], [ 10.37, 51.588 ], [ 10.379, 51.563 ], [ 10.342, 51.519 ], [ 10.309, 51.515 ], [ 10.3, 51.494 ], [ 10.245, 51.484 ], [ 10.236, 51.471 ], [ 10.217, 51.47 ], [ 10.202, 51.487 ], [ 10.178, 51.47 ], [ 10.174, 51.446 ], [ 10.14, 51.443 ], [ 10.15, 51.429 ], [ 10.08, 51.435 ], [ 10.069, 51.418 ], [ 10.059, 51.435 ], [ 10.047, 51.437 ], [ 10.038, 51.42 ], [ 10.009, 51.421 ], [ 10.0, 51.404 ], [ 9.928, 51.375 ], [ 9.931, 51.393 ], [ 9.906, 51.421 ], [ 9.878, 51.404 ], [ 9.851, 51.414 ], [ 9.865, 51.372 ], [ 9.84, 51.384 ], [ 9.841, 51.403 ], [ 9.801, 51.41 ], [ 9.801, 51.387 ], [ 9.766, 51.386 ], [ 9.738, 51.369 ], [ 9.702, 51.365 ], [ 9.738, 51.319 ], [ 9.772, 51.336 ], [ 9.768, 51.307 ], [ 9.732, 51.295 ], [ 9.669, 51.318 ], [ 9.629, 51.312 ], [ 9.633, 51.326 ], [ 9.604, 51.326 ], [ 9.548, 51.359 ], [ 9.577, 51.369 ], [ 9.559, 51.379 ], [ 9.579, 51.401 ], [ 9.631, 51.406 ], [ 9.644, 51.418 ], [ 9.628, 51.444 ], [ 9.643, 51.47 ], [ 9.586, 51.517 ], [ 9.62, 51.533 ], [ 9.609, 51.557 ], [ 9.644, 51.551 ], [ 9.684, 51.567 ], [ 9.688, 51.588 ], [ 9.729, 51.612 ], [ 9.797, 51.612 ], [ 9.816, 51.597 ], [ 9.835, 51.613 ], [ 9.94, 51.602 ], [ 9.957, 51.614 ], [ 9.945, 51.62 ], [ 10.001, 51.612 ], [ 10.038, 51.618 ], [ 10.039, 51.625 ], [ 10.071, 51.609 ], [ 10.1, 51.622 ], [ 10.12, 51.615 ], [ 10.138, 51.641 ], [ 10.155, 51.638 ], [ 10.161, 51.646 ], [ 10.179, 51.629 ], [ 10.217, 51.633 ], [ 10.29, 51.61 ], [ 10.3, 51.613 ], [ 10.27, 51.623 ], [ 10.305, 51.642 ], [ 10.316, 51.667 ], [ 10.306, 51.675 ], [ 10.33, 51.683 ], [ 10.351, 51.664 ], [ 10.373, 51.676 ], [ 10.359, 51.66 ], [ 10.407, 51.639 ], [ 10.404, 51.625 ], [ 10.437, 51.626 ], [ 10.435, 51.637 ], [ 10.458, 51.631 ], [ 10.459, 51.641 ], [ 10.449, 51.64 ], [ 10.457, 51.643 ], [ 10.444, 51.645 ], [ 10.445, 51.649 ], [ 10.46, 51.644 ], [ 10.472, 51.653 ], [ 10.468, 51.636 ], [ 10.489, 51.645 ], [ 10.482, 51.651 ], [ 10.505, 51.649 ], [ 10.542, 51.672 ], [ 10.571, 51.678 ] ] ], [ [ [ 10.426, 51.708 ], [ 10.428, 51.701 ], [ 10.448, 51.706 ], [ 10.459, 51.696 ], [ 10.436, 51.7 ], [ 10.389, 51.678 ], [ 10.426, 51.708 ] ] ], [ [ [ 10.381, 51.681 ], [ 10.38, 51.679 ], [ 10.375, 51.68 ], [ 10.381, 51.681 ] ] ], [ [ [ 10.361, 51.699 ], [ 10.38, 51.693 ], [ 10.355, 51.68 ], [ 10.347, 51.691 ], [ 10.361, 51.699 ] ] ] ] } },
{ "type": "Feature", "properties": { "wkr_nr": 54, "wkr_name": "Bremen I", "land": "Bremen", "wahlbeteiligung_prozent": 81.2, "union_prozent": 21.3, "afd_prozent": 11.8, "spd_prozent": 21.9, "gruene_prozent": 18.5, "linke_prozent": 15.9, "bsw_prozent": 4.1, "fdp_prozent": 3.8, "staerkste_partei": "spd" }, "geometry": { "type": "Polygon", "coordinates": [ [ [ 8.71, 53.072 ], [ 8.764, 53.067 ], [ 8.8, 53.091 ], [ 8.816, 53.083 ], [ 8.819, 53.116 ], [ 8.85, 53.115 ], [ 8.87, 53.133 ], [ 8.912, 53.133 ], [ 8.94, 53.152 ], [ 8.984, 53.126 ], [ 8.947, 53.116 ], [ 8.963, 53.1 ], [ 8.991, 53.097 ], [ 8.961, 53.085 ], [ 8.964, 53.057 ], [ 8.98, 53.047 ], [ 8.936, 53.014 ], [ 8.894, 53.014 ], [ 8.867, 53.041 ], [ 8.867, 53.022 ], [ 8.823, 53.021 ], [ 8.778, 53.04 ], [ 8.771, 53.053 ], [ 8.731, 53.035 ], [ 8.71, 53.046 ], [ 8.71, 53.072 ] ] ] } },
{ "type": "Feature", "properties": { "wkr_nr": 55, "wkr_name": "Bremen II – Bremerhaven", "land": "Bremen", "wahlbeteiligung_prozent": 73.9, "union_prozent": 19.7, "afd_prozent": 19.2, "spd_prozent": 24.7, "gruene_prozent": 12.0, "linke_prozent": 13.4, "bsw_prozent": 4.6, "fdp_prozent": 3.2, "staerkste_partei": "spd" }, "geometry": { "type": "MultiPolygon", "coordinates": [ [ [ [ 8.505, 53.229 ], [ 8.554, 53.208 ], [ 8.578, 53.217 ], [ 8.599, 53.213 ], [ 8.581, 53.199 ], [ 8.593, 53.184 ], [ 8.628, 53.198 ], [ 8.664, 53.176 ], [ 8.699, 53.185 ], [ 8.706, 53.175 ], [ 8.729, 53.18 ], [ 8.741, 53.165 ], [ 8.775, 53.159 ], [ 8.829, 53.164 ], [ 8.865, 53.13 ], [ 8.85, 53.115 ], [ 8.819, 53.116 ], [ 8.816, 53.083 ], [ 8.8, 53.091 ], [ 8.764, 53.067 ], [ 8.71, 53.072 ], [ 8.666, 53.092 ], [ 8.619, 53.168 ], [ 8.505, 53.201 ], [ 8.482, 53.226 ], [ 8.505, 53.229 ] ] ], [ [ [ 8.644, 53.605 ], [ 8.661, 53.607 ], [ 8.658, 53.603 ], [ 8.644, 53.605 ] ] ], [ [ [ 8.539, 53.606 ], [ 8.592, 53.593 ], [ 8.623, 53.605 ], [ 8.651, 53.603 ], [ 8.617, 53.574 ], [ 8.631, 53.556 ], [ 8.646, 53.556 ], [ 8.651, 53.511 ], [ 8.606, 53.484 ], [ 8.574, 53.489 ], [ 8.493, 53.472 ], [ 8.557, 53.531 ], [ 8.483, 53.6 ], [ 8.539, 53.606 ] ] ], [ [ [ 8.613, 53.199 ], [ 8.615, 53.196 ], [ 8.612, 53.197 ], [ 8.613, 53.199 ] ] ] ] } },
{ "type": "Feature", "properties": { "wkr_nr": 56, "wkr_name": "Prignitz – Ostprignitz-Ruppin – Havelland I", "land": "Brandenburg", "wahlbeteiligung_prozent": 78.5, "union_prozent": 17.4, "afd_prozent": 36.6, "spd_prozent": 15.9, "gruene_prozent": 4.4, "linke_prozent": 9.8, "bsw_prozent": 10.7, "fdp_prozent": 2.5, "staerkste_partei": "afd" }, "geometry": { "type": "MultiPolygon", "coordinates": [ [ [ [ 12.045, 53.371 ], [ 12.08, 53.367 ], [ 12.082, 53.346 ], [ 12.134, 53.348 ], [ 12.152, 53.362 ], [ 12.169, 53.339 ], [ 12.191, 53.354 ], [ 12.229, 53.358 ], [ 12.26, 53.324 ], [ 12.311, 53.327 ], [ 12.394, 53.302 ], [ 12.392, 53.285 ], [ 12.428, 53.275 ], [ 12.445, 53.25 ], [ 12.53, 53.265 ], [ 12.606, 53.244 ], [ 12.628, 53.255 ], [ 12.666, 53.253 ], [ 12.671, 53.23 ], [ 12.757, 53.224 ], [ 12.739, 53.2 ], [ 12.764, 53.189 ], [ 12.846, 53.201 ], [ 12.88, 53.18 ], [ 12.905, 53.194 ], [ 12.941, 53.186 ], [ 12.948, 53.199 ], [ 12.976, 53.198 ], [ 12.979, 53.191 ], [ 12.942, 53.174 ], [ 12.962, 53.178 ], [ 13.006, 53.156 ], [ 12.996, 53.153 ], [ 12.997, 53.148 ], [ 13.028, 53.148 ], [ 12.991, 53.13 ], [ 12.963, 53.133 ], [ 12.938, 53.104 ], [ 12.973, 53.073 ], [ 13.026, 53.071 ], [ 13.033, 53.024 ], [ 13.006, 52.999 ], [ 13.051, 52.991 ], [ 13.047, 52.917 ], [ 13.018, 52.906 ], [ 13.039, 52.855 ], [ 13.016, 52.865 ], [ 12.998, 52.857 ], [ 12.975, 52.862 ], [ 12.987, 52.844 ], [ 12.967, 52.84 ], [ 12.987, 52.836 ], [ 12.952, 52.834 ], [ 12.986, 52.829 ], [ 12.938, 52.804 ], [ 12.938, 52.794 ], [ 12.919, 52.795 ], [ 12.921, 52.745 ], [ 12.872, 52.727 ], [ 12.881, 52.719 ], [ 12.865, 52.711 ], [ 12.825, 52.708 ], [ 12.829, 52.695 ], [ 12.929, 52.725 ], [ 12.963, 52.72 ], [ 12.969, 52.701 ], [ 12.992, 52.693 ], [ 12.96, 52.689 ], [ 12.938, 52.663 ], [ 12.922, 52.67 ], [ 12.902, 52.654 ], [ 12.943, 52.637 ], [ 12.972, 52.639 ], [ 12.981, 52.628 ], [ 13.013, 52.63 ], [ 12.999, 52.624 ], [ 13.008, 52.613 ], [ 12.912, 52.61 ], [ 12.905, 52.564 ], [ 12.888, 52.56 ], [ 12.886, 52.569 ], [ 12.878, 52.541 ], [ 12.837, 52.559 ], [ 12.807, 52.56 ], [ 12.798, 52.522 ], [ 12.769, 52.516 ], [ 12.783, 52.508 ], [ 12.769, 52.499 ], [ 12.716, 52.525 ], [ 12.724, 52.542 ], [ 12.69, 52.55 ], [ 12.672, 52.537 ], [ 12.651, 52.542 ], [ 12.576, 52.527 ], [ 12.536, 52.538 ], [ 12.506, 52.536 ], [ 12.488, 52.556 ], [ 12.397, 52.552 ], [ 12.378, 52.589 ], [ 12.421, 52.587 ], [ 12.431, 52.599 ], [ 12.408, 52.61 ], [ 12.406, 52.656 ], [ 12.368, 52.666 ], [ 12.347, 52.66 ], [ 12.325, 52.671 ], [ 12.241, 52.665 ], [ 12.224, 52.703 ], [ 12.198, 52.718 ], [ 12.223, 52.74 ], [ 12.206, 52.761 ], [ 12.22, 52.79 ], [ 12.245, 52.787 ], [ 12.258, 52.805 ], [ 12.234, 52.859 ], [ 12.217, 52.866 ], [ 12.21, 52.862 ], [ 12.197, 52.878 ], [ 12.126, 52.853 ], [ 12.125, 52.894 ], [ 12.113, 52.876 ], [ 12.023, 52.89 ], [ 11.98, 52.876 ], [ 11.897, 52.893 ], [ 11.873, 52.908 ], [ 11.826, 52.915 ], [ 11.849, 52.942 ], [ 11.842, 52.954 ], [ 11.786, 52.961 ], [ 11.743, 52.989 ], [ 11.693, 52.978 ], [ 11.677, 53.008 ], [ 11.632, 53.009 ], [ 11.638, 53.039 ], [ 11.589, 53.035 ], [ 11.548, 53.052 ], [ 11.51, 53.048 ], [ 11.448, 53.078 ], [ 11.341, 53.055 ], [ 11.27, 53.101 ], [ 11.266, 53.122 ], [ 11.394, 53.11 ], [ 11.396, 53.14 ], [ 11.461, 53.14 ], [ 11.502, 53.121 ], [ 11.535, 53.125 ], [ 11.569, 53.166 ], [ 11.551, 53.209 ], [ 11.587, 53.215 ], [ 11.629, 53.242 ], [ 11.7, 53.244 ], [ 11.728, 53.232 ], [ 11.729, 53.217 ], [ 11.829, 53.229 ], [ 11.796, 53.253 ], [ 11.862, 53.248 ], [ 11.893, 53.279 ], [ 11.949, 53.272 ], [ 11.974, 53.299 ], [ 12.019, 53.3 ], [ 12.015, 53.334 ], [ 12.057, 53.349 ], [ 12.045, 53.371 ] ] ], [ [ [ 12.222, 52.863 ], [ 12.217, 52.862 ], [ 12.221, 52.864 ], [ 12.222, 52.863 ] ] ] ] } },
{ "type": "Feature", "properties": { "wkr_nr": 57, "wkr_name": "Uckermark – Barnim I", "land": "Brandenburg", "wahlbeteiligung_prozent": 78.9, "union_prozent": 16.1, "afd_prozent": 36.0, "spd_prozent": 13.8, "gruene_prozent": 4.8, "linke_prozent": 11.0, "bsw_prozent": 12.4, "fdp_prozent": 2.7, "staerkste_partei": "afd" }, "geometry": { "type": "Polygon", "coordinates": [ [ [ 13.801, 53.558 ], [ 13.822, 53.518 ], [ 13.879, 53.504 ], [ 13.876, 53.473 ], [ 13.918, 53.456 ], [ 13.903, 53.432 ], [ 13.916, 53.422 ], [ 14.001, 53.435 ], [ 14.046, 53.429 ], [ 14.051, 53.413 ], [ 14.082, 53.411 ], [ 14.122, 53.442 ], [ 14.177, 53.423 ], [ 14.225, 53.434 ], [ 14.238, 53.427 ], [ 14.243, 53.392 ], [ 14.223, 53.359 ], [ 14.11, 53.283 ], [ 14.099, 53.262 ], [ 14.16, 53.268 ], [ 14.211, 53.255 ], [ 14.266, 53.26 ], [ 14.262, 53.277 ], [ 14.302, 53.286 ], [ 14.317, 53.312 ], [ 14.349, 53.31 ], [ 14.408, 53.33 ], [ 14.421, 53.276 ], [ 14.445, 53.274 ], [ 14.45, 53.261 ], [ 14.405, 53.21 ], [ 14.377, 53.202 ], [ 14.366, 53.172 ], [ 14.388, 53.143 ], [ 14.352, 53.059 ], [ 14.259, 53.003 ], [ 14.144, 52.961 ], [ 14.157, 52.896 ], [ 14.13, 52.889 ], [ 14.125, 52.903 ], [ 14.095, 52.903 ], [ 14.081, 52.891 ], [ 14.075, 52.9 ], [ 14.059, 52.885 ], [ 14.061, 52.869 ], [ 14.107, 52.869 ], [ 14.095, 52.856 ], [ 14.021, 52.847 ], [ 14.005, 52.86 ], [ 13.983, 52.848 ], [ 13.975, 52.825 ], [ 13.941, 52.825 ], [ 13.923, 52.795 ], [ 13.864, 52.788 ], [ 13.876, 52.779 ], [ 13.861, 52.759 ], [ 13.731, 52.734 ], [ 13.759, 52.716 ], [ 13.707, 52.696 ], [ 13.65, 52.691 ], [ 13.646, 52.705 ], [ 13.622, 52.707 ], [ 13.597, 52.731 ], [ 13.608, 52.756 ], [ 13.585, 52.735 ], [ 13.559, 52.738 ], [ 13.526, 52.718 ], [ 13.52, 52.746 ], [ 13.491, 52.745 ], [ 13.467, 52.731 ], [ 13.508, 52.683 ], [ 13.46, 52.669 ], [ 13.451, 52.663 ], [ 13.474, 52.654 ], [ 13.424, 52.636 ], [ 13.399, 52.648 ], [ 13.423, 52.67 ], [ 13.397, 52.673 ], [ 13.404, 52.71 ], [ 13.422, 52.71 ], [ 13.406, 52.726 ], [ 13.424, 52.734 ], [ 13.397, 52.745 ], [ 13.415, 52.751 ], [ 13.404, 52.776 ], [ 13.431, 52.789 ], [ 13.422, 52.804 ], [ 13.491, 52.811 ], [ 13.494, 52.84 ], [ 13.521, 52.848 ], [ 13.477, 52.859 ], [ 13.475, 52.878 ], [ 13.508, 52.873 ], [ 13.461, 52.885 ], [ 13.491, 52.901 ], [ 13.473, 52.906 ], [ 13.473, 52.919 ], [ 13.446, 52.918 ], [ 13.444, 52.91 ], [ 13.433, 52.917 ], [ 13.429, 52.904 ], [ 13.409, 52.911 ], [ 13.411, 52.923 ], [ 13.429, 52.926 ], [ 13.437, 52.934 ], [ 13.398, 52.934 ], [ 13.453, 52.965 ], [ 13.513, 52.975 ], [ 13.518, 52.989 ], [ 13.491, 52.987 ], [ 13.501, 52.998 ], [ 13.486, 53.009 ], [ 13.46, 53.008 ], [ 13.444, 53.03 ], [ 13.407, 53.025 ], [ 13.415, 53.056 ], [ 13.369, 53.069 ], [ 13.362, 53.088 ], [ 13.324, 53.101 ], [ 13.288, 53.136 ], [ 13.302, 53.142 ], [ 13.288, 53.14 ], [ 13.314, 53.177 ], [ 13.284, 53.187 ], [ 13.289, 53.197 ], [ 13.273, 53.191 ], [ 13.274, 53.203 ], [ 13.247, 53.206 ], [ 13.24, 53.239 ], [ 13.253, 53.262 ], [ 13.298, 53.281 ], [ 13.36, 53.278 ], [ 13.389, 53.243 ], [ 13.442, 53.286 ], [ 13.438, 53.3 ], [ 13.461, 53.289 ], [ 13.486, 53.292 ], [ 13.503, 53.327 ], [ 13.51, 53.317 ], [ 13.524, 53.32 ], [ 13.517, 53.352 ], [ 13.556, 53.376 ], [ 13.55, 53.399 ], [ 13.611, 53.414 ], [ 13.625, 53.409 ], [ 13.641, 53.447 ], [ 13.651, 53.444 ], [ 13.715, 53.482 ], [ 13.741, 53.486 ], [ 13.779, 53.474 ], [ 13.812, 53.484 ], [ 13.827, 53.499 ], [ 13.801, 53.498 ], [ 13.778, 53.514 ], [ 13.784, 53.552 ], [ 13.801, 53.558 ] ], [ [ 13.405, 52.937 ], [ 13.407, 52.935 ], [ 13.409, 52.939 ], [ 13.405, 52.937 ] ] ] } },
{ "type": "Feature", "properties": { "wkr_nr": 58, "wkr_name": "Oberhavel – Havelland II", "land": "Brandenburg", "wahlbeteiligung_prozent": 83.9, "union_prozent": 21.7, "afd_prozent": 29.3, "spd_prozent": 15.4, "gruene_prozent": 8.4, "linke_prozent": 9.3, "bsw_prozent": 8.8, "fdp_prozent": 3.6, "staerkste_partei": "afd" }, "geometry": { "type": "MultiPolygon", "coordinates": [ [ [ [ 13.185, 53.249 ], [ 13.205, 53.221 ], [ 13.229, 53.217 ], [ 13.245, 53.236 ], [ 13.247, 53.206 ], [ 13.274, 53.203 ], [ 13.273, 53.191 ], [ 13.289, 53.197 ], [ 13.284, 53.187 ], [ 13.314, 53.177 ], [ 13.288, 53.14 ], [ 13.296, 53.143 ], [ 13.302, 53.142 ], [ 13.288, 53.136 ], [ 13.324, 53.101 ], [ 13.362, 53.088 ], [ 13.369, 53.069 ], [ 13.415, 53.056 ], [ 13.407, 53.025 ], [ 13.444, 53.03 ], [ 13.46, 53.008 ], [ 13.486, 53.009 ], [ 13.501, 52.998 ], [ 13.491, 52.987 ], [ 13.518, 52.989 ], [ 13.513, 52.975 ], [ 13.453, 52.965 ], [ 13.398, 52.934 ], [ 13.437, 52.934 ], [ 13.411, 52.923 ], [ 13.409, 52.911 ], [ 13.429, 52.904 ], [ 13.433, 52.917 ], [ 13.444, 52.91 ], [ 13.446, 52.918 ], [ 13.473, 52.919 ], [ 13.473, 52.906 ], [ 13.491, 52.901 ], [ 13.461, 52.885 ], [ 13.508, 52.873 ], [ 13.475, 52.878 ], [ 13.477, 52.859 ], [ 13.521, 52.848 ], [ 13.494, 52.84 ], [ 13.491, 52.811 ], [ 13.422, 52.804 ], [ 13.431, 52.789 ], [ 13.407, 52.781 ], [ 13.415, 52.751 ], [ 13.397, 52.745 ], [ 13.424, 52.734 ], [ 13.406, 52.726 ], [ 13.422, 52.71 ], [ 13.404, 52.71 ], [ 13.397, 52.673 ], [ 13.423, 52.67 ], [ 13.357, 52.623 ], [ 13.302, 52.628 ], [ 13.31, 52.657 ], [ 13.283, 52.661 ], [ 13.264, 52.627 ], [ 13.221, 52.628 ], [ 13.202, 52.606 ], [ 13.217, 52.587 ], [ 13.164, 52.599 ], [ 13.129, 52.587 ], [ 13.153, 52.573 ], [ 13.146, 52.553 ], [ 13.131, 52.556 ], [ 13.117, 52.517 ], [ 13.166, 52.51 ], [ 13.121, 52.491 ], [ 13.098, 52.494 ], [ 13.096, 52.47 ], [ 13.069, 52.461 ], [ 13.029, 52.481 ], [ 13.004, 52.515 ], [ 12.937, 52.501 ], [ 12.917, 52.474 ], [ 12.888, 52.464 ], [ 12.892, 52.45 ], [ 12.818, 52.473 ], [ 12.745, 52.458 ], [ 12.743, 52.477 ], [ 12.76, 52.481 ], [ 12.735, 52.498 ], [ 12.783, 52.508 ], [ 12.769, 52.516 ], [ 12.798, 52.522 ], [ 12.805, 52.559 ], [ 12.837, 52.559 ], [ 12.878, 52.541 ], [ 12.886, 52.569 ], [ 12.888, 52.56 ], [ 12.905, 52.564 ], [ 12.912, 52.61 ], [ 13.008, 52.613 ], [ 12.999, 52.624 ], [ 13.013, 52.63 ], [ 12.981, 52.628 ], [ 12.972, 52.639 ], [ 12.943, 52.637 ], [ 12.902, 52.654 ], [ 12.922, 52.67 ], [ 12.938, 52.663 ], [ 12.96, 52.689 ], [ 12.992, 52.693 ], [ 12.969, 52.701 ], [ 12.963, 52.72 ], [ 12.929, 52.725 ], [ 12.829, 52.695 ], [ 12.825, 52.708 ], [ 12.865, 52.711 ], [ 12.881, 52.719 ], [ 12.872, 52.727 ], [ 12.921, 52.745 ], [ 12.919, 52.795 ], [ 12.938, 52.794 ], [ 12.938, 52.804 ], [ 12.986, 52.829 ], [ 12.952, 52.834 ], [ 12.987, 52.836 ], [ 12.967, 52.84 ], [ 12.987, 52.844 ], [ 12.975, 52.862 ], [ 12.998, 52.857 ], [ 13.016, 52.865 ], [ 13.039, 52.855 ], [ 13.018, 52.906 ], [ 13.047, 52.917 ], [ 13.051, 52.991 ], [ 13.006, 52.999 ], [ 13.033, 53.024 ], [ 13.026, 53.071 ], [ 12.973, 53.073 ], [ 12.938, 53.104 ], [ 12.963, 53.133 ], [ 12.991, 53.13 ], [ 13.027, 53.147 ], [ 12.997, 53.148 ], [ 13.006, 53.156 ], [ 12.984, 53.167 ], [ 13.006, 53.167 ], [ 13.019, 53.185 ], [ 13.107, 53.215 ], [ 13.11, 53.24 ], [ 13.185, 53.249 ] ] ], [ [ [ 13.408, 52.939 ], [ 13.407, 52.935 ], [ 13.405, 52.935 ], [ 13.408, 52.939 ] ] ] ] } },
{ "type": "Feature", "properties": { "wkr_nr": 59, "wkr_name": "Märkisch-Oderland – Barnim II", "land": "Brandenburg", "wahlbeteiligung_prozent": 83.3, "union_prozent": 16.9, "afd_prozent": 33.8, "spd_prozent": 13.1, "gruene_prozent": 5.8, "linke_prozent": 11.3, "bsw_prozent": 12.3, "fdp_prozent": 2.9, "staerkste_partei": "afd" }, "geometry": { "type": "Polygon", "coordinates": [ [ [ 14.125, 52.903 ], [ 14.13, 52.889 ], [ 14.157, 52.896 ], [ 14.162, 52.888 ], [ 14.123, 52.844 ], [ 14.132, 52.827 ], [ 14.217, 52.817 ], [ 14.279, 52.774 ], [ 14.351, 52.752 ], [ 14.465, 52.661 ], [ 14.596, 52.611 ], [ 14.638, 52.574 ], [ 14.604, 52.531 ], [ 14.635, 52.492 ], [ 14.579, 52.442 ], [ 14.55, 52.434 ], [ 14.529, 52.392 ], [ 14.454, 52.398 ], [ 14.431, 52.394 ], [ 14.424, 52.374 ], [ 14.375, 52.387 ], [ 14.35, 52.374 ], [ 14.329, 52.378 ], [ 14.315, 52.382 ], [ 14.328, 52.403 ], [ 14.279, 52.413 ], [ 14.275, 52.463 ], [ 14.227, 52.492 ], [ 14.189, 52.499 ], [ 14.177, 52.469 ], [ 14.097, 52.463 ], [ 14.089, 52.451 ], [ 14.073, 52.481 ], [ 14.028, 52.471 ], [ 14.007, 52.447 ], [ 13.997, 52.465 ], [ 13.964, 52.465 ], [ 13.943, 52.479 ], [ 13.9, 52.474 ], [ 13.871, 52.453 ], [ 13.852, 52.458 ], [ 13.825, 52.438 ], [ 13.803, 52.439 ], [ 13.764, 52.447 ], [ 13.775, 52.466 ], [ 13.743, 52.466 ], [ 13.742, 52.486 ], [ 13.711, 52.493 ], [ 13.711, 52.503 ], [ 13.678, 52.494 ], [ 13.667, 52.474 ], [ 13.641, 52.479 ], [ 13.621, 52.469 ], [ 13.629, 52.506 ], [ 13.657, 52.53 ], [ 13.626, 52.53 ], [ 13.635, 52.542 ], [ 13.585, 52.548 ], [ 13.582, 52.571 ], [ 13.547, 52.588 ], [ 13.508, 52.592 ], [ 13.497, 52.605 ], [ 13.523, 52.645 ], [ 13.491, 52.655 ], [ 13.488, 52.671 ], [ 13.476, 52.666 ], [ 13.508, 52.683 ], [ 13.467, 52.731 ], [ 13.491, 52.745 ], [ 13.52, 52.746 ], [ 13.526, 52.718 ], [ 13.559, 52.738 ], [ 13.585, 52.735 ], [ 13.608, 52.756 ], [ 13.597, 52.731 ], [ 13.622, 52.707 ], [ 13.646, 52.705 ], [ 13.65, 52.691 ], [ 13.723, 52.699 ], [ 13.759, 52.716 ], [ 13.731, 52.734 ], [ 13.861, 52.759 ], [ 13.876, 52.779 ], [ 13.864, 52.788 ], [ 13.923, 52.795 ], [ 13.941, 52.825 ], [ 13.975, 52.825 ], [ 13.983, 52.848 ], [ 14.005, 52.86 ], [ 14.021, 52.847 ], [ 14.095, 52.856 ], [ 14.107, 52.869 ], [ 14.061, 52.869 ], [ 14.059, 52.885 ], [ 14.075, 52.9 ], [ 14.081, 52.891 ], [ 14.095, 52.903 ], [ 14.125, 52.903 ] ] ] } },
{ "type": "Feature", "properties": { "wkr_nr": 60, "wkr_name": "Brandenburg an der Havel – Potsdam-Mittelmark I – Havelland III – Teltow-Fläming I", "land": "Brandenburg", "wahlbeteiligung_prozent": 79.8, "union_prozent": 18.3, "afd_prozent": 31.4, "spd_prozent": 17.2, "gruene_prozent": 6.0, "linke_prozent": 10.8, "bsw_prozent": 10.2, "fdp_prozent": 2.9, "staerkste_partei": "afd" }, "geometry": { "type": "MultiPolygon", "coordinates": [ [ [ [ 12.235, 52.666 ], [ 12.386, 52.664 ], [ 12.413, 52.648 ], [ 12.4, 52.639 ], [ 12.408, 52.61 ], [ 12.431, 52.599 ], [ 12.421, 52.587 ], [ 12.378, 52.589 ], [ 12.397, 52.552 ], [ 12.488, 52.556 ], [ 12.506, 52.536 ], [ 12.536, 52.538 ], [ 12.576, 52.527 ], [ 12.651, 52.542 ], [ 12.672, 52.537 ], [ 12.69, 52.55 ], [ 12.717, 52.546 ], [ 12.716, 52.525 ], [ 12.75, 52.51 ], [ 12.735, 52.498 ], [ 12.76, 52.481 ], [ 12.743, 52.477 ], [ 12.745, 52.458 ], [ 12.818, 52.473 ], [ 12.892, 52.45 ], [ 12.894, 52.461 ], [ 12.946, 52.453 ], [ 12.935, 52.391 ], [ 12.97, 52.348 ], [ 12.943, 52.323 ], [ 12.914, 52.327 ], [ 12.91, 52.341 ], [ 12.857, 52.333 ], [ 12.852, 52.303 ], [ 12.897, 52.296 ], [ 12.908, 52.274 ], [ 12.978, 52.306 ], [ 13.007, 52.301 ], [ 13.022, 52.276 ], [ 13.061, 52.28 ], [ 13.065, 52.266 ], [ 13.044, 52.256 ], [ 13.043, 52.24 ], [ 13.071, 52.243 ], [ 13.073, 52.227 ], [ 13.103, 52.225 ], [ 13.06, 52.182 ], [ 12.952, 52.143 ], [ 12.995, 52.095 ], [ 13.041, 52.084 ], [ 13.054, 52.092 ], [ 13.056, 52.081 ], [ 13.124, 52.085 ], [ 13.154, 52.069 ], [ 13.148, 52.054 ], [ 13.233, 51.991 ], [ 13.213, 51.989 ], [ 13.211, 51.974 ], [ 13.186, 51.968 ], [ 13.184, 51.957 ], [ 13.144, 51.968 ], [ 13.12, 51.963 ], [ 13.126, 51.943 ], [ 13.095, 51.94 ], [ 13.098, 51.925 ], [ 13.124, 51.914 ], [ 13.083, 51.906 ], [ 13.081, 51.867 ], [ 13.03, 51.879 ], [ 13.045, 51.901 ], [ 12.973, 51.901 ], [ 12.977, 51.92 ], [ 12.956, 51.923 ], [ 12.961, 51.935 ], [ 12.918, 51.939 ], [ 12.89, 51.928 ], [ 12.853, 51.935 ], [ 12.844, 51.968 ], [ 12.778, 51.965 ], [ 12.774, 51.978 ], [ 12.669, 52.013 ], [ 12.649, 52.008 ], [ 12.645, 51.994 ], [ 12.614, 51.992 ], [ 12.615, 51.982 ], [ 12.539, 51.985 ], [ 12.536, 52.003 ], [ 12.499, 52.009 ], [ 12.481, 52.033 ], [ 12.461, 52.035 ], [ 12.45, 52.016 ], [ 12.43, 52.018 ], [ 12.39, 52.044 ], [ 12.36, 52.047 ], [ 12.316, 52.092 ], [ 12.276, 52.105 ], [ 12.265, 52.131 ], [ 12.217, 52.17 ], [ 12.229, 52.186 ], [ 12.248, 52.184 ], [ 12.249, 52.212 ], [ 12.297, 52.228 ], [ 12.245, 52.248 ], [ 12.263, 52.295 ], [ 12.308, 52.345 ], [ 12.284, 52.364 ], [ 12.306, 52.377 ], [ 12.292, 52.386 ], [ 12.302, 52.405 ], [ 12.274, 52.416 ], [ 12.297, 52.424 ], [ 12.289, 52.431 ], [ 12.331, 52.479 ], [ 12.316, 52.475 ], [ 12.309, 52.486 ], [ 12.33, 52.496 ], [ 12.271, 52.487 ], [ 12.258, 52.518 ], [ 12.236, 52.524 ], [ 12.222, 52.501 ], [ 12.185, 52.496 ], [ 12.167, 52.515 ], [ 12.189, 52.532 ], [ 12.174, 52.539 ], [ 12.142, 52.528 ], [ 12.181, 52.575 ], [ 12.172, 52.626 ], [ 12.204, 52.619 ], [ 12.237, 52.629 ], [ 12.235, 52.666 ] ] ], [ [ [ 12.279, 52.229 ], [ 12.285, 52.227 ], [ 12.277, 52.228 ], [ 12.279, 52.229 ] ] ], [ [ [ 12.274, 52.229 ], [ 12.27, 52.231 ], [ 12.275, 52.231 ], [ 12.274, 52.229 ] ] ] ] } },
{ "type": "Feature", "properties": { "wkr_nr": 61, "wkr_name": "Potsdam – Potsdam-Mittelmark II – Teltow-Fläming II", "land": "Brandenburg", "wahlbeteiligung_prozent": 85.7, "union_prozent": 19.2, "afd_prozent": 18.5, "spd_prozent": 17.1, "gruene_prozent": 14.6, "linke_prozent": 14.7, "bsw_prozent": 8.3, "fdp_prozent": 4.3, "staerkste_partei": "union" }, "geometry": { "type": "Polygon", "coordinates": [ [ [ 13.004, 52.515 ], [ 13.06, 52.461 ], [ 13.096, 52.47 ], [ 13.098, 52.494 ], [ 13.154, 52.502 ], [ 13.111, 52.466 ], [ 13.123, 52.439 ], [ 13.088, 52.42 ], [ 13.136, 52.398 ], [ 13.131, 52.387 ], [ 13.222, 52.42 ], [ 13.246, 52.421 ], [ 13.25, 52.405 ], [ 13.296, 52.416 ], [ 13.313, 52.398 ], [ 13.306, 52.382 ], [ 13.251, 52.35 ], [ 13.254, 52.328 ], [ 13.241, 52.321 ], [ 13.302, 52.34 ], [ 13.35, 52.325 ], [ 13.349, 52.304 ], [ 13.393, 52.287 ], [ 13.362, 52.257 ], [ 13.271, 52.252 ], [ 13.244, 52.273 ], [ 13.215, 52.265 ], [ 13.203, 52.273 ], [ 13.181, 52.262 ], [ 13.183, 52.25 ], [ 13.162, 52.246 ], [ 13.136, 52.264 ], [ 13.118, 52.257 ], [ 13.112, 52.23 ], [ 13.083, 52.225 ], [ 13.071, 52.243 ], [ 13.043, 52.24 ], [ 13.044, 52.256 ], [ 13.065, 52.266 ], [ 13.06, 52.28 ], [ 13.022, 52.276 ], [ 13.007, 52.301 ], [ 12.978, 52.306 ], [ 12.908, 52.274 ], [ 12.897, 52.296 ], [ 12.852, 52.303 ], [ 12.857, 52.333 ], [ 12.91, 52.341 ], [ 12.914, 52.327 ], [ 12.943, 52.323 ], [ 12.97, 52.348 ], [ 12.935, 52.391 ], [ 12.946, 52.453 ], [ 12.888, 52.464 ], [ 12.917, 52.474 ], [ 12.945, 52.504 ], [ 13.004, 52.515 ] ] ] } },
{ "type": "Feature", "properties": { "wkr_nr": 62, "wkr_name": "Dahme-Spreewald – Teltow-Fläming III", "land": "Brandenburg", "wahlbeteiligung_prozent": 83.2, "union_prozent": 19.6, "afd_prozent": 32.1, "spd_prozent": 14.7, "gruene_prozent": 6.2, "linke_prozent": 10.2, "bsw_prozent": 10.2, "fdp_prozent": 3.5, "staerkste_partei": "afd" }, "geometry": { "type": "Polygon", "coordinates": [ [ [ 13.479, 52.398 ], [ 13.538, 52.401 ], [ 13.536, 52.389 ], [ 13.593, 52.394 ], [ 13.607, 52.375 ], [ 13.643, 52.377 ], [ 13.636, 52.347 ], [ 13.648, 52.338 ], [ 13.671, 52.366 ], [ 13.692, 52.368 ], [ 13.717, 52.389 ], [ 13.741, 52.373 ], [ 13.728, 52.366 ], [ 13.736, 52.358 ], [ 13.756, 52.353 ], [ 13.734, 52.323 ], [ 13.752, 52.315 ], [ 13.778, 52.323 ], [ 13.84, 52.314 ], [ 13.822, 52.288 ], [ 13.854, 52.29 ], [ 13.862, 52.275 ], [ 13.849, 52.27 ], [ 13.857, 52.261 ], [ 13.839, 52.263 ], [ 13.82, 52.245 ], [ 13.856, 52.225 ], [ 13.84, 52.213 ], [ 13.855, 52.201 ], [ 13.835, 52.185 ], [ 13.894, 52.184 ], [ 13.889, 52.17 ], [ 13.86, 52.172 ], [ 13.85, 52.165 ], [ 13.876, 52.147 ], [ 13.845, 52.122 ], [ 13.871, 52.118 ], [ 13.931, 52.127 ], [ 13.919, 52.131 ], [ 13.938, 52.138 ], [ 13.968, 52.136 ], [ 14.01, 52.11 ], [ 14.044, 52.115 ], [ 14.043, 52.105 ], [ 14.061, 52.108 ], [ 14.112, 52.087 ], [ 14.139, 52.049 ], [ 14.194, 52.058 ], [ 14.205, 52.087 ], [ 14.218, 52.078 ], [ 14.227, 52.085 ], [ 14.248, 52.087 ], [ 14.214, 52.067 ], [ 14.214, 52.053 ], [ 14.22, 52.042 ], [ 14.26, 52.032 ], [ 14.3, 52.036 ], [ 14.305, 52.056 ], [ 14.348, 52.072 ], [ 14.401, 52.053 ], [ 14.405, 52.028 ], [ 14.446, 52.026 ], [ 14.453, 52.014 ], [ 14.369, 52.0 ], [ 14.393, 51.935 ], [ 14.32, 51.935 ], [ 14.223, 51.904 ], [ 14.215, 51.869 ], [ 14.174, 51.857 ], [ 13.981, 51.9 ], [ 13.922, 51.903 ], [ 13.864, 51.892 ], [ 13.864, 51.879 ], [ 13.827, 51.857 ], [ 13.854, 51.839 ], [ 13.833, 51.829 ], [ 13.838, 51.79 ], [ 13.806, 51.785 ], [ 13.831, 51.758 ], [ 13.854, 51.756 ], [ 13.844, 51.735 ], [ 13.815, 51.743 ], [ 13.782, 51.735 ], [ 13.775, 51.76 ], [ 13.729, 51.76 ], [ 13.696, 51.741 ], [ 13.695, 51.727 ], [ 13.665, 51.733 ], [ 13.661, 51.747 ], [ 13.609, 51.741 ], [ 13.579, 51.756 ], [ 13.549, 51.746 ], [ 13.507, 51.792 ], [ 13.475, 51.799 ], [ 13.464, 51.793 ], [ 13.42, 51.82 ], [ 13.397, 51.816 ], [ 13.354, 51.833 ], [ 13.311, 51.831 ], [ 13.304, 51.819 ], [ 13.248, 51.822 ], [ 13.222, 51.85 ], [ 13.23, 51.878 ], [ 13.162, 51.884 ], [ 13.163, 51.861 ], [ 13.151, 51.86 ], [ 13.132, 51.882 ], [ 13.085, 51.874 ], [ 13.083, 51.906 ], [ 13.124, 51.914 ], [ 13.098, 51.925 ], [ 13.095, 51.94 ], [ 13.126, 51.943 ], [ 13.12, 51.963 ], [ 13.144, 51.968 ], [ 13.184, 51.957 ], [ 13.186, 51.968 ], [ 13.211, 51.974 ], [ 13.213, 51.989 ], [ 13.233, 51.991 ], [ 13.148, 52.054 ], [ 13.154, 52.069 ], [ 13.124, 52.085 ], [ 13.056, 52.081 ], [ 13.054, 52.092 ], [ 13.041, 52.084 ], [ 12.995, 52.095 ], [ 12.951, 52.144 ], [ 13.06, 52.182 ], [ 13.135, 52.264 ], [ 13.152, 52.245 ], [ 13.183, 52.25 ], [ 13.181, 52.262 ], [ 13.203, 52.273 ], [ 13.215, 52.265 ], [ 13.244, 52.273 ], [ 13.271, 52.252 ], [ 13.362, 52.257 ], [ 13.393, 52.287 ], [ 13.349, 52.304 ], [ 13.35, 52.325 ], [ 13.302, 52.34 ], [ 13.247, 52.318 ], [ 13.251, 52.35 ], [ 13.275, 52.356 ], [ 13.312, 52.399 ], [ 13.343, 52.412 ], [ 13.389, 52.378 ], [ 13.421, 52.376 ], [ 13.419, 52.41 ], [ 13.458, 52.42 ], [ 13.479, 52.398 ] ] ] } },
{ "type": "Feature", "properties": { "wkr_nr": 63, "wkr_name": "Frankfurt (Oder) – Oder-Spree", "land": "Brandenburg", "wahlbeteiligung_prozent": 79.7, "union_prozent": 16.6, "afd_prozent": 35.4, "spd_prozent": 13.6, "gruene_prozent": 4.8, "linke_prozent": 10.6, "bsw_prozent": 12.6, "fdp_prozent": 3.1, "staerkste_partei": "afd" }, "geometry": { "type": "Polygon", "coordinates": [ [ [ 14.189, 52.499 ], [ 14.227, 52.492 ], [ 14.275, 52.463 ], [ 14.279, 52.413 ], [ 14.328, 52.403 ], [ 14.315, 52.382 ], [ 14.329, 52.378 ], [ 14.35, 52.374 ], [ 14.375, 52.387 ], [ 14.424, 52.374 ], [ 14.44, 52.396 ], [ 14.534, 52.395 ], [ 14.561, 52.329 ], [ 14.585, 52.306 ], [ 14.576, 52.288 ], [ 14.596, 52.273 ], [ 14.701, 52.25 ], [ 14.716, 52.234 ], [ 14.685, 52.194 ], [ 14.705, 52.17 ], [ 14.68, 52.145 ], [ 14.682, 52.115 ], [ 14.759, 52.066 ], [ 14.748, 52.032 ], [ 14.717, 52.001 ], [ 14.699, 52.007 ], [ 14.704, 52.014 ], [ 14.675, 52.003 ], [ 14.65, 52.028 ], [ 14.59, 52.034 ], [ 14.557, 52.005 ], [ 14.501, 52.008 ], [ 14.483, 52.058 ], [ 14.446, 52.04 ], [ 14.446, 52.026 ], [ 14.415, 52.025 ], [ 14.401, 52.053 ], [ 14.355, 52.073 ], [ 14.311, 52.061 ], [ 14.3, 52.036 ], [ 14.26, 52.032 ], [ 14.22, 52.042 ], [ 14.214, 52.053 ], [ 14.214, 52.067 ], [ 14.248, 52.087 ], [ 14.218, 52.078 ], [ 14.205, 52.087 ], [ 14.194, 52.058 ], [ 14.139, 52.049 ], [ 14.112, 52.087 ], [ 14.061, 52.108 ], [ 14.043, 52.105 ], [ 14.044, 52.115 ], [ 14.01, 52.11 ], [ 13.968, 52.136 ], [ 13.938, 52.138 ], [ 13.919, 52.131 ], [ 13.931, 52.127 ], [ 13.871, 52.118 ], [ 13.845, 52.122 ], [ 13.876, 52.147 ], [ 13.85, 52.165 ], [ 13.86, 52.172 ], [ 13.889, 52.17 ], [ 13.894, 52.184 ], [ 13.835, 52.185 ], [ 13.855, 52.201 ], [ 13.84, 52.213 ], [ 13.856, 52.225 ], [ 13.82, 52.245 ], [ 13.839, 52.263 ], [ 13.857, 52.261 ], [ 13.849, 52.27 ], [ 13.862, 52.276 ], [ 13.854, 52.29 ], [ 13.822, 52.288 ], [ 13.84, 52.314 ], [ 13.778, 52.323 ], [ 13.752, 52.315 ], [ 13.734, 52.323 ], [ 13.756, 52.353 ], [ 13.728, 52.366 ], [ 13.741, 52.373 ], [ 13.717, 52.389 ], [ 13.7, 52.378 ], [ 13.687, 52.384 ], [ 13.735, 52.402 ], [ 13.738, 52.434 ], [ 13.76, 52.438 ], [ 13.667, 52.474 ], [ 13.678, 52.494 ], [ 13.711, 52.503 ], [ 13.711, 52.493 ], [ 13.742, 52.486 ], [ 13.743, 52.466 ], [ 13.775, 52.466 ], [ 13.764, 52.447 ], [ 13.825, 52.438 ], [ 13.852, 52.458 ], [ 13.871, 52.453 ], [ 13.9, 52.474 ], [ 13.943, 52.479 ], [ 13.964, 52.465 ], [ 13.997, 52.465 ], [ 14.007, 52.447 ], [ 14.028, 52.471 ], [ 14.073, 52.481 ], [ 14.089, 52.451 ], [ 14.097, 52.463 ], [ 14.177, 52.469 ], [ 14.189, 52.499 ] ] ] } },
{ "type": "Feature", "properties": { "wkr_nr": 64, "wkr_name": "Cottbus – Spree-Neiße", "land": "Brandenburg", "wahlbeteiligung_prozent": 79.8, "union_prozent": 15.9, "afd_prozent": 39.0, "spd_prozent": 14.0, "gruene_prozent": 4.0, "linke_prozent": 9.2, "bsw_prozent": 11.5, "fdp_prozent": 3.2, "staerkste_partei": "afd" }, "geometry": { "type": "Polygon", "coordinates": [ [ [ 14.496, 52.011 ], [ 14.557, 52.005 ], [ 14.59, 52.034 ], [ 14.65, 52.028 ], [ 14.675, 52.003 ], [ 14.704, 52.014 ], [ 14.699, 52.007 ], [ 14.72, 51.999 ], [ 14.705, 51.977 ], [ 14.719, 51.942 ], [ 14.694, 51.902 ], [ 14.611, 51.857 ], [ 14.59, 51.821 ], [ 14.607, 51.804 ], [ 14.646, 51.795 ], [ 14.668, 51.726 ], [ 14.738, 51.687 ], [ 14.758, 51.661 ], [ 14.765, 51.607 ], [ 14.73, 51.582 ], [ 14.697, 51.597 ], [ 14.706, 51.576 ], [ 14.693, 51.576 ], [ 14.674, 51.551 ], [ 14.61, 51.55 ], [ 14.598, 51.572 ], [ 14.57, 51.581 ], [ 14.515, 51.554 ], [ 14.454, 51.556 ], [ 14.448, 51.542 ], [ 14.387, 51.542 ], [ 14.34, 51.521 ], [ 14.332, 51.505 ], [ 14.323, 51.519 ], [ 14.274, 51.532 ], [ 14.247, 51.528 ], [ 14.213, 51.54 ], [ 14.163, 51.541 ], [ 14.147, 51.578 ], [ 14.218, 51.618 ], [ 14.178, 51.627 ], [ 14.18, 51.636 ], [ 14.129, 51.639 ], [ 14.117, 51.665 ], [ 14.093, 51.673 ], [ 14.144, 51.727 ], [ 14.139, 51.74 ], [ 14.112, 51.739 ], [ 14.102, 51.749 ], [ 14.124, 51.799 ], [ 14.101, 51.827 ], [ 14.074, 51.827 ], [ 14.079, 51.869 ], [ 14.088, 51.878 ], [ 14.174, 51.857 ], [ 14.215, 51.869 ], [ 14.223, 51.904 ], [ 14.32, 51.935 ], [ 14.393, 51.935 ], [ 14.369, 52.0 ], [ 14.453, 52.014 ], [ 14.446, 52.04 ], [ 14.483, 52.058 ], [ 14.496, 52.011 ] ] ] } },
{ "type": "Feature", "properties": { "wkr_nr": 65, "wkr_name": "Elbe-Elster – Oberspreewald-Lausitz", "land": "Brandenburg", "wahlbeteiligung_prozent": 79.5, "union_prozent": 16.5, "afd_prozent": 40.9, "spd_prozent": 12.5, "gruene_prozent": 2.8, "linke_prozent": 8.7, "bsw_prozent": 11.7, "fdp_prozent": 3.1, "staerkste_partei": "afd" }, "geometry": { "type": "Polygon", "coordinates": [ [ [ 13.981, 51.9 ], [ 14.088, 51.878 ], [ 14.073, 51.829 ], [ 14.116, 51.815 ], [ 14.123, 51.792 ], [ 14.1, 51.754 ], [ 14.112, 51.739 ], [ 14.139, 51.74 ], [ 14.144, 51.727 ], [ 14.092, 51.674 ], [ 14.117, 51.665 ], [ 14.129, 51.639 ], [ 14.18, 51.636 ], [ 14.178, 51.627 ], [ 14.218, 51.618 ], [ 14.175, 51.59 ], [ 14.155, 51.589 ], [ 14.146, 51.575 ], [ 14.163, 51.541 ], [ 14.137, 51.543 ], [ 14.142, 51.523 ], [ 14.108, 51.522 ], [ 14.096, 51.498 ], [ 14.074, 51.493 ], [ 14.087, 51.477 ], [ 14.033, 51.475 ], [ 14.063, 51.446 ], [ 14.04, 51.437 ], [ 14.045, 51.419 ], [ 14.016, 51.405 ], [ 14.028, 51.396 ], [ 14.004, 51.396 ], [ 14.001, 51.373 ], [ 13.97, 51.376 ], [ 13.961, 51.397 ], [ 13.883, 51.375 ], [ 13.833, 51.384 ], [ 13.819, 51.369 ], [ 13.788, 51.371 ], [ 13.763, 51.359 ], [ 13.758, 51.371 ], [ 13.739, 51.361 ], [ 13.668, 51.376 ], [ 13.661, 51.369 ], [ 13.594, 51.369 ], [ 13.59, 51.384 ], [ 13.57, 51.386 ], [ 13.543, 51.369 ], [ 13.538, 51.381 ], [ 13.523, 51.381 ], [ 13.521, 51.402 ], [ 13.463, 51.412 ], [ 13.466, 51.422 ], [ 13.446, 51.431 ], [ 13.421, 51.422 ], [ 13.428, 51.431 ], [ 13.401, 51.454 ], [ 13.373, 51.438 ], [ 13.377, 51.425 ], [ 13.32, 51.438 ], [ 13.328, 51.427 ], [ 13.287, 51.411 ], [ 13.286, 51.399 ], [ 13.26, 51.4 ], [ 13.269, 51.385 ], [ 13.215, 51.396 ], [ 13.2, 51.433 ], [ 13.174, 51.428 ], [ 13.203, 51.451 ], [ 13.182, 51.492 ], [ 13.201, 51.492 ], [ 13.208, 51.524 ], [ 13.186, 51.558 ], [ 13.143, 51.567 ], [ 13.155, 51.6 ], [ 13.144, 51.598 ], [ 13.121, 51.619 ], [ 13.086, 51.608 ], [ 13.051, 51.648 ], [ 13.155, 51.687 ], [ 13.155, 51.711 ], [ 13.187, 51.716 ], [ 13.154, 51.744 ], [ 13.163, 51.755 ], [ 13.147, 51.767 ], [ 13.17, 51.787 ], [ 13.158, 51.788 ], [ 13.163, 51.802 ], [ 13.123, 51.858 ], [ 13.163, 51.861 ], [ 13.162, 51.884 ], [ 13.23, 51.878 ], [ 13.222, 51.85 ], [ 13.248, 51.822 ], [ 13.304, 51.819 ], [ 13.311, 51.831 ], [ 13.354, 51.833 ], [ 13.397, 51.816 ], [ 13.42, 51.82 ], [ 13.464, 51.793 ], [ 13.475, 51.799 ], [ 13.507, 51.792 ], [ 13.549, 51.746 ], [ 13.579, 51.756 ], [ 13.609, 51.741 ], [ 13.661, 51.747 ], [ 13.665, 51.733 ], [ 13.695, 51.727 ], [ 13.696, 51.741 ], [ 13.729, 51.76 ], [ 13.775, 51.76 ], [ 13.782, 51.735 ], [ 13.815, 51.743 ], [ 13.844, 51.735 ], [ 13.854, 51.756 ], [ 13.831, 51.758 ], [ 13.806, 51.785 ], [ 13.838, 51.79 ], [ 13.833, 51.829 ], [ 13.854, 51.838 ], [ 13.827, 51.857 ], [ 13.864, 51.879 ], [ 13.864, 51.892 ], [ 13.981, 51.9 ] ] ] } },
{ "type": "Feature", "properties": { "wkr_nr": 66, "wkr_name": "Altmark – Jerichower Land", "land": "Sachsen-Anhalt", "wahlbeteiligung_prozent": 78.3, "union_prozent": 19.3, "afd_prozent": 37.4, "spd_prozent": 11.7, "gruene_prozent": 3.3, "linke_prozent": 10.5, "bsw_prozent": 11.6, "fdp_prozent": 3.0, "staerkste_partei": "afd" }, "geometry": { "type": "Polygon", "coordinates": [ [ [ 11.628, 53.011 ], [ 11.677, 53.008 ], [ 11.693, 52.978 ], [ 11.743, 52.989 ], [ 11.786, 52.961 ], [ 11.842, 52.954 ], [ 11.849, 52.942 ], [ 11.826, 52.915 ], [ 11.873, 52.908 ], [ 11.897, 52.893 ], [ 11.98, 52.876 ], [ 12.023, 52.89 ], [ 12.113, 52.876 ], [ 12.125, 52.894 ], [ 12.126, 52.853 ], [ 12.197, 52.878 ], [ 12.21, 52.862 ], [ 12.217, 52.866 ], [ 12.234, 52.859 ], [ 12.258, 52.805 ], [ 12.245, 52.787 ], [ 12.22, 52.79 ], [ 12.206, 52.761 ], [ 12.223, 52.74 ], [ 12.198, 52.719 ], [ 12.233, 52.689 ], [ 12.237, 52.629 ], [ 12.204, 52.619 ], [ 12.172, 52.626 ], [ 12.181, 52.575 ], [ 12.142, 52.528 ], [ 12.174, 52.539 ], [ 12.189, 52.532 ], [ 12.167, 52.515 ], [ 12.185, 52.496 ], [ 12.222, 52.501 ], [ 12.236, 52.524 ], [ 12.258, 52.518 ], [ 12.271, 52.487 ], [ 12.33, 52.496 ], [ 12.309, 52.486 ], [ 12.316, 52.475 ], [ 12.331, 52.479 ], [ 12.289, 52.431 ], [ 12.297, 52.424 ], [ 12.274, 52.416 ], [ 12.302, 52.405 ], [ 12.292, 52.386 ], [ 12.306, 52.377 ], [ 12.284, 52.364 ], [ 12.308, 52.345 ], [ 12.263, 52.295 ], [ 12.245, 52.248 ], [ 12.297, 52.228 ], [ 12.249, 52.212 ], [ 12.248, 52.184 ], [ 12.229, 52.186 ], [ 12.217, 52.17 ], [ 12.265, 52.131 ], [ 12.277, 52.104 ], [ 12.213, 52.102 ], [ 12.185, 52.079 ], [ 12.135, 52.069 ], [ 12.079, 52.076 ], [ 12.06, 52.058 ], [ 12.033, 52.065 ], [ 12.006, 52.03 ], [ 11.966, 52.025 ], [ 11.952, 52.008 ], [ 11.921, 52.001 ], [ 11.891, 52.001 ], [ 11.878, 52.024 ], [ 11.837, 52.037 ], [ 11.847, 52.058 ], [ 11.766, 52.069 ], [ 11.744, 52.101 ], [ 11.722, 52.1 ], [ 11.724, 52.142 ], [ 11.706, 52.148 ], [ 11.711, 52.17 ], [ 11.687, 52.187 ], [ 11.714, 52.206 ], [ 11.702, 52.243 ], [ 11.733, 52.256 ], [ 11.767, 52.311 ], [ 11.805, 52.335 ], [ 11.791, 52.352 ], [ 11.819, 52.348 ], [ 11.818, 52.334 ], [ 11.852, 52.332 ], [ 11.855, 52.356 ], [ 11.818, 52.372 ], [ 11.841, 52.401 ], [ 11.817, 52.415 ], [ 11.789, 52.415 ], [ 11.795, 52.422 ], [ 11.773, 52.418 ], [ 11.789, 52.413 ], [ 11.782, 52.4 ], [ 11.719, 52.408 ], [ 11.733, 52.424 ], [ 11.717, 52.428 ], [ 11.7, 52.459 ], [ 11.643, 52.47 ], [ 11.587, 52.459 ], [ 11.562, 52.41 ], [ 11.447, 52.387 ], [ 11.451, 52.408 ], [ 11.382, 52.431 ], [ 11.348, 52.423 ], [ 11.32, 52.425 ], [ 11.31, 52.44 ], [ 11.284, 52.43 ], [ 11.148, 52.434 ], [ 11.09, 52.455 ], [ 11.057, 52.506 ], [ 11.009, 52.497 ], [ 10.959, 52.535 ], [ 10.94, 52.59 ], [ 10.976, 52.607 ], [ 10.977, 52.624 ], [ 10.921, 52.61 ], [ 10.83, 52.716 ], [ 10.797, 52.714 ], [ 10.792, 52.748 ], [ 10.755, 52.785 ], [ 10.767, 52.842 ], [ 10.866, 52.856 ], [ 10.885, 52.846 ], [ 10.896, 52.856 ], [ 10.94, 52.853 ], [ 10.986, 52.882 ], [ 11.0, 52.911 ], [ 11.099, 52.913 ], [ 11.093, 52.899 ], [ 11.113, 52.896 ], [ 11.155, 52.906 ], [ 11.221, 52.898 ], [ 11.241, 52.879 ], [ 11.291, 52.889 ], [ 11.295, 52.875 ], [ 11.407, 52.904 ], [ 11.47, 52.939 ], [ 11.505, 52.941 ], [ 11.492, 52.96 ], [ 11.512, 53.007 ], [ 11.556, 52.999 ], [ 11.559, 53.013 ], [ 11.623, 53.042 ], [ 11.642, 53.035 ], [ 11.628, 53.011 ] ], [ [ 12.279, 52.229 ], [ 12.281, 52.227 ], [ 12.286, 52.227 ], [ 12.279, 52.229 ] ], [ [ 12.264, 52.232 ], [ 12.274, 52.229 ], [ 12.275, 52.231 ], [ 12.264, 52.232 ] ], [ [ 12.218, 52.86 ], [ 12.221, 52.864 ], [ 12.217, 52.861 ], [ 12.218, 52.86 ] ] ] } },
{ "type": "Feature", "properties": { "wkr_nr": 67, "wkr_name": "Börde – Salzlandkreis", "land": "Sachsen-Anhalt", "wahlbeteiligung_prozent": 78.5, "union_prozent": 19.1, "afd_prozent": 41.5, "spd_prozent": 10.4, "gruene_prozent": 2.6, "linke_prozent": 9.1, "bsw_prozent": 11.3, "fdp_prozent": 2.9, "staerkste_partei": "afd" }, "geometry": { "type": "MultiPolygon", "coordinates": [ [ [ [ 11.052, 52.508 ], [ 11.09, 52.455 ], [ 11.148, 52.434 ], [ 11.284, 52.43 ], [ 11.31, 52.44 ], [ 11.32, 52.425 ], [ 11.382, 52.431 ], [ 11.451, 52.408 ], [ 11.447, 52.387 ], [ 11.562, 52.41 ], [ 11.587, 52.459 ], [ 11.643, 52.47 ], [ 11.7, 52.459 ], [ 11.717, 52.428 ], [ 11.733, 52.424 ], [ 11.719, 52.408 ], [ 11.782, 52.4 ], [ 11.789, 52.413 ], [ 11.773, 52.418 ], [ 11.795, 52.422 ], [ 11.789, 52.415 ], [ 11.817, 52.415 ], [ 11.841, 52.401 ], [ 11.818, 52.372 ], [ 11.855, 52.356 ], [ 11.852, 52.332 ], [ 11.818, 52.334 ], [ 11.819, 52.348 ], [ 11.791, 52.352 ], [ 11.806, 52.337 ], [ 11.797, 52.324 ], [ 11.767, 52.311 ], [ 11.755, 52.278 ], [ 11.701, 52.241 ], [ 11.713, 52.204 ], [ 11.689, 52.199 ], [ 11.675, 52.226 ], [ 11.637, 52.228 ], [ 11.647, 52.199 ], [ 11.561, 52.168 ], [ 11.561, 52.143 ], [ 11.548, 52.144 ], [ 11.519, 52.078 ], [ 11.544, 52.062 ], [ 11.6, 52.07 ], [ 11.624, 52.052 ], [ 11.637, 52.03 ], [ 11.601, 52.019 ], [ 11.607, 51.952 ], [ 11.631, 51.946 ], [ 11.623, 51.931 ], [ 11.661, 51.92 ], [ 11.673, 51.932 ], [ 11.701, 51.93 ], [ 11.701, 51.914 ], [ 11.744, 51.901 ], [ 11.713, 51.872 ], [ 11.761, 51.863 ], [ 11.775, 51.88 ], [ 11.816, 51.876 ], [ 11.883, 51.819 ], [ 11.863, 51.795 ], [ 11.855, 51.8 ], [ 11.847, 51.798 ], [ 11.849, 51.78 ], [ 11.866, 51.783 ], [ 11.867, 51.769 ], [ 11.904, 51.763 ], [ 11.855, 51.739 ], [ 11.838, 51.683 ], [ 11.865, 51.675 ], [ 11.854, 51.65 ], [ 11.824, 51.658 ], [ 11.799, 51.643 ], [ 11.756, 51.651 ], [ 11.745, 51.629 ], [ 11.72, 51.629 ], [ 11.689, 51.65 ], [ 11.628, 51.653 ], [ 11.604, 51.668 ], [ 11.61, 51.691 ], [ 11.635, 51.694 ], [ 11.616, 51.704 ], [ 11.624, 51.732 ], [ 11.6, 51.731 ], [ 11.616, 51.746 ], [ 11.55, 51.757 ], [ 11.517, 51.792 ], [ 11.482, 51.797 ], [ 11.484, 51.84 ], [ 11.465, 51.85 ], [ 11.386, 51.841 ], [ 11.379, 51.863 ], [ 11.328, 51.887 ], [ 11.336, 51.906 ], [ 11.311, 51.9 ], [ 11.274, 51.908 ], [ 11.259, 51.899 ], [ 11.278, 51.895 ], [ 11.262, 51.893 ], [ 11.198, 51.926 ], [ 11.175, 51.917 ], [ 11.161, 51.94 ], [ 11.18, 51.96 ], [ 11.15, 51.969 ], [ 11.162, 51.98 ], [ 11.154, 52.001 ], [ 11.098, 52.003 ], [ 11.084, 52.027 ], [ 11.069, 52.025 ], [ 11.07, 52.038 ], [ 10.964, 52.057 ], [ 10.971, 52.086 ], [ 10.942, 52.094 ], [ 10.942, 52.103 ], [ 10.977, 52.106 ], [ 11.044, 52.134 ], [ 11.06, 52.172 ], [ 11.018, 52.179 ], [ 11.014, 52.2 ], [ 11.086, 52.229 ], [ 11.073, 52.243 ], [ 11.059, 52.241 ], [ 11.052, 52.267 ], [ 11.029, 52.27 ], [ 11.014, 52.287 ], [ 11.036, 52.31 ], [ 10.984, 52.342 ], [ 11.057, 52.35 ], [ 11.074, 52.374 ], [ 11.047, 52.388 ], [ 11.015, 52.388 ], [ 11.006, 52.409 ], [ 10.934, 52.461 ], [ 10.934, 52.476 ], [ 10.944, 52.492 ], [ 10.975, 52.501 ], [ 11.036, 52.498 ], [ 11.052, 52.508 ] ] ], [ [ [ 11.883, 51.861 ], [ 11.888, 51.864 ], [ 11.886, 51.861 ], [ 11.883, 51.861 ] ] ] ] } },
{ "type": "Feature", "properties": { "wkr_nr": 68, "wkr_name": "Harz", "land": "Sachsen-Anhalt", "wahlbeteiligung_prozent": 76.9, "union_prozent": 19.6, "afd_prozent": 37.0, "spd_prozent": 11.5, "gruene_prozent": 3.8, "linke_prozent": 10.1, "bsw_prozent": 11.8, "fdp_prozent": 2.7, "staerkste_partei": "afd" }, "geometry": { "type": "Polygon", "coordinates": [ [ [ 10.96, 52.058 ], [ 11.07, 52.038 ], [ 11.069, 52.025 ], [ 11.084, 52.027 ], [ 11.098, 52.003 ], [ 11.154, 52.001 ], [ 11.162, 51.98 ], [ 11.15, 51.969 ], [ 11.18, 51.96 ], [ 11.161, 51.94 ], [ 11.175, 51.917 ], [ 11.198, 51.926 ], [ 11.262, 51.893 ], [ 11.278, 51.895 ], [ 11.259, 51.899 ], [ 11.274, 51.908 ], [ 11.311, 51.9 ], [ 11.336, 51.906 ], [ 11.328, 51.887 ], [ 11.379, 51.863 ], [ 11.386, 51.841 ], [ 11.474, 51.846 ], [ 11.49, 51.824 ], [ 11.482, 51.797 ], [ 11.517, 51.792 ], [ 11.55, 51.757 ], [ 11.616, 51.746 ], [ 11.6, 51.731 ], [ 11.624, 51.732 ], [ 11.616, 51.704 ], [ 11.635, 51.694 ], [ 11.584, 51.701 ], [ 11.584, 51.693 ], [ 11.537, 51.685 ], [ 11.519, 51.688 ], [ 11.498, 51.717 ], [ 11.456, 51.723 ], [ 11.446, 51.713 ], [ 11.402, 51.73 ], [ 11.382, 51.692 ], [ 11.289, 51.66 ], [ 11.281, 51.645 ], [ 11.234, 51.643 ], [ 11.253, 51.61 ], [ 11.233, 51.607 ], [ 11.234, 51.597 ], [ 11.2, 51.593 ], [ 11.209, 51.587 ], [ 11.166, 51.596 ], [ 11.157, 51.573 ], [ 11.131, 51.566 ], [ 11.112, 51.578 ], [ 11.134, 51.578 ], [ 11.139, 51.585 ], [ 11.101, 51.59 ], [ 11.087, 51.604 ], [ 11.038, 51.594 ], [ 11.039, 51.608 ], [ 11.027, 51.592 ], [ 11.004, 51.591 ], [ 11.022, 51.599 ], [ 11.001, 51.602 ], [ 11.029, 51.602 ], [ 10.983, 51.612 ], [ 11.007, 51.61 ], [ 10.993, 51.617 ], [ 11.003, 51.617 ], [ 11.034, 51.603 ], [ 11.019, 51.627 ], [ 11.003, 51.621 ], [ 11.01, 51.628 ], [ 10.979, 51.624 ], [ 10.957, 51.633 ], [ 10.894, 51.611 ], [ 10.859, 51.633 ], [ 10.823, 51.624 ], [ 10.818, 51.639 ], [ 10.765, 51.649 ], [ 10.749, 51.64 ], [ 10.696, 51.643 ], [ 10.671, 51.667 ], [ 10.669, 51.709 ], [ 10.642, 51.725 ], [ 10.626, 51.759 ], [ 10.591, 51.769 ], [ 10.574, 51.811 ], [ 10.588, 51.836 ], [ 10.579, 51.848 ], [ 10.649, 51.889 ], [ 10.648, 51.908 ], [ 10.613, 51.922 ], [ 10.613, 51.939 ], [ 10.651, 51.958 ], [ 10.62, 51.958 ], [ 10.561, 52.004 ], [ 10.592, 52.014 ], [ 10.626, 52.008 ], [ 10.655, 52.025 ], [ 10.648, 52.042 ], [ 10.687, 52.048 ], [ 10.96, 52.058 ] ] ] } },
{ "type": "Feature", "properties": { "wkr_nr": 69, "wkr_name": "Magdeburg", "land": "Sachsen-Anhalt", "wahlbeteiligung_prozent": 78.2, "union_prozent": 18.6, "afd_prozent": 30.4, "spd_prozent": 12.6, "gruene_prozent": 7.1, "linke_prozent": 13.4, "bsw_prozent": 11.2, "fdp_prozent": 3.0, "staerkste_partei": "afd" }, "geometry": { "type": "Polygon", "coordinates": [ [ [ 11.637, 52.228 ], [ 11.675, 52.226 ], [ 11.689, 52.199 ], [ 11.705, 52.199 ], [ 11.687, 52.187 ], [ 11.711, 52.17 ], [ 11.706, 52.148 ], [ 11.724, 52.142 ], [ 11.722, 52.1 ], [ 11.744, 52.101 ], [ 11.766, 52.069 ], [ 11.847, 52.058 ], [ 11.837, 52.038 ], [ 11.89, 52.01 ], [ 11.885, 51.977 ], [ 12.015, 51.887 ], [ 12.019, 51.873 ], [ 12.004, 51.879 ], [ 11.967, 51.867 ], [ 11.923, 51.88 ], [ 11.907, 51.864 ], [ 11.866, 51.853 ], [ 11.857, 51.838 ], [ 11.816, 51.876 ], [ 11.775, 51.88 ], [ 11.761, 51.863 ], [ 11.713, 51.872 ], [ 11.744, 51.901 ], [ 11.701, 51.914 ], [ 11.701, 51.93 ], [ 11.673, 51.932 ], [ 11.661, 51.92 ], [ 11.623, 51.931 ], [ 11.631, 51.946 ], [ 11.607, 51.952 ], [ 11.601, 52.019 ], [ 11.637, 52.03 ], [ 11.624, 52.052 ], [ 11.6, 52.07 ], [ 11.544, 52.062 ], [ 11.519, 52.078 ], [ 11.548, 52.144 ], [ 11.561, 52.143 ], [ 11.561, 52.168 ], [ 11.647, 52.199 ], [ 11.637, 52.228 ] ], [ [ 11.894, 51.87 ], [ 11.89, 51.871 ], [ 11.889, 51.867 ], [ 11.894, 51.87 ] ], [ [ 11.887, 51.866 ], [ 11.883, 51.861 ], [ 11.887, 51.862 ], [ 11.887, 51.866 ] ] ] } },
{ "type": "Feature", "properties": { "wkr_nr": 70, "wkr_name": "Anhalt – Dessau – Wittenberg", "land": "Sachsen-Anhalt", "wahlbeteiligung_prozent": 77.4, "union_prozent": 21.5, "afd_prozent": 37.5, "spd_prozent": 10.5, "gruene_prozent": 3.9, "linke_prozent": 9.5, "bsw_prozent": 10.8, "fdp_prozent": 2.9, "staerkste_partei": "afd" }, "geometry": { "type": "Polygon", "coordinates": [ [ [ 12.283, 52.104 ], [ 12.317, 52.091 ], [ 12.36, 52.047 ], [ 12.39, 52.044 ], [ 12.435, 52.017 ], [ 12.45, 52.016 ], [ 12.461, 52.035 ], [ 12.481, 52.033 ], [ 12.499, 52.009 ], [ 12.536, 52.003 ], [ 12.539, 51.985 ], [ 12.615, 51.982 ], [ 12.614, 51.992 ], [ 12.645, 51.994 ], [ 12.649, 52.008 ], [ 12.667, 52.013 ], [ 12.774, 51.978 ], [ 12.778, 51.965 ], [ 12.844, 51.968 ], [ 12.853, 51.935 ], [ 12.89, 51.928 ], [ 12.918, 51.939 ], [ 12.961, 51.935 ], [ 12.956, 51.923 ], [ 12.977, 51.92 ], [ 12.973, 51.901 ], [ 13.045, 51.901 ], [ 13.029, 51.881 ], [ 13.039, 51.871 ], [ 13.081, 51.867 ], [ 13.119, 51.883 ], [ 13.139, 51.88 ], [ 13.151, 51.86 ], [ 13.124, 51.855 ], [ 13.163, 51.802 ], [ 13.158, 51.788 ], [ 13.17, 51.787 ], [ 13.147, 51.767 ], [ 13.163, 51.755 ], [ 13.154, 51.744 ], [ 13.186, 51.722 ], [ 13.165, 51.718 ], [ 13.17, 51.708 ], [ 13.154, 51.71 ], [ 13.162, 51.691 ], [ 13.023, 51.637 ], [ 13.017, 51.66 ], [ 12.996, 51.669 ], [ 12.967, 51.666 ], [ 12.972, 51.65 ], [ 12.95, 51.649 ], [ 12.942, 51.638 ], [ 12.928, 51.65 ], [ 12.898, 51.647 ], [ 12.889, 51.667 ], [ 12.866, 51.655 ], [ 12.844, 51.685 ], [ 12.773, 51.648 ], [ 12.688, 51.663 ], [ 12.649, 51.62 ], [ 12.608, 51.611 ], [ 12.629, 51.625 ], [ 12.592, 51.618 ], [ 12.58, 51.626 ], [ 12.56, 51.609 ], [ 12.507, 51.608 ], [ 12.483, 51.593 ], [ 12.486, 51.604 ], [ 12.444, 51.61 ], [ 12.425, 51.582 ], [ 12.315, 51.584 ], [ 12.283, 51.596 ], [ 12.284, 51.628 ], [ 12.265, 51.644 ], [ 12.182, 51.636 ], [ 12.179, 51.66 ], [ 12.212, 51.671 ], [ 12.199, 51.683 ], [ 12.224, 51.686 ], [ 12.224, 51.703 ], [ 12.198, 51.716 ], [ 12.168, 51.712 ], [ 12.166, 51.744 ], [ 12.196, 51.744 ], [ 12.194, 51.766 ], [ 12.12, 51.782 ], [ 12.112, 51.792 ], [ 12.139, 51.815 ], [ 12.142, 51.87 ], [ 12.052, 51.859 ], [ 12.023, 51.864 ], [ 12.016, 51.886 ], [ 11.886, 51.976 ], [ 11.884, 51.989 ], [ 11.891, 52.001 ], [ 11.939, 52.004 ], [ 11.966, 52.025 ], [ 12.006, 52.03 ], [ 12.033, 52.065 ], [ 12.06, 52.058 ], [ 12.079, 52.076 ], [ 12.135, 52.069 ], [ 12.185, 52.079 ], [ 12.213, 52.102 ], [ 12.283, 52.104 ] ] ] } },
{ "type": "Feature", "properties": { "wkr_nr": 71, "wkr_name": "Halle", "land": "Sachsen-Anhalt", "wahlbeteiligung_prozent": 77.3, "union_prozent": 18.1, "afd_prozent": 28.6, "spd_prozent": 12.1, "gruene_prozent": 8.8, "linke_prozent": 15.3, "bsw_prozent": 10.2, "fdp_prozent": 3.5, "staerkste_partei": "afd" }, "geometry": { "type": "MultiPolygon", "coordinates": [ [ [ [ 12.21, 51.712 ], [ 12.224, 51.686 ], [ 12.202, 51.688 ], [ 12.212, 51.671 ], [ 12.179, 51.66 ], [ 12.182, 51.636 ], [ 12.265, 51.644 ], [ 12.284, 51.628 ], [ 12.283, 51.596 ], [ 12.315, 51.584 ], [ 12.338, 51.59 ], [ 12.343, 51.581 ], [ 12.293, 51.561 ], [ 12.25, 51.559 ], [ 12.243, 51.567 ], [ 12.231, 51.547 ], [ 12.193, 51.531 ], [ 12.203, 51.485 ], [ 12.176, 51.482 ], [ 12.176, 51.47 ], [ 12.149, 51.463 ], [ 12.157, 51.433 ], [ 12.182, 51.432 ], [ 12.183, 51.411 ], [ 12.165, 51.406 ], [ 12.142, 51.414 ], [ 12.137, 51.407 ], [ 12.137, 51.415 ], [ 12.098, 51.416 ], [ 12.093, 51.426 ], [ 12.084, 51.413 ], [ 12.031, 51.425 ], [ 12.009, 51.403 ], [ 11.953, 51.407 ], [ 11.941, 51.417 ], [ 11.945, 51.424 ], [ 11.955, 51.419 ], [ 11.952, 51.433 ], [ 11.915, 51.443 ], [ 11.93, 51.452 ], [ 11.923, 51.461 ], [ 11.888, 51.463 ], [ 11.872, 51.475 ], [ 11.863, 51.493 ], [ 11.879, 51.492 ], [ 11.857, 51.515 ], [ 11.903, 51.542 ], [ 11.883, 51.557 ], [ 11.9, 51.561 ], [ 11.895, 51.583 ], [ 11.922, 51.604 ], [ 11.903, 51.616 ], [ 11.924, 51.627 ], [ 11.982, 51.626 ], [ 12.014, 51.668 ], [ 12.087, 51.666 ], [ 12.085, 51.647 ], [ 12.112, 51.652 ], [ 12.176, 51.689 ], [ 12.152, 51.708 ], [ 12.21, 51.712 ] ] ], [ [ [ 11.882, 51.587 ], [ 11.893, 51.582 ], [ 11.881, 51.582 ], [ 11.882, 51.587 ] ] ] ] } },
{ "type": "Feature", "properties": { "wkr_nr": 72, "wkr_name": "Burgenland – Saalekreis", "land": "Sachsen-Anhalt", "wahlbeteiligung_prozent": 77.3, "union_prozent": 18.8, "afd_prozent": 42.3, "spd_prozent": 9.1, "gruene_prozent": 2.9, "linke_prozent": 8.7, "bsw_prozent": 11.6, "fdp_prozent": 3.3, "staerkste_partei": "afd" }, "geometry": { "type": "MultiPolygon", "coordinates": [ [ [ [ 11.952, 51.425 ], [ 11.941, 51.417 ], [ 11.952, 51.408 ], [ 11.983, 51.403 ], [ 12.012, 51.404 ], [ 12.01, 51.415 ], [ 12.031, 51.425 ], [ 12.084, 51.413 ], [ 12.093, 51.426 ], [ 12.098, 51.416 ], [ 12.177, 51.406 ], [ 12.194, 51.33 ], [ 12.148, 51.32 ], [ 12.172, 51.286 ], [ 12.166, 51.266 ], [ 12.189, 51.258 ], [ 12.205, 51.214 ], [ 12.175, 51.181 ], [ 12.213, 51.184 ], [ 12.196, 51.142 ], [ 12.242, 51.131 ], [ 12.221, 51.123 ], [ 12.221, 51.11 ], [ 12.253, 51.097 ], [ 12.279, 51.099 ], [ 12.288, 51.088 ], [ 12.266, 51.077 ], [ 12.25, 51.038 ], [ 12.281, 51.04 ], [ 12.294, 51.031 ], [ 12.284, 51.006 ], [ 12.24, 50.976 ], [ 12.239, 50.952 ], [ 12.215, 50.938 ], [ 12.214, 50.958 ], [ 12.198, 50.957 ], [ 12.183, 50.976 ], [ 12.164, 50.959 ], [ 12.092, 50.977 ], [ 12.014, 50.969 ], [ 12.007, 50.991 ], [ 11.97, 50.994 ], [ 11.977, 51.016 ], [ 11.943, 51.032 ], [ 11.912, 51.028 ], [ 11.911, 51.045 ], [ 11.889, 51.056 ], [ 11.804, 51.047 ], [ 11.775, 51.053 ], [ 11.76, 51.043 ], [ 11.732, 51.068 ], [ 11.701, 51.069 ], [ 11.692, 51.1 ], [ 11.667, 51.111 ], [ 11.638, 51.111 ], [ 11.62, 51.097 ], [ 11.608, 51.112 ], [ 11.572, 51.119 ], [ 11.546, 51.102 ], [ 11.485, 51.103 ], [ 11.463, 51.113 ], [ 11.451, 51.147 ], [ 11.472, 51.148 ], [ 11.485, 51.166 ], [ 11.471, 51.17 ], [ 11.469, 51.193 ], [ 11.452, 51.192 ], [ 11.446, 51.208 ], [ 11.431, 51.212 ], [ 11.391, 51.204 ], [ 11.39, 51.218 ], [ 11.365, 51.221 ], [ 11.384, 51.245 ], [ 11.402, 51.236 ], [ 11.42, 51.246 ], [ 11.46, 51.294 ], [ 11.515, 51.276 ], [ 11.527, 51.287 ], [ 11.551, 51.275 ], [ 11.615, 51.32 ], [ 11.635, 51.314 ], [ 11.64, 51.292 ], [ 11.663, 51.284 ], [ 11.674, 51.291 ], [ 11.67, 51.281 ], [ 11.699, 51.266 ], [ 11.76, 51.284 ], [ 11.788, 51.268 ], [ 11.788, 51.248 ], [ 11.819, 51.249 ], [ 11.824, 51.238 ], [ 11.837, 51.248 ], [ 11.859, 51.237 ], [ 11.873, 51.243 ], [ 11.867, 51.263 ], [ 11.823, 51.272 ], [ 11.819, 51.287 ], [ 11.843, 51.306 ], [ 11.847, 51.332 ], [ 11.92, 51.356 ], [ 11.905, 51.398 ], [ 11.931, 51.439 ], [ 11.952, 51.425 ] ] ], [ [ [ 11.447, 51.199 ], [ 11.44, 51.198 ], [ 11.439, 51.2 ], [ 11.447, 51.199 ] ] ] ] } },
{ "type": "Feature", "properties": { "wkr_nr": 73, "wkr_name": "Mansfeld", "land": "Sachsen-Anhalt", "wahlbeteiligung_prozent": 77.5, "union_prozent": 18.4, "afd_prozent": 43.1, "spd_prozent": 9.6, "gruene_prozent": 2.5, "linke_prozent": 9.0, "bsw_prozent": 11.6, "fdp_prozent": 3.2, "staerkste_partei": "afd" }, "geometry": { "type": "MultiPolygon", "coordinates": [ [ [ [ 12.004, 51.879 ], [ 12.05, 51.859 ], [ 12.142, 51.87 ], [ 12.139, 51.815 ], [ 12.112, 51.792 ], [ 12.12, 51.782 ], [ 12.194, 51.766 ], [ 12.196, 51.744 ], [ 12.166, 51.744 ], [ 12.169, 51.711 ], [ 12.152, 51.708 ], [ 12.176, 51.689 ], [ 12.112, 51.652 ], [ 12.085, 51.647 ], [ 12.087, 51.666 ], [ 12.014, 51.668 ], [ 11.982, 51.626 ], [ 11.924, 51.627 ], [ 11.903, 51.616 ], [ 11.922, 51.604 ], [ 11.895, 51.583 ], [ 11.9, 51.561 ], [ 11.883, 51.557 ], [ 11.903, 51.542 ], [ 11.857, 51.515 ], [ 11.879, 51.492 ], [ 11.863, 51.493 ], [ 11.872, 51.475 ], [ 11.888, 51.463 ], [ 11.923, 51.461 ], [ 11.93, 51.452 ], [ 11.915, 51.443 ], [ 11.931, 51.439 ], [ 11.905, 51.398 ], [ 11.92, 51.356 ], [ 11.847, 51.332 ], [ 11.843, 51.306 ], [ 11.819, 51.287 ], [ 11.823, 51.272 ], [ 11.867, 51.263 ], [ 11.873, 51.243 ], [ 11.859, 51.237 ], [ 11.837, 51.248 ], [ 11.824, 51.238 ], [ 11.819, 51.249 ], [ 11.788, 51.248 ], [ 11.788, 51.268 ], [ 11.76, 51.284 ], [ 11.699, 51.266 ], [ 11.67, 51.281 ], [ 11.674, 51.291 ], [ 11.663, 51.284 ], [ 11.64, 51.292 ], [ 11.623, 51.32 ], [ 11.597, 51.303 ], [ 11.581, 51.306 ], [ 11.559, 51.277 ], [ 11.527, 51.287 ], [ 11.505, 51.278 ], [ 11.414, 51.333 ], [ 11.429, 51.343 ], [ 11.399, 51.345 ], [ 11.397, 51.381 ], [ 11.331, 51.39 ], [ 11.321, 51.41 ], [ 11.249, 51.395 ], [ 11.248, 51.405 ], [ 11.224, 51.413 ], [ 11.153, 51.402 ], [ 11.071, 51.429 ], [ 11.005, 51.417 ], [ 10.992, 51.418 ], [ 11.008, 51.429 ], [ 10.967, 51.432 ], [ 10.961, 51.471 ], [ 10.973, 51.482 ], [ 10.927, 51.521 ], [ 10.948, 51.538 ], [ 10.911, 51.555 ], [ 10.9, 51.551 ], [ 10.882, 51.581 ], [ 10.894, 51.602 ], [ 10.931, 51.592 ], [ 10.937, 51.603 ], [ 10.914, 51.61 ], [ 10.922, 51.628 ], [ 10.964, 51.634 ], [ 10.979, 51.624 ], [ 10.997, 51.629 ], [ 11.01, 51.628 ], [ 10.997, 51.626 ], [ 11.003, 51.621 ], [ 11.019, 51.627 ], [ 11.034, 51.603 ], [ 11.003, 51.617 ], [ 11.007, 51.61 ], [ 10.995, 51.615 ], [ 10.983, 51.612 ], [ 11.029, 51.602 ], [ 11.001, 51.602 ], [ 11.022, 51.599 ], [ 11.004, 51.591 ], [ 11.027, 51.592 ], [ 11.039, 51.608 ], [ 11.038, 51.594 ], [ 11.087, 51.604 ], [ 11.101, 51.59 ], [ 11.139, 51.585 ], [ 11.112, 51.578 ], [ 11.141, 51.567 ], [ 11.166, 51.596 ], [ 11.173, 51.589 ], [ 11.209, 51.587 ], [ 11.2, 51.593 ], [ 11.234, 51.597 ], [ 11.233, 51.607 ], [ 11.253, 51.61 ], [ 11.234, 51.643 ], [ 11.281, 51.645 ], [ 11.289, 51.66 ], [ 11.382, 51.692 ], [ 11.402, 51.73 ], [ 11.446, 51.713 ], [ 11.456, 51.723 ], [ 11.498, 51.717 ], [ 11.519, 51.688 ], [ 11.537, 51.685 ], [ 11.605, 51.701 ], [ 11.604, 51.664 ], [ 11.628, 51.653 ], [ 11.689, 51.65 ], [ 11.72, 51.629 ], [ 11.745, 51.629 ], [ 11.756, 51.651 ], [ 11.799, 51.643 ], [ 11.824, 51.658 ], [ 11.854, 51.65 ], [ 11.865, 51.675 ], [ 11.838, 51.683 ], [ 11.855, 51.739 ], [ 11.904, 51.763 ], [ 11.867, 51.769 ], [ 11.866, 51.783 ], [ 11.849, 51.78 ], [ 11.847, 51.799 ], [ 11.863, 51.795 ], [ 11.881, 51.811 ], [ 11.857, 51.837 ], [ 11.866, 51.853 ], [ 11.927, 51.881 ], [ 11.967, 51.867 ], [ 12.004, 51.879 ] ], [ [ 11.891, 51.586 ], [ 11.881, 51.582 ], [ 11.893, 51.582 ], [ 11.891, 51.586 ] ] ], [ [ [ 11.894, 51.87 ], [ 11.888, 51.875 ], [ 11.892, 51.875 ], [ 11.894, 51.87 ] ] ], [ [ [ 11.887, 51.866 ], [ 11.885, 51.863 ], [ 11.884, 51.865 ], [ 11.887, 51.866 ] ] ] ] } },
{ "type": "Feature", "properties": { "wkr_nr": 74, "wkr_name": "Berlin-Mitte", "land": "Berlin", "wahlbeteiligung_prozent": 78.0, "union_prozent": 13.5, "afd_prozent": 8.9, "spd_prozent": 15.0, "gruene_prozent": 21.7, "linke_prozent": 27.1, "bsw_prozent": 6.1, "fdp_prozent": 4.0, "staerkste_partei": "linke" }, "geometry": { "type": "Polygon", "coordinates": [ [ [ 13.389, 52.568 ], [ 13.427, 52.506 ], [ 13.378, 52.508 ], [ 13.363, 52.5 ], [ 13.334, 52.507 ], [ 13.311, 52.536 ], [ 13.327, 52.541 ], [ 13.302, 52.549 ], [ 13.327, 52.562 ], [ 13.367, 52.558 ], [ 13.389, 52.568 ] ] ] } },
{ "type": "Feature", "properties": { "wkr_nr": 75, "wkr_name": "Berlin-Pankow", "land": "Berlin", "wahlbeteiligung_prozent": 84.6, "union_prozent": 14.4, "afd_prozent": 15.7, "spd_prozent": 13.1, "gruene_prozent": 19.6, "linke_prozent": 21.8, "bsw_prozent": 7.6, "fdp_prozent": 3.3, "staerkste_partei": "linke" }, "geometry": { "type": "Polygon", "coordinates": [ [ [ 13.505, 52.596 ], [ 13.48, 52.582 ], [ 13.494, 52.551 ], [ 13.467, 52.548 ], [ 13.467, 52.538 ], [ 13.432, 52.552 ], [ 13.416, 52.527 ], [ 13.388, 52.569 ], [ 13.348, 52.59 ], [ 13.371, 52.599 ], [ 13.367, 52.626 ], [ 13.396, 52.648 ], [ 13.433, 52.638 ], [ 13.441, 52.649 ], [ 13.474, 52.654 ], [ 13.451, 52.663 ], [ 13.479, 52.675 ], [ 13.491, 52.655 ], [ 13.523, 52.645 ], [ 13.499, 52.611 ], [ 13.505, 52.596 ] ] ] } },
{ "type": "Feature", "properties": { "wkr_nr": 76, "wkr_name": "Berlin-Reinickendorf", "land": "Berlin", "wahlbeteiligung_prozent": 77.8, "union_prozent": 26.4, "afd_prozent": 17.4, "spd_prozent": 17.3, "gruene_prozent": 12.8, "linke_prozent": 11.8, "bsw_prozent": 5.3, "fdp_prozent": 4.5, "staerkste_partei": "union" }, "geometry": { "type": "Polygon", "coordinates": [ [ [ 13.367, 52.626 ], [ 13.376, 52.608 ], [ 13.348, 52.59 ], [ 13.388, 52.569 ], [ 13.377, 52.561 ], [ 13.337, 52.564 ], [ 13.283, 52.549 ], [ 13.228, 52.563 ], [ 13.202, 52.607 ], [ 13.221, 52.628 ], [ 13.264, 52.627 ], [ 13.283, 52.661 ], [ 13.31, 52.657 ], [ 13.302, 52.628 ], [ 13.367, 52.626 ] ] ] } },
{ "type": "Feature", "properties": { "wkr_nr": 77, "wkr_name": "Berlin-Spandau – Charlottenburg Nord", "land": "Berlin", "wahlbeteiligung_prozent": 75.5, "union_prozent": 23.8, "afd_prozent": 19.1, "spd_prozent": 18.4, "gruene_prozent": 11.1, "linke_prozent": 12.9, "bsw_prozent": 6.0, "fdp_prozent": 3.9, "staerkste_partei": "union" }, "geometry": { "type": "Polygon", "coordinates": [ [ [ 13.217, 52.587 ], [ 13.251, 52.551 ], [ 13.318, 52.548 ], [ 13.329, 52.538 ], [ 13.311, 52.536 ], [ 13.316, 52.52 ], [ 13.293, 52.531 ], [ 13.222, 52.526 ], [ 13.21, 52.503 ], [ 13.19, 52.498 ], [ 13.185, 52.463 ], [ 13.123, 52.439 ], [ 13.109, 52.451 ], [ 13.118, 52.479 ], [ 13.166, 52.51 ], [ 13.117, 52.517 ], [ 13.131, 52.556 ], [ 13.146, 52.553 ], [ 13.153, 52.573 ], [ 13.129, 52.587 ], [ 13.164, 52.599 ], [ 13.217, 52.587 ] ] ] } },
{ "type": "Feature", "properties": { "wkr_nr": 78, "wkr_name": "Berlin-Steglitz-Zehlendorf", "land": "Berlin", "wahlbeteiligung_prozent": 84.7, "union_prozent": 26.8, "afd_prozent": 10.3, "spd_prozent": 18.2, "gruene_prozent": 19.8, "linke_prozent": 11.4, "bsw_prozent": 3.9, "fdp_prozent": 5.9, "staerkste_partei": "union" }, "geometry": { "type": "Polygon", "coordinates": [ [ [ 13.372, 52.429 ], [ 13.312, 52.399 ], [ 13.296, 52.416 ], [ 13.25, 52.405 ], [ 13.246, 52.421 ], [ 13.222, 52.42 ], [ 13.134, 52.387 ], [ 13.136, 52.398 ], [ 13.088, 52.42 ], [ 13.177, 52.456 ], [ 13.188, 52.472 ], [ 13.289, 52.471 ], [ 13.336, 52.467 ], [ 13.356, 52.456 ], [ 13.372, 52.429 ] ] ] } },
{ "type": "Feature", "properties": { "wkr_nr": 79, "wkr_name": "Berlin-Charlottenburg-Wilmersdorf", "land": "Berlin", "wahlbeteiligung_prozent": 83.0, "union_prozent": 23.1, "afd_prozent": 8.9, "spd_prozent": 17.9, "gruene_prozent": 21.7, "linke_prozent": 14.5, "bsw_prozent": 4.3, "fdp_prozent": 6.4, "staerkste_partei": "union" }, "geometry": { "type": "Polygon", "coordinates": [ [ [ 13.341, 52.505 ], [ 13.32, 52.467 ], [ 13.188, 52.472 ], [ 13.19, 52.498 ], [ 13.21, 52.503 ], [ 13.222, 52.526 ], [ 13.293, 52.531 ], [ 13.298, 52.522 ], [ 13.327, 52.524 ], [ 13.341, 52.505 ] ] ] } },
{ "type": "Feature", "properties": { "wkr_nr": 80, "wkr_name": "Berlin-Tempelhof-Schöneberg", "land": "Berlin", "wahlbeteiligung_prozent": 81.5, "union_prozent": 20.9, "afd_prozent": 11.3, "spd_prozent": 17.7, "gruene_prozent": 19.9, "linke_prozent": 17.3, "bsw_prozent": 5.1, "fdp_prozent": 3.8, "staerkste_partei": "union" }, "geometry": { "type": "Polygon", "coordinates": [ [ [ 13.37, 52.499 ], [ 13.372, 52.485 ], [ 13.406, 52.483 ], [ 13.427, 52.457 ], [ 13.399, 52.418 ], [ 13.42, 52.41 ], [ 13.421, 52.376 ], [ 13.389, 52.378 ], [ 13.387, 52.389 ], [ 13.343, 52.408 ], [ 13.372, 52.429 ], [ 13.356, 52.456 ], [ 13.32, 52.467 ], [ 13.32, 52.477 ], [ 13.337, 52.478 ], [ 13.341, 52.505 ], [ 13.37, 52.499 ] ] ] } },
{ "type": "Feature", "properties": { "wkr_nr": 81, "wkr_name": "Berlin-Neukölln", "land": "Berlin", "wahlbeteiligung_prozent": 76.0, "union_prozent": 18.0, "afd_prozent": 13.0, "spd_prozent": 15.7, "gruene_prozent": 15.3, "linke_prozent": 25.3, "bsw_prozent": 5.6, "fdp_prozent": 2.8, "staerkste_partei": "linke" }, "geometry": { "type": "Polygon", "coordinates": [ [ [ 13.516, 52.401 ], [ 13.48, 52.396 ], [ 13.462, 52.421 ], [ 13.403, 52.413 ], [ 13.427, 52.457 ], [ 13.406, 52.481 ], [ 13.425, 52.488 ], [ 13.42, 52.496 ], [ 13.471, 52.477 ], [ 13.475, 52.459 ], [ 13.457, 52.459 ], [ 13.521, 52.427 ], [ 13.516, 52.401 ] ] ] } },
{ "type": "Feature", "properties": { "wkr_nr": 82, "wkr_name": "Berlin-Friedrichshain-Kreuzberg – Prenzlauer Berg Ost", "land": "Berlin", "wahlbeteiligung_prozent": 82.7, "union_prozent": 9.3, "afd_prozent": 7.2, "spd_prozent": 13.4, "gruene_prozent": 25.9, "linke_prozent": 31.7, "bsw_prozent": 5.9, "fdp_prozent": 2.8, "staerkste_partei": "linke" }, "geometry": { "type": "Polygon", "coordinates": [ [ [ 13.467, 52.538 ], [ 13.456, 52.528 ], [ 13.478, 52.515 ], [ 13.469, 52.5 ], [ 13.491, 52.487 ], [ 13.453, 52.498 ], [ 13.439, 52.49 ], [ 13.42, 52.496 ], [ 13.424, 52.486 ], [ 13.406, 52.483 ], [ 13.372, 52.485 ], [ 13.378, 52.508 ], [ 13.427, 52.506 ], [ 13.416, 52.527 ], [ 13.431, 52.552 ], [ 13.467, 52.538 ] ] ] } },
{ "type": "Feature", "properties": { "wkr_nr": 83, "wkr_name": "Berlin-Treptow-Köpenick", "land": "Berlin", "wahlbeteiligung_prozent": 82.1, "union_prozent": 15.3, "afd_prozent": 21.6, "spd_prozent": 12.7, "gruene_prozent": 12.0, "linke_prozent": 21.7, "bsw_prozent": 9.2, "fdp_prozent": 2.9, "staerkste_partei": "linke" }, "geometry": { "type": "Polygon", "coordinates": [ [ [ 13.454, 52.498 ], [ 13.531, 52.468 ], [ 13.58, 52.481 ], [ 13.626, 52.468 ], [ 13.648, 52.479 ], [ 13.697, 52.464 ], [ 13.698, 52.455 ], [ 13.701, 52.468 ], [ 13.754, 52.447 ], [ 13.76, 52.436 ], [ 13.744, 52.438 ], [ 13.73, 52.417 ], [ 13.735, 52.402 ], [ 13.688, 52.386 ], [ 13.7, 52.375 ], [ 13.671, 52.366 ], [ 13.651, 52.339 ], [ 13.636, 52.347 ], [ 13.643, 52.377 ], [ 13.607, 52.375 ], [ 13.593, 52.394 ], [ 13.536, 52.389 ], [ 13.538, 52.401 ], [ 13.516, 52.401 ], [ 13.521, 52.427 ], [ 13.464, 52.45 ], [ 13.457, 52.459 ], [ 13.478, 52.465 ], [ 13.44, 52.49 ], [ 13.454, 52.498 ] ] ] } },
{ "type": "Feature", "properties": { "wkr_nr": 84, "wkr_name": "Berlin-Marzahn-Hellersdorf", "land": "Berlin", "wahlbeteiligung_prozent": 76.3, "union_prozent": 16.5, "afd_prozent": 31.2, "spd_prozent": 10.9, "gruene_prozent": 6.0, "linke_prozent": 16.7, "bsw_prozent": 10.9, "fdp_prozent": 2.6, "staerkste_partei": "afd" }, "geometry": { "type": "Polygon", "coordinates": [ [ [ 13.553, 52.474 ], [ 13.517, 52.536 ], [ 13.532, 52.539 ], [ 13.525, 52.555 ], [ 13.541, 52.566 ], [ 13.576, 52.574 ], [ 13.585, 52.548 ], [ 13.635, 52.542 ], [ 13.626, 52.53 ], [ 13.659, 52.526 ], [ 13.633, 52.512 ], [ 13.611, 52.47 ], [ 13.586, 52.481 ], [ 13.553, 52.474 ] ] ] } },
{ "type": "Feature", "properties": { "wkr_nr": 85, "wkr_name": "Berlin-Lichtenberg", "land": "Berlin", "wahlbeteiligung_prozent": 79.0, "union_prozent": 13.8, "afd_prozent": 22.4, "spd_prozent": 11.9, "gruene_prozent": 10.8, "linke_prozent": 23.5, "bsw_prozent": 10.1, "fdp_prozent": 2.5, "staerkste_partei": "linke" }, "geometry": { "type": "Polygon", "coordinates": [ [ [ 13.567, 52.574 ], [ 13.525, 52.555 ], [ 13.532, 52.539 ], [ 13.517, 52.536 ], [ 13.553, 52.474 ], [ 13.531, 52.468 ], [ 13.469, 52.5 ], [ 13.478, 52.515 ], [ 13.456, 52.528 ], [ 13.467, 52.548 ], [ 13.494, 52.551 ], [ 13.479, 52.573 ], [ 13.489, 52.59 ], [ 13.527, 52.592 ], [ 13.567, 52.574 ] ] ] } },
{ "type": "Feature", "properties": { "wkr_nr": 86, "wkr_name": "Aachen I", "land": "Nordrhein-Westfalen", "wahlbeteiligung_prozent": 83.4, "union_prozent": 23.9, "afd_prozent": 9.7, "spd_prozent": 17.6, "gruene_prozent": 24.3, "linke_prozent": 12.9, "bsw_prozent": 3.5, "fdp_prozent": 4.8, "staerkste_partei": "gruene" }, "geometry": { "type": "MultiPolygon", "coordinates": [ [ [ [ 6.057, 50.853 ], [ 6.077, 50.809 ], [ 6.19, 50.808 ], [ 6.175, 50.79 ], [ 6.204, 50.76 ], [ 6.19, 50.737 ], [ 6.217, 50.698 ], [ 6.193, 50.681 ], [ 6.194, 50.665 ], [ 6.165, 50.663 ], [ 6.115, 50.722 ], [ 6.045, 50.728 ], [ 6.039, 50.718 ], [ 6.04, 50.746 ], [ 6.018, 50.763 ], [ 6.028, 50.774 ], [ 5.975, 50.798 ], [ 5.984, 50.81 ], [ 6.003, 50.801 ], [ 6.025, 50.814 ], [ 6.019, 50.846 ], [ 6.057, 50.853 ] ] ], [ [ [ 6.189, 50.663 ], [ 6.184, 50.649 ], [ 6.167, 50.661 ], [ 6.189, 50.663 ] ] ] ] } },
{ "type": "Feature", "properties": { "wkr_nr": 87, "wkr_name": "Aachen II", "land": "Nordrhein-Westfalen", "wahlbeteiligung_prozent": 81.1, "union_prozent": 31.5, "afd_prozent": 19.1, "spd_prozent": 20.9, "gruene_prozent": 9.4, "linke_prozent": 6.8, "bsw_prozent": 4.1, "fdp_prozent": 4.2, "staerkste_partei": "union" }, "geometry": { "type": "MultiPolygon", "coordinates": [ [ [ [ 6.198, 50.948 ], [ 6.23, 50.935 ], [ 6.2, 50.898 ], [ 6.23, 50.863 ], [ 6.242, 50.873 ], [ 6.268, 50.863 ], [ 6.308, 50.882 ], [ 6.341, 50.817 ], [ 6.298, 50.792 ], [ 6.314, 50.772 ], [ 6.353, 50.789 ], [ 6.366, 50.759 ], [ 6.342, 50.755 ], [ 6.313, 50.69 ], [ 6.286, 50.686 ], [ 6.284, 50.678 ], [ 6.335, 50.651 ], [ 6.376, 50.669 ], [ 6.383, 50.644 ], [ 6.391, 50.65 ], [ 6.41, 50.642 ], [ 6.408, 50.629 ], [ 6.394, 50.634 ], [ 6.396, 50.625 ], [ 6.382, 50.623 ], [ 6.395, 50.618 ], [ 6.388, 50.607 ], [ 6.413, 50.601 ], [ 6.42, 50.609 ], [ 6.413, 50.599 ], [ 6.391, 50.596 ], [ 6.395, 50.584 ], [ 6.365, 50.562 ], [ 6.358, 50.53 ], [ 6.38, 50.535 ], [ 6.37, 50.518 ], [ 6.316, 50.497 ], [ 6.27, 50.505 ], [ 6.227, 50.494 ], [ 6.207, 50.524 ], [ 6.197, 50.531 ], [ 6.237, 50.566 ], [ 6.248, 50.604 ], [ 6.274, 50.63 ], [ 6.266, 50.643 ], [ 6.233, 50.65 ], [ 6.22, 50.641 ], [ 6.185, 50.644 ], [ 6.193, 50.681 ], [ 6.217, 50.698 ], [ 6.19, 50.737 ], [ 6.204, 50.76 ], [ 6.175, 50.79 ], [ 6.19, 50.808 ], [ 6.077, 50.809 ], [ 6.058, 50.841 ], [ 6.088, 50.872 ], [ 6.075, 50.891 ], [ 6.083, 50.91 ], [ 6.111, 50.911 ], [ 6.138, 50.898 ], [ 6.16, 50.937 ], [ 6.198, 50.948 ] ] ], [ [ [ 6.167, 50.644 ], [ 6.188, 50.639 ], [ 6.215, 50.639 ], [ 6.225, 50.641 ], [ 6.232, 50.648 ], [ 6.245, 50.64 ], [ 6.264, 50.641 ], [ 6.271, 50.629 ], [ 6.194, 50.634 ], [ 6.182, 50.624 ], [ 6.167, 50.644 ] ] ], [ [ [ 6.238, 50.578 ], [ 6.225, 50.557 ], [ 6.21, 50.555 ], [ 6.197, 50.536 ], [ 6.178, 50.542 ], [ 6.174, 50.558 ], [ 6.225, 50.59 ], [ 6.238, 50.578 ] ] ], [ [ [ 6.205, 50.522 ], [ 6.192, 50.521 ], [ 6.187, 50.527 ], [ 6.195, 50.531 ], [ 6.205, 50.522 ] ] ] ] } },
{ "type": "Feature", "properties": { "wkr_nr": 88, "wkr_name": "Heinsberg", "land": "Nordrhein-Westfalen", "wahlbeteiligung_prozent": 81.7, "union_prozent": 35.2, "afd_prozent": 20.1, "spd_prozent": 17.1, "gruene_prozent": 8.7, "linke_prozent": 6.3, "bsw_prozent": 3.9, "fdp_prozent": 4.2, "staerkste_partei": "union" }, "geometry": { "type": "Polygon", "coordinates": [ [ [ 6.257, 51.188 ], [ 6.292, 51.175 ], [ 6.302, 51.152 ], [ 6.354, 51.127 ], [ 6.36, 51.096 ], [ 6.392, 51.099 ], [ 6.386, 51.09 ], [ 6.405, 51.086 ], [ 6.451, 51.09 ], [ 6.447, 51.062 ], [ 6.477, 51.056 ], [ 6.458, 51.043 ], [ 6.372, 51.034 ], [ 6.362, 51.017 ], [ 6.337, 51.014 ], [ 6.285, 51.023 ], [ 6.271, 50.998 ], [ 6.195, 50.967 ], [ 6.202, 50.953 ], [ 6.16, 50.937 ], [ 6.138, 50.898 ], [ 6.089, 50.91 ], [ 6.094, 50.921 ], [ 6.018, 50.934 ], [ 6.005, 50.957 ], [ 6.026, 50.983 ], [ 5.968, 50.979 ], [ 5.955, 50.988 ], [ 5.897, 50.975 ], [ 5.906, 51.002 ], [ 5.879, 51.018 ], [ 5.866, 51.051 ], [ 5.913, 51.067 ], [ 5.938, 51.035 ], [ 5.958, 51.035 ], [ 5.98, 51.072 ], [ 6.01, 51.091 ], [ 6.037, 51.097 ], [ 6.092, 51.135 ], [ 6.163, 51.149 ], [ 6.175, 51.158 ], [ 6.139, 51.173 ], [ 6.175, 51.185 ], [ 6.21, 51.166 ], [ 6.257, 51.188 ] ] ] } },
{ "type": "Feature", "properties": { "wkr_nr": 89, "wkr_name": "Düren", "land": "Nordrhein-Westfalen", "wahlbeteiligung_prozent": 82.6, "union_prozent": 33.3, "afd_prozent": 20.5, "spd_prozent": 18.5, "gruene_prozent": 8.5, "linke_prozent": 6.4, "bsw_prozent": 4.2, "fdp_prozent": 4.3, "staerkste_partei": "union" }, "geometry": { "type": "Polygon", "coordinates": [ [ [ 6.454, 51.047 ], [ 6.48, 51.034 ], [ 6.453, 51.021 ], [ 6.466, 51.019 ], [ 6.459, 51.004 ], [ 6.474, 50.984 ], [ 6.499, 50.977 ], [ 6.479, 50.963 ], [ 6.485, 50.952 ], [ 6.503, 50.931 ], [ 6.524, 50.932 ], [ 6.519, 50.896 ], [ 6.553, 50.893 ], [ 6.561, 50.878 ], [ 6.548, 50.853 ], [ 6.598, 50.848 ], [ 6.624, 50.822 ], [ 6.677, 50.837 ], [ 6.706, 50.835 ], [ 6.715, 50.823 ], [ 6.712, 50.788 ], [ 6.678, 50.774 ], [ 6.7, 50.731 ], [ 6.678, 50.715 ], [ 6.63, 50.732 ], [ 6.59, 50.709 ], [ 6.601, 50.673 ], [ 6.567, 50.656 ], [ 6.577, 50.64 ], [ 6.549, 50.599 ], [ 6.541, 50.606 ], [ 6.491, 50.601 ], [ 6.422, 50.62 ], [ 6.414, 50.601 ], [ 6.389, 50.606 ], [ 6.395, 50.618 ], [ 6.382, 50.623 ], [ 6.396, 50.625 ], [ 6.394, 50.634 ], [ 6.408, 50.629 ], [ 6.41, 50.642 ], [ 6.391, 50.65 ], [ 6.383, 50.644 ], [ 6.376, 50.669 ], [ 6.335, 50.651 ], [ 6.323, 50.665 ], [ 6.288, 50.673 ], [ 6.286, 50.686 ], [ 6.313, 50.69 ], [ 6.342, 50.755 ], [ 6.366, 50.759 ], [ 6.353, 50.789 ], [ 6.314, 50.772 ], [ 6.298, 50.792 ], [ 6.341, 50.817 ], [ 6.337, 50.844 ], [ 6.316, 50.853 ], [ 6.307, 50.883 ], [ 6.268, 50.863 ], [ 6.242, 50.873 ], [ 6.23, 50.863 ], [ 6.2, 50.898 ], [ 6.23, 50.935 ], [ 6.194, 50.95 ], [ 6.195, 50.967 ], [ 6.271, 50.998 ], [ 6.285, 51.023 ], [ 6.322, 51.013 ], [ 6.362, 51.017 ], [ 6.372, 51.034 ], [ 6.431, 51.035 ], [ 6.454, 51.047 ] ] ] } },
{ "type": "Feature", "properties": { "wkr_nr": 90, "wkr_name": "Rhein-Erft-Kreis I", "land": "Nordrhein-Westfalen", "wahlbeteiligung_prozent": 83.7, "union_prozent": 31.6, "afd_prozent": 16.7, "spd_prozent": 19.7, "gruene_prozent": 11.6, "linke_prozent": 7.2, "bsw_prozent": 4.3, "fdp_prozent": 5.0, "staerkste_partei": "union" }, "geometry": { "type": "Polygon", "coordinates": [ [ [ 6.756, 51.066 ], [ 6.773, 51.065 ], [ 6.798, 51.037 ], [ 6.84, 51.029 ], [ 6.845, 50.988 ], [ 6.809, 50.949 ], [ 6.844, 50.91 ], [ 6.879, 50.91 ], [ 6.919, 50.892 ], [ 6.92, 50.854 ], [ 6.842, 50.837 ], [ 6.812, 50.859 ], [ 6.774, 50.836 ], [ 6.728, 50.861 ], [ 6.677, 50.831 ], [ 6.653, 50.836 ], [ 6.624, 50.822 ], [ 6.598, 50.848 ], [ 6.548, 50.853 ], [ 6.561, 50.878 ], [ 6.553, 50.893 ], [ 6.519, 50.896 ], [ 6.524, 50.932 ], [ 6.503, 50.931 ], [ 6.485, 50.952 ], [ 6.479, 50.963 ], [ 6.499, 50.977 ], [ 6.474, 50.984 ], [ 6.453, 51.025 ], [ 6.535, 51.059 ], [ 6.557, 51.049 ], [ 6.549, 51.026 ], [ 6.579, 51.018 ], [ 6.637, 51.027 ], [ 6.715, 51.015 ], [ 6.744, 51.046 ], [ 6.762, 51.043 ], [ 6.756, 51.066 ] ] ] } },
{ "type": "Feature", "properties": { "wkr_nr": 91, "wkr_name": "Euskirchen – Rhein-Erft-Kreis II", "land": "Nordrhein-Westfalen", "wahlbeteiligung_prozent": 83.5, "union_prozent": 33.8, "afd_prozent": 18.4, "spd_prozent": 17.7, "gruene_prozent": 10.9, "linke_prozent": 6.3, "bsw_prozent": 4.0, "fdp_prozent": 4.8, "staerkste_partei": "union" }, "geometry": { "type": "Polygon", "coordinates": [ [ [ 6.728, 50.861 ], [ 6.774, 50.836 ], [ 6.812, 50.859 ], [ 6.842, 50.837 ], [ 6.92, 50.854 ], [ 6.931, 50.837 ], [ 6.974, 50.844 ], [ 6.987, 50.827 ], [ 7.029, 50.813 ], [ 7.03, 50.801 ], [ 6.99, 50.792 ], [ 6.983, 50.801 ], [ 6.934, 50.805 ], [ 6.864, 50.785 ], [ 6.86, 50.763 ], [ 6.881, 50.746 ], [ 6.902, 50.75 ], [ 6.916, 50.734 ], [ 6.893, 50.714 ], [ 6.859, 50.709 ], [ 6.854, 50.692 ], [ 6.876, 50.691 ], [ 6.86, 50.65 ], [ 6.915, 50.629 ], [ 6.904, 50.609 ], [ 6.914, 50.606 ], [ 6.884, 50.599 ], [ 6.891, 50.574 ], [ 6.927, 50.578 ], [ 6.935, 50.571 ], [ 6.921, 50.565 ], [ 6.93, 50.534 ], [ 6.882, 50.527 ], [ 6.898, 50.518 ], [ 6.889, 50.507 ], [ 6.907, 50.503 ], [ 6.901, 50.469 ], [ 6.857, 50.453 ], [ 6.812, 50.472 ], [ 6.801, 50.491 ], [ 6.745, 50.473 ], [ 6.767, 50.459 ], [ 6.746, 50.436 ], [ 6.771, 50.436 ], [ 6.785, 50.421 ], [ 6.769, 50.393 ], [ 6.803, 50.369 ], [ 6.796, 50.36 ], [ 6.778, 50.364 ], [ 6.699, 50.336 ], [ 6.667, 50.372 ], [ 6.636, 50.345 ], [ 6.622, 50.354 ], [ 6.625, 50.375 ], [ 6.604, 50.375 ], [ 6.603, 50.388 ], [ 6.559, 50.369 ], [ 6.53, 50.369 ], [ 6.516, 50.355 ], [ 6.507, 50.36 ], [ 6.485, 50.339 ], [ 6.452, 50.336 ], [ 6.461, 50.359 ], [ 6.449, 50.371 ], [ 6.43, 50.363 ], [ 6.421, 50.369 ], [ 6.413, 50.389 ], [ 6.385, 50.384 ], [ 6.395, 50.361 ], [ 6.406, 50.364 ], [ 6.408, 50.339 ], [ 6.424, 50.334 ], [ 6.425, 50.323 ], [ 6.405, 50.323 ], [ 6.398, 50.346 ], [ 6.342, 50.38 ], [ 6.37, 50.409 ], [ 6.374, 50.452 ], [ 6.34, 50.462 ], [ 6.351, 50.488 ], [ 6.316, 50.497 ], [ 6.37, 50.518 ], [ 6.38, 50.535 ], [ 6.358, 50.53 ], [ 6.365, 50.562 ], [ 6.395, 50.584 ], [ 6.391, 50.596 ], [ 6.417, 50.601 ], [ 6.421, 50.619 ], [ 6.491, 50.601 ], [ 6.561, 50.604 ], [ 6.56, 50.626 ], [ 6.577, 50.64 ], [ 6.567, 50.656 ], [ 6.601, 50.673 ], [ 6.59, 50.709 ], [ 6.63, 50.732 ], [ 6.678, 50.715 ], [ 6.7, 50.731 ], [ 6.678, 50.774 ], [ 6.712, 50.788 ], [ 6.715, 50.823 ], [ 6.684, 50.839 ], [ 6.728, 50.861 ] ] ] } },
{ "type": "Feature", "properties": { "wkr_nr": 92, "wkr_name": "Köln I", "land": "Nordrhein-Westfalen", "wahlbeteiligung_prozent": 80.2, "union_prozent": 22.3, "afd_prozent": 12.4, "spd_prozent": 19.6, "gruene_prozent": 17.9, "linke_prozent": 14.9, "bsw_prozent": 4.7, "fdp_prozent": 4.2, "staerkste_partei": "union" }, "geometry": { "type": "Polygon", "coordinates": [ [ [ 7.016, 50.838 ], [ 6.986, 50.846 ], [ 7.008, 50.855 ], [ 7.026, 50.869 ], [ 7.047, 50.876 ], [ 7.051, 50.886 ], [ 6.994, 50.897 ], [ 6.966, 50.935 ], [ 6.925, 50.937 ], [ 6.936, 50.952 ], [ 6.967, 50.959 ], [ 6.984, 50.945 ], [ 7.061, 50.962 ], [ 7.116, 50.941 ], [ 7.144, 50.946 ], [ 7.133, 50.902 ], [ 7.161, 50.867 ], [ 7.084, 50.831 ], [ 7.062, 50.83 ], [ 7.051, 50.85 ], [ 7.016, 50.838 ] ] ] } },
{ "type": "Feature", "properties": { "wkr_nr": 93, "wkr_name": "Köln II", "land": "Nordrhein-Westfalen", "wahlbeteiligung_prozent": 88.0, "union_prozent": 25.0, "afd_prozent": 6.3, "spd_prozent": 17.7, "gruene_prozent": 25.8, "linke_prozent": 13.4, "bsw_prozent": 2.8, "fdp_prozent": 6.0, "staerkste_partei": "gruene" }, "geometry": { "type": "Polygon", "coordinates": [ [ [ 6.875, 50.948 ], [ 6.966, 50.935 ], [ 6.994, 50.897 ], [ 7.051, 50.886 ], [ 6.956, 50.835 ], [ 6.922, 50.848 ], [ 6.919, 50.892 ], [ 6.879, 50.91 ], [ 6.844, 50.91 ], [ 6.809, 50.949 ], [ 6.827, 50.974 ], [ 6.852, 50.978 ], [ 6.875, 50.948 ] ] ] } },
{ "type": "Feature", "properties": { "wkr_nr": 94, "wkr_name": "Köln III", "land": "Nordrhein-Westfalen", "wahlbeteiligung_prozent": 81.8, "union_prozent": 19.3, "afd_prozent": 11.2, "spd_prozent": 19.9, "gruene_prozent": 21.8, "linke_prozent": 16.3, "bsw_prozent": 4.3, "fdp_prozent": 3.4, "staerkste_partei": "gruene" }, "geometry": { "type": "Polygon", "coordinates": [ [ [ 6.976, 50.954 ], [ 6.939, 50.954 ], [ 6.925, 50.939 ], [ 6.875, 50.948 ], [ 6.852, 50.978 ], [ 6.832, 50.978 ], [ 6.845, 50.988 ], [ 6.84, 51.029 ], [ 6.798, 51.037 ], [ 6.774, 51.064 ], [ 6.791, 51.067 ], [ 6.813, 51.046 ], [ 6.831, 51.059 ], [ 6.823, 51.074 ], [ 6.853, 51.084 ], [ 6.958, 51.036 ], [ 6.974, 51.021 ], [ 6.965, 50.993 ], [ 6.999, 50.973 ], [ 6.976, 50.954 ] ] ] } },
{ "type": "Feature", "properties": { "wkr_nr": 95, "wkr_name": "Bonn", "land": "Nordrhein-Westfalen", "wahlbeteiligung_prozent": 84.9, "union_prozent": 26.2, "afd_prozent": 8.9, "spd_prozent": 17.7, "gruene_prozent": 22.9, "linke_prozent": 12.4, "bsw_prozent": 3.6, "fdp_prozent": 5.2, "staerkste_partei": "union" }, "geometry": { "type": "Polygon", "coordinates": [ [ [ 7.132, 50.772 ], [ 7.209, 50.737 ], [ 7.191, 50.727 ], [ 7.194, 50.71 ], [ 7.168, 50.703 ], [ 7.211, 50.65 ], [ 7.194, 50.643 ], [ 7.156, 50.655 ], [ 7.128, 50.647 ], [ 7.105, 50.66 ], [ 7.056, 50.632 ], [ 7.024, 50.662 ], [ 7.044, 50.674 ], [ 7.023, 50.705 ], [ 7.04, 50.719 ], [ 7.037, 50.758 ], [ 7.066, 50.771 ], [ 7.1, 50.762 ], [ 7.132, 50.772 ] ] ] } },
{ "type": "Feature", "properties": { "wkr_nr": 96, "wkr_name": "Rhein-Sieg-Kreis I", "land": "Nordrhein-Westfalen", "wahlbeteiligung_prozent": 83.7, "union_prozent": 31.9, "afd_prozent": 17.4, "spd_prozent": 17.9, "gruene_prozent": 12.5, "linke_prozent": 6.8, "bsw_prozent": 4.3, "fdp_prozent": 5.0, "staerkste_partei": "union" }, "geometry": { "type": "Polygon", "coordinates": [ [ [ 7.394, 50.949 ], [ 7.444, 50.947 ], [ 7.461, 50.936 ], [ 7.479, 50.911 ], [ 7.462, 50.879 ], [ 7.491, 50.874 ], [ 7.529, 50.831 ], [ 7.573, 50.843 ], [ 7.62, 50.82 ], [ 7.647, 50.835 ], [ 7.68, 50.81 ], [ 7.676, 50.779 ], [ 7.662, 50.786 ], [ 7.655, 50.768 ], [ 7.6, 50.766 ], [ 7.583, 50.738 ], [ 7.552, 50.746 ], [ 7.519, 50.737 ], [ 7.52, 50.729 ], [ 7.433, 50.71 ], [ 7.374, 50.718 ], [ 7.349, 50.696 ], [ 7.29, 50.734 ], [ 7.251, 50.737 ], [ 7.229, 50.751 ], [ 7.243, 50.791 ], [ 7.221, 50.78 ], [ 7.177, 50.8 ], [ 7.15, 50.796 ], [ 7.097, 50.762 ], [ 7.039, 50.783 ], [ 7.025, 50.818 ], [ 6.98, 50.833 ], [ 6.984, 50.844 ], [ 7.016, 50.838 ], [ 7.051, 50.85 ], [ 7.062, 50.83 ], [ 7.084, 50.831 ], [ 7.198, 50.875 ], [ 7.249, 50.928 ], [ 7.275, 50.911 ], [ 7.338, 50.911 ], [ 7.363, 50.935 ], [ 7.386, 50.934 ], [ 7.394, 50.949 ] ] ] } },
{ "type": "Feature", "properties": { "wkr_nr": 97, "wkr_name": "Rhein-Sieg-Kreis II", "land": "Nordrhein-Westfalen", "wahlbeteiligung_prozent": 85.5, "union_prozent": 35.0, "afd_prozent": 14.3, "spd_prozent": 16.6, "gruene_prozent": 14.7, "linke_prozent": 6.5, "bsw_prozent": 3.6, "fdp_prozent": 5.6, "staerkste_partei": "union" }, "geometry": { "type": "MultiPolygon", "coordinates": [ [ [ [ 7.22, 50.78 ], [ 7.243, 50.791 ], [ 7.242, 50.761 ], [ 7.227, 50.752 ], [ 7.243, 50.741 ], [ 7.29, 50.734 ], [ 7.342, 50.697 ], [ 7.368, 50.697 ], [ 7.359, 50.649 ], [ 7.333, 50.638 ], [ 7.212, 50.623 ], [ 7.211, 50.65 ], [ 7.168, 50.703 ], [ 7.194, 50.71 ], [ 7.191, 50.727 ], [ 7.209, 50.737 ], [ 7.125, 50.774 ], [ 7.146, 50.795 ], [ 7.176, 50.801 ], [ 7.22, 50.78 ] ] ], [ [ [ 6.909, 50.802 ], [ 6.99, 50.792 ], [ 7.03, 50.801 ], [ 7.036, 50.785 ], [ 7.066, 50.771 ], [ 7.037, 50.758 ], [ 7.04, 50.719 ], [ 7.023, 50.705 ], [ 7.044, 50.674 ], [ 7.027, 50.655 ], [ 7.06, 50.639 ], [ 7.056, 50.632 ], [ 7.105, 50.66 ], [ 7.128, 50.647 ], [ 7.161, 50.655 ], [ 7.195, 50.643 ], [ 7.19, 50.624 ], [ 7.173, 50.613 ], [ 7.155, 50.615 ], [ 7.148, 50.6 ], [ 7.115, 50.612 ], [ 7.087, 50.586 ], [ 7.056, 50.606 ], [ 6.972, 50.556 ], [ 6.928, 50.559 ], [ 6.927, 50.578 ], [ 6.891, 50.574 ], [ 6.884, 50.599 ], [ 6.914, 50.606 ], [ 6.904, 50.609 ], [ 6.915, 50.629 ], [ 6.874, 50.638 ], [ 6.857, 50.654 ], [ 6.875, 50.675 ], [ 6.876, 50.691 ], [ 6.854, 50.692 ], [ 6.858, 50.708 ], [ 6.893, 50.714 ], [ 6.916, 50.734 ], [ 6.902, 50.75 ], [ 6.881, 50.746 ], [ 6.86, 50.763 ], [ 6.864, 50.785 ], [ 6.909, 50.802 ] ] ] ] } },
{ "type": "Feature", "properties": { "wkr_nr": 98, "wkr_name": "Oberbergischer Kreis", "land": "Nordrhein-Westfalen", "wahlbeteiligung_prozent": 83.1, "union_prozent": 31.7, "afd_prozent": 21.2, "spd_prozent": 17.8, "gruene_prozent": 9.5, "linke_prozent": 6.3, "bsw_prozent": 4.6, "fdp_prozent": 4.6, "staerkste_partei": "union" }, "geometry": { "type": "Polygon", "coordinates": [ [ [ 7.33, 51.25 ], [ 7.353, 51.239 ], [ 7.39, 51.247 ], [ 7.404, 51.221 ], [ 7.429, 51.225 ], [ 7.42, 51.189 ], [ 7.449, 51.164 ], [ 7.442, 51.158 ], [ 7.477, 51.163 ], [ 7.472, 51.14 ], [ 7.504, 51.128 ], [ 7.496, 51.106 ], [ 7.582, 51.107 ], [ 7.606, 51.098 ], [ 7.601, 51.081 ], [ 7.626, 51.069 ], [ 7.692, 51.087 ], [ 7.714, 51.074 ], [ 7.702, 51.062 ], [ 7.734, 51.033 ], [ 7.726, 50.998 ], [ 7.749, 50.978 ], [ 7.78, 50.98 ], [ 7.792, 50.951 ], [ 7.776, 50.929 ], [ 7.735, 50.918 ], [ 7.76, 50.9 ], [ 7.748, 50.867 ], [ 7.766, 50.857 ], [ 7.753, 50.851 ], [ 7.761, 50.845 ], [ 7.729, 50.851 ], [ 7.699, 50.825 ], [ 7.669, 50.819 ], [ 7.647, 50.835 ], [ 7.62, 50.82 ], [ 7.573, 50.843 ], [ 7.529, 50.831 ], [ 7.491, 50.874 ], [ 7.462, 50.879 ], [ 7.479, 50.911 ], [ 7.444, 50.947 ], [ 7.4, 50.949 ], [ 7.387, 50.959 ], [ 7.355, 50.951 ], [ 7.339, 50.968 ], [ 7.329, 50.964 ], [ 7.331, 50.977 ], [ 7.284, 50.971 ], [ 7.254, 50.986 ], [ 7.282, 51.005 ], [ 7.281, 51.027 ], [ 7.313, 51.028 ], [ 7.34, 51.072 ], [ 7.324, 51.07 ], [ 7.317, 51.08 ], [ 7.3, 51.069 ], [ 7.275, 51.083 ], [ 7.298, 51.105 ], [ 7.274, 51.114 ], [ 7.268, 51.146 ], [ 7.297, 51.151 ], [ 7.307, 51.239 ], [ 7.33, 51.25 ] ] ] } },
{ "type": "Feature", "properties": { "wkr_nr": 99, "wkr_name": "Rheinisch-Bergischer Kreis", "land": "Nordrhein-Westfalen", "wahlbeteiligung_prozent": 85.9, "union_prozent": 33.8, "afd_prozent": 13.3, "spd_prozent": 18.5, "gruene_prozent": 15.0, "linke_prozent": 6.5, "bsw_prozent": 3.4, "fdp_prozent": 5.6, "staerkste_partei": "union" }, "geometry": { "type": "Polygon", "coordinates": [ [ [ 7.166, 51.154 ], [ 7.254, 51.157 ], [ 7.274, 51.114 ], [ 7.298, 51.105 ], [ 7.276, 51.081 ], [ 7.3, 51.069 ], [ 7.317, 51.08 ], [ 7.324, 51.07 ], [ 7.34, 51.072 ], [ 7.313, 51.028 ], [ 7.281, 51.027 ], [ 7.281, 51.004 ], [ 7.253, 50.987 ], [ 7.284, 50.971 ], [ 7.331, 50.977 ], [ 7.329, 50.964 ], [ 7.339, 50.968 ], [ 7.355, 50.951 ], [ 7.387, 50.959 ], [ 7.398, 50.95 ], [ 7.343, 50.912 ], [ 7.286, 50.909 ], [ 7.249, 50.928 ], [ 7.198, 50.875 ], [ 7.161, 50.867 ], [ 7.133, 50.902 ], [ 7.144, 50.946 ], [ 7.116, 50.941 ], [ 7.086, 50.958 ], [ 7.1, 50.981 ], [ 7.068, 50.99 ], [ 7.077, 51.002 ], [ 7.062, 51.013 ], [ 7.094, 51.027 ], [ 7.116, 51.063 ], [ 7.069, 51.068 ], [ 7.058, 51.077 ], [ 7.074, 51.097 ], [ 7.039, 51.096 ], [ 7.01, 51.082 ], [ 6.99, 51.104 ], [ 7.004, 51.123 ], [ 7.035, 51.132 ], [ 7.075, 51.126 ], [ 7.083, 51.138 ], [ 7.111, 51.137 ], [ 7.145, 51.115 ], [ 7.174, 51.127 ], [ 7.159, 51.134 ], [ 7.166, 51.154 ] ] ] } },
{ "type": "Feature", "properties": { "wkr_nr": 100, "wkr_name": "Leverkusen – Köln IV", "land": "Nordrhein-Westfalen", "wahlbeteiligung_prozent": 80.2, "union_prozent": 24.6, "afd_prozent": 15.5, "spd_prozent": 21.2, "gruene_prozent": 14.2, "linke_prozent": 11.6, "bsw_prozent": 4.7, "fdp_prozent": 3.9, "staerkste_partei": "union" }, "geometry": { "type": "Polygon", "coordinates": [ [ [ 7.011, 51.082 ], [ 7.074, 51.097 ], [ 7.058, 51.077 ], [ 7.069, 51.068 ], [ 7.116, 51.063 ], [ 7.094, 51.027 ], [ 7.062, 51.013 ], [ 7.077, 51.002 ], [ 7.068, 50.99 ], [ 7.096, 50.985 ], [ 7.101, 50.968 ], [ 7.072, 50.954 ], [ 7.056, 50.962 ], [ 6.984, 50.945 ], [ 6.976, 50.954 ], [ 6.999, 50.973 ], [ 6.963, 50.996 ], [ 6.972, 51.025 ], [ 6.898, 51.065 ], [ 6.922, 51.082 ], [ 6.974, 51.068 ], [ 6.991, 51.092 ], [ 7.011, 51.082 ] ] ] } },
{ "type": "Feature", "properties": { "wkr_nr": 101, "wkr_name": "Wuppertal I", "land": "Nordrhein-Westfalen", "wahlbeteiligung_prozent": 77.9, "union_prozent": 23.5, "afd_prozent": 17.9, "spd_prozent": 20.2, "gruene_prozent": 12.6, "linke_prozent": 12.2, "bsw_prozent": 5.4, "fdp_prozent": 4.1, "staerkste_partei": "union" }, "geometry": { "type": "Polygon", "coordinates": [ [ [ 7.266, 51.209 ], [ 7.236, 51.25 ], [ 7.195, 51.237 ], [ 7.178, 51.242 ], [ 7.164, 51.227 ], [ 7.112, 51.234 ], [ 7.105, 51.215 ], [ 7.083, 51.22 ], [ 7.047, 51.207 ], [ 7.035, 51.217 ], [ 7.052, 51.232 ], [ 7.041, 51.227 ], [ 7.015, 51.245 ], [ 7.065, 51.26 ], [ 7.108, 51.303 ], [ 7.167, 51.313 ], [ 7.18, 51.306 ], [ 7.17, 51.298 ], [ 7.196, 51.295 ], [ 7.264, 51.318 ], [ 7.254, 51.288 ], [ 7.278, 51.272 ], [ 7.267, 51.257 ], [ 7.305, 51.252 ], [ 7.314, 51.234 ], [ 7.296, 51.205 ], [ 7.266, 51.209 ] ] ] } },
{ "type": "Feature", "properties": { "wkr_nr": 102, "wkr_name": "Solingen – Remscheid – Wuppertal II", "land": "Nordrhein-Westfalen", "wahlbeteiligung_prozent": 80.2, "union_prozent": 28.5, "afd_prozent": 18.3, "spd_prozent": 20.1, "gruene_prozent": 11.2, "linke_prozent": 8.4, "bsw_prozent": 4.7, "fdp_prozent": 4.7, "staerkste_partei": "union" }, "geometry": { "type": "Polygon", "coordinates": [ [ [ 7.237, 51.25 ], [ 7.257, 51.213 ], [ 7.29, 51.21 ], [ 7.3, 51.186 ], [ 7.309, 51.189 ], [ 7.288, 51.144 ], [ 7.25, 51.159 ], [ 7.166, 51.154 ], [ 7.159, 51.134 ], [ 7.174, 51.127 ], [ 7.145, 51.115 ], [ 7.098, 51.138 ], [ 7.076, 51.136 ], [ 7.075, 51.126 ], [ 7.035, 51.132 ], [ 6.998, 51.118 ], [ 6.996, 51.144 ], [ 6.951, 51.147 ], [ 6.963, 51.165 ], [ 7.029, 51.189 ], [ 7.066, 51.217 ], [ 7.105, 51.215 ], [ 7.109, 51.233 ], [ 7.164, 51.227 ], [ 7.178, 51.242 ], [ 7.195, 51.237 ], [ 7.237, 51.25 ] ] ] } },
{ "type": "Feature", "properties": { "wkr_nr": 103, "wkr_name": "Mettmann I", "land": "Nordrhein-Westfalen", "wahlbeteiligung_prozent": 83.4, "union_prozent": 32.1, "afd_prozent": 15.5, "spd_prozent": 18.9, "gruene_prozent": 12.8, "linke_prozent": 6.9, "bsw_prozent": 4.2, "fdp_prozent": 5.7, "staerkste_partei": "union" }, "geometry": { "type": "Polygon", "coordinates": [ [ [ 6.984, 51.295 ], [ 7.035, 51.265 ], [ 7.041, 51.251 ], [ 7.015, 51.245 ], [ 7.041, 51.227 ], [ 7.052, 51.232 ], [ 7.035, 51.217 ], [ 7.047, 51.207 ], [ 7.029, 51.189 ], [ 6.955, 51.157 ], [ 6.951, 51.147 ], [ 6.998, 51.14 ], [ 6.99, 51.075 ], [ 6.972, 51.068 ], [ 6.919, 51.082 ], [ 6.898, 51.065 ], [ 6.854, 51.079 ], [ 6.884, 51.105 ], [ 6.856, 51.126 ], [ 6.899, 51.124 ], [ 6.925, 51.137 ], [ 6.892, 51.158 ], [ 6.922, 51.194 ], [ 6.905, 51.199 ], [ 6.911, 51.211 ], [ 6.873, 51.22 ], [ 6.871, 51.242 ], [ 6.931, 51.238 ], [ 6.936, 51.28 ], [ 6.984, 51.295 ] ] ] } },
{ "type": "Feature", "properties": { "wkr_nr": 104, "wkr_name": "Mettmann II", "land": "Nordrhein-Westfalen", "wahlbeteiligung_prozent": 82.8, "union_prozent": 32.0, "afd_prozent": 16.8, "spd_prozent": 19.4, "gruene_prozent": 11.2, "linke_prozent": 7.1, "bsw_prozent": 4.3, "fdp_prozent": 5.3, "staerkste_partei": "union" }, "geometry": { "type": "Polygon", "coordinates": [ [ [ 7.13, 51.381 ], [ 7.159, 51.365 ], [ 7.145, 51.34 ], [ 7.167, 51.313 ], [ 7.106, 51.302 ], [ 7.058, 51.256 ], [ 7.041, 51.255 ], [ 6.984, 51.295 ], [ 6.929, 51.273 ], [ 6.913, 51.276 ], [ 6.904, 51.265 ], [ 6.851, 51.28 ], [ 6.8, 51.279 ], [ 6.818, 51.321 ], [ 6.802, 51.328 ], [ 6.805, 51.349 ], [ 6.845, 51.355 ], [ 6.846, 51.364 ], [ 6.892, 51.371 ], [ 6.927, 51.347 ], [ 6.965, 51.348 ], [ 7.13, 51.381 ] ] ] } },
{ "type": "Feature", "properties": { "wkr_nr": 105, "wkr_name": "Düsseldorf I", "land": "Nordrhein-Westfalen", "wahlbeteiligung_prozent": 83.3, "union_prozent": 30.3, "afd_prozent": 9.9, "spd_prozent": 17.2, "gruene_prozent": 18.3, "linke_prozent": 9.5, "bsw_prozent": 3.6, "fdp_prozent": 7.8, "staerkste_partei": "union" }, "geometry": { "type": "Polygon", "coordinates": [ [ [ 6.875, 51.218 ], [ 6.825, 51.224 ], [ 6.815, 51.212 ], [ 6.8, 51.225 ], [ 6.791, 51.216 ], [ 6.737, 51.229 ], [ 6.693, 51.225 ], [ 6.727, 51.257 ], [ 6.702, 51.273 ], [ 6.734, 51.31 ], [ 6.715, 51.333 ], [ 6.742, 51.35 ], [ 6.781, 51.343 ], [ 6.805, 51.349 ], [ 6.802, 51.328 ], [ 6.818, 51.321 ], [ 6.8, 51.279 ], [ 6.851, 51.28 ], [ 6.894, 51.265 ], [ 6.913, 51.276 ], [ 6.94, 51.273 ], [ 6.928, 51.265 ], [ 6.934, 51.248 ], [ 6.931, 51.238 ], [ 6.871, 51.242 ], [ 6.875, 51.218 ] ] ] } },
{ "type": "Feature", "properties": { "wkr_nr": 106, "wkr_name": "Düsseldorf II", "land": "Nordrhein-Westfalen", "wahlbeteiligung_prozent": 80.4, "union_prozent": 25.1, "afd_prozent": 13.0, "spd_prozent": 18.9, "gruene_prozent": 17.1, "linke_prozent": 11.8, "bsw_prozent": 4.8, "fdp_prozent": 5.4, "staerkste_partei": "union" }, "geometry": { "type": "Polygon", "coordinates": [ [ [ 6.825, 51.224 ], [ 6.911, 51.211 ], [ 6.905, 51.199 ], [ 6.922, 51.194 ], [ 6.892, 51.158 ], [ 6.925, 51.137 ], [ 6.899, 51.124 ], [ 6.856, 51.126 ], [ 6.849, 51.163 ], [ 6.799, 51.145 ], [ 6.794, 51.18 ], [ 6.733, 51.186 ], [ 6.723, 51.223 ], [ 6.737, 51.229 ], [ 6.791, 51.216 ], [ 6.8, 51.225 ], [ 6.815, 51.212 ], [ 6.825, 51.224 ] ] ] } },
{ "type": "Feature", "properties": { "wkr_nr": 107, "wkr_name": "Neuss I", "land": "Nordrhein-Westfalen", "wahlbeteiligung_prozent": 82.1, "union_prozent": 32.9, "afd_prozent": 16.9, "spd_prozent": 18.6, "gruene_prozent": 10.7, "linke_prozent": 7.4, "bsw_prozent": 4.3, "fdp_prozent": 5.2, "staerkste_partei": "union" }, "geometry": { "type": "Polygon", "coordinates": [ [ [ 6.642, 51.23 ], [ 6.724, 51.226 ], [ 6.735, 51.184 ], [ 6.794, 51.18 ], [ 6.799, 51.145 ], [ 6.855, 51.16 ], [ 6.849, 51.134 ], [ 6.883, 51.103 ], [ 6.823, 51.074 ], [ 6.831, 51.059 ], [ 6.813, 51.046 ], [ 6.787, 51.069 ], [ 6.753, 51.066 ], [ 6.762, 51.043 ], [ 6.744, 51.046 ], [ 6.715, 51.015 ], [ 6.637, 51.027 ], [ 6.579, 51.018 ], [ 6.549, 51.026 ], [ 6.557, 51.049 ], [ 6.527, 51.058 ], [ 6.535, 51.076 ], [ 6.519, 51.086 ], [ 6.574, 51.115 ], [ 6.575, 51.139 ], [ 6.594, 51.14 ], [ 6.586, 51.151 ], [ 6.607, 51.142 ], [ 6.615, 51.149 ], [ 6.621, 51.18 ], [ 6.639, 51.185 ], [ 6.629, 51.191 ], [ 6.649, 51.217 ], [ 6.642, 51.23 ] ] ] } },
{ "type": "Feature", "properties": { "wkr_nr": 108, "wkr_name": "Mönchengladbach", "land": "Nordrhein-Westfalen", "wahlbeteiligung_prozent": 77.3, "union_prozent": 30.6, "afd_prozent": 18.1, "spd_prozent": 18.7, "gruene_prozent": 10.0, "linke_prozent": 9.5, "bsw_prozent": 4.6, "fdp_prozent": 4.5, "staerkste_partei": "union" }, "geometry": { "type": "Polygon", "coordinates": [ [ [ 6.458, 51.248 ], [ 6.52, 51.23 ], [ 6.511, 51.22 ], [ 6.489, 51.228 ], [ 6.494, 51.194 ], [ 6.48, 51.176 ], [ 6.491, 51.171 ], [ 6.516, 51.183 ], [ 6.537, 51.145 ], [ 6.515, 51.14 ], [ 6.493, 51.15 ], [ 6.473, 51.142 ], [ 6.48, 51.113 ], [ 6.446, 51.112 ], [ 6.445, 51.089 ], [ 6.36, 51.096 ], [ 6.354, 51.127 ], [ 6.302, 51.152 ], [ 6.291, 51.176 ], [ 6.318, 51.182 ], [ 6.33, 51.224 ], [ 6.414, 51.219 ], [ 6.458, 51.248 ] ] ] } },
{ "type": "Feature", "properties": { "wkr_nr": 109, "wkr_name": "Krefeld I – Neuss II", "land": "Nordrhein-Westfalen", "wahlbeteiligung_prozent": 83.5, "union_prozent": 34.1, "afd_prozent": 14.6, "spd_prozent": 18.1, "gruene_prozent": 12.3, "linke_prozent": 7.0, "bsw_prozent": 3.9, "fdp_prozent": 6.2, "staerkste_partei": "union" }, "geometry": { "type": "Polygon", "coordinates": [ [ [ 6.626, 51.39 ], [ 6.656, 51.381 ], [ 6.675, 51.389 ], [ 6.657, 51.352 ], [ 6.732, 51.322 ], [ 6.731, 51.303 ], [ 6.702, 51.273 ], [ 6.727, 51.257 ], [ 6.695, 51.235 ], [ 6.642, 51.23 ], [ 6.649, 51.217 ], [ 6.629, 51.191 ], [ 6.639, 51.185 ], [ 6.621, 51.18 ], [ 6.615, 51.149 ], [ 6.607, 51.142 ], [ 6.586, 51.151 ], [ 6.594, 51.14 ], [ 6.575, 51.139 ], [ 6.574, 51.115 ], [ 6.519, 51.086 ], [ 6.535, 51.076 ], [ 6.526, 51.057 ], [ 6.48, 51.034 ], [ 6.459, 51.043 ], [ 6.477, 51.056 ], [ 6.445, 51.065 ], [ 6.455, 51.082 ], [ 6.437, 51.105 ], [ 6.464, 51.117 ], [ 6.478, 51.111 ], [ 6.467, 51.13 ], [ 6.479, 51.145 ], [ 6.537, 51.145 ], [ 6.516, 51.183 ], [ 6.491, 51.171 ], [ 6.48, 51.176 ], [ 6.494, 51.194 ], [ 6.489, 51.228 ], [ 6.53, 51.223 ], [ 6.539, 51.233 ], [ 6.562, 51.23 ], [ 6.568, 51.241 ], [ 6.626, 51.25 ], [ 6.596, 51.262 ], [ 6.585, 51.288 ], [ 6.5, 51.289 ], [ 6.489, 51.303 ], [ 6.512, 51.31 ], [ 6.518, 51.352 ], [ 6.531, 51.34 ], [ 6.551, 51.342 ], [ 6.559, 51.323 ], [ 6.598, 51.341 ], [ 6.626, 51.335 ], [ 6.626, 51.39 ] ] ] } },
{ "type": "Feature", "properties": { "wkr_nr": 110, "wkr_name": "Viersen", "land": "Nordrhein-Westfalen", "wahlbeteiligung_prozent": 83.1, "union_prozent": 34.8, "afd_prozent": 15.9, "spd_prozent": 18.2, "gruene_prozent": 11.4, "linke_prozent": 6.4, "bsw_prozent": 3.7, "fdp_prozent": 5.4, "staerkste_partei": "union" }, "geometry": { "type": "Polygon", "coordinates": [ [ [ 6.519, 51.425 ], [ 6.536, 51.405 ], [ 6.479, 51.393 ], [ 6.487, 51.347 ], [ 6.515, 51.335 ], [ 6.512, 51.31 ], [ 6.49, 51.3 ], [ 6.5, 51.289 ], [ 6.585, 51.288 ], [ 6.596, 51.262 ], [ 6.626, 51.25 ], [ 6.568, 51.241 ], [ 6.562, 51.23 ], [ 6.539, 51.233 ], [ 6.53, 51.223 ], [ 6.458, 51.248 ], [ 6.414, 51.219 ], [ 6.33, 51.224 ], [ 6.318, 51.182 ], [ 6.291, 51.176 ], [ 6.251, 51.19 ], [ 6.21, 51.166 ], [ 6.165, 51.194 ], [ 6.082, 51.172 ], [ 6.068, 51.221 ], [ 6.086, 51.223 ], [ 6.073, 51.243 ], [ 6.124, 51.275 ], [ 6.169, 51.333 ], [ 6.193, 51.335 ], [ 6.228, 51.366 ], [ 6.267, 51.355 ], [ 6.358, 51.377 ], [ 6.398, 51.413 ], [ 6.462, 51.406 ], [ 6.47, 51.419 ], [ 6.519, 51.425 ] ] ] } },
{ "type": "Feature", "properties": { "wkr_nr": 111, "wkr_name": "Kleve", "land": "Nordrhein-Westfalen", "wahlbeteiligung_prozent": 81.5, "union_prozent": 36.5, "afd_prozent": 16.0, "spd_prozent": 18.8, "gruene_prozent": 10.5, "linke_prozent": 6.4, "bsw_prozent": 3.4, "fdp_prozent": 4.5, "staerkste_partei": "union" }, "geometry": { "type": "Polygon", "coordinates": [ [ [ 6.159, 51.904 ], [ 6.191, 51.892 ], [ 6.185, 51.882 ], [ 6.208, 51.87 ], [ 6.278, 51.874 ], [ 6.299, 51.868 ], [ 6.307, 51.849 ], [ 6.357, 51.848 ], [ 6.363, 51.836 ], [ 6.427, 51.819 ], [ 6.423, 51.806 ], [ 6.49, 51.811 ], [ 6.535, 51.765 ], [ 6.483, 51.753 ], [ 6.489, 51.72 ], [ 6.461, 51.702 ], [ 6.411, 51.716 ], [ 6.422, 51.743 ], [ 6.403, 51.755 ], [ 6.411, 51.741 ], [ 6.355, 51.7 ], [ 6.38, 51.685 ], [ 6.354, 51.645 ], [ 6.293, 51.638 ], [ 6.3, 51.622 ], [ 6.334, 51.611 ], [ 6.323, 51.601 ], [ 6.347, 51.604 ], [ 6.374, 51.589 ], [ 6.377, 51.566 ], [ 6.407, 51.561 ], [ 6.422, 51.575 ], [ 6.499, 51.567 ], [ 6.464, 51.551 ], [ 6.487, 51.538 ], [ 6.48, 51.522 ], [ 6.448, 51.529 ], [ 6.449, 51.52 ], [ 6.477, 51.483 ], [ 6.507, 51.468 ], [ 6.517, 51.425 ], [ 6.47, 51.419 ], [ 6.462, 51.406 ], [ 6.398, 51.413 ], [ 6.358, 51.377 ], [ 6.267, 51.355 ], [ 6.224, 51.365 ], [ 6.214, 51.39 ], [ 6.226, 51.4 ], [ 6.205, 51.4 ], [ 6.223, 51.469 ], [ 6.212, 51.513 ], [ 6.157, 51.567 ], [ 6.091, 51.606 ], [ 6.118, 51.656 ], [ 6.037, 51.673 ], [ 6.026, 51.709 ], [ 6.045, 51.717 ], [ 5.994, 51.738 ], [ 5.952, 51.742 ], [ 5.991, 51.766 ], [ 5.991, 51.783 ], [ 5.975, 51.785 ], [ 5.978, 51.797 ], [ 5.945, 51.824 ], [ 5.963, 51.837 ], [ 5.994, 51.831 ], [ 6.035, 51.843 ], [ 6.063, 51.865 ], [ 6.099, 51.849 ], [ 6.166, 51.841 ], [ 6.167, 51.861 ], [ 6.137, 51.886 ], [ 6.103, 51.893 ], [ 6.159, 51.904 ] ] ] } },
{ "type": "Feature", "properties": { "wkr_nr": 112, "wkr_name": "Wesel I", "land": "Nordrhein-Westfalen", "wahlbeteiligung_prozent": 83.5, "union_prozent": 31.5, "afd_prozent": 17.3, "spd_prozent": 23.2, "gruene_prozent": 9.5, "linke_prozent": 6.6, "bsw_prozent": 3.7, "fdp_prozent": 4.3, "staerkste_partei": "union" }, "geometry": { "type": "Polygon", "coordinates": [ [ [ 6.522, 51.813 ], [ 6.569, 51.79 ], [ 6.593, 51.802 ], [ 6.608, 51.794 ], [ 6.639, 51.798 ], [ 6.668, 51.777 ], [ 6.714, 51.78 ], [ 6.708, 51.772 ], [ 6.723, 51.768 ], [ 6.758, 51.776 ], [ 6.773, 51.746 ], [ 6.819, 51.743 ], [ 6.827, 51.73 ], [ 6.849, 51.737 ], [ 6.858, 51.729 ], [ 6.911, 51.746 ], [ 6.941, 51.715 ], [ 6.901, 51.675 ], [ 6.902, 51.636 ], [ 6.868, 51.631 ], [ 6.851, 51.607 ], [ 6.745, 51.585 ], [ 6.716, 51.589 ], [ 6.719, 51.573 ], [ 6.688, 51.564 ], [ 6.677, 51.544 ], [ 6.697, 51.519 ], [ 6.629, 51.504 ], [ 6.607, 51.523 ], [ 6.59, 51.522 ], [ 6.57, 51.495 ], [ 6.579, 51.481 ], [ 6.555, 51.472 ], [ 6.481, 51.48 ], [ 6.454, 51.509 ], [ 6.448, 51.529 ], [ 6.477, 51.52 ], [ 6.487, 51.538 ], [ 6.464, 51.551 ], [ 6.499, 51.567 ], [ 6.422, 51.575 ], [ 6.407, 51.561 ], [ 6.377, 51.566 ], [ 6.374, 51.589 ], [ 6.347, 51.604 ], [ 6.323, 51.601 ], [ 6.334, 51.611 ], [ 6.3, 51.622 ], [ 6.293, 51.638 ], [ 6.354, 51.645 ], [ 6.38, 51.685 ], [ 6.355, 51.7 ], [ 6.411, 51.741 ], [ 6.403, 51.755 ], [ 6.422, 51.743 ], [ 6.415, 51.713 ], [ 6.461, 51.702 ], [ 6.489, 51.72 ], [ 6.483, 51.753 ], [ 6.535, 51.765 ], [ 6.49, 51.811 ], [ 6.522, 51.813 ] ] ] } },
{ "type": "Feature", "properties": { "wkr_nr": 113, "wkr_name": "Krefeld II – Wesel II", "land": "Nordrhein-Westfalen", "wahlbeteiligung_prozent": 80.9, "union_prozent": 28.8, "afd_prozent": 16.6, "spd_prozent": 22.4, "gruene_prozent": 11.0, "linke_prozent": 8.0, "bsw_prozent": 4.4, "fdp_prozent": 4.8, "staerkste_partei": "union" }, "geometry": { "type": "Polygon", "coordinates": [ [ [ 6.601, 51.524 ], [ 6.642, 51.497 ], [ 6.644, 51.481 ], [ 6.664, 51.482 ], [ 6.656, 51.474 ], [ 6.667, 51.475 ], [ 6.677, 51.442 ], [ 6.669, 51.41 ], [ 6.63, 51.42 ], [ 6.626, 51.412 ], [ 6.64, 51.399 ], [ 6.626, 51.39 ], [ 6.626, 51.335 ], [ 6.598, 51.341 ], [ 6.559, 51.323 ], [ 6.546, 51.345 ], [ 6.533, 51.339 ], [ 6.518, 51.352 ], [ 6.51, 51.339 ], [ 6.487, 51.347 ], [ 6.479, 51.393 ], [ 6.537, 51.406 ], [ 6.515, 51.427 ], [ 6.521, 51.44 ], [ 6.502, 51.447 ], [ 6.499, 51.477 ], [ 6.565, 51.474 ], [ 6.601, 51.524 ] ] ] } },
{ "type": "Feature", "properties": { "wkr_nr": 114, "wkr_name": "Duisburg I", "land": "Nordrhein-Westfalen", "wahlbeteiligung_prozent": 79.5, "union_prozent": 23.0, "afd_prozent": 17.3, "spd_prozent": 25.7, "gruene_prozent": 10.7, "linke_prozent": 10.4, "bsw_prozent": 5.1, "fdp_prozent": 3.3, "staerkste_partei": "spd" }, "geometry": { "type": "Polygon", "coordinates": [ [ [ 6.818, 51.432 ], [ 6.815, 51.376 ], [ 6.83, 51.352 ], [ 6.783, 51.343 ], [ 6.742, 51.35 ], [ 6.715, 51.333 ], [ 6.659, 51.349 ], [ 6.675, 51.389 ], [ 6.637, 51.386 ], [ 6.63, 51.42 ], [ 6.655, 51.409 ], [ 6.669, 51.41 ], [ 6.666, 51.43 ], [ 6.713, 51.435 ], [ 6.722, 51.453 ], [ 6.739, 51.443 ], [ 6.778, 51.449 ], [ 6.776, 51.431 ], [ 6.818, 51.432 ] ] ] } },
{ "type": "Feature", "properties": { "wkr_nr": 115, "wkr_name": "Duisburg II", "land": "Nordrhein-Westfalen", "wahlbeteiligung_prozent": 73.4, "union_prozent": 19.4, "afd_prozent": 24.8, "spd_prozent": 25.3, "gruene_prozent": 6.6, "linke_prozent": 11.1, "bsw_prozent": 5.8, "fdp_prozent": 2.7, "staerkste_partei": "spd" }, "geometry": { "type": "Polygon", "coordinates": [ [ [ 6.818, 51.432 ], [ 6.776, 51.431 ], [ 6.778, 51.449 ], [ 6.739, 51.443 ], [ 6.722, 51.453 ], [ 6.713, 51.435 ], [ 6.667, 51.435 ], [ 6.678, 51.452 ], [ 6.656, 51.474 ], [ 6.664, 51.482 ], [ 6.644, 51.481 ], [ 6.629, 51.504 ], [ 6.697, 51.519 ], [ 6.677, 51.538 ], [ 6.687, 51.56 ], [ 6.746, 51.537 ], [ 6.784, 51.533 ], [ 6.777, 51.523 ], [ 6.82, 51.507 ], [ 6.805, 51.447 ], [ 6.818, 51.432 ] ] ] } },
{ "type": "Feature", "properties": { "wkr_nr": 116, "wkr_name": "Oberhausen – Wesel III", "land": "Nordrhein-Westfalen", "wahlbeteiligung_prozent": 80.4, "union_prozent": 24.9, "afd_prozent": 20.4, "spd_prozent": 25.2, "gruene_prozent": 8.9, "linke_prozent": 8.2, "bsw_prozent": 4.7, "fdp_prozent": 3.4, "staerkste_partei": "spd" }, "geometry": { "type": "Polygon", "coordinates": [ [ [ 6.853, 51.605 ], [ 6.866, 51.597 ], [ 6.833, 51.58 ], [ 6.869, 51.567 ], [ 6.86, 51.557 ], [ 6.894, 51.516 ], [ 6.931, 51.499 ], [ 6.9, 51.487 ], [ 6.896, 51.469 ], [ 6.827, 51.449 ], [ 6.809, 51.456 ], [ 6.82, 51.507 ], [ 6.777, 51.523 ], [ 6.784, 51.533 ], [ 6.746, 51.537 ], [ 6.687, 51.56 ], [ 6.719, 51.573 ], [ 6.716, 51.589 ], [ 6.745, 51.585 ], [ 6.853, 51.605 ] ] ] } },
{ "type": "Feature", "properties": { "wkr_nr": 117, "wkr_name": "Mülheim – Essen I", "land": "Nordrhein-Westfalen", "wahlbeteiligung_prozent": 82.1, "union_prozent": 28.1, "afd_prozent": 17.0, "spd_prozent": 23.6, "gruene_prozent": 11.0, "linke_prozent": 7.8, "bsw_prozent": 4.3, "fdp_prozent": 4.3, "staerkste_partei": "union" }, "geometry": { "type": "Polygon", "coordinates": [ [ [ 6.98, 51.5 ], [ 6.99, 51.473 ], [ 6.953, 51.456 ], [ 6.941, 51.388 ], [ 6.914, 51.381 ], [ 6.907, 51.368 ], [ 6.846, 51.364 ], [ 6.831, 51.351 ], [ 6.815, 51.376 ], [ 6.81, 51.455 ], [ 6.827, 51.449 ], [ 6.869, 51.458 ], [ 6.92, 51.497 ], [ 6.98, 51.5 ] ] ] } },
{ "type": "Feature", "properties": { "wkr_nr": 118, "wkr_name": "Essen II", "land": "Nordrhein-Westfalen", "wahlbeteiligung_prozent": 75.0, "union_prozent": 22.3, "afd_prozent": 22.0, "spd_prozent": 23.2, "gruene_prozent": 9.0, "linke_prozent": 10.7, "bsw_prozent": 5.6, "fdp_prozent": 3.0, "staerkste_partei": "spd" }, "geometry": { "type": "Polygon", "coordinates": [ [ [ 7.124, 51.431 ], [ 7.09, 51.431 ], [ 7.079, 51.443 ], [ 7.0, 51.441 ], [ 6.984, 51.455 ], [ 6.977, 51.505 ], [ 6.999, 51.534 ], [ 7.051, 51.511 ], [ 7.074, 51.483 ], [ 7.108, 51.479 ], [ 7.109, 51.459 ], [ 7.133, 51.442 ], [ 7.124, 51.431 ] ] ] } },
{ "type": "Feature", "properties": { "wkr_nr": 119, "wkr_name": "Essen III", "land": "Nordrhein-Westfalen", "wahlbeteiligung_prozent": 84.5, "union_prozent": 29.6, "afd_prozent": 12.1, "spd_prozent": 21.2, "gruene_prozent": 16.1, "linke_prozent": 9.0, "bsw_prozent": 3.5, "fdp_prozent": 4.9, "staerkste_partei": "union" }, "geometry": { "type": "Polygon", "coordinates": [ [ [ 6.983, 51.469 ], [ 7.0, 51.441 ], [ 7.079, 51.443 ], [ 7.09, 51.431 ], [ 7.134, 51.427 ], [ 7.13, 51.413 ], [ 7.108, 51.407 ], [ 7.12, 51.378 ], [ 6.927, 51.347 ], [ 6.904, 51.367 ], [ 6.941, 51.388 ], [ 6.953, 51.456 ], [ 6.983, 51.469 ] ] ] } },
{ "type": "Feature", "properties": { "wkr_nr": 120, "wkr_name": "Recklinghausen I", "land": "Nordrhein-Westfalen", "wahlbeteiligung_prozent": 79.8, "union_prozent": 27.4, "afd_prozent": 20.2, "spd_prozent": 23.3, "gruene_prozent": 9.7, "linke_prozent": 7.5, "bsw_prozent": 4.4, "fdp_prozent": 3.6, "staerkste_partei": "union" }, "geometry": { "type": "Polygon", "coordinates": [ [ [ 7.426, 51.662 ], [ 7.444, 51.66 ], [ 7.462, 51.639 ], [ 7.46, 51.616 ], [ 7.396, 51.587 ], [ 7.372, 51.591 ], [ 7.37, 51.582 ], [ 7.338, 51.577 ], [ 7.363, 51.527 ], [ 7.304, 51.525 ], [ 7.283, 51.557 ], [ 7.242, 51.573 ], [ 7.18, 51.553 ], [ 7.157, 51.626 ], [ 7.134, 51.633 ], [ 7.146, 51.643 ], [ 7.207, 51.65 ], [ 7.23, 51.627 ], [ 7.246, 51.631 ], [ 7.277, 51.62 ], [ 7.297, 51.627 ], [ 7.31, 51.614 ], [ 7.336, 51.628 ], [ 7.356, 51.624 ], [ 7.361, 51.649 ], [ 7.393, 51.654 ], [ 7.409, 51.646 ], [ 7.426, 51.662 ] ] ] } },
{ "type": "Feature", "properties": { "wkr_nr": 121, "wkr_name": "Recklinghausen II", "land": "Nordrhein-Westfalen", "wahlbeteiligung_prozent": 80.8, "union_prozent": 28.8, "afd_prozent": 21.0, "spd_prozent": 23.4, "gruene_prozent": 8.7, "linke_prozent": 6.6, "bsw_prozent": 4.0, "fdp_prozent": 3.5, "staerkste_partei": "union" }, "geometry": { "type": "Polygon", "coordinates": [ [ [ 7.168, 51.82 ], [ 7.261, 51.8 ], [ 7.272, 51.779 ], [ 7.259, 51.773 ], [ 7.28, 51.749 ], [ 7.321, 51.737 ], [ 7.299, 51.706 ], [ 7.309, 51.711 ], [ 7.309, 51.703 ], [ 7.344, 51.699 ], [ 7.34, 51.687 ], [ 7.422, 51.656 ], [ 7.409, 51.646 ], [ 7.393, 51.654 ], [ 7.361, 51.649 ], [ 7.356, 51.624 ], [ 7.336, 51.628 ], [ 7.31, 51.614 ], [ 7.297, 51.627 ], [ 7.277, 51.62 ], [ 7.246, 51.631 ], [ 7.23, 51.627 ], [ 7.207, 51.65 ], [ 7.146, 51.643 ], [ 7.134, 51.633 ], [ 7.157, 51.626 ], [ 7.18, 51.553 ], [ 7.149, 51.551 ], [ 7.122, 51.586 ], [ 7.106, 51.594 ], [ 7.075, 51.589 ], [ 7.067, 51.615 ], [ 7.033, 51.625 ], [ 7.044, 51.644 ], [ 7.022, 51.67 ], [ 7.057, 51.689 ], [ 7.047, 51.7 ], [ 7.078, 51.713 ], [ 7.075, 51.731 ], [ 7.089, 51.732 ], [ 7.076, 51.78 ], [ 7.113, 51.788 ], [ 7.168, 51.82 ] ] ] } },
{ "type": "Feature", "properties": { "wkr_nr": 122, "wkr_name": "Gelsenkirchen", "land": "Nordrhein-Westfalen", "wahlbeteiligung_prozent": 74.5, "union_prozent": 22.7, "afd_prozent": 24.7, "spd_prozent": 24.1, "gruene_prozent": 6.5, "linke_prozent": 9.4, "bsw_prozent": 5.1, "fdp_prozent": 3.0, "staerkste_partei": "afd" }, "geometry": { "type": "Polygon", "coordinates": [ [ [ 7.022, 51.632 ], [ 7.067, 51.615 ], [ 7.075, 51.589 ], [ 7.106, 51.594 ], [ 7.139, 51.573 ], [ 7.145, 51.552 ], [ 7.123, 51.547 ], [ 7.144, 51.513 ], [ 7.137, 51.491 ], [ 7.104, 51.481 ], [ 7.071, 51.485 ], [ 7.074, 51.494 ], [ 7.01, 51.533 ], [ 7.032, 51.547 ], [ 6.987, 51.622 ], [ 7.022, 51.632 ] ] ] } },
{ "type": "Feature", "properties": { "wkr_nr": 123, "wkr_name": "Steinfurt I – Borken I", "land": "Nordrhein-Westfalen", "wahlbeteiligung_prozent": 83.6, "union_prozent": 38.8, "afd_prozent": 14.8, "spd_prozent": 18.6, "gruene_prozent": 10.5, "linke_prozent": 6.3, "bsw_prozent": 3.2, "fdp_prozent": 4.2, "staerkste_partei": "union" }, "geometry": { "type": "Polygon", "coordinates": [ [ [ 7.462, 52.34 ], [ 7.537, 52.302 ], [ 7.562, 52.275 ], [ 7.553, 52.259 ], [ 7.58, 52.253 ], [ 7.587, 52.23 ], [ 7.543, 52.216 ], [ 7.522, 52.22 ], [ 7.516, 52.207 ], [ 7.469, 52.192 ], [ 7.436, 52.193 ], [ 7.455, 52.139 ], [ 7.418, 52.082 ], [ 7.359, 52.089 ], [ 7.312, 52.057 ], [ 7.269, 52.059 ], [ 7.239, 52.043 ], [ 7.169, 52.047 ], [ 7.098, 52.006 ], [ 7.057, 52.012 ], [ 7.052, 52.004 ], [ 7.039, 52.021 ], [ 6.952, 52.026 ], [ 6.934, 52.044 ], [ 6.911, 52.045 ], [ 6.906, 52.067 ], [ 6.875, 52.081 ], [ 6.898, 52.109 ], [ 6.867, 52.128 ], [ 6.88, 52.156 ], [ 6.908, 52.176 ], [ 6.951, 52.181 ], [ 6.985, 52.225 ], [ 7.039, 52.228 ], [ 7.153, 52.267 ], [ 7.298, 52.264 ], [ 7.317, 52.28 ], [ 7.362, 52.288 ], [ 7.386, 52.309 ], [ 7.427, 52.314 ], [ 7.438, 52.333 ], [ 7.462, 52.34 ] ] ] } },
{ "type": "Feature", "properties": { "wkr_nr": 124, "wkr_name": "Bottrop – Recklinghausen III", "land": "Nordrhein-Westfalen", "wahlbeteiligung_prozent": 80.9, "union_prozent": 29.3, "afd_prozent": 20.9, "spd_prozent": 23.1, "gruene_prozent": 8.4, "linke_prozent": 6.7, "bsw_prozent": 4.3, "fdp_prozent": 3.5, "staerkste_partei": "union" }, "geometry": { "type": "Polygon", "coordinates": [ [ [ 6.973, 51.796 ], [ 7.02, 51.8 ], [ 7.033, 51.782 ], [ 7.085, 51.771 ], [ 7.089, 51.732 ], [ 7.075, 51.731 ], [ 7.078, 51.713 ], [ 7.047, 51.7 ], [ 7.057, 51.689 ], [ 7.022, 51.67 ], [ 7.044, 51.644 ], [ 7.037, 51.631 ], [ 6.988, 51.623 ], [ 7.032, 51.547 ], [ 6.994, 51.531 ], [ 6.988, 51.509 ], [ 6.928, 51.497 ], [ 6.894, 51.516 ], [ 6.86, 51.557 ], [ 6.869, 51.567 ], [ 6.833, 51.58 ], [ 6.866, 51.597 ], [ 6.851, 51.609 ], [ 6.868, 51.631 ], [ 6.902, 51.636 ], [ 6.901, 51.675 ], [ 6.915, 51.698 ], [ 6.937, 51.704 ], [ 6.908, 51.748 ], [ 6.917, 51.778 ], [ 6.956, 51.772 ], [ 6.973, 51.796 ] ] ] } },
{ "type": "Feature", "properties": { "wkr_nr": 125, "wkr_name": "Borken II", "land": "Nordrhein-Westfalen", "wahlbeteiligung_prozent": 85.8, "union_prozent": 42.4, "afd_prozent": 13.3, "spd_prozent": 17.4, "gruene_prozent": 10.7, "linke_prozent": 5.5, "bsw_prozent": 3.0, "fdp_prozent": 4.4, "staerkste_partei": "union" }, "geometry": { "type": "Polygon", "coordinates": [ [ [ 6.867, 52.128 ], [ 6.9, 52.105 ], [ 6.875, 52.081 ], [ 6.906, 52.067 ], [ 6.911, 52.045 ], [ 6.934, 52.044 ], [ 6.952, 52.026 ], [ 7.039, 52.021 ], [ 7.056, 51.989 ], [ 7.087, 51.979 ], [ 7.08, 51.925 ], [ 7.056, 51.888 ], [ 7.087, 51.852 ], [ 7.172, 51.82 ], [ 7.076, 51.777 ], [ 7.033, 51.782 ], [ 7.02, 51.8 ], [ 6.978, 51.799 ], [ 6.956, 51.772 ], [ 6.917, 51.778 ], [ 6.911, 51.746 ], [ 6.858, 51.729 ], [ 6.773, 51.746 ], [ 6.758, 51.776 ], [ 6.723, 51.768 ], [ 6.709, 51.781 ], [ 6.668, 51.777 ], [ 6.632, 51.799 ], [ 6.608, 51.794 ], [ 6.593, 51.802 ], [ 6.569, 51.79 ], [ 6.516, 51.817 ], [ 6.423, 51.806 ], [ 6.391, 51.874 ], [ 6.473, 51.854 ], [ 6.544, 51.885 ], [ 6.675, 51.916 ], [ 6.695, 51.916 ], [ 6.722, 51.896 ], [ 6.775, 51.92 ], [ 6.799, 51.959 ], [ 6.829, 51.964 ], [ 6.827, 51.994 ], [ 6.753, 52.029 ], [ 6.688, 52.04 ], [ 6.687, 52.056 ], [ 6.695, 52.07 ], [ 6.748, 52.082 ], [ 6.761, 52.119 ], [ 6.845, 52.119 ], [ 6.867, 52.128 ] ] ] } },
{ "type": "Feature", "properties": { "wkr_nr": 126, "wkr_name": "Coesfeld – Steinfurt II", "land": "Nordrhein-Westfalen", "wahlbeteiligung_prozent": 87.4, "union_prozent": 40.2, "afd_prozent": 12.6, "spd_prozent": 17.9, "gruene_prozent": 13.5, "linke_prozent": 5.5, "bsw_prozent": 2.8, "fdp_prozent": 4.2, "staerkste_partei": "union" }, "geometry": { "type": "Polygon", "coordinates": [ [ [ 7.459, 52.143 ], [ 7.527, 52.129 ], [ 7.543, 52.106 ], [ 7.535, 52.094 ], [ 7.55, 52.092 ], [ 7.533, 52.077 ], [ 7.556, 52.046 ], [ 7.514, 52.012 ], [ 7.521, 51.978 ], [ 7.478, 51.955 ], [ 7.474, 51.941 ], [ 7.51, 51.936 ], [ 7.511, 51.893 ], [ 7.535, 51.901 ], [ 7.569, 51.848 ], [ 7.602, 51.847 ], [ 7.672, 51.818 ], [ 7.684, 51.785 ], [ 7.713, 51.75 ], [ 7.728, 51.751 ], [ 7.736, 51.73 ], [ 7.7, 51.712 ], [ 7.687, 51.729 ], [ 7.677, 51.726 ], [ 7.653, 51.706 ], [ 7.613, 51.716 ], [ 7.542, 51.685 ], [ 7.517, 51.721 ], [ 7.484, 51.714 ], [ 7.468, 51.736 ], [ 7.421, 51.71 ], [ 7.449, 51.693 ], [ 7.448, 51.676 ], [ 7.41, 51.665 ], [ 7.34, 51.687 ], [ 7.344, 51.699 ], [ 7.309, 51.703 ], [ 7.309, 51.711 ], [ 7.299, 51.706 ], [ 7.321, 51.737 ], [ 7.28, 51.749 ], [ 7.259, 51.773 ], [ 7.272, 51.779 ], [ 7.261, 51.8 ], [ 7.125, 51.832 ], [ 7.083, 51.855 ], [ 7.056, 51.888 ], [ 7.09, 51.974 ], [ 7.056, 51.989 ], [ 7.053, 52.002 ], [ 7.057, 52.012 ], [ 7.089, 52.006 ], [ 7.123, 52.013 ], [ 7.169, 52.047 ], [ 7.239, 52.043 ], [ 7.269, 52.059 ], [ 7.312, 52.057 ], [ 7.359, 52.089 ], [ 7.418, 52.082 ], [ 7.459, 52.143 ] ] ] } },
{ "type": "Feature", "properties": { "wkr_nr": 127, "wkr_name": "Steinfurt III", "land": "Nordrhein-Westfalen", "wahlbeteiligung_prozent": 85.3, "union_prozent": 33.1, "afd_prozent": 15.2, "spd_prozent": 22.1, "gruene_prozent": 12.1, "linke_prozent": 6.4, "bsw_prozent": 3.6, "fdp_prozent": 4.0, "staerkste_partei": "union" }, "geometry": { "type": "Polygon", "coordinates": [ [ [ 7.609, 52.474 ], [ 7.688, 52.454 ], [ 7.714, 52.401 ], [ 7.807, 52.371 ], [ 7.892, 52.381 ], [ 7.937, 52.365 ], [ 7.949, 52.335 ], [ 7.991, 52.31 ], [ 7.931, 52.302 ], [ 7.931, 52.286 ], [ 7.956, 52.272 ], [ 7.926, 52.263 ], [ 7.928, 52.23 ], [ 7.903, 52.199 ], [ 7.934, 52.177 ], [ 8.008, 52.176 ], [ 8.025, 52.164 ], [ 7.997, 52.154 ], [ 8.008, 52.115 ], [ 7.972, 52.116 ], [ 7.885, 52.083 ], [ 7.799, 52.104 ], [ 7.756, 52.098 ], [ 7.727, 52.051 ], [ 7.691, 52.033 ], [ 7.649, 52.053 ], [ 7.631, 52.041 ], [ 7.599, 52.06 ], [ 7.555, 52.042 ], [ 7.533, 52.077 ], [ 7.549, 52.088 ], [ 7.535, 52.094 ], [ 7.54, 52.116 ], [ 7.524, 52.131 ], [ 7.455, 52.143 ], [ 7.432, 52.179 ], [ 7.436, 52.193 ], [ 7.469, 52.192 ], [ 7.516, 52.207 ], [ 7.522, 52.22 ], [ 7.543, 52.216 ], [ 7.587, 52.23 ], [ 7.58, 52.253 ], [ 7.553, 52.259 ], [ 7.562, 52.275 ], [ 7.531, 52.308 ], [ 7.481, 52.324 ], [ 7.478, 52.336 ], [ 7.458, 52.335 ], [ 7.53, 52.37 ], [ 7.582, 52.376 ], [ 7.571, 52.381 ], [ 7.603, 52.421 ], [ 7.564, 52.432 ], [ 7.609, 52.474 ] ] ] } },
{ "type": "Feature", "properties": { "wkr_nr": 128, "wkr_name": "Münster", "land": "Nordrhein-Westfalen", "wahlbeteiligung_prozent": 87.5, "union_prozent": 25.7, "afd_prozent": 6.9, "spd_prozent": 18.1, "gruene_prozent": 26.6, "linke_prozent": 12.5, "bsw_prozent": 2.7, "fdp_prozent": 4.6, "staerkste_partei": "gruene" }, "geometry": { "type": "Polygon", "coordinates": [ [ [ 7.599, 52.06 ], [ 7.633, 52.041 ], [ 7.649, 52.053 ], [ 7.685, 52.033 ], [ 7.721, 52.032 ], [ 7.749, 51.997 ], [ 7.733, 51.989 ], [ 7.733, 51.968 ], [ 7.774, 51.922 ], [ 7.758, 51.898 ], [ 7.704, 51.908 ], [ 7.688, 51.902 ], [ 7.71, 51.875 ], [ 7.65, 51.877 ], [ 7.637, 51.868 ], [ 7.647, 51.861 ], [ 7.618, 51.857 ], [ 7.61, 51.84 ], [ 7.559, 51.855 ], [ 7.535, 51.901 ], [ 7.511, 51.893 ], [ 7.51, 51.936 ], [ 7.474, 51.942 ], [ 7.478, 51.955 ], [ 7.521, 51.978 ], [ 7.514, 52.012 ], [ 7.535, 52.02 ], [ 7.532, 52.033 ], [ 7.599, 52.06 ] ] ] } },
{ "type": "Feature", "properties": { "wkr_nr": 129, "wkr_name": "Warendorf", "land": "Nordrhein-Westfalen", "wahlbeteiligung_prozent": 84.7, "union_prozent": 36.6, "afd_prozent": 16.0, "spd_prozent": 18.6, "gruene_prozent": 11.3, "linke_prozent": 6.3, "bsw_prozent": 3.6, "fdp_prozent": 4.1, "staerkste_partei": "union" }, "geometry": { "type": "Polygon", "coordinates": [ [ [ 7.799, 52.104 ], [ 7.889, 52.083 ], [ 7.917, 52.052 ], [ 7.981, 52.036 ], [ 8.033, 52.068 ], [ 8.092, 52.063 ], [ 8.075, 52.011 ], [ 8.091, 51.997 ], [ 8.111, 52.001 ], [ 8.113, 51.956 ], [ 8.17, 51.926 ], [ 8.169, 51.907 ], [ 8.151, 51.898 ], [ 8.162, 51.9 ], [ 8.185, 51.862 ], [ 8.214, 51.853 ], [ 8.219, 51.836 ], [ 8.2, 51.828 ], [ 8.233, 51.823 ], [ 8.257, 51.803 ], [ 8.254, 51.773 ], [ 8.302, 51.754 ], [ 8.32, 51.726 ], [ 8.295, 51.677 ], [ 8.267, 51.664 ], [ 8.196, 51.661 ], [ 8.212, 51.697 ], [ 8.184, 51.694 ], [ 8.12, 51.718 ], [ 8.097, 51.702 ], [ 8.052, 51.717 ], [ 8.007, 51.71 ], [ 7.975, 51.723 ], [ 7.951, 51.701 ], [ 7.89, 51.703 ], [ 7.876, 51.728 ], [ 7.836, 51.73 ], [ 7.826, 51.745 ], [ 7.77, 51.724 ], [ 7.728, 51.751 ], [ 7.713, 51.75 ], [ 7.672, 51.818 ], [ 7.614, 51.837 ], [ 7.618, 51.857 ], [ 7.647, 51.861 ], [ 7.637, 51.868 ], [ 7.65, 51.877 ], [ 7.71, 51.875 ], [ 7.688, 51.902 ], [ 7.704, 51.908 ], [ 7.758, 51.898 ], [ 7.774, 51.92 ], [ 7.733, 51.968 ], [ 7.733, 51.989 ], [ 7.749, 51.997 ], [ 7.704, 52.036 ], [ 7.752, 52.097 ], [ 7.799, 52.104 ] ] ] } },
{ "type": "Feature", "properties": { "wkr_nr": 130, "wkr_name": "Gütersloh I", "land": "Nordrhein-Westfalen", "wahlbeteiligung_prozent": 82.8, "union_prozent": 33.4, "afd_prozent": 18.3, "spd_prozent": 18.1, "gruene_prozent": 11.6, "linke_prozent": 6.4, "bsw_prozent": 4.2, "fdp_prozent": 4.4, "staerkste_partei": "union" }, "geometry": { "type": "Polygon", "coordinates": [ [ [ 8.267, 52.132 ], [ 8.311, 52.118 ], [ 8.324, 52.126 ], [ 8.364, 52.118 ], [ 8.367, 52.101 ], [ 8.351, 52.092 ], [ 8.386, 52.078 ], [ 8.434, 52.029 ], [ 8.461, 52.019 ], [ 8.438, 51.98 ], [ 8.378, 51.973 ], [ 8.391, 51.96 ], [ 8.42, 51.96 ], [ 8.427, 51.945 ], [ 8.487, 51.945 ], [ 8.506, 51.915 ], [ 8.545, 51.926 ], [ 8.544, 51.916 ], [ 8.557, 51.919 ], [ 8.579, 51.904 ], [ 8.561, 51.893 ], [ 8.596, 51.88 ], [ 8.601, 51.854 ], [ 8.534, 51.832 ], [ 8.521, 51.81 ], [ 8.433, 51.77 ], [ 8.409, 51.749 ], [ 8.403, 51.719 ], [ 8.386, 51.717 ], [ 8.32, 51.726 ], [ 8.302, 51.754 ], [ 8.254, 51.773 ], [ 8.257, 51.803 ], [ 8.233, 51.823 ], [ 8.2, 51.828 ], [ 8.219, 51.836 ], [ 8.214, 51.853 ], [ 8.185, 51.862 ], [ 8.162, 51.9 ], [ 8.151, 51.898 ], [ 8.169, 51.907 ], [ 8.17, 51.926 ], [ 8.113, 51.956 ], [ 8.111, 52.001 ], [ 8.091, 51.997 ], [ 8.075, 52.011 ], [ 8.099, 52.059 ], [ 8.152, 52.076 ], [ 8.192, 52.073 ], [ 8.225, 52.109 ], [ 8.263, 52.12 ], [ 8.267, 52.132 ] ] ] } },
{ "type": "Feature", "properties": { "wkr_nr": 131, "wkr_name": "Bielefeld – Gütersloh II", "land": "Nordrhein-Westfalen", "wahlbeteiligung_prozent": 81.9, "union_prozent": 23.3, "afd_prozent": 14.4, "spd_prozent": 20.3, "gruene_prozent": 16.5, "linke_prozent": 13.2, "bsw_prozent": 4.6, "fdp_prozent": 4.2, "staerkste_partei": "union" }, "geometry": { "type": "Polygon", "coordinates": [ [ [ 8.369, 52.115 ], [ 8.427, 52.105 ], [ 8.457, 52.112 ], [ 8.472, 52.101 ], [ 8.509, 52.115 ], [ 8.555, 52.102 ], [ 8.567, 52.107 ], [ 8.571, 52.077 ], [ 8.608, 52.089 ], [ 8.618, 52.067 ], [ 8.662, 52.057 ], [ 8.642, 52.026 ], [ 8.662, 52.013 ], [ 8.648, 51.959 ], [ 8.605, 51.927 ], [ 8.544, 51.916 ], [ 8.533, 51.926 ], [ 8.506, 51.915 ], [ 8.487, 51.945 ], [ 8.427, 51.945 ], [ 8.42, 51.96 ], [ 8.397, 51.957 ], [ 8.379, 51.971 ], [ 8.438, 51.98 ], [ 8.461, 52.016 ], [ 8.386, 52.078 ], [ 8.351, 52.092 ], [ 8.369, 52.115 ] ] ] } },
{ "type": "Feature", "properties": { "wkr_nr": 132, "wkr_name": "Herford – Minden-Lübbecke II", "land": "Nordrhein-Westfalen", "wahlbeteiligung_prozent": 81.5, "union_prozent": 27.8, "afd_prozent": 21.3, "spd_prozent": 21.5, "gruene_prozent": 9.7, "linke_prozent": 7.1, "bsw_prozent": 4.8, "fdp_prozent": 4.1, "staerkste_partei": "union" }, "geometry": { "type": "Polygon", "coordinates": [ [ [ 8.744, 52.276 ], [ 8.872, 52.249 ], [ 8.829, 52.22 ], [ 8.863, 52.194 ], [ 8.901, 52.196 ], [ 8.927, 52.184 ], [ 8.895, 52.152 ], [ 8.892, 52.112 ], [ 8.856, 52.102 ], [ 8.81, 52.117 ], [ 8.808, 52.127 ], [ 8.792, 52.117 ], [ 8.747, 52.121 ], [ 8.716, 52.09 ], [ 8.666, 52.087 ], [ 8.65, 52.059 ], [ 8.617, 52.068 ], [ 8.608, 52.089 ], [ 8.571, 52.077 ], [ 8.567, 52.107 ], [ 8.555, 52.102 ], [ 8.509, 52.115 ], [ 8.472, 52.101 ], [ 8.457, 52.112 ], [ 8.427, 52.105 ], [ 8.414, 52.112 ], [ 8.412, 52.137 ], [ 8.482, 52.16 ], [ 8.517, 52.185 ], [ 8.46, 52.196 ], [ 8.442, 52.213 ], [ 8.461, 52.23 ], [ 8.466, 52.268 ], [ 8.472, 52.26 ], [ 8.523, 52.264 ], [ 8.571, 52.253 ], [ 8.635, 52.261 ], [ 8.684, 52.232 ], [ 8.698, 52.249 ], [ 8.723, 52.247 ], [ 8.744, 52.276 ] ] ] } },
{ "type": "Feature", "properties": { "wkr_nr": 133, "wkr_name": "Minden-Lübbecke I", "land": "Nordrhein-Westfalen", "wahlbeteiligung_prozent": 82.1, "union_prozent": 27.5, "afd_prozent": 21.8, "spd_prozent": 22.1, "gruene_prozent": 9.5, "linke_prozent": 6.6, "bsw_prozent": 4.5, "fdp_prozent": 4.2, "staerkste_partei": "union" }, "geometry": { "type": "Polygon", "coordinates": [ [ [ 8.653, 52.531 ], [ 8.69, 52.519 ], [ 8.703, 52.5 ], [ 8.703, 52.443 ], [ 8.718, 52.429 ], [ 8.707, 52.395 ], [ 8.725, 52.401 ], [ 8.746, 52.388 ], [ 8.787, 52.399 ], [ 8.855, 52.389 ], [ 8.889, 52.396 ], [ 8.892, 52.406 ], [ 8.938, 52.402 ], [ 8.941, 52.416 ], [ 8.987, 52.433 ], [ 8.978, 52.451 ], [ 9.017, 52.46 ], [ 9.053, 52.5 ], [ 9.099, 52.497 ], [ 9.133, 52.483 ], [ 9.095, 52.443 ], [ 9.125, 52.412 ], [ 9.095, 52.387 ], [ 9.085, 52.356 ], [ 9.058, 52.34 ], [ 9.027, 52.346 ], [ 8.998, 52.326 ], [ 8.988, 52.288 ], [ 8.964, 52.279 ], [ 8.979, 52.275 ], [ 8.975, 52.263 ], [ 9.076, 52.234 ], [ 9.052, 52.22 ], [ 9.036, 52.225 ], [ 9.045, 52.184 ], [ 9.021, 52.184 ], [ 9.014, 52.195 ], [ 8.986, 52.195 ], [ 8.984, 52.181 ], [ 8.914, 52.187 ], [ 8.901, 52.196 ], [ 8.863, 52.194 ], [ 8.829, 52.222 ], [ 8.872, 52.249 ], [ 8.744, 52.276 ], [ 8.723, 52.247 ], [ 8.698, 52.249 ], [ 8.684, 52.232 ], [ 8.635, 52.261 ], [ 8.571, 52.253 ], [ 8.523, 52.264 ], [ 8.472, 52.26 ], [ 8.458, 52.302 ], [ 8.472, 52.315 ], [ 8.439, 52.363 ], [ 8.314, 52.406 ], [ 8.322, 52.426 ], [ 8.297, 52.456 ], [ 8.418, 52.444 ], [ 8.454, 52.461 ], [ 8.459, 52.492 ], [ 8.509, 52.515 ], [ 8.557, 52.499 ], [ 8.653, 52.531 ] ] ] } },
{ "type": "Feature", "properties": { "wkr_nr": 134, "wkr_name": "Lippe I", "land": "Nordrhein-Westfalen", "wahlbeteiligung_prozent": 82.4, "union_prozent": 27.1, "afd_prozent": 21.8, "spd_prozent": 20.9, "gruene_prozent": 10.6, "linke_prozent": 6.8, "bsw_prozent": 4.4, "fdp_prozent": 4.3, "staerkste_partei": "union" }, "geometry": { "type": "Polygon", "coordinates": [ [ [ 8.986, 52.195 ], [ 9.022, 52.172 ], [ 9.018, 52.132 ], [ 9.072, 52.148 ], [ 9.068, 52.14 ], [ 9.107, 52.132 ], [ 9.13, 52.14 ], [ 9.157, 52.125 ], [ 9.133, 52.097 ], [ 9.156, 52.098 ], [ 9.193, 52.07 ], [ 9.172, 52.047 ], [ 9.197, 52.012 ], [ 9.175, 51.983 ], [ 9.195, 51.963 ], [ 9.188, 51.951 ], [ 9.124, 51.941 ], [ 9.119, 51.919 ], [ 9.102, 51.913 ], [ 9.018, 51.899 ], [ 9.005, 51.926 ], [ 8.985, 51.926 ], [ 8.95, 51.896 ], [ 8.926, 51.903 ], [ 8.894, 51.893 ], [ 8.888, 51.869 ], [ 8.869, 51.859 ], [ 8.824, 51.878 ], [ 8.818, 51.907 ], [ 8.789, 51.923 ], [ 8.71, 51.935 ], [ 8.684, 51.916 ], [ 8.606, 51.927 ], [ 8.648, 51.959 ], [ 8.662, 52.013 ], [ 8.642, 52.026 ], [ 8.66, 52.039 ], [ 8.666, 52.087 ], [ 8.716, 52.09 ], [ 8.747, 52.121 ], [ 8.792, 52.117 ], [ 8.808, 52.127 ], [ 8.841, 52.103 ], [ 8.873, 52.105 ], [ 8.896, 52.118 ], [ 8.895, 52.152 ], [ 8.923, 52.182 ], [ 8.987, 52.181 ], [ 8.986, 52.195 ] ] ] } },
{ "type": "Feature", "properties": { "wkr_nr": 135, "wkr_name": "Höxter – Gütersloh III – Lippe II", "land": "Nordrhein-Westfalen", "wahlbeteiligung_prozent": 83.7, "union_prozent": 36.5, "afd_prozent": 20.6, "spd_prozent": 17.0, "gruene_prozent": 8.4, "linke_prozent": 5.6, "bsw_prozent": 4.0, "fdp_prozent": 4.3, "staerkste_partei": "union" }, "geometry": { "type": "Polygon", "coordinates": [ [ [ 9.262, 51.977 ], [ 9.286, 51.957 ], [ 9.264, 51.948 ], [ 9.277, 51.944 ], [ 9.272, 51.932 ], [ 9.341, 51.908 ], [ 9.344, 51.88 ], [ 9.336, 51.856 ], [ 9.323, 51.855 ], [ 9.335, 51.854 ], [ 9.363, 51.865 ], [ 9.405, 51.856 ], [ 9.46, 51.863 ], [ 9.433, 51.841 ], [ 9.442, 51.829 ], [ 9.427, 51.81 ], [ 9.448, 51.795 ], [ 9.375, 51.744 ], [ 9.394, 51.732 ], [ 9.402, 51.702 ], [ 9.375, 51.65 ], [ 9.445, 51.644 ], [ 9.427, 51.631 ], [ 9.337, 51.615 ], [ 9.374, 51.591 ], [ 9.317, 51.552 ], [ 9.308, 51.513 ], [ 9.282, 51.514 ], [ 9.264, 51.498 ], [ 9.225, 51.49 ], [ 9.216, 51.46 ], [ 9.185, 51.466 ], [ 9.158, 51.443 ], [ 9.136, 51.45 ], [ 9.103, 51.443 ], [ 9.077, 51.465 ], [ 9.092, 51.494 ], [ 9.077, 51.503 ], [ 9.039, 51.502 ], [ 9.021, 51.519 ], [ 8.947, 51.508 ], [ 8.905, 51.526 ], [ 8.907, 51.534 ], [ 8.936, 51.535 ], [ 8.931, 51.544 ], [ 8.958, 51.561 ], [ 9.001, 51.57 ], [ 9.001, 51.578 ], [ 9.017, 51.575 ], [ 9.013, 51.596 ], [ 8.99, 51.602 ], [ 8.978, 51.62 ], [ 8.988, 51.648 ], [ 8.975, 51.698 ], [ 9.0, 51.703 ], [ 8.979, 51.735 ], [ 9.0, 51.759 ], [ 8.97, 51.772 ], [ 8.953, 51.797 ], [ 8.922, 51.798 ], [ 8.919, 51.813 ], [ 8.861, 51.799 ], [ 8.79, 51.798 ], [ 8.748, 51.859 ], [ 8.662, 51.852 ], [ 8.637, 51.877 ], [ 8.601, 51.854 ], [ 8.59, 51.886 ], [ 8.561, 51.893 ], [ 8.579, 51.904 ], [ 8.557, 51.919 ], [ 8.617, 51.93 ], [ 8.684, 51.916 ], [ 8.71, 51.935 ], [ 8.76, 51.921 ], [ 8.769, 51.927 ], [ 8.818, 51.907 ], [ 8.824, 51.878 ], [ 8.869, 51.859 ], [ 8.888, 51.869 ], [ 8.894, 51.893 ], [ 8.926, 51.903 ], [ 8.95, 51.896 ], [ 8.985, 51.926 ], [ 9.005, 51.926 ], [ 9.018, 51.899 ], [ 9.083, 51.908 ], [ 9.119, 51.919 ], [ 9.124, 51.941 ], [ 9.185, 51.95 ], [ 9.217, 51.974 ], [ 9.262, 51.977 ] ] ] } },
{ "type": "Feature", "properties": { "wkr_nr": 136, "wkr_name": "Paderborn", "land": "Nordrhein-Westfalen", "wahlbeteiligung_prozent": 83.1, "union_prozent": 37.3, "afd_prozent": 18.9, "spd_prozent": 13.8, "gruene_prozent": 11.5, "linke_prozent": 7.1, "bsw_prozent": 4.0, "fdp_prozent": 4.2, "staerkste_partei": "union" }, "geometry": { "type": "Polygon", "coordinates": [ [ [ 8.662, 51.853 ], [ 8.748, 51.859 ], [ 8.79, 51.798 ], [ 8.861, 51.799 ], [ 8.919, 51.813 ], [ 8.922, 51.798 ], [ 8.953, 51.797 ], [ 8.97, 51.772 ], [ 9.0, 51.759 ], [ 8.979, 51.735 ], [ 9.0, 51.703 ], [ 8.975, 51.698 ], [ 8.988, 51.648 ], [ 8.978, 51.62 ], [ 8.99, 51.602 ], [ 9.013, 51.596 ], [ 9.017, 51.575 ], [ 9.001, 51.578 ], [ 9.001, 51.57 ], [ 8.958, 51.561 ], [ 8.931, 51.544 ], [ 8.936, 51.535 ], [ 8.898, 51.529 ], [ 8.886, 51.548 ], [ 8.849, 51.548 ], [ 8.845, 51.537 ], [ 8.815, 51.54 ], [ 8.809, 51.522 ], [ 8.836, 51.496 ], [ 8.768, 51.447 ], [ 8.752, 51.465 ], [ 8.721, 51.459 ], [ 8.652, 51.481 ], [ 8.604, 51.484 ], [ 8.572, 51.468 ], [ 8.548, 51.468 ], [ 8.52, 51.49 ], [ 8.512, 51.53 ], [ 8.487, 51.533 ], [ 8.473, 51.563 ], [ 8.492, 51.588 ], [ 8.586, 51.615 ], [ 8.573, 51.661 ], [ 8.479, 51.684 ], [ 8.468, 51.721 ], [ 8.403, 51.719 ], [ 8.418, 51.76 ], [ 8.521, 51.81 ], [ 8.534, 51.832 ], [ 8.628, 51.862 ], [ 8.637, 51.877 ], [ 8.662, 51.853 ] ] ] } },
{ "type": "Feature", "properties": { "wkr_nr": 137, "wkr_name": "Hagen – Ennepe-Ruhr-Kreis I", "land": "Nordrhein-Westfalen", "wahlbeteiligung_prozent": 78.7, "union_prozent": 28.4, "afd_prozent": 20.9, "spd_prozent": 21.4, "gruene_prozent": 8.8, "linke_prozent": 7.8, "bsw_prozent": 4.8, "fdp_prozent": 3.9, "staerkste_partei": "union" }, "geometry": { "type": "Polygon", "coordinates": [ [ [ 7.508, 51.418 ], [ 7.536, 51.407 ], [ 7.534, 51.395 ], [ 7.568, 51.398 ], [ 7.591, 51.385 ], [ 7.599, 51.346 ], [ 7.577, 51.331 ], [ 7.583, 51.296 ], [ 7.549, 51.27 ], [ 7.512, 51.264 ], [ 7.493, 51.25 ], [ 7.501, 51.243 ], [ 7.445, 51.228 ], [ 7.435, 51.213 ], [ 7.424, 51.228 ], [ 7.401, 51.223 ], [ 7.394, 51.246 ], [ 7.34, 51.239 ], [ 7.332, 51.25 ], [ 7.307, 51.239 ], [ 7.305, 51.252 ], [ 7.267, 51.257 ], [ 7.278, 51.272 ], [ 7.254, 51.29 ], [ 7.316, 51.332 ], [ 7.303, 51.342 ], [ 7.312, 51.36 ], [ 7.331, 51.366 ], [ 7.353, 51.348 ], [ 7.376, 51.347 ], [ 7.394, 51.354 ], [ 7.412, 51.401 ], [ 7.435, 51.39 ], [ 7.465, 51.416 ], [ 7.508, 51.418 ] ] ] } },
{ "type": "Feature", "properties": { "wkr_nr": 138, "wkr_name": "Ennepe-Ruhr-Kreis II", "land": "Nordrhein-Westfalen", "wahlbeteiligung_prozent": 83.6, "union_prozent": 27.3, "afd_prozent": 16.8, "spd_prozent": 23.7, "gruene_prozent": 12.5, "linke_prozent": 7.5, "bsw_prozent": 4.0, "fdp_prozent": 4.1, "staerkste_partei": "union" }, "geometry": { "type": "Polygon", "coordinates": [ [ [ 7.354, 51.484 ], [ 7.389, 51.474 ], [ 7.424, 51.433 ], [ 7.468, 51.435 ], [ 7.451, 51.399 ], [ 7.435, 51.39 ], [ 7.406, 51.397 ], [ 7.394, 51.354 ], [ 7.376, 51.347 ], [ 7.353, 51.348 ], [ 7.331, 51.366 ], [ 7.316, 51.363 ], [ 7.302, 51.345 ], [ 7.316, 51.332 ], [ 7.299, 51.314 ], [ 7.262, 51.304 ], [ 7.264, 51.318 ], [ 7.199, 51.296 ], [ 7.17, 51.298 ], [ 7.18, 51.306 ], [ 7.145, 51.34 ], [ 7.159, 51.365 ], [ 7.149, 51.378 ], [ 7.117, 51.38 ], [ 7.108, 51.407 ], [ 7.136, 51.426 ], [ 7.155, 51.414 ], [ 7.181, 51.42 ], [ 7.249, 51.412 ], [ 7.29, 51.444 ], [ 7.287, 51.454 ], [ 7.342, 51.456 ], [ 7.354, 51.484 ] ] ] } },
{ "type": "Feature", "properties": { "wkr_nr": 139, "wkr_name": "Bochum I", "land": "Nordrhein-Westfalen", "wahlbeteiligung_prozent": 81.7, "union_prozent": 23.5, "afd_prozent": 13.8, "spd_prozent": 24.2, "gruene_prozent": 14.9, "linke_prozent": 12.1, "bsw_prozent": 3.9, "fdp_prozent": 3.7, "staerkste_partei": "spd" }, "geometry": { "type": "Polygon", "coordinates": [ [ [ 7.202, 51.522 ], [ 7.25, 51.506 ], [ 7.24, 51.499 ], [ 7.256, 51.485 ], [ 7.252, 51.464 ], [ 7.288, 51.464 ], [ 7.29, 51.444 ], [ 7.248, 51.412 ], [ 7.181, 51.42 ], [ 7.155, 51.414 ], [ 7.124, 51.431 ], [ 7.133, 51.442 ], [ 7.104, 51.481 ], [ 7.137, 51.491 ], [ 7.138, 51.505 ], [ 7.186, 51.508 ], [ 7.202, 51.522 ] ] ] } },
{ "type": "Feature", "properties": { "wkr_nr": 140, "wkr_name": "Herne – Bochum II", "land": "Nordrhein-Westfalen", "wahlbeteiligung_prozent": 77.5, "union_prozent": 22.8, "afd_prozent": 20.9, "spd_prozent": 25.9, "gruene_prozent": 8.9, "linke_prozent": 9.6, "bsw_prozent": 4.7, "fdp_prozent": 3.0, "staerkste_partei": "spd" }, "geometry": { "type": "Polygon", "coordinates": [ [ [ 7.242, 51.573 ], [ 7.283, 51.557 ], [ 7.294, 51.532 ], [ 7.315, 51.522 ], [ 7.302, 51.508 ], [ 7.317, 51.506 ], [ 7.322, 51.49 ], [ 7.341, 51.496 ], [ 7.342, 51.456 ], [ 7.252, 51.464 ], [ 7.256, 51.485 ], [ 7.24, 51.499 ], [ 7.25, 51.506 ], [ 7.23, 51.518 ], [ 7.202, 51.522 ], [ 7.186, 51.508 ], [ 7.139, 51.506 ], [ 7.125, 51.551 ], [ 7.18, 51.553 ], [ 7.242, 51.573 ] ] ] } },
{ "type": "Feature", "properties": { "wkr_nr": 141, "wkr_name": "Dortmund I", "land": "Nordrhein-Westfalen", "wahlbeteiligung_prozent": 81.2, "union_prozent": 22.1, "afd_prozent": 15.7, "spd_prozent": 23.0, "gruene_prozent": 15.3, "linke_prozent": 11.8, "bsw_prozent": 4.3, "fdp_prozent": 3.6, "staerkste_partei": "spd" }, "geometry": { "type": "Polygon", "coordinates": [ [ [ 7.438, 51.583 ], [ 7.421, 51.578 ], [ 7.434, 51.52 ], [ 7.506, 51.526 ], [ 7.524, 51.506 ], [ 7.52, 51.498 ], [ 7.494, 51.499 ], [ 7.49, 51.491 ], [ 7.485, 51.494 ], [ 7.475, 51.49 ], [ 7.469, 51.49 ], [ 7.467, 51.49 ], [ 7.467, 51.49 ], [ 7.485, 51.44 ], [ 7.424, 51.433 ], [ 7.389, 51.474 ], [ 7.343, 51.483 ], [ 7.337, 51.497 ], [ 7.322, 51.49 ], [ 7.317, 51.506 ], [ 7.302, 51.508 ], [ 7.315, 51.522 ], [ 7.364, 51.528 ], [ 7.338, 51.577 ], [ 7.354, 51.585 ], [ 7.396, 51.587 ], [ 7.418, 51.6 ], [ 7.421, 51.587 ], [ 7.438, 51.583 ] ] ] } },
{ "type": "Feature", "properties": { "wkr_nr": 142, "wkr_name": "Dortmund II", "land": "Nordrhein-Westfalen", "wahlbeteiligung_prozent": 78.9, "union_prozent": 23.5, "afd_prozent": 18.0, "spd_prozent": 24.5, "gruene_prozent": 11.3, "linke_prozent": 10.2, "bsw_prozent": 4.8, "fdp_prozent": 3.5, "staerkste_partei": "spd" }, "geometry": { "type": "Polygon", "coordinates": [ [ [ 7.465, 51.416 ], [ 7.489, 51.449 ], [ 7.467, 51.49 ], [ 7.52, 51.498 ], [ 7.522, 51.511 ], [ 7.506, 51.526 ], [ 7.434, 51.52 ], [ 7.421, 51.578 ], [ 7.49, 51.593 ], [ 7.517, 51.577 ], [ 7.591, 51.583 ], [ 7.591, 51.566 ], [ 7.607, 51.568 ], [ 7.608, 51.549 ], [ 7.632, 51.549 ], [ 7.638, 51.528 ], [ 7.597, 51.509 ], [ 7.608, 51.479 ], [ 7.585, 51.465 ], [ 7.572, 51.475 ], [ 7.546, 51.466 ], [ 7.551, 51.456 ], [ 7.512, 51.432 ], [ 7.508, 51.418 ], [ 7.465, 51.416 ] ] ] } },
{ "type": "Feature", "properties": { "wkr_nr": 143, "wkr_name": "Unna I", "land": "Nordrhein-Westfalen", "wahlbeteiligung_prozent": 82.7, "union_prozent": 27.4, "afd_prozent": 18.8, "spd_prozent": 24.7, "gruene_prozent": 10.4, "linke_prozent": 7.2, "bsw_prozent": 4.0, "fdp_prozent": 3.5, "staerkste_partei": "union" }, "geometry": { "type": "Polygon", "coordinates": [ [ [ 7.674, 51.661 ], [ 7.688, 51.614 ], [ 7.716, 51.613 ], [ 7.728, 51.627 ], [ 7.811, 51.621 ], [ 7.815, 51.589 ], [ 7.843, 51.553 ], [ 7.83, 51.505 ], [ 7.85, 51.481 ], [ 7.798, 51.468 ], [ 7.701, 51.474 ], [ 7.657, 51.466 ], [ 7.614, 51.447 ], [ 7.632, 51.407 ], [ 7.613, 51.386 ], [ 7.597, 51.396 ], [ 7.534, 51.395 ], [ 7.536, 51.407 ], [ 7.503, 51.414 ], [ 7.506, 51.427 ], [ 7.551, 51.456 ], [ 7.546, 51.466 ], [ 7.572, 51.475 ], [ 7.585, 51.465 ], [ 7.608, 51.479 ], [ 7.597, 51.509 ], [ 7.638, 51.528 ], [ 7.632, 51.549 ], [ 7.608, 51.549 ], [ 7.607, 51.568 ], [ 7.591, 51.566 ], [ 7.592, 51.595 ], [ 7.561, 51.603 ], [ 7.582, 51.624 ], [ 7.568, 51.63 ], [ 7.674, 51.661 ] ] ] } },
{ "type": "Feature", "properties": { "wkr_nr": 144, "wkr_name": "Hamm – Unna II", "land": "Nordrhein-Westfalen", "wahlbeteiligung_prozent": 79.9, "union_prozent": 28.4, "afd_prozent": 21.1, "spd_prozent": 23.1, "gruene_prozent": 8.2, "linke_prozent": 7.5, "bsw_prozent": 4.6, "fdp_prozent": 3.4, "staerkste_partei": "union" }, "geometry": { "type": "Polygon", "coordinates": [ [ [ 7.834, 51.741 ], [ 7.836, 51.73 ], [ 7.876, 51.728 ], [ 7.89, 51.703 ], [ 7.939, 51.704 ], [ 7.997, 51.675 ], [ 7.954, 51.672 ], [ 7.949, 51.643 ], [ 7.911, 51.614 ], [ 7.91, 51.594 ], [ 7.872, 51.594 ], [ 7.824, 51.578 ], [ 7.811, 51.621 ], [ 7.728, 51.627 ], [ 7.716, 51.613 ], [ 7.688, 51.614 ], [ 7.672, 51.661 ], [ 7.571, 51.632 ], [ 7.582, 51.624 ], [ 7.561, 51.604 ], [ 7.592, 51.595 ], [ 7.591, 51.583 ], [ 7.517, 51.577 ], [ 7.498, 51.592 ], [ 7.446, 51.581 ], [ 7.421, 51.587 ], [ 7.418, 51.6 ], [ 7.456, 51.612 ], [ 7.465, 51.63 ], [ 7.444, 51.66 ], [ 7.408, 51.668 ], [ 7.448, 51.676 ], [ 7.449, 51.693 ], [ 7.421, 51.71 ], [ 7.467, 51.736 ], [ 7.484, 51.714 ], [ 7.517, 51.721 ], [ 7.542, 51.685 ], [ 7.613, 51.716 ], [ 7.653, 51.706 ], [ 7.687, 51.729 ], [ 7.7, 51.712 ], [ 7.736, 51.737 ], [ 7.752, 51.739 ], [ 7.77, 51.724 ], [ 7.834, 51.741 ] ] ] } },
{ "type": "Feature", "properties": { "wkr_nr": 145, "wkr_name": "Soest", "land": "Nordrhein-Westfalen", "wahlbeteiligung_prozent": 83.0, "union_prozent": 35.0, "afd_prozent": 18.9, "spd_prozent": 18.4, "gruene_prozent": 10.0, "linke_prozent": 6.1, "bsw_prozent": 3.9, "fdp_prozent": 4.1, "staerkste_partei": "union" }, "geometry": { "type": "Polygon", "coordinates": [ [ [ 8.338, 51.726 ], [ 8.386, 51.717 ], [ 8.463, 51.723 ], [ 8.479, 51.708 ], [ 8.479, 51.684 ], [ 8.573, 51.661 ], [ 8.586, 51.615 ], [ 8.492, 51.588 ], [ 8.474, 51.573 ], [ 8.487, 51.533 ], [ 8.512, 51.53 ], [ 8.52, 51.49 ], [ 8.548, 51.468 ], [ 8.539, 51.463 ], [ 8.471, 51.441 ], [ 8.418, 51.406 ], [ 8.299, 51.389 ], [ 8.276, 51.407 ], [ 8.214, 51.408 ], [ 8.158, 51.442 ], [ 8.051, 51.448 ], [ 8.003, 51.475 ], [ 7.952, 51.466 ], [ 7.921, 51.475 ], [ 7.908, 51.491 ], [ 7.874, 51.462 ], [ 7.85, 51.464 ], [ 7.83, 51.505 ], [ 7.843, 51.551 ], [ 7.827, 51.579 ], [ 7.914, 51.596 ], [ 7.911, 51.614 ], [ 7.949, 51.641 ], [ 7.954, 51.672 ], [ 7.998, 51.674 ], [ 7.945, 51.701 ], [ 7.964, 51.721 ], [ 8.007, 51.71 ], [ 8.052, 51.717 ], [ 8.097, 51.702 ], [ 8.112, 51.717 ], [ 8.149, 51.713 ], [ 8.184, 51.694 ], [ 8.212, 51.697 ], [ 8.195, 51.662 ], [ 8.219, 51.658 ], [ 8.295, 51.677 ], [ 8.311, 51.72 ], [ 8.338, 51.726 ] ] ] } },
{ "type": "Feature", "properties": { "wkr_nr": 146, "wkr_name": "Hochsauerlandkreis", "land": "Nordrhein-Westfalen", "wahlbeteiligung_prozent": 83.9, "union_prozent": 43.6, "afd_prozent": 16.7, "spd_prozent": 16.4, "gruene_prozent": 7.3, "linke_prozent": 5.3, "bsw_prozent": 3.2, "fdp_prozent": 3.8, "staerkste_partei": "union" }, "geometry": { "type": "Polygon", "coordinates": [ [ [ 8.853, 51.548 ], [ 8.892, 51.548 ], [ 8.896, 51.53 ], [ 8.947, 51.508 ], [ 8.97, 51.511 ], [ 8.89, 51.482 ], [ 8.922, 51.446 ], [ 8.919, 51.43 ], [ 8.948, 51.428 ], [ 8.94, 51.389 ], [ 8.89, 51.393 ], [ 8.854, 51.377 ], [ 8.804, 51.391 ], [ 8.733, 51.372 ], [ 8.68, 51.373 ], [ 8.681, 51.36 ], [ 8.654, 51.34 ], [ 8.621, 51.337 ], [ 8.556, 51.277 ], [ 8.597, 51.247 ], [ 8.693, 51.276 ], [ 8.737, 51.262 ], [ 8.728, 51.25 ], [ 8.742, 51.218 ], [ 8.768, 51.209 ], [ 8.75, 51.198 ], [ 8.758, 51.177 ], [ 8.692, 51.133 ], [ 8.719, 51.11 ], [ 8.657, 51.095 ], [ 8.549, 51.102 ], [ 8.486, 51.149 ], [ 8.455, 51.134 ], [ 8.434, 51.142 ], [ 8.404, 51.133 ], [ 8.34, 51.093 ], [ 8.253, 51.099 ], [ 8.226, 51.122 ], [ 8.196, 51.121 ], [ 8.184, 51.146 ], [ 8.168, 51.147 ], [ 8.161, 51.137 ], [ 8.13, 51.143 ], [ 8.151, 51.173 ], [ 8.1, 51.214 ], [ 8.119, 51.24 ], [ 8.062, 51.248 ], [ 8.033, 51.237 ], [ 8.019, 51.247 ], [ 7.996, 51.235 ], [ 7.969, 51.241 ], [ 7.937, 51.233 ], [ 7.932, 51.245 ], [ 7.92, 51.244 ], [ 7.904, 51.278 ], [ 7.919, 51.297 ], [ 7.901, 51.305 ], [ 7.934, 51.32 ], [ 7.932, 51.334 ], [ 7.907, 51.347 ], [ 7.89, 51.429 ], [ 7.864, 51.459 ], [ 7.905, 51.491 ], [ 7.952, 51.466 ], [ 8.003, 51.475 ], [ 8.051, 51.448 ], [ 8.158, 51.442 ], [ 8.214, 51.408 ], [ 8.276, 51.407 ], [ 8.299, 51.389 ], [ 8.418, 51.406 ], [ 8.471, 51.441 ], [ 8.604, 51.484 ], [ 8.657, 51.48 ], [ 8.721, 51.459 ], [ 8.752, 51.465 ], [ 8.768, 51.447 ], [ 8.836, 51.496 ], [ 8.809, 51.522 ], [ 8.815, 51.54 ], [ 8.845, 51.537 ], [ 8.853, 51.548 ] ] ] } },
{ "type": "Feature", "properties": { "wkr_nr": 147, "wkr_name": "Siegen-Wittgenstein", "land": "Nordrhein-Westfalen", "wahlbeteiligung_prozent": 83.1, "union_prozent": 31.6, "afd_prozent": 20.3, "spd_prozent": 19.9, "gruene_prozent": 8.6, "linke_prozent": 7.2, "bsw_prozent": 4.5, "fdp_prozent": 4.0, "staerkste_partei": "union" }, "geometry": { "type": "Polygon", "coordinates": [ [ [ 8.486, 51.149 ], [ 8.546, 51.114 ], [ 8.545, 51.097 ], [ 8.502, 51.078 ], [ 8.528, 51.063 ], [ 8.505, 51.041 ], [ 8.521, 51.043 ], [ 8.539, 51.019 ], [ 8.478, 50.969 ], [ 8.46, 50.967 ], [ 8.456, 50.917 ], [ 8.433, 50.918 ], [ 8.359, 50.861 ], [ 8.305, 50.861 ], [ 8.292, 50.882 ], [ 8.27, 50.882 ], [ 8.166, 50.803 ], [ 8.126, 50.788 ], [ 8.167, 50.736 ], [ 8.143, 50.695 ], [ 8.121, 50.685 ], [ 8.099, 50.704 ], [ 8.041, 50.697 ], [ 8.04, 50.726 ], [ 7.969, 50.774 ], [ 7.978, 50.833 ], [ 7.967, 50.844 ], [ 7.906, 50.848 ], [ 7.883, 50.875 ], [ 7.828, 50.887 ], [ 7.851, 50.926 ], [ 7.911, 50.925 ], [ 7.925, 50.934 ], [ 7.949, 51.027 ], [ 8.022, 51.043 ], [ 8.021, 51.024 ], [ 8.042, 51.005 ], [ 8.103, 51.025 ], [ 8.168, 51.007 ], [ 8.175, 51.019 ], [ 8.214, 51.021 ], [ 8.245, 51.056 ], [ 8.221, 51.09 ], [ 8.238, 51.104 ], [ 8.34, 51.093 ], [ 8.427, 51.141 ], [ 8.454, 51.134 ], [ 8.486, 51.149 ] ] ] } },
{ "type": "Feature", "properties": { "wkr_nr": 148, "wkr_name": "Olpe – Märkischer Kreis I", "land": "Nordrhein-Westfalen", "wahlbeteiligung_prozent": 82.1, "union_prozent": 38.9, "afd_prozent": 20.5, "spd_prozent": 16.4, "gruene_prozent": 7.2, "linke_prozent": 5.5, "bsw_prozent": 4.1, "fdp_prozent": 4.0, "staerkste_partei": "union" }, "geometry": { "type": "Polygon", "coordinates": [ [ [ 7.569, 51.291 ], [ 7.618, 51.285 ], [ 7.651, 51.263 ], [ 7.639, 51.257 ], [ 7.653, 51.242 ], [ 7.714, 51.245 ], [ 7.715, 51.228 ], [ 7.742, 51.219 ], [ 7.773, 51.229 ], [ 7.813, 51.19 ], [ 7.799, 51.178 ], [ 7.807, 51.152 ], [ 7.83, 51.165 ], [ 7.859, 51.16 ], [ 7.865, 51.171 ], [ 7.898, 51.165 ], [ 7.909, 51.183 ], [ 7.928, 51.171 ], [ 7.95, 51.176 ], [ 7.928, 51.21 ], [ 7.951, 51.22 ], [ 7.94, 51.24 ], [ 7.996, 51.235 ], [ 8.019, 51.247 ], [ 8.044, 51.237 ], [ 8.062, 51.248 ], [ 8.118, 51.241 ], [ 8.104, 51.205 ], [ 8.151, 51.173 ], [ 8.13, 51.143 ], [ 8.161, 51.137 ], [ 8.168, 51.147 ], [ 8.184, 51.146 ], [ 8.196, 51.121 ], [ 8.219, 51.124 ], [ 8.242, 51.112 ], [ 8.221, 51.09 ], [ 8.246, 51.058 ], [ 8.222, 51.029 ], [ 8.175, 51.019 ], [ 8.168, 51.007 ], [ 8.103, 51.025 ], [ 8.044, 51.005 ], [ 8.022, 51.023 ], [ 8.022, 51.043 ], [ 8.003, 51.032 ], [ 7.976, 51.034 ], [ 7.951, 51.028 ], [ 7.935, 51.005 ], [ 7.943, 50.975 ], [ 7.911, 50.925 ], [ 7.838, 50.926 ], [ 7.813, 50.94 ], [ 7.786, 50.94 ], [ 7.78, 50.98 ], [ 7.749, 50.978 ], [ 7.726, 50.998 ], [ 7.736, 51.024 ], [ 7.702, 51.062 ], [ 7.713, 51.075 ], [ 7.692, 51.087 ], [ 7.626, 51.069 ], [ 7.601, 51.081 ], [ 7.606, 51.098 ], [ 7.582, 51.107 ], [ 7.503, 51.103 ], [ 7.503, 51.13 ], [ 7.493, 51.125 ], [ 7.469, 51.147 ], [ 7.477, 51.163 ], [ 7.442, 51.158 ], [ 7.449, 51.164 ], [ 7.42, 51.189 ], [ 7.444, 51.227 ], [ 7.488, 51.236 ], [ 7.512, 51.264 ], [ 7.549, 51.27 ], [ 7.569, 51.291 ] ] ] } },
{ "type": "Feature", "properties": { "wkr_nr": 149, "wkr_name": "Märkischer Kreis II", "land": "Nordrhein-Westfalen", "wahlbeteiligung_prozent": 80.1, "union_prozent": 34.0, "afd_prozent": 21.3, "spd_prozent": 18.3, "gruene_prozent": 7.5, "linke_prozent": 6.8, "bsw_prozent": 4.3, "fdp_prozent": 4.0, "staerkste_partei": "union" }, "geometry": { "type": "Polygon", "coordinates": [ [ [ 7.838, 51.479 ], [ 7.88, 51.446 ], [ 7.907, 51.347 ], [ 7.932, 51.334 ], [ 7.934, 51.32 ], [ 7.901, 51.305 ], [ 7.919, 51.297 ], [ 7.904, 51.278 ], [ 7.92, 51.244 ], [ 7.951, 51.228 ], [ 7.928, 51.21 ], [ 7.95, 51.177 ], [ 7.928, 51.171 ], [ 7.909, 51.183 ], [ 7.898, 51.165 ], [ 7.865, 51.171 ], [ 7.859, 51.16 ], [ 7.83, 51.165 ], [ 7.807, 51.152 ], [ 7.799, 51.178 ], [ 7.813, 51.19 ], [ 7.773, 51.229 ], [ 7.742, 51.219 ], [ 7.715, 51.228 ], [ 7.714, 51.245 ], [ 7.653, 51.242 ], [ 7.633, 51.276 ], [ 7.589, 51.286 ], [ 7.577, 51.331 ], [ 7.599, 51.346 ], [ 7.588, 51.39 ], [ 7.597, 51.396 ], [ 7.613, 51.386 ], [ 7.632, 51.407 ], [ 7.618, 51.418 ], [ 7.629, 51.423 ], [ 7.619, 51.45 ], [ 7.697, 51.474 ], [ 7.795, 51.468 ], [ 7.838, 51.479 ] ] ] } },
{ "type": "Feature", "properties": { "wkr_nr": 150, "wkr_name": "Nordsachsen", "land": "Sachsen", "wahlbeteiligung_prozent": 80.1, "union_prozent": 20.8, "afd_prozent": 42.8, "spd_prozent": 8.4, "gruene_prozent": 3.4, "linke_prozent": 8.0, "bsw_prozent": 8.7, "fdp_prozent": 3.2, "staerkste_partei": "afd" }, "geometry": { "type": "Polygon", "coordinates": [ [ [ 12.846, 51.684 ], [ 12.866, 51.655 ], [ 12.889, 51.667 ], [ 12.898, 51.647 ], [ 12.928, 51.65 ], [ 12.942, 51.638 ], [ 12.95, 51.649 ], [ 12.972, 51.65 ], [ 12.967, 51.666 ], [ 12.996, 51.669 ], [ 13.017, 51.66 ], [ 13.023, 51.637 ], [ 13.051, 51.648 ], [ 13.086, 51.608 ], [ 13.121, 51.619 ], [ 13.162, 51.592 ], [ 13.143, 51.567 ], [ 13.186, 51.558 ], [ 13.208, 51.524 ], [ 13.201, 51.492 ], [ 13.182, 51.492 ], [ 13.203, 51.451 ], [ 13.174, 51.429 ], [ 13.185, 51.424 ], [ 13.2, 51.433 ], [ 13.21, 51.405 ], [ 13.2, 51.411 ], [ 13.182, 51.378 ], [ 13.207, 51.369 ], [ 13.192, 51.359 ], [ 13.211, 51.343 ], [ 13.217, 51.269 ], [ 13.194, 51.261 ], [ 13.207, 51.24 ], [ 13.198, 51.23 ], [ 13.104, 51.223 ], [ 13.109, 51.213 ], [ 13.051, 51.216 ], [ 13.031, 51.2 ], [ 12.992, 51.222 ], [ 12.913, 51.221 ], [ 12.931, 51.263 ], [ 12.87, 51.306 ], [ 12.888, 51.322 ], [ 12.908, 51.322 ], [ 12.898, 51.347 ], [ 12.939, 51.361 ], [ 12.902, 51.386 ], [ 12.905, 51.4 ], [ 12.938, 51.395 ], [ 12.93, 51.406 ], [ 12.942, 51.413 ], [ 12.879, 51.446 ], [ 12.817, 51.452 ], [ 12.795, 51.468 ], [ 12.754, 51.454 ], [ 12.72, 51.455 ], [ 12.714, 51.445 ], [ 12.682, 51.452 ], [ 12.652, 51.445 ], [ 12.65, 51.404 ], [ 12.624, 51.409 ], [ 12.612, 51.383 ], [ 12.499, 51.361 ], [ 12.467, 51.368 ], [ 12.477, 51.383 ], [ 12.459, 51.419 ], [ 12.494, 51.422 ], [ 12.471, 51.442 ], [ 12.441, 51.448 ], [ 12.442, 51.431 ], [ 12.405, 51.43 ], [ 12.397, 51.418 ], [ 12.268, 51.42 ], [ 12.264, 51.403 ], [ 12.249, 51.406 ], [ 12.268, 51.397 ], [ 12.237, 51.372 ], [ 12.241, 51.345 ], [ 12.194, 51.333 ], [ 12.19, 51.379 ], [ 12.178, 51.375 ], [ 12.172, 51.384 ], [ 12.185, 51.388 ], [ 12.174, 51.41 ], [ 12.19, 51.421 ], [ 12.182, 51.432 ], [ 12.157, 51.433 ], [ 12.149, 51.463 ], [ 12.176, 51.47 ], [ 12.176, 51.482 ], [ 12.203, 51.485 ], [ 12.193, 51.531 ], [ 12.231, 51.547 ], [ 12.241, 51.566 ], [ 12.293, 51.561 ], [ 12.341, 51.58 ], [ 12.337, 51.586 ], [ 12.425, 51.582 ], [ 12.444, 51.61 ], [ 12.486, 51.604 ], [ 12.483, 51.593 ], [ 12.507, 51.608 ], [ 12.541, 51.603 ], [ 12.58, 51.626 ], [ 12.595, 51.618 ], [ 12.624, 51.628 ], [ 12.608, 51.611 ], [ 12.649, 51.62 ], [ 12.687, 51.662 ], [ 12.773, 51.648 ], [ 12.793, 51.666 ], [ 12.846, 51.684 ] ] ] } },
{ "type": "Feature", "properties": { "wkr_nr": 151, "wkr_name": "Leipzig I", "land": "Sachsen", "wahlbeteiligung_prozent": 81.7, "union_prozent": 17.4, "afd_prozent": 25.3, "spd_prozent": 10.1, "gruene_prozent": 10.8, "linke_prozent": 21.0, "bsw_prozent": 7.8, "fdp_prozent": 3.2, "staerkste_partei": "afd" }, "geometry": { "type": "Polygon", "coordinates": [ [ [ 12.505, 51.303 ], [ 12.505, 51.317 ], [ 12.439, 51.318 ], [ 12.395, 51.339 ], [ 12.406, 51.35 ], [ 12.378, 51.362 ], [ 12.367, 51.354 ], [ 12.327, 51.359 ], [ 12.351, 51.333 ], [ 12.322, 51.329 ], [ 12.32, 51.32 ], [ 12.294, 51.339 ], [ 12.27, 51.33 ], [ 12.25, 51.338 ], [ 12.237, 51.372 ], [ 12.268, 51.397 ], [ 12.249, 51.406 ], [ 12.264, 51.403 ], [ 12.268, 51.42 ], [ 12.397, 51.418 ], [ 12.405, 51.43 ], [ 12.442, 51.431 ], [ 12.441, 51.448 ], [ 12.471, 51.442 ], [ 12.494, 51.422 ], [ 12.459, 51.419 ], [ 12.477, 51.383 ], [ 12.467, 51.368 ], [ 12.539, 51.341 ], [ 12.527, 51.332 ], [ 12.543, 51.324 ], [ 12.539, 51.306 ], [ 12.505, 51.303 ] ] ] } },
{ "type": "Feature", "properties": { "wkr_nr": 152, "wkr_name": "Leipzig II", "land": "Sachsen", "wahlbeteiligung_prozent": 84.2, "union_prozent": 15.8, "afd_prozent": 18.7, "spd_prozent": 11.2, "gruene_prozent": 16.2, "linke_prozent": 23.9, "bsw_prozent": 7.1, "fdp_prozent": 3.1, "staerkste_partei": "linke" }, "geometry": { "type": "Polygon", "coordinates": [ [ [ 12.505, 51.317 ], [ 12.488, 51.258 ], [ 12.448, 51.268 ], [ 12.447, 51.283 ], [ 12.391, 51.28 ], [ 12.35, 51.296 ], [ 12.345, 51.269 ], [ 12.324, 51.27 ], [ 12.313, 51.243 ], [ 12.254, 51.239 ], [ 12.25, 51.286 ], [ 12.281, 51.281 ], [ 12.251, 51.298 ], [ 12.237, 51.326 ], [ 12.294, 51.339 ], [ 12.32, 51.32 ], [ 12.322, 51.329 ], [ 12.351, 51.333 ], [ 12.327, 51.359 ], [ 12.367, 51.354 ], [ 12.378, 51.362 ], [ 12.406, 51.35 ], [ 12.395, 51.339 ], [ 12.439, 51.318 ], [ 12.505, 51.317 ] ] ] } },
{ "type": "Feature", "properties": { "wkr_nr": 153, "wkr_name": "Leipzig-Land", "land": "Sachsen", "wahlbeteiligung_prozent": 81.7, "union_prozent": 22.3, "afd_prozent": 38.5, "spd_prozent": 8.8, "gruene_prozent": 4.6, "linke_prozent": 8.8, "bsw_prozent": 8.6, "fdp_prozent": 3.4, "staerkste_partei": "afd" }, "geometry": { "type": "Polygon", "coordinates": [ [ [ 12.795, 51.468 ], [ 12.817, 51.452 ], [ 12.879, 51.446 ], [ 12.942, 51.413 ], [ 12.93, 51.406 ], [ 12.938, 51.395 ], [ 12.905, 51.4 ], [ 12.902, 51.386 ], [ 12.939, 51.361 ], [ 12.898, 51.347 ], [ 12.908, 51.322 ], [ 12.888, 51.322 ], [ 12.87, 51.306 ], [ 12.929, 51.266 ], [ 12.93, 51.247 ], [ 12.912, 51.236 ], [ 12.923, 51.231 ], [ 12.907, 51.229 ], [ 12.928, 51.215 ], [ 12.894, 51.209 ], [ 12.849, 51.154 ], [ 12.892, 51.138 ], [ 12.893, 51.099 ], [ 12.814, 51.091 ], [ 12.801, 51.105 ], [ 12.739, 51.105 ], [ 12.744, 51.094 ], [ 12.716, 51.062 ], [ 12.733, 51.051 ], [ 12.73, 51.038 ], [ 12.711, 51.025 ], [ 12.741, 51.0 ], [ 12.706, 51.007 ], [ 12.686, 50.985 ], [ 12.634, 50.979 ], [ 12.605, 50.997 ], [ 12.583, 50.982 ], [ 12.556, 50.997 ], [ 12.528, 50.999 ], [ 12.539, 51.024 ], [ 12.514, 51.027 ], [ 12.507, 51.017 ], [ 12.504, 51.061 ], [ 12.463, 51.067 ], [ 12.458, 51.085 ], [ 12.41, 51.073 ], [ 12.393, 51.084 ], [ 12.361, 51.08 ], [ 12.334, 51.103 ], [ 12.288, 51.091 ], [ 12.23, 51.104 ], [ 12.221, 51.123 ], [ 12.242, 51.131 ], [ 12.196, 51.142 ], [ 12.213, 51.184 ], [ 12.175, 51.181 ], [ 12.205, 51.214 ], [ 12.189, 51.258 ], [ 12.166, 51.266 ], [ 12.172, 51.286 ], [ 12.148, 51.32 ], [ 12.245, 51.348 ], [ 12.259, 51.335 ], [ 12.238, 51.318 ], [ 12.281, 51.281 ], [ 12.25, 51.286 ], [ 12.254, 51.239 ], [ 12.313, 51.243 ], [ 12.324, 51.27 ], [ 12.345, 51.269 ], [ 12.35, 51.296 ], [ 12.391, 51.28 ], [ 12.447, 51.283 ], [ 12.448, 51.268 ], [ 12.488, 51.258 ], [ 12.505, 51.303 ], [ 12.538, 51.306 ], [ 12.543, 51.324 ], [ 12.527, 51.332 ], [ 12.539, 51.341 ], [ 12.509, 51.347 ], [ 12.499, 51.361 ], [ 12.612, 51.383 ], [ 12.624, 51.409 ], [ 12.65, 51.404 ], [ 12.652, 51.445 ], [ 12.682, 51.452 ], [ 12.714, 51.445 ], [ 12.72, 51.455 ], [ 12.754, 51.454 ], [ 12.795, 51.468 ] ] ] } },
{ "type": "Feature", "properties": { "wkr_nr": 154, "wkr_name": "Meißen", "land": "Sachsen", "wahlbeteiligung_prozent": 81.4, "union_prozent": 20.0, "afd_prozent": 43.6, "spd_prozent": 7.1, "gruene_prozent": 4.6, "linke_prozent": 7.8, "bsw_prozent": 8.9, "fdp_prozent": 3.8, "staerkste_partei": "afd" }, "geometry": { "type": "Polygon", "coordinates": [ [ [ 13.428, 51.431 ], [ 13.421, 51.422 ], [ 13.446, 51.431 ], [ 13.466, 51.422 ], [ 13.463, 51.412 ], [ 13.521, 51.402 ], [ 13.523, 51.381 ], [ 13.538, 51.381 ], [ 13.543, 51.369 ], [ 13.57, 51.386 ], [ 13.59, 51.384 ], [ 13.594, 51.369 ], [ 13.661, 51.369 ], [ 13.668, 51.376 ], [ 13.739, 51.361 ], [ 13.758, 51.371 ], [ 13.763, 51.359 ], [ 13.835, 51.377 ], [ 13.857, 51.34 ], [ 13.826, 51.341 ], [ 13.797, 51.302 ], [ 13.817, 51.282 ], [ 13.803, 51.272 ], [ 13.826, 51.267 ], [ 13.809, 51.258 ], [ 13.814, 51.248 ], [ 13.797, 51.248 ], [ 13.812, 51.23 ], [ 13.761, 51.215 ], [ 13.795, 51.198 ], [ 13.766, 51.175 ], [ 13.744, 51.177 ], [ 13.769, 51.145 ], [ 13.757, 51.134 ], [ 13.721, 51.14 ], [ 13.708, 51.112 ], [ 13.692, 51.112 ], [ 13.697, 51.091 ], [ 13.617, 51.102 ], [ 13.593, 51.094 ], [ 13.588, 51.067 ], [ 13.563, 51.059 ], [ 13.485, 51.067 ], [ 13.432, 51.055 ], [ 13.422, 51.034 ], [ 13.387, 51.052 ], [ 13.366, 51.051 ], [ 13.277, 51.031 ], [ 13.236, 51.007 ], [ 13.239, 51.029 ], [ 13.266, 51.051 ], [ 13.242, 51.06 ], [ 13.26, 51.068 ], [ 13.251, 51.111 ], [ 13.228, 51.102 ], [ 13.227, 51.111 ], [ 13.251, 51.118 ], [ 13.258, 51.15 ], [ 13.254, 51.163 ], [ 13.211, 51.176 ], [ 13.208, 51.202 ], [ 13.193, 51.212 ], [ 13.208, 51.217 ], [ 13.194, 51.261 ], [ 13.217, 51.269 ], [ 13.211, 51.343 ], [ 13.192, 51.359 ], [ 13.208, 51.367 ], [ 13.182, 51.378 ], [ 13.2, 51.411 ], [ 13.217, 51.395 ], [ 13.269, 51.385 ], [ 13.26, 51.4 ], [ 13.286, 51.399 ], [ 13.287, 51.411 ], [ 13.328, 51.427 ], [ 13.32, 51.438 ], [ 13.377, 51.425 ], [ 13.373, 51.438 ], [ 13.401, 51.454 ], [ 13.428, 51.431 ] ] ] } },
{ "type": "Feature", "properties": { "wkr_nr": 155, "wkr_name": "Bautzen I", "land": "Sachsen", "wahlbeteiligung_prozent": 80.6, "union_prozent": 20.0, "afd_prozent": 46.0, "spd_prozent": 6.5, "gruene_prozent": 2.9, "linke_prozent": 7.8, "bsw_prozent": 9.1, "fdp_prozent": 3.1, "staerkste_partei": "afd" }, "geometry": { "type": "Polygon", "coordinates": [ [ [ 14.451, 51.538 ], [ 14.44, 51.512 ], [ 14.473, 51.509 ], [ 14.485, 51.496 ], [ 14.471, 51.476 ], [ 14.495, 51.461 ], [ 14.483, 51.451 ], [ 14.506, 51.448 ], [ 14.522, 51.432 ], [ 14.513, 51.415 ], [ 14.488, 51.411 ], [ 14.5, 51.409 ], [ 14.485, 51.375 ], [ 14.459, 51.349 ], [ 14.473, 51.324 ], [ 14.503, 51.328 ], [ 14.51, 51.32 ], [ 14.524, 51.348 ], [ 14.545, 51.357 ], [ 14.533, 51.34 ], [ 14.565, 51.317 ], [ 14.594, 51.319 ], [ 14.6, 51.288 ], [ 14.624, 51.279 ], [ 14.613, 51.26 ], [ 14.636, 51.244 ], [ 14.621, 51.229 ], [ 14.635, 51.221 ], [ 14.65, 51.23 ], [ 14.649, 51.218 ], [ 14.683, 51.21 ], [ 14.672, 51.191 ], [ 14.699, 51.185 ], [ 14.683, 51.149 ], [ 14.656, 51.156 ], [ 14.634, 51.139 ], [ 14.641, 51.132 ], [ 14.607, 51.127 ], [ 14.618, 51.118 ], [ 14.575, 51.12 ], [ 14.584, 51.105 ], [ 14.559, 51.081 ], [ 14.474, 51.073 ], [ 14.49, 51.061 ], [ 14.493, 51.023 ], [ 14.454, 51.036 ], [ 14.408, 51.019 ], [ 14.362, 51.045 ], [ 14.335, 51.04 ], [ 14.309, 51.062 ], [ 14.32, 51.068 ], [ 14.279, 51.074 ], [ 14.253, 51.06 ], [ 14.245, 51.074 ], [ 14.205, 51.086 ], [ 14.186, 51.088 ], [ 14.168, 51.067 ], [ 14.133, 51.09 ], [ 14.106, 51.073 ], [ 14.064, 51.073 ], [ 14.013, 51.1 ], [ 14.002, 51.121 ], [ 14.062, 51.124 ], [ 14.079, 51.146 ], [ 14.113, 51.148 ], [ 14.099, 51.174 ], [ 14.058, 51.161 ], [ 13.994, 51.168 ], [ 13.98, 51.154 ], [ 13.929, 51.163 ], [ 13.93, 51.191 ], [ 13.912, 51.197 ], [ 13.923, 51.202 ], [ 13.821, 51.194 ], [ 13.761, 51.215 ], [ 13.812, 51.23 ], [ 13.797, 51.248 ], [ 13.814, 51.248 ], [ 13.809, 51.258 ], [ 13.826, 51.267 ], [ 13.803, 51.272 ], [ 13.817, 51.282 ], [ 13.797, 51.302 ], [ 13.826, 51.341 ], [ 13.857, 51.34 ], [ 13.833, 51.384 ], [ 13.883, 51.375 ], [ 13.961, 51.397 ], [ 13.97, 51.376 ], [ 14.001, 51.373 ], [ 14.004, 51.396 ], [ 14.028, 51.396 ], [ 14.016, 51.405 ], [ 14.045, 51.419 ], [ 14.04, 51.437 ], [ 14.063, 51.446 ], [ 14.033, 51.475 ], [ 14.087, 51.477 ], [ 14.074, 51.493 ], [ 14.096, 51.498 ], [ 14.108, 51.522 ], [ 14.142, 51.523 ], [ 14.137, 51.543 ], [ 14.213, 51.54 ], [ 14.247, 51.528 ], [ 14.274, 51.532 ], [ 14.323, 51.519 ], [ 14.332, 51.505 ], [ 14.34, 51.521 ], [ 14.387, 51.542 ], [ 14.451, 51.538 ] ] ] } },
{ "type": "Feature", "properties": { "wkr_nr": 156, "wkr_name": "Görlitz", "land": "Sachsen", "wahlbeteiligung_prozent": 78.8, "union_prozent": 19.8, "afd_prozent": 46.7, "spd_prozent": 6.4, "gruene_prozent": 3.4, "linke_prozent": 7.7, "bsw_prozent": 9.0, "fdp_prozent": 2.9, "staerkste_partei": "afd" }, "geometry": { "type": "Polygon", "coordinates": [ [ [ 14.726, 51.575 ], [ 14.711, 51.563 ], [ 14.736, 51.526 ], [ 14.796, 51.518 ], [ 14.852, 51.49 ], [ 14.916, 51.484 ], [ 14.952, 51.468 ], [ 14.974, 51.442 ], [ 14.959, 51.431 ], [ 14.969, 51.398 ], [ 14.958, 51.395 ], [ 14.984, 51.374 ], [ 14.965, 51.361 ], [ 15.042, 51.274 ], [ 15.023, 51.251 ], [ 15.038, 51.244 ], [ 15.01, 51.213 ], [ 14.998, 51.122 ], [ 14.981, 51.116 ], [ 14.965, 51.05 ], [ 14.917, 50.995 ], [ 14.897, 50.941 ], [ 14.82, 50.886 ], [ 14.825, 50.867 ], [ 14.793, 50.82 ], [ 14.745, 50.829 ], [ 14.722, 50.822 ], [ 14.709, 50.841 ], [ 14.619, 50.858 ], [ 14.636, 50.897 ], [ 14.653, 50.905 ], [ 14.65, 50.932 ], [ 14.583, 50.914 ], [ 14.565, 50.918 ], [ 14.599, 50.987 ], [ 14.565, 51.01 ], [ 14.535, 51.004 ], [ 14.532, 51.017 ], [ 14.499, 51.022 ], [ 14.508, 51.043 ], [ 14.491, 51.044 ], [ 14.473, 51.07 ], [ 14.559, 51.081 ], [ 14.584, 51.105 ], [ 14.575, 51.12 ], [ 14.618, 51.118 ], [ 14.607, 51.127 ], [ 14.641, 51.132 ], [ 14.634, 51.139 ], [ 14.656, 51.156 ], [ 14.683, 51.149 ], [ 14.699, 51.185 ], [ 14.672, 51.191 ], [ 14.683, 51.21 ], [ 14.649, 51.218 ], [ 14.65, 51.23 ], [ 14.635, 51.221 ], [ 14.621, 51.229 ], [ 14.636, 51.244 ], [ 14.613, 51.26 ], [ 14.624, 51.279 ], [ 14.6, 51.288 ], [ 14.594, 51.319 ], [ 14.565, 51.317 ], [ 14.533, 51.34 ], [ 14.545, 51.357 ], [ 14.51, 51.32 ], [ 14.503, 51.328 ], [ 14.473, 51.324 ], [ 14.459, 51.349 ], [ 14.485, 51.375 ], [ 14.5, 51.409 ], [ 14.488, 51.411 ], [ 14.513, 51.415 ], [ 14.522, 51.432 ], [ 14.506, 51.448 ], [ 14.483, 51.451 ], [ 14.495, 51.461 ], [ 14.471, 51.476 ], [ 14.485, 51.496 ], [ 14.473, 51.509 ], [ 14.44, 51.512 ], [ 14.447, 51.553 ], [ 14.541, 51.56 ], [ 14.544, 51.574 ], [ 14.57, 51.581 ], [ 14.598, 51.572 ], [ 14.61, 51.55 ], [ 14.674, 51.551 ], [ 14.693, 51.576 ], [ 14.706, 51.576 ], [ 14.7, 51.597 ], [ 14.726, 51.575 ] ] ] } },
{ "type": "Feature", "properties": { "wkr_nr": 157, "wkr_name": "Sächsische Schweiz-Osterzgebirge", "land": "Sachsen", "wahlbeteiligung_prozent": 81.6, "union_prozent": 19.3, "afd_prozent": 46.5, "spd_prozent": 6.0, "gruene_prozent": 4.0, "linke_prozent": 7.3, "bsw_prozent": 9.2, "fdp_prozent": 3.2, "staerkste_partei": "afd" }, "geometry": { "type": "Polygon", "coordinates": [ [ [ 14.186, 51.088 ], [ 14.245, 51.074 ], [ 14.253, 51.06 ], [ 14.279, 51.074 ], [ 14.32, 51.068 ], [ 14.309, 51.062 ], [ 14.317, 51.059 ], [ 14.318, 51.055 ], [ 14.274, 51.04 ], [ 14.286, 51.027 ], [ 14.261, 51.009 ], [ 14.259, 50.988 ], [ 14.286, 50.977 ], [ 14.324, 50.985 ], [ 14.328, 50.974 ], [ 14.303, 50.965 ], [ 14.312, 50.954 ], [ 14.397, 50.936 ], [ 14.388, 50.899 ], [ 14.349, 50.901 ], [ 14.348, 50.893 ], [ 14.305, 50.884 ], [ 14.268, 50.895 ], [ 14.233, 50.888 ], [ 14.223, 50.859 ], [ 14.09, 50.826 ], [ 14.078, 50.812 ], [ 14.031, 50.804 ], [ 13.99, 50.82 ], [ 13.954, 50.807 ], [ 13.939, 50.79 ], [ 13.901, 50.793 ], [ 13.888, 50.77 ], [ 13.898, 50.744 ], [ 13.862, 50.743 ], [ 13.845, 50.725 ], [ 13.758, 50.736 ], [ 13.692, 50.719 ], [ 13.617, 50.748 ], [ 13.595, 50.776 ], [ 13.573, 50.772 ], [ 13.551, 50.782 ], [ 13.554, 50.806 ], [ 13.577, 50.811 ], [ 13.505, 50.839 ], [ 13.498, 50.849 ], [ 13.515, 50.856 ], [ 13.488, 50.892 ], [ 13.46, 50.902 ], [ 13.444, 50.933 ], [ 13.455, 50.942 ], [ 13.428, 50.944 ], [ 13.477, 50.985 ], [ 13.438, 50.981 ], [ 13.431, 50.988 ], [ 13.45, 51.021 ], [ 13.421, 51.033 ], [ 13.432, 51.055 ], [ 13.485, 51.067 ], [ 13.522, 51.058 ], [ 13.58, 51.065 ], [ 13.583, 51.044 ], [ 13.604, 51.043 ], [ 13.604, 51.032 ], [ 13.666, 51.037 ], [ 13.666, 51.017 ], [ 13.688, 51.002 ], [ 13.737, 51.009 ], [ 13.765, 51.001 ], [ 13.792, 50.977 ], [ 13.821, 50.975 ], [ 13.858, 50.993 ], [ 13.884, 50.982 ], [ 13.91, 50.999 ], [ 13.912, 51.017 ], [ 13.938, 51.015 ], [ 13.958, 51.027 ], [ 13.961, 51.061 ], [ 13.981, 51.069 ], [ 14.037, 51.067 ], [ 14.051, 51.086 ], [ 14.064, 51.073 ], [ 14.102, 51.073 ], [ 14.133, 51.09 ], [ 14.143, 51.075 ], [ 14.168, 51.067 ], [ 14.186, 51.088 ] ] ] } },
{ "type": "Feature", "properties": { "wkr_nr": 158, "wkr_name": "Dresden I", "land": "Sachsen", "wahlbeteiligung_prozent": 82.1, "union_prozent": 19.9, "afd_prozent": 27.4, "spd_prozent": 9.9, "gruene_prozent": 12.2, "linke_prozent": 13.8, "bsw_prozent": 8.4, "fdp_prozent": 3.8, "staerkste_partei": "afd" }, "geometry": { "type": "Polygon", "coordinates": [ [ [ 13.883, 50.987 ], [ 13.858, 50.993 ], [ 13.821, 50.975 ], [ 13.799, 50.976 ], [ 13.742, 51.007 ], [ 13.688, 51.002 ], [ 13.675, 51.018 ], [ 13.703, 51.023 ], [ 13.712, 51.045 ], [ 13.687, 51.064 ], [ 13.713, 51.077 ], [ 13.741, 51.055 ], [ 13.803, 51.061 ], [ 13.883, 50.987 ] ] ] } },
{ "type": "Feature", "properties": { "wkr_nr": 159, "wkr_name": "Dresden II – Bautzen II", "land": "Sachsen", "wahlbeteiligung_prozent": 84.1, "union_prozent": 18.1, "afd_prozent": 28.6, "spd_prozent": 8.5, "gruene_prozent": 13.1, "linke_prozent": 15.9, "bsw_prozent": 7.8, "fdp_prozent": 3.6, "staerkste_partei": "afd" }, "geometry": { "type": "Polygon", "coordinates": [ [ [ 13.923, 51.202 ], [ 13.912, 51.197 ], [ 13.93, 51.191 ], [ 13.932, 51.162 ], [ 13.943, 51.167 ], [ 13.98, 51.154 ], [ 13.994, 51.168 ], [ 14.058, 51.161 ], [ 14.099, 51.174 ], [ 14.113, 51.148 ], [ 14.079, 51.146 ], [ 14.062, 51.124 ], [ 14.002, 51.121 ], [ 14.013, 51.1 ], [ 14.047, 51.085 ], [ 14.044, 51.069 ], [ 13.987, 51.07 ], [ 13.961, 51.061 ], [ 13.963, 51.032 ], [ 13.938, 51.015 ], [ 13.912, 51.017 ], [ 13.895, 50.991 ], [ 13.883, 50.987 ], [ 13.803, 51.061 ], [ 13.741, 51.055 ], [ 13.715, 51.077 ], [ 13.686, 51.063 ], [ 13.712, 51.046 ], [ 13.703, 51.023 ], [ 13.67, 51.015 ], [ 13.666, 51.037 ], [ 13.604, 51.032 ], [ 13.604, 51.043 ], [ 13.583, 51.044 ], [ 13.599, 51.098 ], [ 13.624, 51.103 ], [ 13.688, 51.088 ], [ 13.721, 51.14 ], [ 13.757, 51.134 ], [ 13.769, 51.145 ], [ 13.744, 51.177 ], [ 13.766, 51.175 ], [ 13.795, 51.198 ], [ 13.923, 51.202 ] ] ] } },
{ "type": "Feature", "properties": { "wkr_nr": 160, "wkr_name": "Mittelsachsen", "land": "Sachsen", "wahlbeteiligung_prozent": 78.9, "union_prozent": 20.6, "afd_prozent": 43.5, "spd_prozent": 7.6, "gruene_prozent": 3.5, "linke_prozent": 8.0, "bsw_prozent": 9.4, "fdp_prozent": 3.2, "staerkste_partei": "afd" }, "geometry": { "type": "Polygon", "coordinates": [ [ [ 13.184, 51.235 ], [ 13.208, 51.217 ], [ 13.193, 51.212 ], [ 13.208, 51.202 ], [ 13.211, 51.176 ], [ 13.257, 51.154 ], [ 13.251, 51.118 ], [ 13.227, 51.113 ], [ 13.226, 51.103 ], [ 13.251, 51.111 ], [ 13.26, 51.068 ], [ 13.242, 51.06 ], [ 13.267, 51.049 ], [ 13.229, 51.013 ], [ 13.236, 51.007 ], [ 13.277, 51.031 ], [ 13.366, 51.051 ], [ 13.387, 51.052 ], [ 13.442, 51.028 ], [ 13.45, 51.021 ], [ 13.431, 50.988 ], [ 13.438, 50.981 ], [ 13.477, 50.985 ], [ 13.428, 50.944 ], [ 13.455, 50.942 ], [ 13.444, 50.933 ], [ 13.46, 50.902 ], [ 13.488, 50.892 ], [ 13.515, 50.856 ], [ 13.498, 50.849 ], [ 13.505, 50.839 ], [ 13.577, 50.811 ], [ 13.554, 50.806 ], [ 13.551, 50.782 ], [ 13.573, 50.772 ], [ 13.599, 50.774 ], [ 13.617, 50.748 ], [ 13.652, 50.732 ], [ 13.602, 50.71 ], [ 13.556, 50.715 ], [ 13.525, 50.704 ], [ 13.544, 50.677 ], [ 13.514, 50.656 ], [ 13.526, 50.649 ], [ 13.517, 50.636 ], [ 13.486, 50.64 ], [ 13.494, 50.654 ], [ 13.43, 50.665 ], [ 13.434, 50.676 ], [ 13.416, 50.679 ], [ 13.415, 50.689 ], [ 13.406, 50.684 ], [ 13.371, 50.715 ], [ 13.378, 50.735 ], [ 13.364, 50.753 ], [ 13.281, 50.739 ], [ 13.269, 50.744 ], [ 13.278, 50.763 ], [ 13.248, 50.776 ], [ 13.17, 50.784 ], [ 13.14, 50.77 ], [ 13.112, 50.792 ], [ 13.086, 50.781 ], [ 13.077, 50.786 ], [ 13.04, 50.819 ], [ 13.049, 50.841 ], [ 13.008, 50.852 ], [ 12.981, 50.848 ], [ 12.998, 50.874 ], [ 12.989, 50.891 ], [ 13.025, 50.911 ], [ 13.03, 50.93 ], [ 12.977, 50.951 ], [ 12.932, 50.943 ], [ 12.911, 50.957 ], [ 12.927, 50.972 ], [ 12.87, 51.001 ], [ 12.867, 51.013 ], [ 12.879, 51.013 ], [ 12.951, 50.993 ], [ 12.951, 51.036 ], [ 12.963, 51.04 ], [ 12.981, 51.03 ], [ 12.987, 51.047 ], [ 12.957, 51.055 ], [ 12.944, 51.103 ], [ 12.889, 51.097 ], [ 12.892, 51.138 ], [ 12.849, 51.154 ], [ 12.894, 51.209 ], [ 12.962, 51.225 ], [ 12.992, 51.222 ], [ 13.031, 51.2 ], [ 13.051, 51.216 ], [ 13.109, 51.213 ], [ 13.104, 51.223 ], [ 13.147, 51.221 ], [ 13.184, 51.235 ] ] ] } },
{ "type": "Feature", "properties": { "wkr_nr": 161, "wkr_name": "Chemnitz", "land": "Sachsen", "wahlbeteiligung_prozent": 79.1, "union_prozent": 19.4, "afd_prozent": 32.7, "spd_prozent": 11.1, "gruene_prozent": 6.6, "linke_prozent": 12.2, "bsw_prozent": 10.8, "fdp_prozent": 3.1, "staerkste_partei": "afd" }, "geometry": { "type": "Polygon", "coordinates": [ [ [ 12.891, 50.903 ], [ 12.921, 50.886 ], [ 12.99, 50.892 ], [ 12.998, 50.874 ], [ 12.981, 50.848 ], [ 13.008, 50.852 ], [ 13.049, 50.841 ], [ 13.04, 50.819 ], [ 13.053, 50.807 ], [ 13.021, 50.77 ], [ 12.992, 50.78 ], [ 12.98, 50.758 ], [ 12.964, 50.75 ], [ 12.947, 50.757 ], [ 12.928, 50.741 ], [ 12.881, 50.762 ], [ 12.897, 50.773 ], [ 12.89, 50.785 ], [ 12.871, 50.78 ], [ 12.873, 50.788 ], [ 12.841, 50.802 ], [ 12.817, 50.788 ], [ 12.783, 50.786 ], [ 12.768, 50.812 ], [ 12.746, 50.822 ], [ 12.727, 50.817 ], [ 12.738, 50.829 ], [ 12.776, 50.825 ], [ 12.836, 50.891 ], [ 12.891, 50.903 ] ] ] } },
{ "type": "Feature", "properties": { "wkr_nr": 162, "wkr_name": "Chemnitzer Umland – Erzgebirgskreis II", "land": "Sachsen", "wahlbeteiligung_prozent": 81.4, "union_prozent": 21.2, "afd_prozent": 41.1, "spd_prozent": 8.5, "gruene_prozent": 3.2, "linke_prozent": 7.8, "bsw_prozent": 10.5, "fdp_prozent": 3.2, "staerkste_partei": "afd" }, "geometry": { "type": "Polygon", "coordinates": [ [ [ 12.874, 51.091 ], [ 12.944, 51.103 ], [ 12.957, 51.055 ], [ 12.987, 51.048 ], [ 12.981, 51.03 ], [ 12.963, 51.04 ], [ 12.951, 51.036 ], [ 12.951, 50.993 ], [ 12.879, 51.013 ], [ 12.867, 51.013 ], [ 12.87, 51.001 ], [ 12.927, 50.972 ], [ 12.911, 50.957 ], [ 12.932, 50.943 ], [ 12.966, 50.952 ], [ 13.012, 50.944 ], [ 13.032, 50.927 ], [ 13.026, 50.911 ], [ 12.99, 50.892 ], [ 12.952, 50.887 ], [ 12.897, 50.892 ], [ 12.888, 50.904 ], [ 12.849, 50.898 ], [ 12.804, 50.867 ], [ 12.805, 50.849 ], [ 12.776, 50.825 ], [ 12.738, 50.829 ], [ 12.727, 50.817 ], [ 12.746, 50.822 ], [ 12.768, 50.812 ], [ 12.783, 50.786 ], [ 12.817, 50.788 ], [ 12.841, 50.802 ], [ 12.873, 50.788 ], [ 12.871, 50.78 ], [ 12.89, 50.785 ], [ 12.897, 50.773 ], [ 12.881, 50.762 ], [ 12.924, 50.741 ], [ 12.947, 50.757 ], [ 12.968, 50.754 ], [ 12.963, 50.742 ], [ 12.979, 50.728 ], [ 12.947, 50.725 ], [ 12.942, 50.734 ], [ 12.93, 50.715 ], [ 12.914, 50.721 ], [ 12.907, 50.706 ], [ 12.895, 50.71 ], [ 12.894, 50.702 ], [ 12.922, 50.702 ], [ 12.938, 50.689 ], [ 12.9, 50.65 ], [ 12.844, 50.628 ], [ 12.856, 50.622 ], [ 12.836, 50.617 ], [ 12.843, 50.612 ], [ 12.816, 50.609 ], [ 12.817, 50.596 ], [ 12.785, 50.598 ], [ 12.78, 50.623 ], [ 12.762, 50.632 ], [ 12.791, 50.661 ], [ 12.712, 50.642 ], [ 12.696, 50.655 ], [ 12.719, 50.689 ], [ 12.704, 50.69 ], [ 12.709, 50.699 ], [ 12.64, 50.715 ], [ 12.607, 50.747 ], [ 12.605, 50.776 ], [ 12.584, 50.782 ], [ 12.62, 50.833 ], [ 12.611, 50.854 ], [ 12.638, 50.859 ], [ 12.647, 50.881 ], [ 12.636, 50.885 ], [ 12.653, 50.897 ], [ 12.64, 50.906 ], [ 12.653, 50.924 ], [ 12.624, 50.94 ], [ 12.617, 50.981 ], [ 12.686, 50.985 ], [ 12.706, 51.007 ], [ 12.732, 50.998 ], [ 12.744, 51.003 ], [ 12.711, 51.025 ], [ 12.73, 51.038 ], [ 12.733, 51.051 ], [ 12.716, 51.062 ], [ 12.744, 51.108 ], [ 12.801, 51.105 ], [ 12.814, 51.091 ], [ 12.848, 51.098 ], [ 12.874, 51.091 ] ] ] } },
{ "type": "Feature", "properties": { "wkr_nr": 163, "wkr_name": "Erzgebirgskreis I", "land": "Sachsen", "wahlbeteiligung_prozent": 80.9, "union_prozent": 20.6, "afd_prozent": 46.2, "spd_prozent": 6.6, "gruene_prozent": 2.2, "linke_prozent": 7.0, "bsw_prozent": 9.8, "fdp_prozent": 2.9, "staerkste_partei": "afd" }, "geometry": { "type": "Polygon", "coordinates": [ [ [ 13.084, 50.782 ], [ 13.112, 50.792 ], [ 13.136, 50.77 ], [ 13.17, 50.784 ], [ 13.248, 50.776 ], [ 13.278, 50.763 ], [ 13.269, 50.744 ], [ 13.281, 50.739 ], [ 13.364, 50.753 ], [ 13.378, 50.735 ], [ 13.372, 50.714 ], [ 13.406, 50.684 ], [ 13.415, 50.689 ], [ 13.416, 50.679 ], [ 13.434, 50.676 ], [ 13.43, 50.665 ], [ 13.494, 50.654 ], [ 13.481, 50.645 ], [ 13.502, 50.634 ], [ 13.494, 50.624 ], [ 13.463, 50.602 ], [ 13.415, 50.616 ], [ 13.392, 50.646 ], [ 13.371, 50.651 ], [ 13.378, 50.628 ], [ 13.325, 50.608 ], [ 13.324, 50.582 ], [ 13.291, 50.575 ], [ 13.279, 50.593 ], [ 13.248, 50.592 ], [ 13.195, 50.503 ], [ 13.137, 50.506 ], [ 13.133, 50.518 ], [ 13.085, 50.5 ], [ 13.032, 50.51 ], [ 13.02, 50.447 ], [ 12.983, 50.42 ], [ 12.942, 50.411 ], [ 12.948, 50.404 ], [ 12.819, 50.46 ], [ 12.811, 50.431 ], [ 12.795, 50.449 ], [ 12.735, 50.432 ], [ 12.707, 50.397 ], [ 12.673, 50.417 ], [ 12.584, 50.407 ], [ 12.584, 50.424 ], [ 12.496, 50.467 ], [ 12.493, 50.493 ], [ 12.479, 50.486 ], [ 12.458, 50.502 ], [ 12.548, 50.562 ], [ 12.584, 50.553 ], [ 12.614, 50.565 ], [ 12.616, 50.572 ], [ 12.576, 50.58 ], [ 12.598, 50.597 ], [ 12.589, 50.609 ], [ 12.629, 50.618 ], [ 12.647, 50.64 ], [ 12.689, 50.629 ], [ 12.703, 50.643 ], [ 12.788, 50.664 ], [ 12.794, 50.653 ], [ 12.762, 50.632 ], [ 12.78, 50.623 ], [ 12.782, 50.598 ], [ 12.817, 50.596 ], [ 12.816, 50.609 ], [ 12.843, 50.612 ], [ 12.836, 50.617 ], [ 12.856, 50.622 ], [ 12.844, 50.628 ], [ 12.9, 50.65 ], [ 12.938, 50.689 ], [ 12.891, 50.707 ], [ 12.907, 50.706 ], [ 12.914, 50.721 ], [ 12.93, 50.715 ], [ 12.942, 50.734 ], [ 12.947, 50.725 ], [ 12.979, 50.728 ], [ 12.963, 50.742 ], [ 12.99, 50.779 ], [ 13.021, 50.77 ], [ 13.049, 50.807 ], [ 13.084, 50.782 ] ] ] } },
{ "type": "Feature", "properties": { "wkr_nr": 164, "wkr_name": "Zwickau", "land": "Sachsen", "wahlbeteiligung_prozent": 79.6, "union_prozent": 21.3, "afd_prozent": 40.6, "spd_prozent": 8.9, "gruene_prozent": 3.3, "linke_prozent": 8.5, "bsw_prozent": 10.2, "fdp_prozent": 3.0, "staerkste_partei": "afd" }, "geometry": { "type": "Polygon", "coordinates": [ [ [ 12.62, 50.909 ], [ 12.653, 50.897 ], [ 12.636, 50.885 ], [ 12.647, 50.881 ], [ 12.638, 50.859 ], [ 12.611, 50.854 ], [ 12.62, 50.833 ], [ 12.584, 50.782 ], [ 12.605, 50.776 ], [ 12.607, 50.747 ], [ 12.64, 50.715 ], [ 12.709, 50.699 ], [ 12.704, 50.69 ], [ 12.719, 50.689 ], [ 12.696, 50.655 ], [ 12.711, 50.643 ], [ 12.687, 50.629 ], [ 12.647, 50.64 ], [ 12.629, 50.618 ], [ 12.589, 50.609 ], [ 12.598, 50.597 ], [ 12.576, 50.58 ], [ 12.616, 50.572 ], [ 12.605, 50.558 ], [ 12.584, 50.553 ], [ 12.548, 50.562 ], [ 12.528, 50.547 ], [ 12.505, 50.564 ], [ 12.471, 50.554 ], [ 12.462, 50.565 ], [ 12.431, 50.568 ], [ 12.449, 50.606 ], [ 12.435, 50.62 ], [ 12.411, 50.621 ], [ 12.423, 50.635 ], [ 12.38, 50.657 ], [ 12.379, 50.676 ], [ 12.342, 50.664 ], [ 12.319, 50.684 ], [ 12.275, 50.686 ], [ 12.263, 50.695 ], [ 12.253, 50.716 ], [ 12.273, 50.73 ], [ 12.227, 50.738 ], [ 12.229, 50.757 ], [ 12.242, 50.768 ], [ 12.269, 50.763 ], [ 12.29, 50.783 ], [ 12.253, 50.789 ], [ 12.243, 50.809 ], [ 12.25, 50.819 ], [ 12.285, 50.811 ], [ 12.292, 50.825 ], [ 12.3, 50.816 ], [ 12.299, 50.83 ], [ 12.307, 50.819 ], [ 12.348, 50.824 ], [ 12.348, 50.838 ], [ 12.374, 50.853 ], [ 12.403, 50.849 ], [ 12.41, 50.857 ], [ 12.42, 50.84 ], [ 12.443, 50.844 ], [ 12.459, 50.88 ], [ 12.511, 50.894 ], [ 12.521, 50.908 ], [ 12.573, 50.901 ], [ 12.62, 50.909 ] ] ] } },
{ "type": "Feature", "properties": { "wkr_nr": 165, "wkr_name": "Vogtlandkreis", "land": "Sachsen", "wahlbeteiligung_prozent": 79.6, "union_prozent": 21.6, "afd_prozent": 40.6, "spd_prozent": 8.8, "gruene_prozent": 3.2, "linke_prozent": 7.8, "bsw_prozent": 11.1, "fdp_prozent": 2.9, "staerkste_partei": "afd" }, "geometry": { "type": "Polygon", "coordinates": [ [ [ 12.379, 50.674 ], [ 12.38, 50.657 ], [ 12.423, 50.635 ], [ 12.411, 50.621 ], [ 12.435, 50.62 ], [ 12.449, 50.606 ], [ 12.431, 50.568 ], [ 12.462, 50.565 ], [ 12.474, 50.554 ], [ 12.505, 50.564 ], [ 12.528, 50.547 ], [ 12.474, 50.521 ], [ 12.46, 50.497 ], [ 12.479, 50.486 ], [ 12.493, 50.493 ], [ 12.496, 50.467 ], [ 12.584, 50.424 ], [ 12.584, 50.407 ], [ 12.512, 50.397 ], [ 12.487, 50.371 ], [ 12.489, 50.35 ], [ 12.469, 50.355 ], [ 12.431, 50.323 ], [ 12.398, 50.321 ], [ 12.401, 50.295 ], [ 12.371, 50.285 ], [ 12.352, 50.262 ], [ 12.359, 50.242 ], [ 12.331, 50.243 ], [ 12.323, 50.207 ], [ 12.338, 50.192 ], [ 12.324, 50.181 ], [ 12.338, 50.173 ], [ 12.319, 50.172 ], [ 12.29, 50.177 ], [ 12.275, 50.196 ], [ 12.294, 50.221 ], [ 12.24, 50.246 ], [ 12.248, 50.258 ], [ 12.266, 50.25 ], [ 12.254, 50.271 ], [ 12.2, 50.274 ], [ 12.201, 50.309 ], [ 12.184, 50.322 ], [ 12.116, 50.316 ], [ 12.091, 50.333 ], [ 12.047, 50.325 ], [ 12.015, 50.348 ], [ 11.976, 50.352 ], [ 11.984, 50.389 ], [ 11.965, 50.4 ], [ 11.949, 50.395 ], [ 11.946, 50.416 ], [ 11.919, 50.425 ], [ 11.928, 50.433 ], [ 11.889, 50.444 ], [ 11.932, 50.464 ], [ 11.951, 50.454 ], [ 11.938, 50.472 ], [ 11.964, 50.487 ], [ 11.925, 50.526 ], [ 11.918, 50.517 ], [ 11.888, 50.517 ], [ 11.871, 50.54 ], [ 11.885, 50.552 ], [ 11.926, 50.557 ], [ 11.924, 50.586 ], [ 11.987, 50.609 ], [ 11.979, 50.621 ], [ 12.004, 50.635 ], [ 12.022, 50.626 ], [ 12.005, 50.612 ], [ 12.036, 50.594 ], [ 12.018, 50.568 ], [ 12.03, 50.549 ], [ 12.052, 50.551 ], [ 12.077, 50.558 ], [ 12.084, 50.579 ], [ 12.116, 50.567 ], [ 12.156, 50.573 ], [ 12.156, 50.586 ], [ 12.11, 50.589 ], [ 12.147, 50.606 ], [ 12.154, 50.631 ], [ 12.17, 50.629 ], [ 12.183, 50.612 ], [ 12.198, 50.641 ], [ 12.233, 50.627 ], [ 12.266, 50.631 ], [ 12.264, 50.643 ], [ 12.299, 50.652 ], [ 12.319, 50.677 ], [ 12.342, 50.664 ], [ 12.379, 50.674 ] ] ] } },
{ "type": "Feature", "properties": { "wkr_nr": 166, "wkr_name": "Waldeck", "land": "Hessen", "wahlbeteiligung_prozent": 83.2, "union_prozent": 28.8, "afd_prozent": 21.1, "spd_prozent": 22.9, "gruene_prozent": 8.6, "linke_prozent": 6.1, "bsw_prozent": 4.4, "fdp_prozent": 4.0, "staerkste_partei": "union" }, "geometry": { "type": "Polygon", "coordinates": [ [ [ 9.494, 51.657 ], [ 9.492, 51.635 ], [ 9.515, 51.626 ], [ 9.544, 51.64 ], [ 9.571, 51.625 ], [ 9.626, 51.637 ], [ 9.638, 51.609 ], [ 9.691, 51.576 ], [ 9.684, 51.567 ], [ 9.627, 51.582 ], [ 9.648, 51.553 ], [ 9.622, 51.549 ], [ 9.609, 51.557 ], [ 9.619, 51.53 ], [ 9.586, 51.518 ], [ 9.644, 51.469 ], [ 9.629, 51.456 ], [ 9.644, 51.418 ], [ 9.631, 51.406 ], [ 9.593, 51.403 ], [ 9.592, 51.412 ], [ 9.569, 51.407 ], [ 9.56, 51.416 ], [ 9.526, 51.4 ], [ 9.511, 51.41 ], [ 9.459, 51.41 ], [ 9.431, 51.38 ], [ 9.403, 51.386 ], [ 9.352, 51.368 ], [ 9.381, 51.328 ], [ 9.352, 51.307 ], [ 9.363, 51.293 ], [ 9.483, 51.262 ], [ 9.461, 51.245 ], [ 9.474, 51.225 ], [ 9.41, 51.22 ], [ 9.399, 51.232 ], [ 9.358, 51.236 ], [ 9.346, 51.255 ], [ 9.298, 51.246 ], [ 9.285, 51.254 ], [ 9.265, 51.198 ], [ 9.222, 51.196 ], [ 9.229, 51.179 ], [ 9.19, 51.17 ], [ 9.191, 51.149 ], [ 9.221, 51.127 ], [ 9.195, 51.099 ], [ 9.159, 51.09 ], [ 9.167, 51.078 ], [ 9.143, 51.056 ], [ 9.097, 51.046 ], [ 9.096, 51.028 ], [ 9.083, 51.041 ], [ 9.051, 51.041 ], [ 9.022, 51.076 ], [ 8.956, 51.111 ], [ 8.957, 51.146 ], [ 8.978, 51.165 ], [ 8.961, 51.171 ], [ 9.001, 51.214 ], [ 8.969, 51.22 ], [ 8.949, 51.236 ], [ 8.873, 51.246 ], [ 8.875, 51.198 ], [ 8.792, 51.105 ], [ 8.753, 51.125 ], [ 8.702, 51.117 ], [ 8.694, 51.136 ], [ 8.758, 51.177 ], [ 8.75, 51.198 ], [ 8.768, 51.209 ], [ 8.742, 51.218 ], [ 8.728, 51.25 ], [ 8.737, 51.262 ], [ 8.722, 51.274 ], [ 8.693, 51.276 ], [ 8.609, 51.247 ], [ 8.556, 51.277 ], [ 8.621, 51.337 ], [ 8.654, 51.34 ], [ 8.694, 51.377 ], [ 8.733, 51.372 ], [ 8.804, 51.391 ], [ 8.854, 51.377 ], [ 8.89, 51.393 ], [ 8.94, 51.389 ], [ 8.948, 51.428 ], [ 8.919, 51.43 ], [ 8.922, 51.446 ], [ 8.89, 51.482 ], [ 9.018, 51.518 ], [ 9.039, 51.502 ], [ 9.077, 51.503 ], [ 9.092, 51.494 ], [ 9.077, 51.465 ], [ 9.094, 51.445 ], [ 9.136, 51.45 ], [ 9.158, 51.443 ], [ 9.185, 51.466 ], [ 9.216, 51.46 ], [ 9.225, 51.49 ], [ 9.264, 51.498 ], [ 9.282, 51.514 ], [ 9.308, 51.513 ], [ 9.317, 51.552 ], [ 9.374, 51.591 ], [ 9.337, 51.615 ], [ 9.427, 51.631 ], [ 9.44, 51.65 ], [ 9.494, 51.657 ] ] ] } },
{ "type": "Feature", "properties": { "wkr_nr": 167, "wkr_name": "Kassel", "land": "Hessen", "wahlbeteiligung_prozent": 81.8, "union_prozent": 22.5, "afd_prozent": 15.8, "spd_prozent": 22.3, "gruene_prozent": 14.5, "linke_prozent": 12.3, "bsw_prozent": 5.3, "fdp_prozent": 3.6, "staerkste_partei": "union" }, "geometry": { "type": "MultiPolygon", "coordinates": [ [ [ [ 9.56, 51.416 ], [ 9.604, 51.403 ], [ 9.579, 51.401 ], [ 9.56, 51.381 ], [ 9.577, 51.37 ], [ 9.548, 51.359 ], [ 9.568, 51.34 ], [ 9.633, 51.326 ], [ 9.629, 51.312 ], [ 9.669, 51.318 ], [ 9.73, 51.297 ], [ 9.734, 51.292 ], [ 9.674, 51.309 ], [ 9.65, 51.302 ], [ 9.645, 51.279 ], [ 9.685, 51.267 ], [ 9.695, 51.275 ], [ 9.693, 51.262 ], [ 9.75, 51.261 ], [ 9.754, 51.268 ], [ 9.759, 51.261 ], [ 9.726, 51.239 ], [ 9.687, 51.244 ], [ 9.674, 51.217 ], [ 9.64, 51.212 ], [ 9.625, 51.193 ], [ 9.636, 51.183 ], [ 9.604, 51.171 ], [ 9.562, 51.187 ], [ 9.568, 51.21 ], [ 9.531, 51.212 ], [ 9.518, 51.223 ], [ 9.491, 51.213 ], [ 9.471, 51.219 ], [ 9.478, 51.232 ], [ 9.461, 51.245 ], [ 9.483, 51.262 ], [ 9.378, 51.283 ], [ 9.352, 51.307 ], [ 9.382, 51.32 ], [ 9.352, 51.358 ], [ 9.377, 51.381 ], [ 9.431, 51.38 ], [ 9.459, 51.41 ], [ 9.511, 51.41 ], [ 9.526, 51.4 ], [ 9.531, 51.41 ], [ 9.547, 51.403 ], [ 9.56, 51.416 ] ] ], [ [ [ 9.709, 51.27 ], [ 9.702, 51.265 ], [ 9.714, 51.275 ], [ 9.709, 51.27 ] ] ] ] } },
{ "type": "Feature", "properties": { "wkr_nr": 168, "wkr_name": "Werra-Meißner – Hersfeld-Rotenburg", "land": "Hessen", "wahlbeteiligung_prozent": 82.6, "union_prozent": 28.4, "afd_prozent": 23.2, "spd_prozent": 22.2, "gruene_prozent": 7.3, "linke_prozent": 6.2, "bsw_prozent": 4.2, "fdp_prozent": 3.8, "staerkste_partei": "union" }, "geometry": { "type": "Polygon", "coordinates": [ [ [ 9.908, 51.418 ], [ 9.931, 51.393 ], [ 9.923, 51.368 ], [ 9.948, 51.326 ], [ 9.94, 51.307 ], [ 9.97, 51.3 ], [ 9.973, 51.284 ], [ 10.06, 51.276 ], [ 10.047, 51.253 ], [ 10.079, 51.243 ], [ 10.072, 51.225 ], [ 10.113, 51.215 ], [ 10.138, 51.22 ], [ 10.15, 51.206 ], [ 10.168, 51.212 ], [ 10.197, 51.192 ], [ 10.236, 51.187 ], [ 10.207, 51.165 ], [ 10.2, 51.113 ], [ 10.169, 51.153 ], [ 10.118, 51.14 ], [ 10.175, 51.117 ], [ 10.145, 51.085 ], [ 10.155, 51.07 ], [ 10.141, 51.058 ], [ 10.185, 51.049 ], [ 10.215, 51.026 ], [ 10.195, 51.021 ], [ 10.203, 51.008 ], [ 10.178, 50.996 ], [ 10.135, 50.996 ], [ 10.121, 51.012 ], [ 10.103, 51.003 ], [ 10.036, 51.012 ], [ 10.019, 50.981 ], [ 10.041, 50.968 ], [ 10.043, 50.948 ], [ 10.062, 50.944 ], [ 10.025, 50.944 ], [ 10.014, 50.935 ], [ 9.95, 50.942 ], [ 9.957, 50.923 ], [ 9.966, 50.934 ], [ 9.992, 50.935 ], [ 9.971, 50.907 ], [ 10.016, 50.921 ], [ 10.06, 50.886 ], [ 10.022, 50.864 ], [ 10.022, 50.848 ], [ 10.039, 50.853 ], [ 10.023, 50.832 ], [ 10.007, 50.838 ], [ 9.998, 50.827 ], [ 9.977, 50.833 ], [ 9.952, 50.821 ], [ 9.95, 50.772 ], [ 9.945, 50.779 ], [ 9.919, 50.768 ], [ 9.887, 50.778 ], [ 9.881, 50.796 ], [ 9.829, 50.791 ], [ 9.802, 50.804 ], [ 9.776, 50.799 ], [ 9.772, 50.81 ], [ 9.76, 50.797 ], [ 9.725, 50.791 ], [ 9.732, 50.779 ], [ 9.709, 50.768 ], [ 9.728, 50.753 ], [ 9.693, 50.735 ], [ 9.682, 50.741 ], [ 9.666, 50.718 ], [ 9.62, 50.741 ], [ 9.605, 50.737 ], [ 9.605, 50.757 ], [ 9.583, 50.766 ], [ 9.506, 50.735 ], [ 9.478, 50.763 ], [ 9.456, 50.762 ], [ 9.458, 50.777 ], [ 9.45, 50.77 ], [ 9.433, 50.774 ], [ 9.449, 50.782 ], [ 9.444, 50.798 ], [ 9.508, 50.819 ], [ 9.519, 50.84 ], [ 9.482, 50.897 ], [ 9.509, 50.919 ], [ 9.505, 50.932 ], [ 9.564, 50.946 ], [ 9.546, 50.971 ], [ 9.565, 50.992 ], [ 9.585, 50.993 ], [ 9.572, 50.995 ], [ 9.579, 51.011 ], [ 9.565, 51.013 ], [ 9.581, 51.022 ], [ 9.572, 51.029 ], [ 9.6, 51.024 ], [ 9.626, 51.032 ], [ 9.641, 51.057 ], [ 9.672, 51.061 ], [ 9.696, 51.078 ], [ 9.748, 51.069 ], [ 9.778, 51.083 ], [ 9.775, 51.145 ], [ 9.731, 51.144 ], [ 9.693, 51.167 ], [ 9.685, 51.185 ], [ 9.64, 51.183 ], [ 9.625, 51.193 ], [ 9.64, 51.212 ], [ 9.674, 51.217 ], [ 9.687, 51.244 ], [ 9.74, 51.243 ], [ 9.758, 51.265 ], [ 9.693, 51.262 ], [ 9.696, 51.274 ], [ 9.685, 51.267 ], [ 9.645, 51.279 ], [ 9.643, 51.292 ], [ 9.674, 51.309 ], [ 9.732, 51.292 ], [ 9.768, 51.307 ], [ 9.772, 51.337 ], [ 9.738, 51.319 ], [ 9.702, 51.365 ], [ 9.738, 51.369 ], [ 9.766, 51.386 ], [ 9.801, 51.387 ], [ 9.793, 51.402 ], [ 9.804, 51.41 ], [ 9.841, 51.403 ], [ 9.84, 51.384 ], [ 9.865, 51.372 ], [ 9.851, 51.414 ], [ 9.878, 51.404 ], [ 9.883, 51.415 ], [ 9.908, 51.418 ] ], [ [ 9.714, 51.275 ], [ 9.702, 51.265 ], [ 9.704, 51.264 ], [ 9.707, 51.265 ], [ 9.714, 51.275 ] ] ] } },
{ "type": "Feature", "properties": { "wkr_nr": 169, "wkr_name": "Schwalm-Eder", "land": "Hessen", "wahlbeteiligung_prozent": 84.2, "union_prozent": 27.4, "afd_prozent": 23.8, "spd_prozent": 22.4, "gruene_prozent": 7.8, "linke_prozent": 5.7, "bsw_prozent": 4.3, "fdp_prozent": 4.1, "staerkste_partei": "union" }, "geometry": { "type": "Polygon", "coordinates": [ [ [ 9.327, 51.258 ], [ 9.41, 51.22 ], [ 9.446, 51.229 ], [ 9.474, 51.225 ], [ 9.483, 51.213 ], [ 9.518, 51.223 ], [ 9.531, 51.212 ], [ 9.568, 51.21 ], [ 9.562, 51.187 ], [ 9.604, 51.171 ], [ 9.624, 51.182 ], [ 9.685, 51.185 ], [ 9.713, 51.152 ], [ 9.775, 51.145 ], [ 9.781, 51.115 ], [ 9.778, 51.083 ], [ 9.761, 51.072 ], [ 9.696, 51.078 ], [ 9.672, 51.061 ], [ 9.641, 51.057 ], [ 9.626, 51.032 ], [ 9.6, 51.024 ], [ 9.572, 51.029 ], [ 9.581, 51.022 ], [ 9.565, 51.013 ], [ 9.579, 51.011 ], [ 9.572, 50.995 ], [ 9.585, 50.993 ], [ 9.565, 50.992 ], [ 9.546, 50.971 ], [ 9.564, 50.946 ], [ 9.505, 50.932 ], [ 9.509, 50.919 ], [ 9.482, 50.897 ], [ 9.519, 50.84 ], [ 9.508, 50.819 ], [ 9.406, 50.79 ], [ 9.392, 50.773 ], [ 9.364, 50.8 ], [ 9.328, 50.795 ], [ 9.316, 50.811 ], [ 9.289, 50.802 ], [ 9.275, 50.807 ], [ 9.27, 50.797 ], [ 9.264, 50.816 ], [ 9.235, 50.826 ], [ 9.228, 50.819 ], [ 9.151, 50.835 ], [ 9.142, 50.862 ], [ 9.109, 50.887 ], [ 9.134, 50.899 ], [ 9.11, 50.919 ], [ 9.075, 50.911 ], [ 9.043, 50.923 ], [ 9.027, 50.903 ], [ 9.01, 50.926 ], [ 8.975, 50.931 ], [ 8.968, 50.947 ], [ 8.917, 50.971 ], [ 8.905, 50.951 ], [ 8.85, 50.964 ], [ 8.786, 50.956 ], [ 8.766, 50.979 ], [ 8.732, 50.965 ], [ 8.706, 50.994 ], [ 8.673, 50.997 ], [ 8.647, 50.981 ], [ 8.656, 50.972 ], [ 8.597, 50.949 ], [ 8.517, 50.955 ], [ 8.474, 50.973 ], [ 8.539, 51.019 ], [ 8.521, 51.043 ], [ 8.505, 51.041 ], [ 8.528, 51.063 ], [ 8.503, 51.075 ], [ 8.508, 51.085 ], [ 8.558, 51.103 ], [ 8.658, 51.095 ], [ 8.752, 51.125 ], [ 8.792, 51.105 ], [ 8.869, 51.187 ], [ 8.882, 51.248 ], [ 9.001, 51.214 ], [ 8.961, 51.171 ], [ 8.978, 51.165 ], [ 8.957, 51.146 ], [ 8.956, 51.111 ], [ 9.022, 51.076 ], [ 9.051, 51.041 ], [ 9.083, 51.041 ], [ 9.096, 51.028 ], [ 9.097, 51.046 ], [ 9.143, 51.056 ], [ 9.167, 51.078 ], [ 9.159, 51.09 ], [ 9.195, 51.099 ], [ 9.221, 51.127 ], [ 9.191, 51.149 ], [ 9.19, 51.17 ], [ 9.229, 51.179 ], [ 9.222, 51.196 ], [ 9.265, 51.198 ], [ 9.278, 51.25 ], [ 9.298, 51.246 ], [ 9.327, 51.258 ] ] ] } },
{ "type": "Feature", "properties": { "wkr_nr": 170, "wkr_name": "Marburg", "land": "Hessen", "wahlbeteiligung_prozent": 84.7, "union_prozent": 26.3, "afd_prozent": 18.2, "spd_prozent": 20.5, "gruene_prozent": 12.9, "linke_prozent": 10.6, "bsw_prozent": 3.9, "fdp_prozent": 3.9, "staerkste_partei": "union" }, "geometry": { "type": "Polygon", "coordinates": [ [ [ 8.673, 50.997 ], [ 8.706, 50.994 ], [ 8.732, 50.965 ], [ 8.766, 50.979 ], [ 8.786, 50.956 ], [ 8.85, 50.964 ], [ 8.905, 50.951 ], [ 8.917, 50.971 ], [ 8.968, 50.947 ], [ 8.975, 50.931 ], [ 9.01, 50.926 ], [ 9.027, 50.903 ], [ 9.043, 50.923 ], [ 9.075, 50.911 ], [ 9.109, 50.919 ], [ 9.134, 50.899 ], [ 9.109, 50.887 ], [ 9.152, 50.847 ], [ 9.137, 50.825 ], [ 9.104, 50.828 ], [ 9.095, 50.808 ], [ 9.024, 50.795 ], [ 9.015, 50.771 ], [ 8.972, 50.761 ], [ 8.941, 50.731 ], [ 8.907, 50.723 ], [ 8.919, 50.703 ], [ 8.9, 50.689 ], [ 8.84, 50.708 ], [ 8.804, 50.701 ], [ 8.804, 50.692 ], [ 8.778, 50.688 ], [ 8.766, 50.696 ], [ 8.742, 50.682 ], [ 8.712, 50.688 ], [ 8.702, 50.679 ], [ 8.65, 50.703 ], [ 8.623, 50.675 ], [ 8.591, 50.676 ], [ 8.569, 50.701 ], [ 8.578, 50.707 ], [ 8.551, 50.708 ], [ 8.545, 50.739 ], [ 8.53, 50.73 ], [ 8.498, 50.738 ], [ 8.455, 50.722 ], [ 8.444, 50.73 ], [ 8.434, 50.761 ], [ 8.458, 50.788 ], [ 8.444, 50.797 ], [ 8.4, 50.793 ], [ 8.403, 50.843 ], [ 8.356, 50.855 ], [ 8.355, 50.862 ], [ 8.433, 50.918 ], [ 8.456, 50.917 ], [ 8.46, 50.967 ], [ 8.597, 50.949 ], [ 8.656, 50.972 ], [ 8.647, 50.981 ], [ 8.673, 50.997 ] ] ] } },
{ "type": "Feature", "properties": { "wkr_nr": 171, "wkr_name": "Lahn-Dill", "land": "Hessen", "wahlbeteiligung_prozent": 81.6, "union_prozent": 30.2, "afd_prozent": 22.8, "spd_prozent": 18.9, "gruene_prozent": 8.8, "linke_prozent": 6.6, "bsw_prozent": 4.3, "fdp_prozent": 4.1, "staerkste_partei": "union" }, "geometry": { "type": "Polygon", "coordinates": [ [ [ 8.286, 50.883 ], [ 8.305, 50.861 ], [ 8.353, 50.865 ], [ 8.356, 50.855 ], [ 8.399, 50.848 ], [ 8.4, 50.793 ], [ 8.444, 50.797 ], [ 8.459, 50.785 ], [ 8.434, 50.761 ], [ 8.453, 50.723 ], [ 8.498, 50.738 ], [ 8.53, 50.73 ], [ 8.545, 50.739 ], [ 8.551, 50.708 ], [ 8.578, 50.707 ], [ 8.569, 50.701 ], [ 8.591, 50.676 ], [ 8.623, 50.675 ], [ 8.652, 50.698 ], [ 8.669, 50.685 ], [ 8.656, 50.666 ], [ 8.689, 50.659 ], [ 8.696, 50.642 ], [ 8.678, 50.613 ], [ 8.637, 50.595 ], [ 8.628, 50.605 ], [ 8.585, 50.605 ], [ 8.617, 50.563 ], [ 8.559, 50.533 ], [ 8.647, 50.52 ], [ 8.65, 50.513 ], [ 8.633, 50.51 ], [ 8.632, 50.5 ], [ 8.595, 50.504 ], [ 8.529, 50.467 ], [ 8.546, 50.419 ], [ 8.562, 50.425 ], [ 8.578, 50.415 ], [ 8.539, 50.417 ], [ 8.508, 50.397 ], [ 8.481, 50.401 ], [ 8.466, 50.421 ], [ 8.433, 50.435 ], [ 8.423, 50.452 ], [ 8.438, 50.473 ], [ 8.415, 50.456 ], [ 8.388, 50.46 ], [ 8.362, 50.485 ], [ 8.359, 50.508 ], [ 8.284, 50.534 ], [ 8.258, 50.574 ], [ 8.228, 50.586 ], [ 8.199, 50.564 ], [ 8.164, 50.577 ], [ 8.154, 50.6 ], [ 8.126, 50.61 ], [ 8.141, 50.63 ], [ 8.11, 50.671 ], [ 8.167, 50.736 ], [ 8.126, 50.788 ], [ 8.166, 50.803 ], [ 8.188, 50.828 ], [ 8.286, 50.883 ] ] ] } },
{ "type": "Feature", "properties": { "wkr_nr": 172, "wkr_name": "Gießen", "land": "Hessen", "wahlbeteiligung_prozent": 83.0, "union_prozent": 26.6, "afd_prozent": 19.1, "spd_prozent": 18.8, "gruene_prozent": 12.4, "linke_prozent": 9.8, "bsw_prozent": 4.5, "fdp_prozent": 4.2, "staerkste_partei": "union" }, "geometry": { "type": "Polygon", "coordinates": [ [ [ 9.151, 50.835 ], [ 9.228, 50.819 ], [ 9.235, 50.826 ], [ 9.264, 50.816 ], [ 9.261, 50.808 ], [ 9.27, 50.797 ], [ 9.275, 50.807 ], [ 9.289, 50.802 ], [ 9.316, 50.811 ], [ 9.328, 50.795 ], [ 9.364, 50.8 ], [ 9.391, 50.773 ], [ 9.406, 50.79 ], [ 9.441, 50.796 ], [ 9.449, 50.782 ], [ 9.433, 50.774 ], [ 9.461, 50.771 ], [ 9.454, 50.764 ], [ 9.421, 50.768 ], [ 9.387, 50.735 ], [ 9.349, 50.74 ], [ 9.307, 50.715 ], [ 9.266, 50.718 ], [ 9.272, 50.684 ], [ 9.234, 50.662 ], [ 9.244, 50.616 ], [ 9.221, 50.614 ], [ 9.216, 50.596 ], [ 9.199, 50.589 ], [ 9.165, 50.619 ], [ 9.14, 50.621 ], [ 9.105, 50.57 ], [ 9.134, 50.557 ], [ 9.128, 50.541 ], [ 9.109, 50.538 ], [ 9.101, 50.519 ], [ 9.075, 50.517 ], [ 9.042, 50.498 ], [ 8.979, 50.49 ], [ 8.988, 50.454 ], [ 8.958, 50.448 ], [ 8.948, 50.431 ], [ 8.907, 50.438 ], [ 8.887, 50.428 ], [ 8.862, 50.447 ], [ 8.853, 50.432 ], [ 8.818, 50.434 ], [ 8.799, 50.442 ], [ 8.794, 50.479 ], [ 8.764, 50.465 ], [ 8.74, 50.478 ], [ 8.712, 50.475 ], [ 8.669, 50.485 ], [ 8.647, 50.484 ], [ 8.628, 50.464 ], [ 8.574, 50.446 ], [ 8.602, 50.433 ], [ 8.599, 50.419 ], [ 8.578, 50.415 ], [ 8.562, 50.425 ], [ 8.546, 50.419 ], [ 8.529, 50.467 ], [ 8.595, 50.504 ], [ 8.632, 50.5 ], [ 8.651, 50.515 ], [ 8.559, 50.533 ], [ 8.617, 50.563 ], [ 8.585, 50.605 ], [ 8.628, 50.605 ], [ 8.637, 50.595 ], [ 8.678, 50.613 ], [ 8.696, 50.642 ], [ 8.689, 50.659 ], [ 8.656, 50.666 ], [ 8.669, 50.685 ], [ 8.646, 50.701 ], [ 8.67, 50.699 ], [ 8.702, 50.679 ], [ 8.712, 50.688 ], [ 8.742, 50.682 ], [ 8.766, 50.696 ], [ 8.778, 50.688 ], [ 8.804, 50.692 ], [ 8.804, 50.701 ], [ 8.84, 50.708 ], [ 8.9, 50.689 ], [ 8.919, 50.703 ], [ 8.907, 50.723 ], [ 8.941, 50.731 ], [ 8.972, 50.761 ], [ 9.015, 50.771 ], [ 9.024, 50.795 ], [ 9.094, 50.807 ], [ 9.104, 50.828 ], [ 9.127, 50.831 ], [ 9.134, 50.823 ], [ 9.151, 50.835 ] ] ] } },
{ "type": "Feature", "properties": { "wkr_nr": 173, "wkr_name": "Fulda", "land": "Hessen", "wahlbeteiligung_prozent": 84.7, "union_prozent": 37.6, "afd_prozent": 23.6, "spd_prozent": 12.8, "gruene_prozent": 7.6, "linke_prozent": 5.2, "bsw_prozent": 3.6, "fdp_prozent": 4.9, "staerkste_partei": "union" }, "geometry": { "type": "Polygon", "coordinates": [ [ [ 9.773, 50.808 ], [ 9.776, 50.799 ], [ 9.802, 50.804 ], [ 9.829, 50.791 ], [ 9.881, 50.796 ], [ 9.887, 50.778 ], [ 9.94, 50.756 ], [ 9.935, 50.724 ], [ 9.909, 50.705 ], [ 9.924, 50.695 ], [ 9.881, 50.673 ], [ 9.879, 50.635 ], [ 9.906, 50.64 ], [ 9.93, 50.629 ], [ 9.961, 50.629 ], [ 9.969, 50.641 ], [ 9.949, 50.664 ], [ 10.002, 50.677 ], [ 10.049, 50.674 ], [ 10.07, 50.656 ], [ 10.081, 50.62 ], [ 10.058, 50.626 ], [ 10.037, 50.613 ], [ 10.062, 50.557 ], [ 10.038, 50.529 ], [ 10.033, 50.481 ], [ 9.958, 50.423 ], [ 9.883, 50.399 ], [ 9.872, 50.409 ], [ 9.85, 50.399 ], [ 9.808, 50.412 ], [ 9.807, 50.423 ], [ 9.762, 50.426 ], [ 9.733, 50.356 ], [ 9.691, 50.361 ], [ 9.681, 50.374 ], [ 9.613, 50.394 ], [ 9.556, 50.382 ], [ 9.489, 50.413 ], [ 9.474, 50.443 ], [ 9.451, 50.426 ], [ 9.436, 50.431 ], [ 9.438, 50.41 ], [ 9.397, 50.39 ], [ 9.369, 50.395 ], [ 9.349, 50.385 ], [ 9.346, 50.421 ], [ 9.361, 50.418 ], [ 9.34, 50.45 ], [ 9.294, 50.463 ], [ 9.287, 50.437 ], [ 9.272, 50.438 ], [ 9.248, 50.465 ], [ 9.263, 50.53 ], [ 9.133, 50.548 ], [ 9.134, 50.557 ], [ 9.105, 50.568 ], [ 9.14, 50.621 ], [ 9.165, 50.619 ], [ 9.187, 50.594 ], [ 9.207, 50.59 ], [ 9.217, 50.612 ], [ 9.244, 50.616 ], [ 9.234, 50.662 ], [ 9.272, 50.684 ], [ 9.266, 50.718 ], [ 9.307, 50.715 ], [ 9.349, 50.74 ], [ 9.387, 50.735 ], [ 9.424, 50.769 ], [ 9.478, 50.763 ], [ 9.506, 50.735 ], [ 9.583, 50.766 ], [ 9.605, 50.757 ], [ 9.605, 50.737 ], [ 9.62, 50.741 ], [ 9.666, 50.718 ], [ 9.682, 50.741 ], [ 9.693, 50.735 ], [ 9.728, 50.753 ], [ 9.709, 50.768 ], [ 9.732, 50.779 ], [ 9.725, 50.791 ], [ 9.773, 50.808 ] ] ] } },
{ "type": "Feature", "properties": { "wkr_nr": 174, "wkr_name": "Main-Kinzig – Wetterau II – Schotten", "land": "Hessen", "wahlbeteiligung_prozent": 83.7, "union_prozent": 30.5, "afd_prozent": 24.8, "spd_prozent": 16.3, "gruene_prozent": 8.8, "linke_prozent": 5.7, "bsw_prozent": 4.2, "fdp_prozent": 4.7, "staerkste_partei": "union" }, "geometry": { "type": "Polygon", "coordinates": [ [ [ 9.133, 50.548 ], [ 9.263, 50.53 ], [ 9.248, 50.465 ], [ 9.272, 50.438 ], [ 9.287, 50.437 ], [ 9.294, 50.463 ], [ 9.34, 50.45 ], [ 9.361, 50.418 ], [ 9.346, 50.421 ], [ 9.349, 50.385 ], [ 9.369, 50.395 ], [ 9.397, 50.39 ], [ 9.438, 50.41 ], [ 9.436, 50.431 ], [ 9.451, 50.426 ], [ 9.474, 50.443 ], [ 9.489, 50.413 ], [ 9.556, 50.382 ], [ 9.622, 50.392 ], [ 9.681, 50.374 ], [ 9.691, 50.361 ], [ 9.728, 50.358 ], [ 9.747, 50.341 ], [ 9.739, 50.303 ], [ 9.703, 50.281 ], [ 9.654, 50.271 ], [ 9.637, 50.252 ], [ 9.664, 50.234 ], [ 9.583, 50.222 ], [ 9.576, 50.232 ], [ 9.542, 50.224 ], [ 9.501, 50.243 ], [ 9.495, 50.227 ], [ 9.516, 50.2 ], [ 9.498, 50.176 ], [ 9.531, 50.161 ], [ 9.508, 50.146 ], [ 9.512, 50.094 ], [ 9.413, 50.084 ], [ 9.374, 50.131 ], [ 9.222, 50.149 ], [ 9.183, 50.138 ], [ 9.192, 50.127 ], [ 9.149, 50.091 ], [ 9.154, 50.118 ], [ 9.098, 50.126 ], [ 9.077, 50.116 ], [ 9.068, 50.123 ], [ 9.074, 50.143 ], [ 9.159, 50.164 ], [ 9.113, 50.188 ], [ 9.085, 50.185 ], [ 9.069, 50.244 ], [ 9.04, 50.248 ], [ 9.024, 50.23 ], [ 9.022, 50.239 ], [ 9.002, 50.237 ], [ 8.995, 50.254 ], [ 8.957, 50.247 ], [ 8.951, 50.263 ], [ 8.901, 50.276 ], [ 8.91, 50.305 ], [ 8.922, 50.299 ], [ 8.962, 50.312 ], [ 8.987, 50.345 ], [ 9.052, 50.365 ], [ 9.06, 50.387 ], [ 9.094, 50.382 ], [ 9.119, 50.398 ], [ 9.126, 50.424 ], [ 9.094, 50.427 ], [ 9.094, 50.457 ], [ 9.07, 50.456 ], [ 9.059, 50.471 ], [ 9.077, 50.495 ], [ 9.041, 50.502 ], [ 9.101, 50.519 ], [ 9.109, 50.538 ], [ 9.133, 50.548 ] ] ] } },
{ "type": "Feature", "properties": { "wkr_nr": 175, "wkr_name": "Hochtaunus", "land": "Hessen", "wahlbeteiligung_prozent": 85.6, "union_prozent": 33.6, "afd_prozent": 16.4, "spd_prozent": 16.6, "gruene_prozent": 13.1, "linke_prozent": 6.2, "bsw_prozent": 3.7, "fdp_prozent": 6.6, "staerkste_partei": "union" }, "geometry": { "type": "Polygon", "coordinates": [ [ [ 8.171, 50.575 ], [ 8.206, 50.564 ], [ 8.23, 50.586 ], [ 8.258, 50.574 ], [ 8.284, 50.534 ], [ 8.359, 50.508 ], [ 8.362, 50.485 ], [ 8.388, 50.46 ], [ 8.415, 50.456 ], [ 8.438, 50.473 ], [ 8.425, 50.446 ], [ 8.481, 50.401 ], [ 8.536, 50.392 ], [ 8.545, 50.37 ], [ 8.61, 50.373 ], [ 8.6, 50.359 ], [ 8.65, 50.324 ], [ 8.592, 50.29 ], [ 8.658, 50.281 ], [ 8.657, 50.289 ], [ 8.669, 50.288 ], [ 8.661, 50.268 ], [ 8.69, 50.253 ], [ 8.684, 50.238 ], [ 8.711, 50.222 ], [ 8.669, 50.217 ], [ 8.592, 50.167 ], [ 8.562, 50.18 ], [ 8.559, 50.195 ], [ 8.548, 50.188 ], [ 8.459, 50.23 ], [ 8.437, 50.2 ], [ 8.412, 50.197 ], [ 8.423, 50.188 ], [ 8.409, 50.177 ], [ 8.399, 50.186 ], [ 8.355, 50.187 ], [ 8.373, 50.201 ], [ 8.353, 50.203 ], [ 8.36, 50.215 ], [ 8.407, 50.223 ], [ 8.378, 50.243 ], [ 8.411, 50.259 ], [ 8.372, 50.296 ], [ 8.341, 50.299 ], [ 8.363, 50.313 ], [ 8.315, 50.34 ], [ 8.354, 50.361 ], [ 8.346, 50.368 ], [ 8.362, 50.38 ], [ 8.296, 50.369 ], [ 8.298, 50.383 ], [ 8.235, 50.382 ], [ 8.257, 50.359 ], [ 8.224, 50.358 ], [ 8.155, 50.389 ], [ 8.11, 50.392 ], [ 8.116, 50.405 ], [ 8.085, 50.415 ], [ 8.111, 50.439 ], [ 8.102, 50.445 ], [ 8.116, 50.477 ], [ 8.161, 50.502 ], [ 8.161, 50.528 ], [ 8.14, 50.519 ], [ 8.133, 50.54 ], [ 8.111, 50.542 ], [ 8.138, 50.551 ], [ 8.152, 50.599 ], [ 8.171, 50.575 ] ] ] } },
{ "type": "Feature", "properties": { "wkr_nr": 176, "wkr_name": "Wetterau I", "land": "Hessen", "wahlbeteiligung_prozent": 84.7, "union_prozent": 30.7, "afd_prozent": 17.4, "spd_prozent": 17.6, "gruene_prozent": 13.2, "linke_prozent": 7.1, "bsw_prozent": 3.8, "fdp_prozent": 5.4, "staerkste_partei": "union" }, "geometry": { "type": "Polygon", "coordinates": [ [ [ 9.072, 50.49 ], [ 9.062, 50.465 ], [ 9.094, 50.457 ], [ 9.094, 50.427 ], [ 9.126, 50.424 ], [ 9.119, 50.398 ], [ 9.094, 50.382 ], [ 9.06, 50.387 ], [ 9.052, 50.365 ], [ 8.987, 50.345 ], [ 8.962, 50.312 ], [ 8.922, 50.299 ], [ 8.91, 50.305 ], [ 8.897, 50.273 ], [ 8.868, 50.281 ], [ 8.846, 50.275 ], [ 8.855, 50.25 ], [ 8.804, 50.229 ], [ 8.826, 50.202 ], [ 8.791, 50.197 ], [ 8.79, 50.176 ], [ 8.763, 50.179 ], [ 8.723, 50.164 ], [ 8.702, 50.181 ], [ 8.733, 50.215 ], [ 8.684, 50.238 ], [ 8.69, 50.253 ], [ 8.659, 50.273 ], [ 8.669, 50.288 ], [ 8.657, 50.289 ], [ 8.658, 50.281 ], [ 8.592, 50.29 ], [ 8.65, 50.324 ], [ 8.6, 50.359 ], [ 8.61, 50.373 ], [ 8.545, 50.37 ], [ 8.516, 50.407 ], [ 8.599, 50.419 ], [ 8.602, 50.433 ], [ 8.574, 50.446 ], [ 8.628, 50.464 ], [ 8.647, 50.484 ], [ 8.74, 50.478 ], [ 8.764, 50.465 ], [ 8.794, 50.479 ], [ 8.811, 50.436 ], [ 8.853, 50.432 ], [ 8.862, 50.447 ], [ 8.9, 50.427 ], [ 8.907, 50.438 ], [ 8.948, 50.431 ], [ 8.958, 50.448 ], [ 8.988, 50.454 ], [ 8.979, 50.49 ], [ 9.054, 50.5 ], [ 9.072, 50.49 ] ] ] } },
{ "type": "Feature", "properties": { "wkr_nr": 177, "wkr_name": "Rheingau-Taunus – Limburg", "land": "Hessen", "wahlbeteiligung_prozent": 84.2, "union_prozent": 33.4, "afd_prozent": 17.6, "spd_prozent": 17.0, "gruene_prozent": 12.2, "linke_prozent": 6.3, "bsw_prozent": 3.7, "fdp_prozent": 5.6, "staerkste_partei": "union" }, "geometry": { "type": "Polygon", "coordinates": [ [ [ 8.054, 50.553 ], [ 8.071, 50.538 ], [ 8.103, 50.533 ], [ 8.131, 50.541 ], [ 8.14, 50.519 ], [ 8.155, 50.529 ], [ 8.166, 50.523 ], [ 8.152, 50.491 ], [ 8.116, 50.477 ], [ 8.102, 50.445 ], [ 8.111, 50.439 ], [ 8.087, 50.423 ], [ 8.116, 50.405 ], [ 8.11, 50.392 ], [ 8.155, 50.389 ], [ 8.224, 50.358 ], [ 8.257, 50.359 ], [ 8.235, 50.382 ], [ 8.298, 50.383 ], [ 8.296, 50.369 ], [ 8.362, 50.38 ], [ 8.346, 50.368 ], [ 8.354, 50.361 ], [ 8.315, 50.34 ], [ 8.363, 50.313 ], [ 8.341, 50.299 ], [ 8.372, 50.296 ], [ 8.409, 50.268 ], [ 8.406, 50.251 ], [ 8.378, 50.243 ], [ 8.407, 50.223 ], [ 8.36, 50.215 ], [ 8.353, 50.191 ], [ 8.337, 50.192 ], [ 8.36, 50.184 ], [ 8.345, 50.176 ], [ 8.37, 50.156 ], [ 8.347, 50.161 ], [ 8.327, 50.146 ], [ 8.245, 50.149 ], [ 8.185, 50.121 ], [ 8.16, 50.124 ], [ 8.112, 50.094 ], [ 8.138, 50.088 ], [ 8.111, 50.084 ], [ 8.112, 50.073 ], [ 8.132, 50.071 ], [ 8.175, 50.034 ], [ 7.967, 49.978 ], [ 7.887, 49.972 ], [ 7.866, 49.98 ], [ 7.855, 50.011 ], [ 7.78, 50.051 ], [ 7.774, 50.067 ], [ 7.803, 50.085 ], [ 7.837, 50.084 ], [ 7.83, 50.098 ], [ 7.854, 50.128 ], [ 7.885, 50.114 ], [ 7.903, 50.122 ], [ 7.92, 50.104 ], [ 7.93, 50.104 ], [ 7.933, 50.144 ], [ 7.891, 50.163 ], [ 7.883, 50.181 ], [ 7.915, 50.206 ], [ 7.985, 50.227 ], [ 7.99, 50.239 ], [ 8.012, 50.218 ], [ 8.035, 50.216 ], [ 8.059, 50.234 ], [ 8.022, 50.258 ], [ 8.036, 50.271 ], [ 8.072, 50.273 ], [ 8.079, 50.261 ], [ 8.103, 50.26 ], [ 8.122, 50.277 ], [ 8.103, 50.327 ], [ 8.072, 50.332 ], [ 8.06, 50.375 ], [ 8.046, 50.375 ], [ 8.043, 50.386 ], [ 8.015, 50.385 ], [ 8.024, 50.401 ], [ 7.987, 50.398 ], [ 7.964, 50.41 ], [ 7.988, 50.428 ], [ 7.975, 50.438 ], [ 8.011, 50.453 ], [ 7.979, 50.485 ], [ 7.983, 50.511 ], [ 8.028, 50.551 ], [ 8.054, 50.553 ] ] ] } },
{ "type": "Feature", "properties": { "wkr_nr": 178, "wkr_name": "Wiesbaden", "land": "Hessen", "wahlbeteiligung_prozent": 79.7, "union_prozent": 26.6, "afd_prozent": 14.1, "spd_prozent": 17.5, "gruene_prozent": 16.0, "linke_prozent": 11.5, "bsw_prozent": 4.9, "fdp_prozent": 5.6, "staerkste_partei": "union" }, "geometry": { "type": "Polygon", "coordinates": [ [ [ 8.242, 50.148 ], [ 8.324, 50.15 ], [ 8.318, 50.138 ], [ 8.349, 50.129 ], [ 8.354, 50.105 ], [ 8.38, 50.102 ], [ 8.386, 50.082 ], [ 8.354, 50.063 ], [ 8.38, 50.046 ], [ 8.332, 50.026 ], [ 8.331, 50.001 ], [ 8.295, 49.994 ], [ 8.245, 50.028 ], [ 8.175, 50.034 ], [ 8.11, 50.081 ], [ 8.132, 50.081 ], [ 8.138, 50.088 ], [ 8.112, 50.094 ], [ 8.16, 50.124 ], [ 8.185, 50.121 ], [ 8.242, 50.148 ] ] ] } },
{ "type": "Feature", "properties": { "wkr_nr": 179, "wkr_name": "Hanau", "land": "Hessen", "wahlbeteiligung_prozent": 81.8, "union_prozent": 28.7, "afd_prozent": 19.3, "spd_prozent": 18.3, "gruene_prozent": 10.9, "linke_prozent": 8.6, "bsw_prozent": 5.0, "fdp_prozent": 4.9, "staerkste_partei": "union" }, "geometry": { "type": "Polygon", "coordinates": [ [ [ 8.868, 50.281 ], [ 8.919, 50.275 ], [ 8.974, 50.244 ], [ 8.995, 50.254 ], [ 9.002, 50.237 ], [ 9.022, 50.239 ], [ 9.024, 50.23 ], [ 9.037, 50.247 ], [ 9.058, 50.25 ], [ 9.085, 50.185 ], [ 9.113, 50.188 ], [ 9.159, 50.165 ], [ 9.074, 50.143 ], [ 9.065, 50.117 ], [ 9.018, 50.112 ], [ 8.993, 50.066 ], [ 8.981, 50.078 ], [ 8.948, 50.08 ], [ 8.944, 50.09 ], [ 8.914, 50.086 ], [ 8.909, 50.075 ], [ 8.885, 50.08 ], [ 8.874, 50.095 ], [ 8.887, 50.125 ], [ 8.781, 50.137 ], [ 8.801, 50.171 ], [ 8.791, 50.197 ], [ 8.826, 50.202 ], [ 8.807, 50.233 ], [ 8.855, 50.25 ], [ 8.846, 50.275 ], [ 8.868, 50.281 ] ] ] } },
{ "type": "Feature", "properties": { "wkr_nr": 180, "wkr_name": "Main-Taunus", "land": "Hessen", "wahlbeteiligung_prozent": 85.8, "union_prozent": 35.1, "afd_prozent": 13.3, "spd_prozent": 15.7, "gruene_prozent": 14.5, "linke_prozent": 6.6, "bsw_prozent": 3.7, "fdp_prozent": 7.4, "staerkste_partei": "union" }, "geometry": { "type": "Polygon", "coordinates": [ [ [ 8.452, 50.227 ], [ 8.548, 50.188 ], [ 8.563, 50.192 ], [ 8.559, 50.182 ], [ 8.601, 50.157 ], [ 8.591, 50.141 ], [ 8.531, 50.116 ], [ 8.514, 50.122 ], [ 8.5, 50.107 ], [ 8.476, 50.109 ], [ 8.473, 50.099 ], [ 8.521, 50.062 ], [ 8.463, 50.023 ], [ 8.407, 49.997 ], [ 8.331, 50.001 ], [ 8.332, 50.026 ], [ 8.38, 50.046 ], [ 8.361, 50.051 ], [ 8.355, 50.066 ], [ 8.375, 50.067 ], [ 8.386, 50.08 ], [ 8.38, 50.102 ], [ 8.354, 50.105 ], [ 8.349, 50.129 ], [ 8.317, 50.14 ], [ 8.347, 50.161 ], [ 8.37, 50.156 ], [ 8.345, 50.176 ], [ 8.36, 50.184 ], [ 8.337, 50.192 ], [ 8.367, 50.202 ], [ 8.355, 50.187 ], [ 8.399, 50.186 ], [ 8.409, 50.177 ], [ 8.423, 50.188 ], [ 8.412, 50.197 ], [ 8.437, 50.2 ], [ 8.452, 50.227 ] ] ] } },
{ "type": "Feature", "properties": { "wkr_nr": 181, "wkr_name": "Frankfurt am Main I", "land": "Hessen", "wahlbeteiligung_prozent": 79.2, "union_prozent": 23.5, "afd_prozent": 10.7, "spd_prozent": 17.1, "gruene_prozent": 18.0, "linke_prozent": 15.4, "bsw_prozent": 5.2, "fdp_prozent": 6.6, "staerkste_partei": "union" }, "geometry": { "type": "Polygon", "coordinates": [ [ [ 8.526, 50.084 ], [ 8.521, 50.062 ], [ 8.473, 50.099 ], [ 8.476, 50.109 ], [ 8.5, 50.107 ], [ 8.514, 50.122 ], [ 8.531, 50.116 ], [ 8.591, 50.141 ], [ 8.601, 50.157 ], [ 8.589, 50.168 ], [ 8.608, 50.183 ], [ 8.665, 50.17 ], [ 8.685, 50.139 ], [ 8.671, 50.136 ], [ 8.676, 50.121 ], [ 8.694, 50.108 ], [ 8.629, 50.089 ], [ 8.552, 50.099 ], [ 8.526, 50.084 ] ] ] } },
{ "type": "Feature", "properties": { "wkr_nr": 182, "wkr_name": "Frankfurt am Main II", "land": "Hessen", "wahlbeteiligung_prozent": 83.0, "union_prozent": 24.9, "afd_prozent": 9.3, "spd_prozent": 17.2, "gruene_prozent": 20.7, "linke_prozent": 13.5, "bsw_prozent": 4.5, "fdp_prozent": 6.6, "staerkste_partei": "union" }, "geometry": { "type": "Polygon", "coordinates": [ [ [ 8.526, 50.084 ], [ 8.552, 50.099 ], [ 8.629, 50.089 ], [ 8.694, 50.108 ], [ 8.676, 50.121 ], [ 8.671, 50.136 ], [ 8.685, 50.139 ], [ 8.665, 50.17 ], [ 8.614, 50.177 ], [ 8.669, 50.217 ], [ 8.682, 50.213 ], [ 8.711, 50.226 ], [ 8.733, 50.215 ], [ 8.702, 50.181 ], [ 8.723, 50.164 ], [ 8.763, 50.179 ], [ 8.8, 50.173 ], [ 8.77, 50.131 ], [ 8.781, 50.112 ], [ 8.726, 50.109 ], [ 8.75, 50.096 ], [ 8.718, 50.062 ], [ 8.624, 50.054 ], [ 8.597, 50.042 ], [ 8.591, 50.018 ], [ 8.576, 50.016 ], [ 8.564, 50.026 ], [ 8.519, 50.021 ], [ 8.516, 50.033 ], [ 8.559, 50.049 ], [ 8.551, 50.069 ], [ 8.526, 50.084 ] ] ] } },
{ "type": "Feature", "properties": { "wkr_nr": 183, "wkr_name": "Groß-Gerau", "land": "Hessen", "wahlbeteiligung_prozent": 81.6, "union_prozent": 27.2, "afd_prozent": 16.9, "spd_prozent": 20.1, "gruene_prozent": 11.4, "linke_prozent": 10.0, "bsw_prozent": 5.7, "fdp_prozent": 4.5, "staerkste_partei": "union" }, "geometry": { "type": "Polygon", "coordinates": [ [ [ 8.526, 50.084 ], [ 8.559, 50.049 ], [ 8.516, 50.033 ], [ 8.519, 50.021 ], [ 8.564, 50.026 ], [ 8.576, 50.016 ], [ 8.6, 50.017 ], [ 8.63, 49.968 ], [ 8.603, 49.965 ], [ 8.605, 49.954 ], [ 8.583, 49.956 ], [ 8.584, 49.945 ], [ 8.566, 49.943 ], [ 8.571, 49.922 ], [ 8.55, 49.921 ], [ 8.565, 49.883 ], [ 8.521, 49.871 ], [ 8.55, 49.822 ], [ 8.535, 49.78 ], [ 8.562, 49.767 ], [ 8.547, 49.717 ], [ 8.471, 49.735 ], [ 8.452, 49.728 ], [ 8.479, 49.765 ], [ 8.416, 49.774 ], [ 8.378, 49.825 ], [ 8.384, 49.856 ], [ 8.344, 49.88 ], [ 8.355, 49.913 ], [ 8.342, 49.949 ], [ 8.288, 49.995 ], [ 8.41, 49.997 ], [ 8.524, 50.064 ], [ 8.526, 50.084 ] ] ] } },
{ "type": "Feature", "properties": { "wkr_nr": 184, "wkr_name": "Offenbach", "land": "Hessen", "wahlbeteiligung_prozent": 79.9, "union_prozent": 27.7, "afd_prozent": 15.2, "spd_prozent": 17.4, "gruene_prozent": 13.1, "linke_prozent": 11.5, "bsw_prozent": 5.6, "fdp_prozent": 5.4, "staerkste_partei": "union" }, "geometry": { "type": "Polygon", "coordinates": [ [ [ 8.776, 50.136 ], [ 8.887, 50.125 ], [ 8.874, 50.095 ], [ 8.885, 50.08 ], [ 8.909, 50.075 ], [ 8.905, 50.066 ], [ 8.885, 50.071 ], [ 8.86, 50.064 ], [ 8.863, 50.049 ], [ 8.819, 50.027 ], [ 8.827, 50.009 ], [ 8.798, 49.989 ], [ 8.761, 49.984 ], [ 8.76, 49.96 ], [ 8.69, 49.948 ], [ 8.622, 49.964 ], [ 8.628, 49.976 ], [ 8.591, 50.018 ], [ 8.597, 50.042 ], [ 8.624, 50.054 ], [ 8.718, 50.062 ], [ 8.75, 50.096 ], [ 8.726, 50.109 ], [ 8.779, 50.111 ], [ 8.776, 50.136 ] ] ] } },
{ "type": "Feature", "properties": { "wkr_nr": 185, "wkr_name": "Darmstadt", "land": "Hessen", "wahlbeteiligung_prozent": 84.8, "union_prozent": 24.2, "afd_prozent": 13.6, "spd_prozent": 18.5, "gruene_prozent": 19.1, "linke_prozent": 11.2, "bsw_prozent": 4.5, "fdp_prozent": 4.8, "staerkste_partei": "union" }, "geometry": { "type": "Polygon", "coordinates": [ [ [ 8.603, 49.965 ], [ 8.687, 49.948 ], [ 8.745, 49.96 ], [ 8.755, 49.949 ], [ 8.781, 49.959 ], [ 8.812, 49.948 ], [ 8.865, 49.963 ], [ 8.887, 49.94 ], [ 8.875, 49.936 ], [ 8.916, 49.914 ], [ 8.873, 49.906 ], [ 8.842, 49.926 ], [ 8.797, 49.922 ], [ 8.771, 49.915 ], [ 8.759, 49.895 ], [ 8.741, 49.896 ], [ 8.809, 49.878 ], [ 8.78, 49.85 ], [ 8.801, 49.804 ], [ 8.772, 49.787 ], [ 8.79, 49.736 ], [ 8.776, 49.725 ], [ 8.739, 49.723 ], [ 8.701, 49.755 ], [ 8.68, 49.744 ], [ 8.686, 49.731 ], [ 8.674, 49.725 ], [ 8.596, 49.734 ], [ 8.561, 49.725 ], [ 8.562, 49.767 ], [ 8.535, 49.78 ], [ 8.55, 49.822 ], [ 8.521, 49.871 ], [ 8.565, 49.883 ], [ 8.55, 49.921 ], [ 8.571, 49.922 ], [ 8.566, 49.943 ], [ 8.584, 49.945 ], [ 8.583, 49.956 ], [ 8.605, 49.954 ], [ 8.603, 49.965 ] ] ] } },
{ "type": "Feature", "properties": { "wkr_nr": 186, "wkr_name": "Odenwald", "land": "Hessen", "wahlbeteiligung_prozent": 84.5, "union_prozent": 30.7, "afd_prozent": 18.8, "spd_prozent": 18.1, "gruene_prozent": 11.3, "linke_prozent": 7.1, "bsw_prozent": 4.4, "fdp_prozent": 4.9, "staerkste_partei": "union" }, "geometry": { "type": "Polygon", "coordinates": [ [ [ 8.944, 50.09 ], [ 8.949, 50.08 ], [ 8.991, 50.073 ], [ 8.98, 50.043 ], [ 9.031, 50.04 ], [ 9.049, 49.992 ], [ 9.023, 49.997 ], [ 9.016, 49.989 ], [ 9.032, 49.925 ], [ 9.023, 49.91 ], [ 9.05, 49.868 ], [ 9.033, 49.866 ], [ 9.038, 49.843 ], [ 9.06, 49.847 ], [ 9.064, 49.832 ], [ 9.085, 49.848 ], [ 9.077, 49.818 ], [ 9.091, 49.791 ], [ 9.132, 49.795 ], [ 9.134, 49.782 ], [ 9.107, 49.759 ], [ 9.151, 49.743 ], [ 9.123, 49.715 ], [ 9.126, 49.7 ], [ 9.09, 49.693 ], [ 9.102, 49.642 ], [ 9.065, 49.617 ], [ 9.066, 49.602 ], [ 9.083, 49.602 ], [ 9.103, 49.579 ], [ 9.099, 49.561 ], [ 9.073, 49.575 ], [ 9.084, 49.543 ], [ 9.114, 49.535 ], [ 9.126, 49.517 ], [ 9.106, 49.51 ], [ 9.1, 49.526 ], [ 9.065, 49.53 ], [ 9.041, 49.499 ], [ 8.986, 49.51 ], [ 8.952, 49.506 ], [ 8.955, 49.482 ], [ 8.943, 49.486 ], [ 8.932, 49.471 ], [ 8.899, 49.485 ], [ 8.911, 49.523 ], [ 8.892, 49.532 ], [ 8.873, 49.607 ], [ 8.891, 49.606 ], [ 8.864, 49.642 ], [ 8.887, 49.657 ], [ 8.838, 49.662 ], [ 8.784, 49.693 ], [ 8.807, 49.707 ], [ 8.786, 49.725 ], [ 8.797, 49.738 ], [ 8.776, 49.754 ], [ 8.772, 49.787 ], [ 8.801, 49.804 ], [ 8.78, 49.85 ], [ 8.809, 49.878 ], [ 8.74, 49.892 ], [ 8.797, 49.922 ], [ 8.842, 49.926 ], [ 8.873, 49.906 ], [ 8.91, 49.908 ], [ 8.91, 49.922 ], [ 8.875, 49.936 ], [ 8.887, 49.94 ], [ 8.865, 49.963 ], [ 8.812, 49.948 ], [ 8.784, 49.959 ], [ 8.755, 49.949 ], [ 8.742, 49.958 ], [ 8.76, 49.96 ], [ 8.761, 49.984 ], [ 8.798, 49.989 ], [ 8.827, 50.009 ], [ 8.819, 50.027 ], [ 8.863, 50.049 ], [ 8.864, 50.066 ], [ 8.885, 50.071 ], [ 8.903, 50.064 ], [ 8.914, 50.086 ], [ 8.944, 50.09 ] ] ] } },
{ "type": "Feature", "properties": { "wkr_nr": 187, "wkr_name": "Bergstraße", "land": "Hessen", "wahlbeteiligung_prozent": 84.4, "union_prozent": 31.2, "afd_prozent": 20.1, "spd_prozent": 17.4, "gruene_prozent": 11.2, "linke_prozent": 6.1, "bsw_prozent": 4.3, "fdp_prozent": 5.2, "staerkste_partei": "union" }, "geometry": { "type": "MultiPolygon", "coordinates": [ [ [ [ 8.905, 49.486 ], [ 8.95, 49.455 ], [ 8.913, 49.438 ], [ 8.901, 49.443 ], [ 8.892, 49.421 ], [ 8.855, 49.397 ], [ 8.831, 49.408 ], [ 8.822, 49.396 ], [ 8.804, 49.404 ], [ 8.807, 49.419 ], [ 8.836, 49.43 ], [ 8.824, 49.463 ], [ 8.852, 49.484 ], [ 8.868, 49.465 ], [ 8.905, 49.486 ] ] ], [ [ [ 8.701, 49.755 ], [ 8.746, 49.722 ], [ 8.797, 49.738 ], [ 8.786, 49.725 ], [ 8.807, 49.707 ], [ 8.784, 49.693 ], [ 8.838, 49.662 ], [ 8.887, 49.657 ], [ 8.864, 49.642 ], [ 8.891, 49.606 ], [ 8.873, 49.607 ], [ 8.892, 49.532 ], [ 8.911, 49.523 ], [ 8.9, 49.504 ], [ 8.849, 49.502 ], [ 8.834, 49.491 ], [ 8.817, 49.506 ], [ 8.822, 49.525 ], [ 8.799, 49.512 ], [ 8.728, 49.518 ], [ 8.736, 49.525 ], [ 8.703, 49.535 ], [ 8.681, 49.576 ], [ 8.698, 49.6 ], [ 8.672, 49.611 ], [ 8.686, 49.608 ], [ 8.692, 49.624 ], [ 8.678, 49.626 ], [ 8.594, 49.611 ], [ 8.621, 49.545 ], [ 8.591, 49.521 ], [ 8.56, 49.517 ], [ 8.476, 49.584 ], [ 8.449, 49.59 ], [ 8.422, 49.583 ], [ 8.383, 49.625 ], [ 8.358, 49.693 ], [ 8.448, 49.734 ], [ 8.547, 49.717 ], [ 8.556, 49.728 ], [ 8.596, 49.734 ], [ 8.674, 49.725 ], [ 8.686, 49.731 ], [ 8.68, 49.744 ], [ 8.701, 49.755 ] ] ], [ [ [ 8.681, 49.622 ], [ 8.686, 49.622 ], [ 8.686, 49.618 ], [ 8.672, 49.616 ], [ 8.681, 49.622 ] ], [ [ 8.684, 49.62 ], [ 8.68, 49.619 ], [ 8.684, 49.619 ], [ 8.684, 49.62 ] ] ] ] } },
{ "type": "Feature", "properties": { "wkr_nr": 188, "wkr_name": "Eichsfeld – Nordhausen – Kyffhäuserkreis", "land": "Thüringen", "wahlbeteiligung_prozent": 80.3, "union_prozent": 23.3, "afd_prozent": 38.9, "spd_prozent": 8.6, "gruene_prozent": 2.7, "linke_prozent": 13.3, "bsw_prozent": 8.6, "fdp_prozent": 3.0, "staerkste_partei": "afd" }, "geometry": { "type": "Polygon", "coordinates": [ [ [ 10.765, 51.649 ], [ 10.818, 51.639 ], [ 10.823, 51.623 ], [ 10.859, 51.633 ], [ 10.894, 51.611 ], [ 10.922, 51.618 ], [ 10.914, 51.61 ], [ 10.937, 51.603 ], [ 10.929, 51.591 ], [ 10.894, 51.602 ], [ 10.882, 51.581 ], [ 10.9, 51.551 ], [ 10.911, 51.555 ], [ 10.948, 51.538 ], [ 10.927, 51.521 ], [ 10.973, 51.482 ], [ 10.961, 51.471 ], [ 10.967, 51.432 ], [ 11.011, 51.425 ], [ 10.992, 51.418 ], [ 11.05, 51.42 ], [ 11.061, 51.43 ], [ 11.142, 51.403 ], [ 11.224, 51.413 ], [ 11.248, 51.405 ], [ 11.249, 51.395 ], [ 11.321, 51.41 ], [ 11.331, 51.39 ], [ 11.393, 51.384 ], [ 11.399, 51.345 ], [ 11.429, 51.343 ], [ 11.414, 51.333 ], [ 11.475, 51.298 ], [ 11.413, 51.241 ], [ 11.398, 51.237 ], [ 11.391, 51.252 ], [ 11.357, 51.255 ], [ 11.359, 51.267 ], [ 11.331, 51.274 ], [ 11.339, 51.286 ], [ 11.322, 51.292 ], [ 11.306, 51.272 ], [ 11.328, 51.271 ], [ 11.327, 51.263 ], [ 11.302, 51.244 ], [ 11.256, 51.264 ], [ 11.217, 51.235 ], [ 11.15, 51.256 ], [ 11.157, 51.284 ], [ 11.12, 51.288 ], [ 11.113, 51.301 ], [ 11.097, 51.296 ], [ 11.108, 51.311 ], [ 11.069, 51.323 ], [ 11.055, 51.313 ], [ 11.068, 51.297 ], [ 11.031, 51.29 ], [ 11.027, 51.271 ], [ 10.995, 51.259 ], [ 11.01, 51.232 ], [ 11.002, 51.221 ], [ 10.977, 51.219 ], [ 10.973, 51.2 ], [ 10.895, 51.206 ], [ 10.895, 51.218 ], [ 10.836, 51.223 ], [ 10.785, 51.218 ], [ 10.76, 51.204 ], [ 10.759, 51.222 ], [ 10.733, 51.212 ], [ 10.709, 51.217 ], [ 10.677, 51.279 ], [ 10.634, 51.289 ], [ 10.609, 51.319 ], [ 10.561, 51.326 ], [ 10.524, 51.305 ], [ 10.496, 51.311 ], [ 10.508, 51.328 ], [ 10.484, 51.343 ], [ 10.459, 51.338 ], [ 10.481, 51.324 ], [ 10.474, 51.315 ], [ 10.439, 51.313 ], [ 10.399, 51.287 ], [ 10.363, 51.281 ], [ 10.356, 51.268 ], [ 10.373, 51.263 ], [ 10.374, 51.248 ], [ 10.356, 51.251 ], [ 10.317, 51.231 ], [ 10.313, 51.203 ], [ 10.297, 51.2 ], [ 10.268, 51.225 ], [ 10.249, 51.223 ], [ 10.252, 51.231 ], [ 10.219, 51.232 ], [ 10.185, 51.219 ], [ 10.207, 51.191 ], [ 10.168, 51.212 ], [ 10.15, 51.206 ], [ 10.138, 51.22 ], [ 10.113, 51.215 ], [ 10.072, 51.225 ], [ 10.079, 51.243 ], [ 10.047, 51.253 ], [ 10.06, 51.276 ], [ 9.973, 51.284 ], [ 9.97, 51.3 ], [ 9.94, 51.307 ], [ 9.949, 51.318 ], [ 9.93, 51.34 ], [ 9.928, 51.375 ], [ 10.0, 51.404 ], [ 10.009, 51.421 ], [ 10.038, 51.42 ], [ 10.047, 51.437 ], [ 10.069, 51.418 ], [ 10.08, 51.435 ], [ 10.153, 51.43 ], [ 10.14, 51.443 ], [ 10.174, 51.446 ], [ 10.178, 51.47 ], [ 10.202, 51.487 ], [ 10.217, 51.47 ], [ 10.233, 51.471 ], [ 10.245, 51.484 ], [ 10.3, 51.494 ], [ 10.309, 51.515 ], [ 10.342, 51.519 ], [ 10.368, 51.543 ], [ 10.37, 51.588 ], [ 10.444, 51.59 ], [ 10.519, 51.554 ], [ 10.56, 51.557 ], [ 10.604, 51.58 ], [ 10.657, 51.558 ], [ 10.666, 51.578 ], [ 10.639, 51.584 ], [ 10.64, 51.622 ], [ 10.701, 51.642 ], [ 10.749, 51.64 ], [ 10.765, 51.649 ] ] ] } },
{ "type": "Feature", "properties": { "wkr_nr": 189, "wkr_name": "Eisenach – Wartburgkreis – Unstrut-Hainich-Kreis", "land": "Thüringen", "wahlbeteiligung_prozent": 79.5, "union_prozent": 19.7, "afd_prozent": 40.4, "spd_prozent": 9.3, "gruene_prozent": 3.0, "linke_prozent": 13.1, "bsw_prozent": 9.4, "fdp_prozent": 2.6, "staerkste_partei": "afd" }, "geometry": { "type": "MultiPolygon", "coordinates": [ [ [ [ 10.488, 51.342 ], [ 10.508, 51.328 ], [ 10.496, 51.311 ], [ 10.524, 51.305 ], [ 10.561, 51.326 ], [ 10.609, 51.319 ], [ 10.634, 51.289 ], [ 10.677, 51.279 ], [ 10.709, 51.217 ], [ 10.733, 51.212 ], [ 10.759, 51.222 ], [ 10.76, 51.204 ], [ 10.785, 51.218 ], [ 10.836, 51.223 ], [ 10.895, 51.218 ], [ 10.895, 51.206 ], [ 10.923, 51.205 ], [ 10.92, 51.183 ], [ 10.905, 51.179 ], [ 10.918, 51.147 ], [ 10.911, 51.134 ], [ 10.876, 51.126 ], [ 10.883, 51.099 ], [ 10.771, 51.093 ], [ 10.763, 51.106 ], [ 10.733, 51.112 ], [ 10.707, 51.102 ], [ 10.696, 51.082 ], [ 10.711, 51.052 ], [ 10.642, 51.033 ], [ 10.617, 51.04 ], [ 10.599, 51.025 ], [ 10.481, 50.994 ], [ 10.486, 50.97 ], [ 10.521, 50.966 ], [ 10.485, 50.92 ], [ 10.497, 50.897 ], [ 10.479, 50.898 ], [ 10.48, 50.917 ], [ 10.435, 50.904 ], [ 10.438, 50.893 ], [ 10.401, 50.864 ], [ 10.407, 50.82 ], [ 10.379, 50.807 ], [ 10.39, 50.804 ], [ 10.374, 50.796 ], [ 10.379, 50.784 ], [ 10.343, 50.78 ], [ 10.327, 50.788 ], [ 10.263, 50.764 ], [ 10.245, 50.766 ], [ 10.245, 50.774 ], [ 10.24, 50.766 ], [ 10.203, 50.777 ], [ 10.222, 50.735 ], [ 10.184, 50.718 ], [ 10.193, 50.688 ], [ 10.176, 50.67 ], [ 10.142, 50.664 ], [ 10.132, 50.645 ], [ 10.116, 50.66 ], [ 10.097, 50.648 ], [ 10.074, 50.65 ], [ 10.086, 50.666 ], [ 10.072, 50.672 ], [ 10.002, 50.677 ], [ 9.949, 50.664 ], [ 9.969, 50.641 ], [ 9.961, 50.629 ], [ 9.93, 50.629 ], [ 9.906, 50.64 ], [ 9.879, 50.635 ], [ 9.881, 50.673 ], [ 9.923, 50.694 ], [ 9.909, 50.705 ], [ 9.942, 50.739 ], [ 9.94, 50.756 ], [ 9.92, 50.76 ], [ 9.928, 50.777 ], [ 9.952, 50.773 ], [ 9.952, 50.821 ], [ 9.977, 50.833 ], [ 9.998, 50.827 ], [ 10.007, 50.838 ], [ 10.023, 50.832 ], [ 10.039, 50.853 ], [ 10.022, 50.848 ], [ 10.022, 50.864 ], [ 10.06, 50.885 ], [ 10.016, 50.921 ], [ 9.971, 50.907 ], [ 9.992, 50.935 ], [ 9.966, 50.934 ], [ 9.957, 50.923 ], [ 9.95, 50.942 ], [ 10.014, 50.935 ], [ 10.025, 50.944 ], [ 10.062, 50.944 ], [ 10.043, 50.948 ], [ 10.041, 50.968 ], [ 10.019, 50.981 ], [ 10.036, 51.012 ], [ 10.103, 51.003 ], [ 10.121, 51.012 ], [ 10.135, 50.996 ], [ 10.178, 50.996 ], [ 10.203, 51.008 ], [ 10.195, 51.021 ], [ 10.215, 51.026 ], [ 10.185, 51.049 ], [ 10.141, 51.058 ], [ 10.155, 51.07 ], [ 10.145, 51.085 ], [ 10.175, 51.117 ], [ 10.118, 51.14 ], [ 10.169, 51.153 ], [ 10.189, 51.117 ], [ 10.209, 51.118 ], [ 10.2, 51.15 ], [ 10.236, 51.187 ], [ 10.207, 51.191 ], [ 10.185, 51.219 ], [ 10.219, 51.232 ], [ 10.252, 51.231 ], [ 10.249, 51.223 ], [ 10.268, 51.225 ], [ 10.297, 51.2 ], [ 10.313, 51.203 ], [ 10.317, 51.231 ], [ 10.356, 51.251 ], [ 10.374, 51.248 ], [ 10.373, 51.263 ], [ 10.356, 51.268 ], [ 10.363, 51.281 ], [ 10.399, 51.287 ], [ 10.439, 51.313 ], [ 10.474, 51.315 ], [ 10.481, 51.324 ], [ 10.46, 51.34 ], [ 10.488, 51.342 ] ], [ [ 10.081, 50.672 ], [ 10.084, 50.669 ], [ 10.085, 50.671 ], [ 10.081, 50.672 ] ] ], [ [ [ 10.062, 50.667 ], [ 10.067, 50.657 ], [ 10.057, 50.666 ], [ 10.062, 50.667 ] ] ] ] } },
{ "type": "Feature", "properties": { "wkr_nr": 190, "wkr_name": "Jena – Sömmerda – Weimarer Land I", "land": "Thüringen", "wahlbeteiligung_prozent": 83.0, "union_prozent": 17.3, "afd_prozent": 32.5, "spd_prozent": 9.0, "gruene_prozent": 7.6, "linke_prozent": 18.7, "bsw_prozent": 9.2, "fdp_prozent": 3.1, "staerkste_partei": "afd" }, "geometry": { "type": "Polygon", "coordinates": [ [ [ 11.082, 51.319 ], [ 11.108, 51.311 ], [ 11.097, 51.296 ], [ 11.113, 51.301 ], [ 11.12, 51.288 ], [ 11.157, 51.284 ], [ 11.15, 51.256 ], [ 11.217, 51.235 ], [ 11.256, 51.264 ], [ 11.302, 51.244 ], [ 11.328, 51.271 ], [ 11.306, 51.272 ], [ 11.307, 51.284 ], [ 11.337, 51.288 ], [ 11.325, 51.28 ], [ 11.359, 51.267 ], [ 11.351, 51.258 ], [ 11.391, 51.252 ], [ 11.365, 51.221 ], [ 11.39, 51.218 ], [ 11.391, 51.204 ], [ 11.431, 51.212 ], [ 11.446, 51.208 ], [ 11.452, 51.192 ], [ 11.469, 51.193 ], [ 11.471, 51.17 ], [ 11.485, 51.166 ], [ 11.472, 51.148 ], [ 11.451, 51.147 ], [ 11.463, 51.113 ], [ 11.485, 51.103 ], [ 11.546, 51.102 ], [ 11.572, 51.119 ], [ 11.608, 51.112 ], [ 11.617, 51.098 ], [ 11.638, 51.111 ], [ 11.692, 51.1 ], [ 11.675, 51.036 ], [ 11.652, 51.024 ], [ 11.621, 51.028 ], [ 11.605, 51.006 ], [ 11.547, 50.99 ], [ 11.566, 50.966 ], [ 11.617, 50.977 ], [ 11.673, 50.952 ], [ 11.667, 50.912 ], [ 11.646, 50.9 ], [ 11.664, 50.881 ], [ 11.609, 50.876 ], [ 11.612, 50.863 ], [ 11.563, 50.856 ], [ 11.527, 50.863 ], [ 11.563, 50.874 ], [ 11.554, 50.897 ], [ 11.507, 50.907 ], [ 11.491, 50.902 ], [ 11.487, 50.881 ], [ 11.439, 50.865 ], [ 11.459, 50.831 ], [ 11.431, 50.831 ], [ 11.416, 50.805 ], [ 11.386, 50.803 ], [ 11.396, 50.808 ], [ 11.379, 50.818 ], [ 11.362, 50.816 ], [ 11.36, 50.798 ], [ 11.321, 50.794 ], [ 11.263, 50.835 ], [ 11.251, 50.834 ], [ 11.253, 50.812 ], [ 11.213, 50.804 ], [ 11.156, 50.829 ], [ 11.176, 50.859 ], [ 11.159, 50.864 ], [ 11.164, 50.872 ], [ 11.132, 50.875 ], [ 11.135, 50.898 ], [ 11.114, 50.897 ], [ 11.106, 50.927 ], [ 11.174, 50.92 ], [ 11.221, 50.93 ], [ 11.234, 50.913 ], [ 11.267, 50.913 ], [ 11.268, 50.939 ], [ 11.293, 50.918 ], [ 11.32, 50.919 ], [ 11.334, 50.942 ], [ 11.356, 50.936 ], [ 11.398, 50.955 ], [ 11.393, 50.996 ], [ 11.37, 50.984 ], [ 11.348, 51.008 ], [ 11.373, 51.02 ], [ 11.315, 51.026 ], [ 11.305, 51.019 ], [ 11.294, 51.031 ], [ 11.271, 51.026 ], [ 11.251, 51.037 ], [ 11.237, 51.022 ], [ 11.217, 51.033 ], [ 11.123, 51.009 ], [ 11.125, 51.022 ], [ 11.088, 51.051 ], [ 11.092, 51.065 ], [ 11.042, 51.08 ], [ 11.036, 51.063 ], [ 10.976, 51.065 ], [ 10.987, 51.043 ], [ 10.932, 51.03 ], [ 10.925, 51.015 ], [ 10.863, 51.027 ], [ 10.865, 51.061 ], [ 10.891, 51.072 ], [ 10.876, 51.126 ], [ 10.911, 51.134 ], [ 10.905, 51.179 ], [ 10.92, 51.183 ], [ 10.923, 51.205 ], [ 10.973, 51.2 ], [ 10.977, 51.219 ], [ 11.002, 51.221 ], [ 11.01, 51.232 ], [ 10.995, 51.259 ], [ 11.027, 51.271 ], [ 11.031, 51.29 ], [ 11.068, 51.297 ], [ 11.055, 51.313 ], [ 11.082, 51.319 ] ], [ [ 11.439, 51.2 ], [ 11.445, 51.194 ], [ 11.447, 51.199 ], [ 11.439, 51.2 ] ] ] } },
{ "type": "Feature", "properties": { "wkr_nr": 191, "wkr_name": "Gotha – Ilm-Kreis", "land": "Thüringen", "wahlbeteiligung_prozent": 80.3, "union_prozent": 17.6, "afd_prozent": 40.6, "spd_prozent": 8.8, "gruene_prozent": 3.5, "linke_prozent": 15.0, "bsw_prozent": 9.3, "fdp_prozent": 2.7, "staerkste_partei": "afd" }, "geometry": { "type": "Polygon", "coordinates": [ [ [ 10.746, 51.111 ], [ 10.771, 51.093 ], [ 10.88, 51.098 ], [ 10.891, 51.072 ], [ 10.865, 51.061 ], [ 10.871, 51.034 ], [ 10.855, 51.026 ], [ 10.864, 51.001 ], [ 10.884, 51.001 ], [ 10.892, 50.99 ], [ 10.863, 50.977 ], [ 10.866, 50.965 ], [ 10.894, 50.961 ], [ 10.9, 50.941 ], [ 10.939, 50.947 ], [ 10.959, 50.934 ], [ 10.965, 50.92 ], [ 10.932, 50.91 ], [ 10.936, 50.895 ], [ 10.963, 50.89 ], [ 10.997, 50.908 ], [ 11.11, 50.913 ], [ 11.114, 50.897 ], [ 11.135, 50.898 ], [ 11.132, 50.875 ], [ 11.164, 50.872 ], [ 11.159, 50.864 ], [ 11.176, 50.859 ], [ 11.156, 50.829 ], [ 11.224, 50.804 ], [ 11.193, 50.802 ], [ 11.208, 50.792 ], [ 11.192, 50.793 ], [ 11.175, 50.772 ], [ 11.188, 50.734 ], [ 11.151, 50.733 ], [ 11.137, 50.719 ], [ 11.11, 50.733 ], [ 11.097, 50.727 ], [ 11.095, 50.698 ], [ 11.072, 50.695 ], [ 11.071, 50.72 ], [ 11.053, 50.708 ], [ 11.057, 50.687 ], [ 11.011, 50.688 ], [ 11.024, 50.669 ], [ 11.043, 50.679 ], [ 11.063, 50.675 ], [ 11.058, 50.628 ], [ 11.089, 50.607 ], [ 11.049, 50.551 ], [ 11.013, 50.558 ], [ 10.986, 50.547 ], [ 10.942, 50.548 ], [ 10.918, 50.586 ], [ 10.919, 50.571 ], [ 10.909, 50.574 ], [ 10.917, 50.589 ], [ 10.923, 50.591 ], [ 10.896, 50.61 ], [ 10.865, 50.566 ], [ 10.844, 50.579 ], [ 10.838, 50.565 ], [ 10.826, 50.59 ], [ 10.845, 50.611 ], [ 10.826, 50.627 ], [ 10.84, 50.646 ], [ 10.792, 50.688 ], [ 10.747, 50.688 ], [ 10.755, 50.716 ], [ 10.738, 50.729 ], [ 10.722, 50.739 ], [ 10.704, 50.716 ], [ 10.656, 50.723 ], [ 10.65, 50.716 ], [ 10.619, 50.736 ], [ 10.584, 50.736 ], [ 10.561, 50.783 ], [ 10.538, 50.783 ], [ 10.538, 50.827 ], [ 10.467, 50.851 ], [ 10.425, 50.843 ], [ 10.401, 50.864 ], [ 10.443, 50.909 ], [ 10.48, 50.917 ], [ 10.479, 50.898 ], [ 10.497, 50.897 ], [ 10.485, 50.92 ], [ 10.521, 50.966 ], [ 10.486, 50.97 ], [ 10.481, 50.994 ], [ 10.599, 51.025 ], [ 10.617, 51.04 ], [ 10.642, 51.033 ], [ 10.711, 51.052 ], [ 10.695, 51.08 ], [ 10.703, 51.098 ], [ 10.746, 51.111 ] ] ] } },
{ "type": "Feature", "properties": { "wkr_nr": 192, "wkr_name": "Erfurt – Weimar – Weimarer Land II", "land": "Thüringen", "wahlbeteiligung_prozent": 82.1, "union_prozent": 17.6, "afd_prozent": 26.9, "spd_prozent": 10.5, "gruene_prozent": 8.8, "linke_prozent": 22.1, "bsw_prozent": 9.0, "fdp_prozent": 2.9, "staerkste_partei": "afd" }, "geometry": { "type": "Polygon", "coordinates": [ [ [ 11.047, 51.08 ], [ 11.092, 51.065 ], [ 11.088, 51.051 ], [ 11.125, 51.022 ], [ 11.123, 51.009 ], [ 11.217, 51.033 ], [ 11.237, 51.022 ], [ 11.251, 51.037 ], [ 11.271, 51.026 ], [ 11.294, 51.031 ], [ 11.305, 51.019 ], [ 11.315, 51.026 ], [ 11.373, 51.02 ], [ 11.348, 51.008 ], [ 11.37, 50.984 ], [ 11.393, 50.996 ], [ 11.398, 50.955 ], [ 11.356, 50.936 ], [ 11.334, 50.942 ], [ 11.32, 50.919 ], [ 11.293, 50.918 ], [ 11.268, 50.939 ], [ 11.267, 50.913 ], [ 11.234, 50.913 ], [ 11.221, 50.93 ], [ 11.174, 50.92 ], [ 11.112, 50.93 ], [ 11.11, 50.913 ], [ 10.997, 50.908 ], [ 10.963, 50.89 ], [ 10.936, 50.895 ], [ 10.932, 50.91 ], [ 10.965, 50.92 ], [ 10.959, 50.934 ], [ 10.939, 50.947 ], [ 10.9, 50.941 ], [ 10.894, 50.961 ], [ 10.866, 50.965 ], [ 10.863, 50.977 ], [ 10.892, 50.99 ], [ 10.884, 51.001 ], [ 10.864, 51.001 ], [ 10.855, 51.026 ], [ 10.925, 51.015 ], [ 10.932, 51.03 ], [ 10.987, 51.043 ], [ 10.976, 51.065 ], [ 11.036, 51.063 ], [ 11.047, 51.08 ] ] ] } },
{ "type": "Feature", "properties": { "wkr_nr": 193, "wkr_name": "Gera – Greiz – Altenburger Land", "land": "Thüringen", "wahlbeteiligung_prozent": 78.9, "union_prozent": 17.8, "afd_prozent": 43.4, "spd_prozent": 7.9, "gruene_prozent": 2.9, "linke_prozent": 13.0, "bsw_prozent": 9.9, "fdp_prozent": 3.0, "staerkste_partei": "afd" }, "geometry": { "type": "Polygon", "coordinates": [ [ [ 12.332, 51.104 ], [ 12.361, 51.08 ], [ 12.393, 51.084 ], [ 12.41, 51.073 ], [ 12.458, 51.085 ], [ 12.463, 51.067 ], [ 12.502, 51.064 ], [ 12.507, 51.017 ], [ 12.514, 51.027 ], [ 12.539, 51.024 ], [ 12.528, 50.999 ], [ 12.556, 50.997 ], [ 12.583, 50.982 ], [ 12.608, 50.997 ], [ 12.624, 50.94 ], [ 12.654, 50.919 ], [ 12.64, 50.903 ], [ 12.508, 50.904 ], [ 12.511, 50.894 ], [ 12.459, 50.88 ], [ 12.464, 50.87 ], [ 12.448, 50.867 ], [ 12.437, 50.842 ], [ 12.42, 50.84 ], [ 12.415, 50.857 ], [ 12.374, 50.853 ], [ 12.348, 50.838 ], [ 12.348, 50.824 ], [ 12.307, 50.819 ], [ 12.299, 50.83 ], [ 12.302, 50.817 ], [ 12.29, 50.824 ], [ 12.28, 50.81 ], [ 12.277, 50.818 ], [ 12.26, 50.811 ], [ 12.25, 50.819 ], [ 12.253, 50.789 ], [ 12.29, 50.783 ], [ 12.264, 50.76 ], [ 12.241, 50.767 ], [ 12.227, 50.738 ], [ 12.265, 50.738 ], [ 12.273, 50.728 ], [ 12.253, 50.716 ], [ 12.263, 50.695 ], [ 12.275, 50.686 ], [ 12.319, 50.684 ], [ 12.318, 50.663 ], [ 12.264, 50.643 ], [ 12.266, 50.631 ], [ 12.233, 50.627 ], [ 12.198, 50.641 ], [ 12.183, 50.612 ], [ 12.17, 50.629 ], [ 12.154, 50.631 ], [ 12.147, 50.606 ], [ 12.11, 50.589 ], [ 12.156, 50.586 ], [ 12.156, 50.573 ], [ 12.116, 50.567 ], [ 12.084, 50.579 ], [ 12.073, 50.555 ], [ 12.03, 50.549 ], [ 12.018, 50.568 ], [ 12.036, 50.594 ], [ 12.005, 50.612 ], [ 12.022, 50.626 ], [ 12.01, 50.635 ], [ 11.979, 50.621 ], [ 11.989, 50.611 ], [ 11.944, 50.591 ], [ 11.935, 50.604 ], [ 11.903, 50.607 ], [ 11.881, 50.631 ], [ 11.891, 50.654 ], [ 11.888, 50.664 ], [ 11.866, 50.666 ], [ 11.867, 50.712 ], [ 11.944, 50.766 ], [ 11.913, 50.772 ], [ 11.899, 50.789 ], [ 11.867, 50.782 ], [ 11.858, 50.802 ], [ 11.901, 50.808 ], [ 11.909, 50.826 ], [ 11.89, 50.843 ], [ 11.921, 50.861 ], [ 11.898, 50.863 ], [ 11.892, 50.878 ], [ 11.874, 50.881 ], [ 11.896, 50.898 ], [ 11.918, 50.893 ], [ 11.923, 50.914 ], [ 11.952, 50.916 ], [ 11.967, 50.934 ], [ 11.958, 50.945 ], [ 11.987, 50.957 ], [ 12.021, 50.948 ], [ 12.017, 50.968 ], [ 12.037, 50.973 ], [ 12.092, 50.977 ], [ 12.164, 50.959 ], [ 12.183, 50.976 ], [ 12.198, 50.957 ], [ 12.214, 50.958 ], [ 12.216, 50.939 ], [ 12.293, 51.022 ], [ 12.281, 51.04 ], [ 12.25, 51.038 ], [ 12.266, 51.077 ], [ 12.284, 51.092 ], [ 12.332, 51.104 ] ] ] } },
{ "type": "Feature", "properties": { "wkr_nr": 194, "wkr_name": "Saalfeld-Rudolstadt – Saale-Holzland-Kreis – Saale-Orla-Kreis", "land": "Thüringen", "wahlbeteiligung_prozent": 81.6, "union_prozent": 17.9, "afd_prozent": 42.9, "spd_prozent": 7.5, "gruene_prozent": 2.9, "linke_prozent": 13.5, "bsw_prozent": 9.9, "fdp_prozent": 2.8, "staerkste_partei": "afd" }, "geometry": { "type": "Polygon", "coordinates": [ [ [ 11.698, 51.083 ], [ 11.701, 51.069 ], [ 11.732, 51.068 ], [ 11.76, 51.043 ], [ 11.775, 51.053 ], [ 11.804, 51.047 ], [ 11.889, 51.056 ], [ 11.911, 51.045 ], [ 11.912, 51.028 ], [ 11.943, 51.032 ], [ 11.98, 51.014 ], [ 11.974, 50.99 ], [ 12.007, 50.991 ], [ 12.017, 50.979 ], [ 12.021, 50.948 ], [ 11.987, 50.957 ], [ 11.958, 50.945 ], [ 11.967, 50.934 ], [ 11.952, 50.916 ], [ 11.923, 50.914 ], [ 11.918, 50.893 ], [ 11.899, 50.899 ], [ 11.875, 50.883 ], [ 11.921, 50.859 ], [ 11.89, 50.843 ], [ 11.909, 50.826 ], [ 11.901, 50.808 ], [ 11.858, 50.802 ], [ 11.867, 50.782 ], [ 11.899, 50.789 ], [ 11.913, 50.772 ], [ 11.944, 50.766 ], [ 11.867, 50.712 ], [ 11.866, 50.666 ], [ 11.888, 50.664 ], [ 11.891, 50.654 ], [ 11.881, 50.631 ], [ 11.903, 50.607 ], [ 11.935, 50.604 ], [ 11.944, 50.591 ], [ 11.924, 50.586 ], [ 11.926, 50.557 ], [ 11.885, 50.552 ], [ 11.871, 50.54 ], [ 11.888, 50.517 ], [ 11.931, 50.523 ], [ 11.934, 50.506 ], [ 11.965, 50.484 ], [ 11.938, 50.472 ], [ 11.951, 50.454 ], [ 11.932, 50.464 ], [ 11.889, 50.444 ], [ 11.927, 50.433 ], [ 11.924, 50.426 ], [ 11.824, 50.39 ], [ 11.825, 50.404 ], [ 11.78, 50.419 ], [ 11.751, 50.415 ], [ 11.762, 50.405 ], [ 11.744, 50.411 ], [ 11.715, 50.397 ], [ 11.708, 50.404 ], [ 11.625, 50.387 ], [ 11.594, 50.403 ], [ 11.573, 50.4 ], [ 11.56, 50.384 ], [ 11.52, 50.374 ], [ 11.519, 50.396 ], [ 11.479, 50.401 ], [ 11.482, 50.432 ], [ 11.443, 50.421 ], [ 11.451, 50.431 ], [ 11.421, 50.443 ], [ 11.419, 50.493 ], [ 11.441, 50.501 ], [ 11.425, 50.516 ], [ 11.344, 50.521 ], [ 11.347, 50.512 ], [ 11.321, 50.509 ], [ 11.323, 50.491 ], [ 11.301, 50.488 ], [ 11.291, 50.475 ], [ 11.289, 50.486 ], [ 11.266, 50.479 ], [ 11.284, 50.496 ], [ 11.268, 50.491 ], [ 11.274, 50.499 ], [ 11.235, 50.507 ], [ 11.225, 50.528 ], [ 11.205, 50.527 ], [ 11.198, 50.547 ], [ 11.212, 50.55 ], [ 11.177, 50.567 ], [ 11.156, 50.544 ], [ 11.132, 50.54 ], [ 11.134, 50.531 ], [ 11.092, 50.531 ], [ 11.084, 50.51 ], [ 11.066, 50.515 ], [ 11.068, 50.525 ], [ 10.986, 50.529 ], [ 10.966, 50.55 ], [ 11.013, 50.558 ], [ 11.049, 50.551 ], [ 11.089, 50.604 ], [ 11.058, 50.628 ], [ 11.063, 50.675 ], [ 11.043, 50.679 ], [ 11.024, 50.669 ], [ 11.011, 50.688 ], [ 11.057, 50.687 ], [ 11.053, 50.708 ], [ 11.071, 50.72 ], [ 11.072, 50.695 ], [ 11.095, 50.698 ], [ 11.097, 50.727 ], [ 11.11, 50.733 ], [ 11.137, 50.719 ], [ 11.151, 50.733 ], [ 11.188, 50.734 ], [ 11.175, 50.772 ], [ 11.209, 50.796 ], [ 11.189, 50.799 ], [ 11.253, 50.812 ], [ 11.251, 50.834 ], [ 11.277, 50.83 ], [ 11.275, 50.819 ], [ 11.3, 50.814 ], [ 11.288, 50.81 ], [ 11.339, 50.794 ], [ 11.363, 50.8 ], [ 11.362, 50.816 ], [ 11.391, 50.818 ], [ 11.386, 50.803 ], [ 11.4, 50.802 ], [ 11.433, 50.817 ], [ 11.431, 50.831 ], [ 11.455, 50.828 ], [ 11.46, 50.84 ], [ 11.439, 50.865 ], [ 11.487, 50.881 ], [ 11.491, 50.902 ], [ 11.507, 50.907 ], [ 11.554, 50.897 ], [ 11.563, 50.874 ], [ 11.527, 50.863 ], [ 11.563, 50.856 ], [ 11.612, 50.863 ], [ 11.609, 50.876 ], [ 11.664, 50.881 ], [ 11.646, 50.9 ], [ 11.667, 50.912 ], [ 11.673, 50.952 ], [ 11.617, 50.977 ], [ 11.566, 50.966 ], [ 11.547, 50.99 ], [ 11.605, 51.006 ], [ 11.621, 51.028 ], [ 11.652, 51.024 ], [ 11.675, 51.036 ], [ 11.682, 51.084 ], [ 11.698, 51.083 ] ] ] } },
{ "type": "Feature", "properties": { "wkr_nr": 195, "wkr_name": "Suhl – Schmalkalden-Meiningen – Hildburghausen – Sonneberg", "land": "Thüringen", "wahlbeteiligung_prozent": 80.1, "union_prozent": 17.5, "afd_prozent": 43.1, "spd_prozent": 8.3, "gruene_prozent": 2.5, "linke_prozent": 12.5, "bsw_prozent": 10.1, "fdp_prozent": 2.6, "staerkste_partei": "afd" }, "geometry": { "type": "MultiPolygon", "coordinates": [ [ [ [ 10.472, 50.848 ], [ 10.538, 50.827 ], [ 10.538, 50.783 ], [ 10.561, 50.783 ], [ 10.584, 50.736 ], [ 10.619, 50.736 ], [ 10.65, 50.716 ], [ 10.668, 50.724 ], [ 10.696, 50.715 ], [ 10.722, 50.739 ], [ 10.755, 50.716 ], [ 10.747, 50.688 ], [ 10.799, 50.685 ], [ 10.84, 50.646 ], [ 10.826, 50.627 ], [ 10.845, 50.611 ], [ 10.826, 50.59 ], [ 10.838, 50.565 ], [ 10.844, 50.579 ], [ 10.865, 50.566 ], [ 10.896, 50.61 ], [ 10.923, 50.591 ], [ 10.917, 50.589 ], [ 10.909, 50.574 ], [ 10.916, 50.57 ], [ 10.919, 50.571 ], [ 10.911, 50.575 ], [ 10.918, 50.586 ], [ 10.942, 50.548 ], [ 10.969, 50.553 ], [ 10.986, 50.529 ], [ 11.068, 50.525 ], [ 11.066, 50.515 ], [ 11.084, 50.51 ], [ 11.092, 50.531 ], [ 11.134, 50.531 ], [ 11.169, 50.566 ], [ 11.203, 50.557 ], [ 11.205, 50.527 ], [ 11.225, 50.528 ], [ 11.235, 50.507 ], [ 11.274, 50.499 ], [ 11.268, 50.491 ], [ 11.285, 50.495 ], [ 11.245, 50.472 ], [ 11.247, 50.449 ], [ 11.268, 50.432 ], [ 11.258, 50.4 ], [ 11.284, 50.36 ], [ 11.262, 50.352 ], [ 11.277, 50.336 ], [ 11.261, 50.338 ], [ 11.27, 50.307 ], [ 11.252, 50.299 ], [ 11.252, 50.269 ], [ 11.198, 50.292 ], [ 11.187, 50.27 ], [ 11.174, 50.271 ], [ 11.184, 50.281 ], [ 11.146, 50.285 ], [ 11.132, 50.308 ], [ 11.159, 50.33 ], [ 11.139, 50.354 ], [ 11.117, 50.349 ], [ 11.115, 50.367 ], [ 11.043, 50.345 ], [ 11.033, 50.361 ], [ 10.993, 50.365 ], [ 11.0, 50.352 ], [ 10.986, 50.347 ], [ 10.938, 50.392 ], [ 10.893, 50.38 ], [ 10.873, 50.397 ], [ 10.804, 50.379 ], [ 10.786, 50.385 ], [ 10.755, 50.358 ], [ 10.715, 50.364 ], [ 10.712, 50.355 ], [ 10.714, 50.346 ], [ 10.729, 50.348 ], [ 10.715, 50.321 ], [ 10.742, 50.316 ], [ 10.771, 50.293 ], [ 10.803, 50.292 ], [ 10.804, 50.28 ], [ 10.846, 50.275 ], [ 10.848, 50.245 ], [ 10.824, 50.238 ], [ 10.801, 50.251 ], [ 10.77, 50.241 ], [ 10.732, 50.252 ], [ 10.731, 50.213 ], [ 10.717, 50.205 ], [ 10.687, 50.226 ], [ 10.612, 50.224 ], [ 10.597, 50.246 ], [ 10.611, 50.249 ], [ 10.598, 50.263 ], [ 10.607, 50.271 ], [ 10.591, 50.272 ], [ 10.605, 50.294 ], [ 10.592, 50.308 ], [ 10.601, 50.334 ], [ 10.562, 50.337 ], [ 10.544, 50.365 ], [ 10.515, 50.35 ], [ 10.512, 50.36 ], [ 10.492, 50.355 ], [ 10.494, 50.369 ], [ 10.464, 50.376 ], [ 10.45, 50.403 ], [ 10.394, 50.394 ], [ 10.385, 50.409 ], [ 10.404, 50.425 ], [ 10.371, 50.432 ], [ 10.381, 50.439 ], [ 10.336, 50.466 ], [ 10.331, 50.494 ], [ 10.231, 50.512 ], [ 10.232, 50.531 ], [ 10.204, 50.555 ], [ 10.178, 50.552 ], [ 10.175, 50.543 ], [ 10.15, 50.552 ], [ 10.14, 50.543 ], [ 10.119, 50.564 ], [ 10.041, 50.516 ], [ 10.062, 50.557 ], [ 10.037, 50.613 ], [ 10.058, 50.626 ], [ 10.081, 50.62 ], [ 10.083, 50.634 ], [ 10.056, 50.671 ], [ 10.086, 50.666 ], [ 10.073, 50.661 ], [ 10.074, 50.65 ], [ 10.097, 50.648 ], [ 10.116, 50.66 ], [ 10.132, 50.645 ], [ 10.142, 50.664 ], [ 10.176, 50.67 ], [ 10.193, 50.688 ], [ 10.184, 50.718 ], [ 10.222, 50.735 ], [ 10.203, 50.777 ], [ 10.24, 50.766 ], [ 10.245, 50.774 ], [ 10.245, 50.766 ], [ 10.263, 50.764 ], [ 10.327, 50.788 ], [ 10.343, 50.78 ], [ 10.379, 50.784 ], [ 10.374, 50.796 ], [ 10.39, 50.804 ], [ 10.379, 50.807 ], [ 10.405, 50.815 ], [ 10.411, 50.85 ], [ 10.428, 50.843 ], [ 10.472, 50.848 ] ] ], [ [ [ 10.081, 50.672 ], [ 10.084, 50.669 ], [ 10.081, 50.67 ], [ 10.081, 50.672 ] ] ] ] } },
{ "type": "Feature", "properties": { "wkr_nr": 196, "wkr_name": "Neuwied", "land": "Rheinland-Pfalz", "wahlbeteiligung_prozent": 82.3, "union_prozent": 32.3, "afd_prozent": 21.7, "spd_prozent": 18.5, "gruene_prozent": 8.1, "linke_prozent": 6.1, "bsw_prozent": 4.7, "fdp_prozent": 4.4, "staerkste_partei": "union" }, "geometry": { "type": "MultiPolygon", "coordinates": [ [ [ [ 7.793, 50.942 ], [ 7.851, 50.926 ], [ 7.829, 50.882 ], [ 7.882, 50.875 ], [ 7.906, 50.848 ], [ 7.958, 50.849 ], [ 7.978, 50.833 ], [ 7.964, 50.784 ], [ 8.04, 50.726 ], [ 8.04, 50.697 ], [ 7.976, 50.676 ], [ 7.947, 50.709 ], [ 7.903, 50.719 ], [ 7.875, 50.69 ], [ 7.893, 50.682 ], [ 7.884, 50.679 ], [ 7.855, 50.685 ], [ 7.86, 50.697 ], [ 7.836, 50.712 ], [ 7.815, 50.704 ], [ 7.805, 50.731 ], [ 7.743, 50.74 ], [ 7.745, 50.73 ], [ 7.72, 50.731 ], [ 7.72, 50.723 ], [ 7.735, 50.725 ], [ 7.696, 50.703 ], [ 7.726, 50.689 ], [ 7.726, 50.678 ], [ 7.693, 50.67 ], [ 7.703, 50.623 ], [ 7.666, 50.599 ], [ 7.683, 50.589 ], [ 7.685, 50.567 ], [ 7.698, 50.575 ], [ 7.704, 50.562 ], [ 7.696, 50.528 ], [ 7.668, 50.519 ], [ 7.679, 50.496 ], [ 7.603, 50.482 ], [ 7.598, 50.465 ], [ 7.577, 50.463 ], [ 7.577, 50.449 ], [ 7.555, 50.437 ], [ 7.551, 50.419 ], [ 7.473, 50.413 ], [ 7.438, 50.442 ], [ 7.392, 50.445 ], [ 7.351, 50.469 ], [ 7.299, 50.517 ], [ 7.268, 50.572 ], [ 7.212, 50.59 ], [ 7.211, 50.623 ], [ 7.27, 50.626 ], [ 7.359, 50.649 ], [ 7.372, 50.682 ], [ 7.357, 50.698 ], [ 7.374, 50.718 ], [ 7.443, 50.711 ], [ 7.52, 50.729 ], [ 7.519, 50.737 ], [ 7.552, 50.746 ], [ 7.592, 50.741 ], [ 7.601, 50.766 ], [ 7.655, 50.768 ], [ 7.659, 50.785 ], [ 7.676, 50.779 ], [ 7.682, 50.795 ], [ 7.661, 50.82 ], [ 7.699, 50.825 ], [ 7.729, 50.851 ], [ 7.762, 50.845 ], [ 7.753, 50.851 ], [ 7.766, 50.857 ], [ 7.748, 50.867 ], [ 7.76, 50.9 ], [ 7.735, 50.918 ], [ 7.793, 50.942 ] ], [ [ 7.666, 50.569 ], [ 7.677, 50.562 ], [ 7.68, 50.566 ], [ 7.666, 50.569 ] ] ], [ [ [ 7.69, 50.596 ], [ 7.711, 50.595 ], [ 7.706, 50.586 ], [ 7.696, 50.58 ], [ 7.69, 50.596 ] ] ] ] } },
{ "type": "Feature", "properties": { "wkr_nr": 197, "wkr_name": "Ahrweiler", "land": "Rheinland-Pfalz", "wahlbeteiligung_prozent": 83.5, "union_prozent": 34.8, "afd_prozent": 18.3, "spd_prozent": 17.9, "gruene_prozent": 9.9, "linke_prozent": 5.7, "bsw_prozent": 3.9, "fdp_prozent": 4.8, "staerkste_partei": "union" }, "geometry": { "type": "Polygon", "coordinates": [ [ [ 7.204, 50.65 ], [ 7.212, 50.59 ], [ 7.268, 50.572 ], [ 7.303, 50.512 ], [ 7.354, 50.466 ], [ 7.392, 50.445 ], [ 7.435, 50.444 ], [ 7.451, 50.429 ], [ 7.432, 50.42 ], [ 7.447, 50.411 ], [ 7.438, 50.363 ], [ 7.425, 50.364 ], [ 7.435, 50.35 ], [ 7.408, 50.346 ], [ 7.416, 50.299 ], [ 7.394, 50.288 ], [ 7.418, 50.247 ], [ 7.376, 50.209 ], [ 7.357, 50.214 ], [ 7.35, 50.197 ], [ 7.294, 50.202 ], [ 7.319, 50.214 ], [ 7.291, 50.243 ], [ 7.243, 50.253 ], [ 7.246, 50.261 ], [ 7.191, 50.262 ], [ 7.186, 50.279 ], [ 7.163, 50.281 ], [ 7.125, 50.263 ], [ 7.124, 50.277 ], [ 7.077, 50.27 ], [ 7.08, 50.279 ], [ 7.042, 50.289 ], [ 7.0, 50.29 ], [ 6.974, 50.306 ], [ 7.038, 50.335 ], [ 7.008, 50.35 ], [ 6.984, 50.349 ], [ 6.971, 50.328 ], [ 6.952, 50.33 ], [ 6.928, 50.307 ], [ 6.891, 50.322 ], [ 6.793, 50.326 ], [ 6.812, 50.337 ], [ 6.796, 50.342 ], [ 6.803, 50.369 ], [ 6.769, 50.393 ], [ 6.785, 50.421 ], [ 6.771, 50.436 ], [ 6.76, 50.431 ], [ 6.744, 50.441 ], [ 6.767, 50.459 ], [ 6.745, 50.473 ], [ 6.801, 50.491 ], [ 6.812, 50.472 ], [ 6.857, 50.453 ], [ 6.901, 50.469 ], [ 6.907, 50.503 ], [ 6.889, 50.507 ], [ 6.898, 50.518 ], [ 6.882, 50.527 ], [ 6.929, 50.533 ], [ 6.928, 50.559 ], [ 6.972, 50.556 ], [ 6.998, 50.565 ], [ 7.056, 50.606 ], [ 7.087, 50.586 ], [ 7.115, 50.612 ], [ 7.148, 50.6 ], [ 7.155, 50.615 ], [ 7.173, 50.613 ], [ 7.19, 50.624 ], [ 7.204, 50.65 ] ] ] } },
{ "type": "Feature", "properties": { "wkr_nr": 198, "wkr_name": "Koblenz", "land": "Rheinland-Pfalz", "wahlbeteiligung_prozent": 82.2, "union_prozent": 31.5, "afd_prozent": 16.4, "spd_prozent": 19.5, "gruene_prozent": 11.6, "linke_prozent": 7.7, "bsw_prozent": 4.0, "fdp_prozent": 4.8, "staerkste_partei": "union" }, "geometry": { "type": "Polygon", "coordinates": [ [ [ 7.611, 50.462 ], [ 7.626, 50.442 ], [ 7.648, 50.459 ], [ 7.632, 50.446 ], [ 7.675, 50.426 ], [ 7.679, 50.403 ], [ 7.65, 50.4 ], [ 7.645, 50.389 ], [ 7.686, 50.374 ], [ 7.696, 50.352 ], [ 7.738, 50.369 ], [ 7.756, 50.401 ], [ 7.751, 50.384 ], [ 7.776, 50.397 ], [ 7.792, 50.388 ], [ 7.768, 50.367 ], [ 7.776, 50.355 ], [ 7.793, 50.36 ], [ 7.771, 50.342 ], [ 7.776, 50.313 ], [ 7.731, 50.298 ], [ 7.737, 50.29 ], [ 7.754, 50.293 ], [ 7.741, 50.254 ], [ 7.713, 50.241 ], [ 7.734, 50.231 ], [ 7.707, 50.21 ], [ 7.718, 50.199 ], [ 7.74, 50.213 ], [ 7.745, 50.194 ], [ 7.778, 50.188 ], [ 7.782, 50.174 ], [ 7.798, 50.17 ], [ 7.811, 50.147 ], [ 7.801, 50.14 ], [ 7.816, 50.144 ], [ 7.854, 50.129 ], [ 7.83, 50.098 ], [ 7.837, 50.084 ], [ 7.803, 50.085 ], [ 7.782, 50.067 ], [ 7.723, 50.113 ], [ 7.739, 50.13 ], [ 7.724, 50.148 ], [ 7.697, 50.168 ], [ 7.646, 50.178 ], [ 7.64, 50.205 ], [ 7.608, 50.231 ], [ 7.58, 50.237 ], [ 7.593, 50.25 ], [ 7.636, 50.246 ], [ 7.605, 50.256 ], [ 7.616, 50.257 ], [ 7.612, 50.263 ], [ 7.57, 50.254 ], [ 7.525, 50.261 ], [ 7.469, 50.201 ], [ 7.447, 50.199 ], [ 7.45, 50.215 ], [ 7.428, 50.213 ], [ 7.415, 50.193 ], [ 7.43, 50.176 ], [ 7.409, 50.161 ], [ 7.382, 50.161 ], [ 7.37, 50.181 ], [ 7.346, 50.181 ], [ 7.37, 50.19 ], [ 7.392, 50.232 ], [ 7.418, 50.247 ], [ 7.394, 50.286 ], [ 7.42, 50.316 ], [ 7.408, 50.346 ], [ 7.435, 50.35 ], [ 7.425, 50.364 ], [ 7.437, 50.362 ], [ 7.442, 50.373 ], [ 7.447, 50.411 ], [ 7.432, 50.42 ], [ 7.451, 50.429 ], [ 7.479, 50.412 ], [ 7.551, 50.419 ], [ 7.577, 50.463 ], [ 7.611, 50.462 ] ] ] } },
{ "type": "Feature", "properties": { "wkr_nr": 199, "wkr_name": "Mosel/Rhein-Hunsrück", "land": "Rheinland-Pfalz", "wahlbeteiligung_prozent": 84.3, "union_prozent": 34.9, "afd_prozent": 19.6, "spd_prozent": 17.8, "gruene_prozent": 7.7, "linke_prozent": 5.2, "bsw_prozent": 4.0, "fdp_prozent": 5.3, "staerkste_partei": "union" }, "geometry": { "type": "Polygon", "coordinates": [ [ [ 7.074, 50.278 ], [ 7.077, 50.27 ], [ 7.126, 50.277 ], [ 7.125, 50.263 ], [ 7.172, 50.281 ], [ 7.186, 50.279 ], [ 7.191, 50.262 ], [ 7.246, 50.261 ], [ 7.243, 50.253 ], [ 7.288, 50.245 ], [ 7.315, 50.22 ], [ 7.294, 50.202 ], [ 7.35, 50.197 ], [ 7.347, 50.204 ], [ 7.367, 50.218 ], [ 7.384, 50.209 ], [ 7.346, 50.181 ], [ 7.37, 50.181 ], [ 7.382, 50.161 ], [ 7.399, 50.16 ], [ 7.43, 50.176 ], [ 7.415, 50.193 ], [ 7.428, 50.213 ], [ 7.45, 50.215 ], [ 7.447, 50.199 ], [ 7.469, 50.201 ], [ 7.525, 50.261 ], [ 7.57, 50.254 ], [ 7.612, 50.263 ], [ 7.605, 50.256 ], [ 7.636, 50.246 ], [ 7.593, 50.25 ], [ 7.58, 50.237 ], [ 7.608, 50.231 ], [ 7.64, 50.205 ], [ 7.646, 50.178 ], [ 7.697, 50.168 ], [ 7.724, 50.148 ], [ 7.739, 50.13 ], [ 7.723, 50.113 ], [ 7.765, 50.083 ], [ 7.706, 50.063 ], [ 7.665, 50.033 ], [ 7.692, 50.032 ], [ 7.7, 50.013 ], [ 7.735, 49.999 ], [ 7.687, 50.001 ], [ 7.707, 49.98 ], [ 7.667, 49.969 ], [ 7.651, 49.929 ], [ 7.631, 49.935 ], [ 7.572, 49.899 ], [ 7.544, 49.896 ], [ 7.496, 49.86 ], [ 7.468, 49.867 ], [ 7.424, 49.84 ], [ 7.412, 49.858 ], [ 7.387, 49.86 ], [ 7.398, 49.88 ], [ 7.387, 49.896 ], [ 7.324, 49.899 ], [ 7.294, 49.879 ], [ 7.281, 49.882 ], [ 7.281, 49.899 ], [ 7.241, 49.895 ], [ 7.223, 49.885 ], [ 7.262, 49.854 ], [ 7.128, 49.777 ], [ 7.124, 49.751 ], [ 7.031, 49.68 ], [ 7.004, 49.673 ], [ 6.978, 49.678 ], [ 6.983, 49.685 ], [ 6.965, 49.694 ], [ 6.967, 49.723 ], [ 6.909, 49.749 ], [ 6.896, 49.773 ], [ 6.875, 49.78 ], [ 6.902, 49.792 ], [ 6.898, 49.806 ], [ 6.942, 49.805 ], [ 6.95, 49.816 ], [ 6.901, 49.832 ], [ 6.872, 49.88 ], [ 6.903, 49.889 ], [ 6.898, 49.908 ], [ 6.921, 49.899 ], [ 6.981, 49.914 ], [ 6.946, 49.937 ], [ 6.978, 49.951 ], [ 6.956, 49.975 ], [ 6.971, 49.993 ], [ 6.981, 49.989 ], [ 6.977, 50.009 ], [ 7.048, 49.979 ], [ 7.056, 49.96 ], [ 7.084, 49.967 ], [ 7.096, 49.983 ], [ 7.124, 49.978 ], [ 7.115, 49.995 ], [ 7.125, 50.026 ], [ 7.103, 50.037 ], [ 7.099, 50.062 ], [ 7.031, 50.065 ], [ 7.003, 50.086 ], [ 6.983, 50.083 ], [ 6.979, 50.124 ], [ 6.996, 50.133 ], [ 6.956, 50.158 ], [ 6.973, 50.162 ], [ 6.973, 50.174 ], [ 6.956, 50.224 ], [ 6.979, 50.237 ], [ 6.995, 50.237 ], [ 7.007, 50.219 ], [ 7.034, 50.226 ], [ 7.074, 50.278 ] ] ] } },
{ "type": "Feature", "properties": { "wkr_nr": 200, "wkr_name": "Kreuznach", "land": "Rheinland-Pfalz", "wahlbeteiligung_prozent": 81.6, "union_prozent": 30.3, "afd_prozent": 22.3, "spd_prozent": 20.3, "gruene_prozent": 8.0, "linke_prozent": 5.9, "bsw_prozent": 4.3, "fdp_prozent": 4.4, "staerkste_partei": "union" }, "geometry": { "type": "Polygon", "coordinates": [ [ [ 7.687, 50.001 ], [ 7.756, 49.996 ], [ 7.774, 49.973 ], [ 7.821, 49.954 ], [ 7.805, 49.948 ], [ 7.811, 49.934 ], [ 7.845, 49.943 ], [ 7.898, 49.93 ], [ 7.919, 49.882 ], [ 7.954, 49.875 ], [ 7.969, 49.854 ], [ 7.953, 49.842 ], [ 7.964, 49.833 ], [ 7.928, 49.811 ], [ 7.935, 49.768 ], [ 7.919, 49.753 ], [ 7.902, 49.753 ], [ 7.9, 49.762 ], [ 7.87, 49.756 ], [ 7.862, 49.766 ], [ 7.841, 49.754 ], [ 7.78, 49.751 ], [ 7.767, 49.764 ], [ 7.767, 49.744 ], [ 7.724, 49.721 ], [ 7.735, 49.697 ], [ 7.721, 49.672 ], [ 7.664, 49.636 ], [ 7.653, 49.646 ], [ 7.674, 49.668 ], [ 7.663, 49.678 ], [ 7.674, 49.688 ], [ 7.659, 49.701 ], [ 7.643, 49.687 ], [ 7.6, 49.68 ], [ 7.548, 49.693 ], [ 7.536, 49.714 ], [ 7.523, 49.708 ], [ 7.522, 49.679 ], [ 7.454, 49.674 ], [ 7.426, 49.654 ], [ 7.449, 49.615 ], [ 7.44, 49.594 ], [ 7.363, 49.596 ], [ 7.319, 49.562 ], [ 7.324, 49.556 ], [ 7.277, 49.549 ], [ 7.269, 49.584 ], [ 7.213, 49.566 ], [ 7.21, 49.577 ], [ 7.173, 49.585 ], [ 7.174, 49.599 ], [ 7.088, 49.6 ], [ 7.059, 49.63 ], [ 7.028, 49.639 ], [ 7.051, 49.655 ], [ 7.044, 49.672 ], [ 7.065, 49.677 ], [ 7.044, 49.689 ], [ 7.126, 49.753 ], [ 7.128, 49.777 ], [ 7.262, 49.854 ], [ 7.223, 49.885 ], [ 7.281, 49.899 ], [ 7.281, 49.882 ], [ 7.294, 49.879 ], [ 7.324, 49.899 ], [ 7.374, 49.9 ], [ 7.397, 49.888 ], [ 7.387, 49.86 ], [ 7.412, 49.858 ], [ 7.424, 49.84 ], [ 7.468, 49.867 ], [ 7.496, 49.86 ], [ 7.544, 49.896 ], [ 7.572, 49.899 ], [ 7.631, 49.935 ], [ 7.651, 49.929 ], [ 7.667, 49.969 ], [ 7.707, 49.98 ], [ 7.687, 50.001 ] ] ] } },
{ "type": "Feature", "properties": { "wkr_nr": 201, "wkr_name": "Bitburg", "land": "Rheinland-Pfalz", "wahlbeteiligung_prozent": 83.3, "union_prozent": 36.6, "afd_prozent": 17.9, "spd_prozent": 16.9, "gruene_prozent": 7.5, "linke_prozent": 5.0, "bsw_prozent": 3.7, "fdp_prozent": 4.5, "staerkste_partei": "union" }, "geometry": { "type": "Polygon", "coordinates": [ [ [ 6.423, 50.369 ], [ 6.449, 50.371 ], [ 6.459, 50.362 ], [ 6.452, 50.336 ], [ 6.485, 50.339 ], [ 6.507, 50.36 ], [ 6.516, 50.355 ], [ 6.53, 50.369 ], [ 6.559, 50.369 ], [ 6.603, 50.388 ], [ 6.604, 50.375 ], [ 6.625, 50.375 ], [ 6.622, 50.354 ], [ 6.636, 50.345 ], [ 6.667, 50.372 ], [ 6.699, 50.336 ], [ 6.778, 50.364 ], [ 6.801, 50.362 ], [ 6.796, 50.342 ], [ 6.812, 50.337 ], [ 6.793, 50.326 ], [ 6.891, 50.322 ], [ 6.92, 50.307 ], [ 6.945, 50.314 ], [ 6.952, 50.33 ], [ 6.971, 50.328 ], [ 6.987, 50.35 ], [ 7.038, 50.335 ], [ 6.974, 50.306 ], [ 7.0, 50.29 ], [ 7.07, 50.28 ], [ 7.057, 50.241 ], [ 7.007, 50.219 ], [ 6.995, 50.237 ], [ 6.956, 50.224 ], [ 6.973, 50.174 ], [ 6.973, 50.162 ], [ 6.956, 50.158 ], [ 6.996, 50.133 ], [ 6.979, 50.124 ], [ 6.983, 50.083 ], [ 7.003, 50.086 ], [ 7.031, 50.065 ], [ 7.099, 50.062 ], [ 7.103, 50.037 ], [ 7.125, 50.026 ], [ 7.115, 49.995 ], [ 7.124, 49.978 ], [ 7.096, 49.983 ], [ 7.084, 49.967 ], [ 7.056, 49.96 ], [ 7.048, 49.979 ], [ 6.977, 50.009 ], [ 6.981, 49.989 ], [ 6.971, 49.993 ], [ 6.956, 49.975 ], [ 6.978, 49.951 ], [ 6.946, 49.937 ], [ 6.981, 49.914 ], [ 6.921, 49.899 ], [ 6.898, 49.908 ], [ 6.903, 49.889 ], [ 6.873, 49.884 ], [ 6.868, 49.865 ], [ 6.814, 49.862 ], [ 6.798, 49.851 ], [ 6.785, 49.878 ], [ 6.759, 49.879 ], [ 6.763, 49.892 ], [ 6.721, 49.882 ], [ 6.694, 49.918 ], [ 6.636, 49.876 ], [ 6.601, 49.88 ], [ 6.606, 49.892 ], [ 6.6, 49.897 ], [ 6.58, 49.867 ], [ 6.525, 49.853 ], [ 6.533, 49.839 ], [ 6.504, 49.839 ], [ 6.455, 49.812 ], [ 6.402, 49.82 ], [ 6.364, 49.851 ], [ 6.323, 49.838 ], [ 6.311, 49.87 ], [ 6.297, 49.866 ], [ 6.234, 49.9 ], [ 6.218, 49.924 ], [ 6.224, 49.95 ], [ 6.205, 49.955 ], [ 6.198, 49.948 ], [ 6.191, 49.969 ], [ 6.178, 49.954 ], [ 6.165, 49.971 ], [ 6.172, 49.985 ], [ 6.138, 49.998 ], [ 6.15, 50.009 ], [ 6.13, 50.019 ], [ 6.146, 50.023 ], [ 6.112, 50.061 ], [ 6.129, 50.074 ], [ 6.116, 50.074 ], [ 6.12, 50.092 ], [ 6.133, 50.093 ], [ 6.13, 50.122 ], [ 6.155, 50.142 ], [ 6.132, 50.154 ], [ 6.148, 50.161 ], [ 6.14, 50.169 ], [ 6.147, 50.178 ], [ 6.16, 50.172 ], [ 6.193, 50.182 ], [ 6.189, 50.205 ], [ 6.166, 50.22 ], [ 6.176, 50.235 ], [ 6.198, 50.238 ], [ 6.216, 50.257 ], [ 6.278, 50.266 ], [ 6.306, 50.32 ], [ 6.333, 50.323 ], [ 6.363, 50.305 ], [ 6.359, 50.313 ], [ 6.383, 50.322 ], [ 6.425, 50.323 ], [ 6.385, 50.384 ], [ 6.413, 50.389 ], [ 6.423, 50.369 ] ] ] } },
{ "type": "Feature", "properties": { "wkr_nr": 202, "wkr_name": "Trier", "land": "Rheinland-Pfalz", "wahlbeteiligung_prozent": 83.6, "union_prozent": 30.7, "afd_prozent": 15.5, "spd_prozent": 20.0, "gruene_prozent": 12.2, "linke_prozent": 7.7, "bsw_prozent": 4.4, "fdp_prozent": 4.7, "staerkste_partei": "union" }, "geometry": { "type": "Polygon", "coordinates": [ [ [ 6.693, 49.918 ], [ 6.724, 49.881 ], [ 6.763, 49.892 ], [ 6.759, 49.879 ], [ 6.785, 49.878 ], [ 6.798, 49.851 ], [ 6.814, 49.862 ], [ 6.868, 49.865 ], [ 6.872, 49.879 ], [ 6.901, 49.832 ], [ 6.95, 49.816 ], [ 6.942, 49.805 ], [ 6.898, 49.806 ], [ 6.902, 49.792 ], [ 6.875, 49.78 ], [ 6.896, 49.773 ], [ 6.909, 49.749 ], [ 6.973, 49.718 ], [ 6.965, 49.694 ], [ 6.983, 49.685 ], [ 6.978, 49.678 ], [ 7.004, 49.673 ], [ 7.044, 49.689 ], [ 7.061, 49.681 ], [ 7.044, 49.672 ], [ 7.051, 49.655 ], [ 6.986, 49.621 ], [ 6.992, 49.635 ], [ 6.951, 49.625 ], [ 6.941, 49.635 ], [ 6.93, 49.612 ], [ 6.891, 49.616 ], [ 6.88, 49.601 ], [ 6.866, 49.609 ], [ 6.835, 49.583 ], [ 6.813, 49.592 ], [ 6.754, 49.56 ], [ 6.709, 49.553 ], [ 6.69, 49.535 ], [ 6.684, 49.548 ], [ 6.664, 49.543 ], [ 6.652, 49.551 ], [ 6.646, 49.539 ], [ 6.617, 49.536 ], [ 6.605, 49.517 ], [ 6.58, 49.522 ], [ 6.564, 49.541 ], [ 6.517, 49.528 ], [ 6.468, 49.544 ], [ 6.452, 49.538 ], [ 6.43, 49.549 ], [ 6.414, 49.543 ], [ 6.38, 49.551 ], [ 6.358, 49.574 ], [ 6.381, 49.577 ], [ 6.375, 49.592 ], [ 6.421, 49.62 ], [ 6.441, 49.656 ], [ 6.428, 49.667 ], [ 6.507, 49.713 ], [ 6.496, 49.726 ], [ 6.517, 49.724 ], [ 6.502, 49.735 ], [ 6.5, 49.752 ], [ 6.519, 49.762 ], [ 6.506, 49.789 ], [ 6.531, 49.806 ], [ 6.52, 49.813 ], [ 6.511, 49.802 ], [ 6.476, 49.823 ], [ 6.504, 49.839 ], [ 6.533, 49.839 ], [ 6.525, 49.853 ], [ 6.58, 49.867 ], [ 6.6, 49.897 ], [ 6.601, 49.88 ], [ 6.636, 49.876 ], [ 6.693, 49.918 ] ] ] } },
{ "type": "Feature", "properties": { "wkr_nr": 203, "wkr_name": "Montabaur", "land": "Rheinland-Pfalz", "wahlbeteiligung_prozent": 83.3, "union_prozent": 32.5, "afd_prozent": 21.0, "spd_prozent": 18.1, "gruene_prozent": 8.5, "linke_prozent": 6.0, "bsw_prozent": 4.3, "fdp_prozent": 4.6, "staerkste_partei": "union" }, "geometry": { "type": "MultiPolygon", "coordinates": [ [ [ [ 7.747, 50.74 ], [ 7.808, 50.73 ], [ 7.8, 50.716 ], [ 7.815, 50.704 ], [ 7.836, 50.712 ], [ 7.86, 50.697 ], [ 7.855, 50.685 ], [ 7.884, 50.679 ], [ 7.893, 50.682 ], [ 7.875, 50.69 ], [ 7.903, 50.719 ], [ 7.947, 50.709 ], [ 7.976, 50.676 ], [ 8.028, 50.697 ], [ 8.099, 50.704 ], [ 8.126, 50.686 ], [ 8.11, 50.665 ], [ 8.141, 50.63 ], [ 8.126, 50.61 ], [ 8.152, 50.599 ], [ 8.138, 50.551 ], [ 8.111, 50.544 ], [ 8.118, 50.535 ], [ 8.071, 50.538 ], [ 8.042, 50.557 ], [ 7.983, 50.511 ], [ 7.979, 50.485 ], [ 8.011, 50.453 ], [ 7.975, 50.438 ], [ 7.988, 50.428 ], [ 7.964, 50.41 ], [ 7.987, 50.398 ], [ 8.024, 50.401 ], [ 8.015, 50.385 ], [ 8.043, 50.386 ], [ 8.046, 50.375 ], [ 8.06, 50.375 ], [ 8.072, 50.332 ], [ 8.103, 50.327 ], [ 8.122, 50.277 ], [ 8.103, 50.26 ], [ 8.079, 50.261 ], [ 8.072, 50.273 ], [ 8.036, 50.271 ], [ 8.022, 50.258 ], [ 8.059, 50.234 ], [ 8.035, 50.216 ], [ 8.012, 50.218 ], [ 7.99, 50.239 ], [ 7.985, 50.227 ], [ 7.915, 50.206 ], [ 7.883, 50.181 ], [ 7.891, 50.163 ], [ 7.933, 50.144 ], [ 7.923, 50.102 ], [ 7.903, 50.122 ], [ 7.885, 50.114 ], [ 7.818, 50.144 ], [ 7.801, 50.14 ], [ 7.811, 50.147 ], [ 7.798, 50.17 ], [ 7.782, 50.174 ], [ 7.778, 50.188 ], [ 7.745, 50.194 ], [ 7.74, 50.213 ], [ 7.718, 50.199 ], [ 7.709, 50.205 ], [ 7.734, 50.231 ], [ 7.713, 50.241 ], [ 7.741, 50.254 ], [ 7.754, 50.293 ], [ 7.737, 50.29 ], [ 7.731, 50.298 ], [ 7.776, 50.313 ], [ 7.771, 50.342 ], [ 7.793, 50.36 ], [ 7.776, 50.355 ], [ 7.768, 50.367 ], [ 7.792, 50.389 ], [ 7.776, 50.397 ], [ 7.751, 50.384 ], [ 7.756, 50.401 ], [ 7.738, 50.369 ], [ 7.696, 50.352 ], [ 7.686, 50.374 ], [ 7.645, 50.389 ], [ 7.65, 50.4 ], [ 7.681, 50.406 ], [ 7.675, 50.426 ], [ 7.632, 50.446 ], [ 7.648, 50.459 ], [ 7.626, 50.442 ], [ 7.595, 50.47 ], [ 7.603, 50.482 ], [ 7.679, 50.496 ], [ 7.668, 50.519 ], [ 7.696, 50.528 ], [ 7.704, 50.562 ], [ 7.698, 50.575 ], [ 7.685, 50.567 ], [ 7.683, 50.589 ], [ 7.666, 50.599 ], [ 7.703, 50.623 ], [ 7.693, 50.67 ], [ 7.726, 50.678 ], [ 7.697, 50.707 ], [ 7.728, 50.717 ], [ 7.735, 50.726 ], [ 7.72, 50.723 ], [ 7.72, 50.731 ], [ 7.745, 50.73 ], [ 7.747, 50.74 ] ], [ [ 7.711, 50.595 ], [ 7.69, 50.596 ], [ 7.696, 50.58 ], [ 7.711, 50.595 ] ] ], [ [ [ 7.68, 50.566 ], [ 7.67, 50.561 ], [ 7.666, 50.569 ], [ 7.68, 50.566 ] ] ] ] } },
{ "type": "Feature", "properties": { "wkr_nr": 204, "wkr_name": "Mainz", "land": "Rheinland-Pfalz", "wahlbeteiligung_prozent": 85.5, "union_prozent": 26.6, "afd_prozent": 10.8, "spd_prozent": 18.5, "gruene_prozent": 20.7, "linke_prozent": 11.1, "bsw_prozent": 3.3, "fdp_prozent": 5.1, "staerkste_partei": "union" }, "geometry": { "type": "Polygon", "coordinates": [ [ [ 7.767, 50.081 ], [ 7.773, 50.057 ], [ 7.853, 50.012 ], [ 7.878, 49.973 ], [ 7.967, 49.978 ], [ 8.036, 50.002 ], [ 8.196, 50.035 ], [ 8.265, 50.016 ], [ 8.325, 49.971 ], [ 8.343, 49.941 ], [ 8.297, 49.949 ], [ 8.28, 49.941 ], [ 8.247, 49.881 ], [ 8.204, 49.868 ], [ 8.177, 49.9 ], [ 8.024, 49.886 ], [ 7.991, 49.893 ], [ 8.007, 49.907 ], [ 7.995, 49.921 ], [ 7.945, 49.913 ], [ 7.942, 49.921 ], [ 7.899, 49.92 ], [ 7.898, 49.93 ], [ 7.855, 49.942 ], [ 7.812, 49.933 ], [ 7.802, 49.938 ], [ 7.818, 49.957 ], [ 7.774, 49.973 ], [ 7.756, 49.996 ], [ 7.7, 50.013 ], [ 7.692, 50.032 ], [ 7.665, 50.033 ], [ 7.706, 50.063 ], [ 7.767, 50.081 ] ] ] } },
{ "type": "Feature", "properties": { "wkr_nr": 205, "wkr_name": "Worms", "land": "Rheinland-Pfalz", "wahlbeteiligung_prozent": 84.1, "union_prozent": 28.8, "afd_prozent": 21.9, "spd_prozent": 19.1, "gruene_prozent": 10.7, "linke_prozent": 6.3, "bsw_prozent": 3.9, "fdp_prozent": 4.7, "staerkste_partei": "union" }, "geometry": { "type": "Polygon", "coordinates": [ [ [ 8.297, 49.949 ], [ 8.343, 49.941 ], [ 8.355, 49.913 ], [ 8.344, 49.88 ], [ 8.384, 49.856 ], [ 8.378, 49.825 ], [ 8.418, 49.772 ], [ 8.472, 49.769 ], [ 8.48, 49.761 ], [ 8.436, 49.721 ], [ 8.357, 49.692 ], [ 8.382, 49.627 ], [ 8.415, 49.595 ], [ 8.352, 49.608 ], [ 8.343, 49.595 ], [ 8.233, 49.588 ], [ 8.206, 49.621 ], [ 8.183, 49.629 ], [ 8.154, 49.623 ], [ 8.155, 49.658 ], [ 8.121, 49.671 ], [ 8.102, 49.698 ], [ 8.059, 49.695 ], [ 8.018, 49.711 ], [ 7.986, 49.697 ], [ 7.966, 49.699 ], [ 7.962, 49.714 ], [ 7.976, 49.718 ], [ 7.935, 49.736 ], [ 7.949, 49.756 ], [ 7.919, 49.742 ], [ 7.906, 49.749 ], [ 7.935, 49.768 ], [ 7.924, 49.805 ], [ 7.964, 49.833 ], [ 7.953, 49.842 ], [ 7.969, 49.854 ], [ 7.948, 49.881 ], [ 7.919, 49.882 ], [ 7.899, 49.92 ], [ 7.942, 49.921 ], [ 7.945, 49.913 ], [ 7.995, 49.921 ], [ 8.007, 49.907 ], [ 7.991, 49.893 ], [ 8.024, 49.886 ], [ 8.177, 49.9 ], [ 8.204, 49.868 ], [ 8.247, 49.881 ], [ 8.259, 49.914 ], [ 8.297, 49.949 ] ] ] } },
{ "type": "Feature", "properties": { "wkr_nr": 206, "wkr_name": "Ludwigshafen/Frankenthal", "land": "Rheinland-Pfalz", "wahlbeteiligung_prozent": 79.2, "union_prozent": 27.5, "afd_prozent": 23.4, "spd_prozent": 19.4, "gruene_prozent": 8.9, "linke_prozent": 6.8, "bsw_prozent": 4.9, "fdp_prozent": 4.4, "staerkste_partei": "union" }, "geometry": { "type": "Polygon", "coordinates": [ [ [ 8.354, 49.607 ], [ 8.415, 49.595 ], [ 8.422, 49.583 ], [ 8.415, 49.554 ], [ 8.464, 49.47 ], [ 8.443, 49.449 ], [ 8.499, 49.443 ], [ 8.508, 49.433 ], [ 8.496, 49.408 ], [ 8.479, 49.416 ], [ 8.429, 49.409 ], [ 8.413, 49.382 ], [ 8.375, 49.414 ], [ 8.353, 49.412 ], [ 8.327, 49.396 ], [ 8.361, 49.349 ], [ 8.38, 49.349 ], [ 8.317, 49.316 ], [ 8.293, 49.377 ], [ 8.27, 49.387 ], [ 8.258, 49.421 ], [ 8.238, 49.418 ], [ 8.236, 49.44 ], [ 8.284, 49.447 ], [ 8.271, 49.479 ], [ 8.254, 49.477 ], [ 8.253, 49.491 ], [ 8.239, 49.492 ], [ 8.276, 49.499 ], [ 8.256, 49.536 ], [ 8.282, 49.543 ], [ 8.281, 49.587 ], [ 8.331, 49.6 ], [ 8.343, 49.595 ], [ 8.354, 49.607 ] ] ] } },
{ "type": "Feature", "properties": { "wkr_nr": 207, "wkr_name": "Neustadt – Speyer", "land": "Rheinland-Pfalz", "wahlbeteiligung_prozent": 84.2, "union_prozent": 30.4, "afd_prozent": 20.4, "spd_prozent": 18.1, "gruene_prozent": 11.8, "linke_prozent": 5.6, "bsw_prozent": 4.1, "fdp_prozent": 4.9, "staerkste_partei": "union" }, "geometry": { "type": "Polygon", "coordinates": [ [ [ 8.148, 49.626 ], [ 8.206, 49.621 ], [ 8.233, 49.588 ], [ 8.281, 49.587 ], [ 8.282, 49.543 ], [ 8.256, 49.536 ], [ 8.276, 49.499 ], [ 8.239, 49.492 ], [ 8.253, 49.491 ], [ 8.254, 49.477 ], [ 8.271, 49.479 ], [ 8.284, 49.447 ], [ 8.233, 49.433 ], [ 8.238, 49.418 ], [ 8.258, 49.421 ], [ 8.27, 49.387 ], [ 8.298, 49.369 ], [ 8.317, 49.316 ], [ 8.38, 49.349 ], [ 8.361, 49.349 ], [ 8.327, 49.396 ], [ 8.353, 49.412 ], [ 8.375, 49.414 ], [ 8.413, 49.382 ], [ 8.429, 49.409 ], [ 8.479, 49.416 ], [ 8.496, 49.408 ], [ 8.463, 49.38 ], [ 8.473, 49.373 ], [ 8.5, 49.389 ], [ 8.497, 49.364 ], [ 8.45, 49.323 ], [ 8.489, 49.293 ], [ 8.413, 49.25 ], [ 8.392, 49.251 ], [ 8.363, 49.286 ], [ 8.317, 49.296 ], [ 8.317, 49.308 ], [ 8.197, 49.297 ], [ 8.201, 49.31 ], [ 8.173, 49.315 ], [ 8.013, 49.321 ], [ 8.023, 49.333 ], [ 8.0, 49.344 ], [ 7.941, 49.321 ], [ 7.937, 49.309 ], [ 7.913, 49.316 ], [ 7.871, 49.311 ], [ 7.852, 49.334 ], [ 7.826, 49.329 ], [ 7.857, 49.373 ], [ 7.918, 49.393 ], [ 7.948, 49.389 ], [ 7.963, 49.4 ], [ 7.951, 49.417 ], [ 8.003, 49.434 ], [ 7.983, 49.438 ], [ 7.999, 49.443 ], [ 7.995, 49.451 ], [ 7.98, 49.441 ], [ 7.962, 49.445 ], [ 7.95, 49.486 ], [ 8.008, 49.498 ], [ 8.059, 49.54 ], [ 8.101, 49.554 ], [ 8.087, 49.567 ], [ 8.115, 49.585 ], [ 8.116, 49.605 ], [ 8.148, 49.626 ] ] ] } },
{ "type": "Feature", "properties": { "wkr_nr": 208, "wkr_name": "Kaiserslautern", "land": "Rheinland-Pfalz", "wahlbeteiligung_prozent": 81.5, "union_prozent": 24.9, "afd_prozent": 25.9, "spd_prozent": 20.5, "gruene_prozent": 8.2, "linke_prozent": 6.1, "bsw_prozent": 5.0, "fdp_prozent": 3.9, "staerkste_partei": "afd" }, "geometry": { "type": "Polygon", "coordinates": [ [ [ 7.864, 49.763 ], [ 7.87, 49.756 ], [ 7.9, 49.762 ], [ 7.919, 49.742 ], [ 7.949, 49.756 ], [ 7.935, 49.736 ], [ 7.976, 49.718 ], [ 7.962, 49.714 ], [ 7.966, 49.699 ], [ 7.986, 49.697 ], [ 8.018, 49.711 ], [ 8.059, 49.695 ], [ 8.102, 49.698 ], [ 8.111, 49.678 ], [ 8.15, 49.661 ], [ 8.161, 49.643 ], [ 8.147, 49.62 ], [ 8.116, 49.605 ], [ 8.115, 49.585 ], [ 8.09, 49.576 ], [ 8.101, 49.554 ], [ 8.059, 49.54 ], [ 8.008, 49.498 ], [ 7.95, 49.486 ], [ 7.962, 49.445 ], [ 7.98, 49.441 ], [ 7.995, 49.451 ], [ 7.983, 49.438 ], [ 8.003, 49.434 ], [ 7.951, 49.417 ], [ 7.963, 49.4 ], [ 7.95, 49.391 ], [ 7.918, 49.393 ], [ 7.831, 49.359 ], [ 7.77, 49.395 ], [ 7.711, 49.394 ], [ 7.694, 49.385 ], [ 7.662, 49.426 ], [ 7.63, 49.425 ], [ 7.609, 49.469 ], [ 7.588, 49.464 ], [ 7.538, 49.492 ], [ 7.506, 49.493 ], [ 7.46, 49.473 ], [ 7.446, 49.454 ], [ 7.459, 49.435 ], [ 7.411, 49.423 ], [ 7.421, 49.42 ], [ 7.396, 49.372 ], [ 7.367, 49.363 ], [ 7.356, 49.38 ], [ 7.289, 49.389 ], [ 7.29, 49.415 ], [ 7.257, 49.426 ], [ 7.246, 49.446 ], [ 7.305, 49.472 ], [ 7.278, 49.484 ], [ 7.286, 49.517 ], [ 7.31, 49.523 ], [ 7.302, 49.535 ], [ 7.276, 49.537 ], [ 7.276, 49.548 ], [ 7.324, 49.556 ], [ 7.319, 49.562 ], [ 7.363, 49.596 ], [ 7.44, 49.594 ], [ 7.449, 49.615 ], [ 7.426, 49.653 ], [ 7.446, 49.671 ], [ 7.522, 49.679 ], [ 7.523, 49.708 ], [ 7.536, 49.714 ], [ 7.548, 49.693 ], [ 7.6, 49.68 ], [ 7.643, 49.687 ], [ 7.659, 49.702 ], [ 7.674, 49.688 ], [ 7.663, 49.678 ], [ 7.674, 49.668 ], [ 7.653, 49.646 ], [ 7.664, 49.636 ], [ 7.721, 49.672 ], [ 7.735, 49.697 ], [ 7.724, 49.721 ], [ 7.767, 49.744 ], [ 7.76, 49.761 ], [ 7.772, 49.764 ], [ 7.78, 49.751 ], [ 7.799, 49.758 ], [ 7.824, 49.752 ], [ 7.864, 49.763 ] ] ] } },
{ "type": "Feature", "properties": { "wkr_nr": 209, "wkr_name": "Pirmasens", "land": "Rheinland-Pfalz", "wahlbeteiligung_prozent": 82.0, "union_prozent": 30.3, "afd_prozent": 27.1, "spd_prozent": 17.4, "gruene_prozent": 5.9, "linke_prozent": 4.8, "bsw_prozent": 5.0, "fdp_prozent": 4.1, "staerkste_partei": "union" }, "geometry": { "type": "Polygon", "coordinates": [ [ [ 7.506, 49.493 ], [ 7.538, 49.492 ], [ 7.588, 49.464 ], [ 7.609, 49.469 ], [ 7.63, 49.425 ], [ 7.662, 49.426 ], [ 7.694, 49.385 ], [ 7.711, 49.394 ], [ 7.77, 49.395 ], [ 7.841, 49.359 ], [ 7.826, 49.329 ], [ 7.856, 49.333 ], [ 7.872, 49.283 ], [ 7.832, 49.27 ], [ 7.826, 49.247 ], [ 7.849, 49.257 ], [ 7.878, 49.249 ], [ 7.865, 49.234 ], [ 7.901, 49.233 ], [ 7.9, 49.211 ], [ 7.917, 49.203 ], [ 7.888, 49.191 ], [ 7.917, 49.178 ], [ 7.897, 49.148 ], [ 7.887, 49.142 ], [ 7.863, 49.156 ], [ 7.846, 49.133 ], [ 7.864, 49.116 ], [ 7.911, 49.115 ], [ 7.913, 49.097 ], [ 7.889, 49.092 ], [ 7.895, 49.075 ], [ 7.88, 49.055 ], [ 7.892, 49.049 ], [ 7.903, 49.057 ], [ 7.911, 49.045 ], [ 7.889, 49.049 ], [ 7.867, 49.033 ], [ 7.794, 49.066 ], [ 7.761, 49.046 ], [ 7.732, 49.044 ], [ 7.731, 49.056 ], [ 7.696, 49.058 ], [ 7.698, 49.05 ], [ 7.675, 49.045 ], [ 7.631, 49.055 ], [ 7.629, 49.074 ], [ 7.601, 49.083 ], [ 7.564, 49.08 ], [ 7.529, 49.097 ], [ 7.49, 49.136 ], [ 7.506, 49.151 ], [ 7.494, 49.169 ], [ 7.434, 49.165 ], [ 7.446, 49.184 ], [ 7.365, 49.172 ], [ 7.363, 49.158 ], [ 7.296, 49.205 ], [ 7.304, 49.222 ], [ 7.289, 49.238 ], [ 7.307, 49.256 ], [ 7.325, 49.248 ], [ 7.344, 49.27 ], [ 7.334, 49.278 ], [ 7.365, 49.278 ], [ 7.385, 49.294 ], [ 7.394, 49.316 ], [ 7.378, 49.32 ], [ 7.404, 49.346 ], [ 7.39, 49.35 ], [ 7.405, 49.378 ], [ 7.393, 49.383 ], [ 7.406, 49.385 ], [ 7.421, 49.42 ], [ 7.411, 49.423 ], [ 7.459, 49.435 ], [ 7.446, 49.454 ], [ 7.46, 49.473 ], [ 7.506, 49.493 ] ] ] } },
{ "type": "Feature", "properties": { "wkr_nr": 210, "wkr_name": "Südpfalz", "land": "Rheinland-Pfalz", "wahlbeteiligung_prozent": 83.3, "union_prozent": 30.8, "afd_prozent": 21.2, "spd_prozent": 17.2, "gruene_prozent": 11.1, "linke_prozent": 6.1, "bsw_prozent": 4.3, "fdp_prozent": 4.3, "staerkste_partei": "union" }, "geometry": { "type": "Polygon", "coordinates": [ [ [ 7.984, 49.342 ], [ 8.023, 49.333 ], [ 8.013, 49.321 ], [ 8.173, 49.315 ], [ 8.201, 49.31 ], [ 8.199, 49.296 ], [ 8.317, 49.308 ], [ 8.317, 49.296 ], [ 8.363, 49.286 ], [ 8.392, 49.251 ], [ 8.413, 49.253 ], [ 8.386, 49.228 ], [ 8.385, 49.22 ], [ 8.405, 49.221 ], [ 8.368, 49.168 ], [ 8.358, 49.098 ], [ 8.312, 49.054 ], [ 8.288, 48.998 ], [ 8.233, 48.967 ], [ 8.223, 48.976 ], [ 8.199, 48.967 ], [ 8.194, 48.977 ], [ 8.088, 48.99 ], [ 8.049, 49.014 ], [ 7.975, 49.027 ], [ 7.945, 49.055 ], [ 7.932, 49.058 ], [ 7.913, 49.04 ], [ 7.903, 49.057 ], [ 7.892, 49.049 ], [ 7.881, 49.054 ], [ 7.895, 49.075 ], [ 7.889, 49.092 ], [ 7.91, 49.092 ], [ 7.911, 49.115 ], [ 7.864, 49.116 ], [ 7.846, 49.133 ], [ 7.863, 49.156 ], [ 7.887, 49.142 ], [ 7.897, 49.148 ], [ 7.917, 49.178 ], [ 7.888, 49.191 ], [ 7.915, 49.21 ], [ 7.9, 49.211 ], [ 7.901, 49.233 ], [ 7.865, 49.234 ], [ 7.877, 49.25 ], [ 7.849, 49.257 ], [ 7.827, 49.246 ], [ 7.828, 49.266 ], [ 7.87, 49.279 ], [ 7.868, 49.313 ], [ 7.937, 49.309 ], [ 7.984, 49.342 ] ] ] } },
{ "type": "Feature", "properties": { "wkr_nr": 211, "wkr_name": "Altötting", "land": "Bayern", "wahlbeteiligung_prozent": 81.7, "union_prozent": 39.6, "afd_prozent": 24.2, "spd_prozent": 8.4, "gruene_prozent": 7.8, "linke_prozent": 4.5, "bsw_prozent": 3.3, "fdp_prozent": 3.6, "staerkste_partei": "union" }, "geometry": { "type": "Polygon", "coordinates": [ [ [ 12.489, 48.428 ], [ 12.523, 48.416 ], [ 12.542, 48.422 ], [ 12.538, 48.405 ], [ 12.566, 48.404 ], [ 12.579, 48.376 ], [ 12.579, 48.387 ], [ 12.592, 48.387 ], [ 12.616, 48.341 ], [ 12.619, 48.358 ], [ 12.64, 48.338 ], [ 12.667, 48.332 ], [ 12.667, 48.344 ], [ 12.683, 48.345 ], [ 12.733, 48.321 ], [ 12.783, 48.328 ], [ 12.809, 48.313 ], [ 12.824, 48.315 ], [ 12.822, 48.302 ], [ 12.858, 48.286 ], [ 12.854, 48.278 ], [ 12.899, 48.263 ], [ 12.892, 48.237 ], [ 12.945, 48.207 ], [ 12.87, 48.201 ], [ 12.848, 48.167 ], [ 12.799, 48.146 ], [ 12.787, 48.123 ], [ 12.764, 48.129 ], [ 12.726, 48.102 ], [ 12.716, 48.11 ], [ 12.7, 48.104 ], [ 12.711, 48.068 ], [ 12.681, 48.045 ], [ 12.619, 48.044 ], [ 12.616, 48.064 ], [ 12.58, 48.07 ], [ 12.565, 48.099 ], [ 12.575, 48.113 ], [ 12.542, 48.14 ], [ 12.566, 48.159 ], [ 12.556, 48.164 ], [ 12.529, 48.145 ], [ 12.489, 48.156 ], [ 12.48, 48.147 ], [ 12.496, 48.146 ], [ 12.472, 48.117 ], [ 12.441, 48.111 ], [ 12.423, 48.132 ], [ 12.399, 48.116 ], [ 12.398, 48.126 ], [ 12.383, 48.117 ], [ 12.371, 48.128 ], [ 12.35, 48.126 ], [ 12.329, 48.105 ], [ 12.29, 48.106 ], [ 12.252, 48.135 ], [ 12.243, 48.127 ], [ 12.209, 48.143 ], [ 12.21, 48.129 ], [ 12.178, 48.104 ], [ 12.183, 48.093 ], [ 12.163, 48.083 ], [ 12.134, 48.098 ], [ 12.15, 48.115 ], [ 12.134, 48.131 ], [ 12.096, 48.122 ], [ 12.05, 48.129 ], [ 12.034, 48.16 ], [ 12.051, 48.154 ], [ 12.058, 48.164 ], [ 12.102, 48.169 ], [ 12.111, 48.186 ], [ 12.132, 48.184 ], [ 12.171, 48.207 ], [ 12.183, 48.202 ], [ 12.187, 48.218 ], [ 12.202, 48.219 ], [ 12.208, 48.203 ], [ 12.232, 48.202 ], [ 12.227, 48.228 ], [ 12.215, 48.233 ], [ 12.235, 48.251 ], [ 12.222, 48.262 ], [ 12.228, 48.277 ], [ 12.254, 48.288 ], [ 12.256, 48.327 ], [ 12.277, 48.329 ], [ 12.28, 48.321 ], [ 12.302, 48.33 ], [ 12.309, 48.316 ], [ 12.328, 48.325 ], [ 12.323, 48.34 ], [ 12.36, 48.331 ], [ 12.363, 48.345 ], [ 12.399, 48.364 ], [ 12.414, 48.361 ], [ 12.426, 48.386 ], [ 12.44, 48.387 ], [ 12.429, 48.416 ], [ 12.454, 48.411 ], [ 12.489, 48.428 ] ] ] } },
{ "type": "Feature", "properties": { "wkr_nr": 212, "wkr_name": "Erding – Ebersberg", "land": "Bayern", "wahlbeteiligung_prozent": 87.1, "union_prozent": 40.1, "afd_prozent": 16.5, "spd_prozent": 10.1, "gruene_prozent": 13.0, "linke_prozent": 5.1, "bsw_prozent": 2.7, "fdp_prozent": 5.0, "staerkste_partei": "union" }, "geometry": { "type": "Polygon", "coordinates": [ [ [ 11.969, 48.454 ], [ 11.996, 48.431 ], [ 12.021, 48.428 ], [ 12.021, 48.416 ], [ 12.082, 48.429 ], [ 12.128, 48.416 ], [ 12.138, 48.425 ], [ 12.165, 48.42 ], [ 12.167, 48.401 ], [ 12.196, 48.381 ], [ 12.187, 48.371 ], [ 12.233, 48.349 ], [ 12.255, 48.295 ], [ 12.222, 48.262 ], [ 12.235, 48.251 ], [ 12.215, 48.23 ], [ 12.227, 48.228 ], [ 12.232, 48.202 ], [ 12.208, 48.203 ], [ 12.202, 48.219 ], [ 12.187, 48.218 ], [ 12.183, 48.202 ], [ 12.171, 48.207 ], [ 12.132, 48.184 ], [ 12.111, 48.186 ], [ 12.102, 48.169 ], [ 12.058, 48.164 ], [ 12.051, 48.154 ], [ 12.032, 48.159 ], [ 12.05, 48.129 ], [ 12.086, 48.125 ], [ 12.081, 48.099 ], [ 12.062, 48.099 ], [ 12.078, 48.087 ], [ 12.074, 48.024 ], [ 12.098, 48.011 ], [ 12.099, 47.993 ], [ 12.073, 47.989 ], [ 12.062, 47.971 ], [ 12.027, 47.971 ], [ 12.001, 47.954 ], [ 11.968, 47.983 ], [ 11.936, 47.994 ], [ 11.927, 47.984 ], [ 11.946, 47.943 ], [ 11.927, 47.931 ], [ 11.872, 47.957 ], [ 11.849, 47.947 ], [ 11.848, 47.961 ], [ 11.825, 47.964 ], [ 11.806, 47.984 ], [ 11.762, 47.992 ], [ 11.767, 48.022 ], [ 11.789, 48.02 ], [ 11.788, 48.057 ], [ 11.809, 48.062 ], [ 11.785, 48.07 ], [ 11.748, 48.138 ], [ 11.776, 48.162 ], [ 11.755, 48.189 ], [ 11.763, 48.21 ], [ 11.748, 48.237 ], [ 11.76, 48.254 ], [ 11.731, 48.289 ], [ 11.766, 48.298 ], [ 11.782, 48.358 ], [ 11.808, 48.389 ], [ 11.842, 48.397 ], [ 11.84, 48.412 ], [ 11.92, 48.427 ], [ 11.969, 48.454 ] ] ] } },
{ "type": "Feature", "properties": { "wkr_nr": 213, "wkr_name": "Freising", "land": "Bayern", "wahlbeteiligung_prozent": 85.8, "union_prozent": 38.5, "afd_prozent": 19.1, "spd_prozent": 9.9, "gruene_prozent": 11.6, "linke_prozent": 5.2, "bsw_prozent": 2.9, "fdp_prozent": 4.4, "staerkste_partei": "union" }, "geometry": { "type": "Polygon", "coordinates": [ [ [ 11.61, 48.814 ], [ 11.644, 48.812 ], [ 11.64, 48.797 ], [ 11.67, 48.786 ], [ 11.671, 48.774 ], [ 11.697, 48.793 ], [ 11.719, 48.785 ], [ 11.695, 48.783 ], [ 11.715, 48.756 ], [ 11.655, 48.744 ], [ 11.669, 48.724 ], [ 11.653, 48.701 ], [ 11.696, 48.684 ], [ 11.686, 48.663 ], [ 11.713, 48.648 ], [ 11.693, 48.619 ], [ 11.774, 48.6 ], [ 11.783, 48.615 ], [ 11.799, 48.614 ], [ 11.812, 48.598 ], [ 11.866, 48.579 ], [ 11.886, 48.589 ], [ 11.943, 48.573 ], [ 11.959, 48.579 ], [ 11.975, 48.513 ], [ 11.957, 48.5 ], [ 11.975, 48.492 ], [ 12.01, 48.495 ], [ 11.992, 48.45 ], [ 12.004, 48.453 ], [ 12.019, 48.437 ], [ 11.999, 48.43 ], [ 11.976, 48.443 ], [ 11.98, 48.453 ], [ 11.96, 48.455 ], [ 11.92, 48.427 ], [ 11.84, 48.412 ], [ 11.842, 48.397 ], [ 11.808, 48.389 ], [ 11.782, 48.359 ], [ 11.766, 48.298 ], [ 11.739, 48.296 ], [ 11.738, 48.276 ], [ 11.643, 48.273 ], [ 11.64, 48.266 ], [ 11.6, 48.281 ], [ 11.595, 48.274 ], [ 11.573, 48.336 ], [ 11.509, 48.354 ], [ 11.524, 48.362 ], [ 11.506, 48.383 ], [ 11.53, 48.394 ], [ 11.505, 48.408 ], [ 11.509, 48.429 ], [ 11.493, 48.441 ], [ 11.445, 48.432 ], [ 11.444, 48.413 ], [ 11.428, 48.417 ], [ 11.413, 48.406 ], [ 11.4, 48.428 ], [ 11.381, 48.424 ], [ 11.389, 48.435 ], [ 11.358, 48.45 ], [ 11.301, 48.453 ], [ 11.304, 48.474 ], [ 11.257, 48.468 ], [ 11.249, 48.486 ], [ 11.214, 48.496 ], [ 11.209, 48.527 ], [ 11.127, 48.555 ], [ 11.165, 48.572 ], [ 11.162, 48.588 ], [ 11.145, 48.595 ], [ 11.167, 48.606 ], [ 11.161, 48.611 ], [ 11.238, 48.656 ], [ 11.261, 48.649 ], [ 11.283, 48.66 ], [ 11.306, 48.652 ], [ 11.345, 48.67 ], [ 11.384, 48.634 ], [ 11.439, 48.647 ], [ 11.448, 48.682 ], [ 11.429, 48.682 ], [ 11.457, 48.692 ], [ 11.431, 48.703 ], [ 11.441, 48.721 ], [ 11.487, 48.727 ], [ 11.489, 48.745 ], [ 11.511, 48.733 ], [ 11.531, 48.735 ], [ 11.544, 48.751 ], [ 11.553, 48.741 ], [ 11.574, 48.786 ], [ 11.61, 48.814 ] ] ] } },
{ "type": "Feature", "properties": { "wkr_nr": 214, "wkr_name": "Fürstenfeldbruck", "land": "Bayern", "wahlbeteiligung_prozent": 86.4, "union_prozent": 39.7, "afd_prozent": 15.0, "spd_prozent": 11.6, "gruene_prozent": 14.0, "linke_prozent": 5.3, "bsw_prozent": 2.7, "fdp_prozent": 5.0, "staerkste_partei": "union" }, "geometry": { "type": "Polygon", "coordinates": [ [ [ 11.338, 48.456 ], [ 11.389, 48.435 ], [ 11.385, 48.422 ], [ 11.4, 48.428 ], [ 11.413, 48.406 ], [ 11.428, 48.417 ], [ 11.444, 48.413 ], [ 11.437, 48.427 ], [ 11.473, 48.441 ], [ 11.505, 48.433 ], [ 11.504, 48.408 ], [ 11.53, 48.394 ], [ 11.506, 48.383 ], [ 11.524, 48.362 ], [ 11.509, 48.354 ], [ 11.573, 48.336 ], [ 11.582, 48.301 ], [ 11.519, 48.279 ], [ 11.491, 48.246 ], [ 11.489, 48.223 ], [ 11.392, 48.2 ], [ 11.39, 48.182 ], [ 11.369, 48.176 ], [ 11.361, 48.154 ], [ 11.312, 48.12 ], [ 11.252, 48.135 ], [ 11.199, 48.112 ], [ 11.196, 48.099 ], [ 11.151, 48.111 ], [ 11.132, 48.095 ], [ 11.089, 48.088 ], [ 11.056, 48.103 ], [ 11.069, 48.113 ], [ 11.048, 48.131 ], [ 11.06, 48.139 ], [ 11.006, 48.155 ], [ 11.013, 48.168 ], [ 10.993, 48.175 ], [ 11.025, 48.178 ], [ 11.039, 48.196 ], [ 11.059, 48.196 ], [ 11.06, 48.213 ], [ 11.039, 48.221 ], [ 11.059, 48.246 ], [ 11.045, 48.255 ], [ 11.067, 48.255 ], [ 11.06, 48.273 ], [ 11.072, 48.281 ], [ 11.096, 48.26 ], [ 11.115, 48.267 ], [ 11.122, 48.316 ], [ 11.174, 48.336 ], [ 11.161, 48.347 ], [ 11.166, 48.369 ], [ 11.184, 48.366 ], [ 11.174, 48.376 ], [ 11.198, 48.387 ], [ 11.178, 48.417 ], [ 11.239, 48.431 ], [ 11.26, 48.447 ], [ 11.293, 48.443 ], [ 11.338, 48.456 ] ] ] } },
{ "type": "Feature", "properties": { "wkr_nr": 215, "wkr_name": "Ingolstadt", "land": "Bayern", "wahlbeteiligung_prozent": 82.4, "union_prozent": 40.3, "afd_prozent": 21.4, "spd_prozent": 10.1, "gruene_prozent": 9.2, "linke_prozent": 4.7, "bsw_prozent": 3.0, "fdp_prozent": 3.8, "staerkste_partei": "union" }, "geometry": { "type": "Polygon", "coordinates": [ [ [ 11.392, 49.088 ], [ 11.461, 49.062 ], [ 11.488, 49.063 ], [ 11.504, 49.077 ], [ 11.538, 49.07 ], [ 11.533, 49.041 ], [ 11.515, 49.043 ], [ 11.516, 49.032 ], [ 11.543, 49.025 ], [ 11.536, 49.007 ], [ 11.576, 48.989 ], [ 11.595, 48.954 ], [ 11.635, 48.945 ], [ 11.635, 48.932 ], [ 11.667, 48.934 ], [ 11.667, 48.925 ], [ 11.687, 48.934 ], [ 11.708, 48.918 ], [ 11.728, 48.93 ], [ 11.717, 48.897 ], [ 11.739, 48.89 ], [ 11.744, 48.874 ], [ 11.718, 48.865 ], [ 11.72, 48.837 ], [ 11.699, 48.839 ], [ 11.707, 48.813 ], [ 11.741, 48.816 ], [ 11.726, 48.811 ], [ 11.736, 48.791 ], [ 11.723, 48.783 ], [ 11.697, 48.793 ], [ 11.671, 48.774 ], [ 11.67, 48.786 ], [ 11.64, 48.797 ], [ 11.644, 48.812 ], [ 11.603, 48.814 ], [ 11.553, 48.741 ], [ 11.544, 48.751 ], [ 11.531, 48.735 ], [ 11.511, 48.733 ], [ 11.489, 48.745 ], [ 11.487, 48.727 ], [ 11.441, 48.721 ], [ 11.431, 48.703 ], [ 11.457, 48.692 ], [ 11.429, 48.681 ], [ 11.445, 48.684 ], [ 11.449, 48.669 ], [ 11.439, 48.647 ], [ 11.403, 48.636 ], [ 11.379, 48.636 ], [ 11.335, 48.669 ], [ 11.306, 48.652 ], [ 11.283, 48.66 ], [ 11.264, 48.65 ], [ 11.238, 48.656 ], [ 11.213, 48.647 ], [ 11.146, 48.59 ], [ 11.126, 48.592 ], [ 11.115, 48.609 ], [ 11.051, 48.601 ], [ 11.023, 48.62 ], [ 11.041, 48.627 ], [ 11.04, 48.645 ], [ 11.015, 48.653 ], [ 10.984, 48.693 ], [ 10.98, 48.724 ], [ 11.002, 48.722 ], [ 11.004, 48.731 ], [ 10.982, 48.735 ], [ 10.998, 48.765 ], [ 10.965, 48.774 ], [ 10.986, 48.79 ], [ 10.947, 48.811 ], [ 10.978, 48.809 ], [ 11.006, 48.822 ], [ 10.998, 48.844 ], [ 10.97, 48.842 ], [ 10.978, 48.864 ], [ 10.965, 48.855 ], [ 10.937, 48.863 ], [ 10.963, 48.859 ], [ 10.974, 48.879 ], [ 11.031, 48.887 ], [ 11.045, 48.901 ], [ 11.032, 48.909 ], [ 11.045, 48.902 ], [ 11.071, 48.911 ], [ 11.051, 48.932 ], [ 11.07, 48.954 ], [ 11.101, 48.966 ], [ 11.142, 48.965 ], [ 11.143, 48.992 ], [ 11.163, 48.996 ], [ 11.163, 49.015 ], [ 11.191, 49.018 ], [ 11.18, 49.029 ], [ 11.202, 49.048 ], [ 11.255, 49.053 ], [ 11.267, 49.011 ], [ 11.293, 49.005 ], [ 11.297, 49.016 ], [ 11.327, 48.998 ], [ 11.346, 49.02 ], [ 11.382, 49.017 ], [ 11.386, 49.031 ], [ 11.416, 49.035 ], [ 11.401, 49.054 ], [ 11.426, 49.054 ], [ 11.4, 49.062 ], [ 11.386, 49.079 ], [ 11.392, 49.088 ] ] ] } },
{ "type": "Feature", "properties": { "wkr_nr": 216, "wkr_name": "München-Nord", "land": "Bayern", "wahlbeteiligung_prozent": 83.0, "union_prozent": 28.9, "afd_prozent": 9.6, "spd_prozent": 15.4, "gruene_prozent": 22.8, "linke_prozent": 9.1, "bsw_prozent": 3.3, "fdp_prozent": 6.7, "staerkste_partei": "union" }, "geometry": { "type": "Polygon", "coordinates": [ [ [ 11.65, 48.213 ], [ 11.583, 48.143 ], [ 11.539, 48.143 ], [ 11.554, 48.168 ], [ 11.492, 48.166 ], [ 11.49, 48.195 ], [ 11.466, 48.205 ], [ 11.482, 48.2 ], [ 11.491, 48.246 ], [ 11.511, 48.246 ], [ 11.547, 48.228 ], [ 11.581, 48.23 ], [ 11.585, 48.214 ], [ 11.612, 48.219 ], [ 11.606, 48.227 ], [ 11.608, 48.23 ], [ 11.638, 48.226 ], [ 11.65, 48.213 ] ] ] } },
{ "type": "Feature", "properties": { "wkr_nr": 217, "wkr_name": "München-Ost", "land": "Bayern", "wahlbeteiligung_prozent": 84.1, "union_prozent": 31.1, "afd_prozent": 9.6, "spd_prozent": 15.1, "gruene_prozent": 22.0, "linke_prozent": 8.4, "bsw_prozent": 3.2, "fdp_prozent": 6.3, "staerkste_partei": "union" }, "geometry": { "type": "Polygon", "coordinates": [ [ [ 11.569, 48.122 ], [ 11.587, 48.132 ], [ 11.568, 48.131 ], [ 11.566, 48.14 ], [ 11.589, 48.157 ], [ 11.598, 48.149 ], [ 11.627, 48.181 ], [ 11.641, 48.173 ], [ 11.691, 48.183 ], [ 11.678, 48.145 ], [ 11.709, 48.149 ], [ 11.723, 48.137 ], [ 11.694, 48.123 ], [ 11.714, 48.109 ], [ 11.683, 48.092 ], [ 11.686, 48.078 ], [ 11.616, 48.088 ], [ 11.598, 48.123 ], [ 11.569, 48.122 ] ] ] } },
{ "type": "Feature", "properties": { "wkr_nr": 218, "wkr_name": "München-Süd", "land": "Bayern", "wahlbeteiligung_prozent": 84.3, "union_prozent": 28.7, "afd_prozent": 9.3, "spd_prozent": 15.5, "gruene_prozent": 24.1, "linke_prozent": 9.3, "bsw_prozent": 3.1, "fdp_prozent": 5.6, "staerkste_partei": "union" }, "geometry": { "type": "Polygon", "coordinates": [ [ [ 11.616, 48.088 ], [ 11.591, 48.084 ], [ 11.586, 48.094 ], [ 11.555, 48.085 ], [ 11.544, 48.068 ], [ 11.533, 48.078 ], [ 11.504, 48.062 ], [ 11.472, 48.082 ], [ 11.465, 48.128 ], [ 11.509, 48.125 ], [ 11.526, 48.136 ], [ 11.563, 48.118 ], [ 11.598, 48.123 ], [ 11.616, 48.088 ] ] ] } },
{ "type": "Feature", "properties": { "wkr_nr": 219, "wkr_name": "München-West/Mitte", "land": "Bayern", "wahlbeteiligung_prozent": 85.5, "union_prozent": 28.7, "afd_prozent": 8.9, "spd_prozent": 15.4, "gruene_prozent": 25.0, "linke_prozent": 8.9, "bsw_prozent": 2.9, "fdp_prozent": 6.0, "staerkste_partei": "union" }, "geometry": { "type": "Polygon", "coordinates": [ [ [ 11.539, 48.143 ], [ 11.568, 48.131 ], [ 11.587, 48.132 ], [ 11.563, 48.118 ], [ 11.526, 48.136 ], [ 11.509, 48.125 ], [ 11.43, 48.138 ], [ 11.394, 48.125 ], [ 11.389, 48.148 ], [ 11.361, 48.158 ], [ 11.369, 48.176 ], [ 11.392, 48.184 ], [ 11.392, 48.2 ], [ 11.477, 48.22 ], [ 11.482, 48.2 ], [ 11.466, 48.205 ], [ 11.49, 48.195 ], [ 11.492, 48.166 ], [ 11.548, 48.171 ], [ 11.556, 48.155 ], [ 11.539, 48.143 ] ] ] } },
{ "type": "Feature", "properties": { "wkr_nr": 220, "wkr_name": "München-Land", "land": "Bayern", "wahlbeteiligung_prozent": 87.5, "union_prozent": 39.0, "afd_prozent": 11.7, "spd_prozent": 13.0, "gruene_prozent": 17.2, "linke_prozent": 5.0, "bsw_prozent": 2.6, "fdp_prozent": 6.3, "staerkste_partei": "union" }, "geometry": { "type": "Polygon", "coordinates": [ [ [ 11.579, 48.3 ], [ 11.595, 48.274 ], [ 11.6, 48.281 ], [ 11.64, 48.266 ], [ 11.643, 48.273 ], [ 11.699, 48.27 ], [ 11.735, 48.279 ], [ 11.759, 48.255 ], [ 11.748, 48.237 ], [ 11.763, 48.21 ], [ 11.755, 48.189 ], [ 11.776, 48.162 ], [ 11.748, 48.138 ], [ 11.785, 48.07 ], [ 11.809, 48.062 ], [ 11.788, 48.057 ], [ 11.789, 48.02 ], [ 11.767, 48.022 ], [ 11.76, 47.997 ], [ 11.806, 47.984 ], [ 11.828, 47.962 ], [ 11.848, 47.961 ], [ 11.825, 47.923 ], [ 11.788, 47.929 ], [ 11.777, 47.943 ], [ 11.758, 47.938 ], [ 11.751, 47.921 ], [ 11.717, 47.917 ], [ 11.701, 47.939 ], [ 11.659, 47.923 ], [ 11.613, 47.92 ], [ 11.565, 47.958 ], [ 11.517, 47.95 ], [ 11.515, 47.965 ], [ 11.48, 47.975 ], [ 11.453, 47.956 ], [ 11.463, 47.966 ], [ 11.453, 47.973 ], [ 11.406, 47.989 ], [ 11.434, 48.013 ], [ 11.432, 48.031 ], [ 11.403, 48.032 ], [ 11.42, 48.042 ], [ 11.402, 48.073 ], [ 11.424, 48.096 ], [ 11.385, 48.112 ], [ 11.427, 48.137 ], [ 11.465, 48.129 ], [ 11.472, 48.082 ], [ 11.509, 48.062 ], [ 11.533, 48.078 ], [ 11.544, 48.068 ], [ 11.555, 48.085 ], [ 11.586, 48.094 ], [ 11.591, 48.084 ], [ 11.686, 48.078 ], [ 11.683, 48.092 ], [ 11.713, 48.105 ], [ 11.694, 48.123 ], [ 11.723, 48.137 ], [ 11.709, 48.149 ], [ 11.678, 48.145 ], [ 11.674, 48.156 ], [ 11.695, 48.18 ], [ 11.628, 48.177 ], [ 11.65, 48.213 ], [ 11.638, 48.226 ], [ 11.608, 48.23 ], [ 11.612, 48.219 ], [ 11.585, 48.214 ], [ 11.581, 48.23 ], [ 11.534, 48.231 ], [ 11.5, 48.248 ], [ 11.519, 48.279 ], [ 11.579, 48.3 ] ] ] } },
{ "type": "Feature", "properties": { "wkr_nr": 221, "wkr_name": "Rosenheim", "land": "Bayern", "wahlbeteiligung_prozent": 84.4, "union_prozent": 37.6, "afd_prozent": 19.6, "spd_prozent": 9.6, "gruene_prozent": 12.5, "linke_prozent": 5.0, "bsw_prozent": 3.0, "fdp_prozent": 4.7, "staerkste_partei": "union" }, "geometry": { "type": "MultiPolygon", "coordinates": [ [ [ [ 12.209, 48.143 ], [ 12.243, 48.127 ], [ 12.252, 48.135 ], [ 12.29, 48.106 ], [ 12.329, 48.105 ], [ 12.35, 48.126 ], [ 12.371, 48.128 ], [ 12.388, 48.117 ], [ 12.381, 48.104 ], [ 12.353, 48.104 ], [ 12.335, 48.09 ], [ 12.341, 48.07 ], [ 12.325, 48.066 ], [ 12.357, 48.04 ], [ 12.337, 48.024 ], [ 12.327, 47.975 ], [ 12.351, 47.959 ], [ 12.383, 47.955 ], [ 12.391, 47.943 ], [ 12.415, 47.956 ], [ 12.442, 47.947 ], [ 12.414, 47.92 ], [ 12.444, 47.922 ], [ 12.431, 47.894 ], [ 12.407, 47.875 ], [ 12.374, 47.888 ], [ 12.38, 47.871 ], [ 12.364, 47.87 ], [ 12.375, 47.835 ], [ 12.428, 47.835 ], [ 12.435, 47.815 ], [ 12.39, 47.815 ], [ 12.4, 47.799 ], [ 12.379, 47.781 ], [ 12.376, 47.754 ], [ 12.339, 47.733 ], [ 12.338, 47.697 ], [ 12.255, 47.679 ], [ 12.241, 47.694 ], [ 12.265, 47.732 ], [ 12.257, 47.743 ], [ 12.204, 47.707 ], [ 12.163, 47.701 ], [ 12.208, 47.614 ], [ 12.178, 47.601 ], [ 12.179, 47.614 ], [ 12.14, 47.605 ], [ 12.082, 47.61 ], [ 12.032, 47.642 ], [ 12.035, 47.661 ], [ 12.056, 47.674 ], [ 12.039, 47.674 ], [ 12.025, 47.701 ], [ 12.009, 47.707 ], [ 12.023, 47.739 ], [ 11.987, 47.747 ], [ 11.998, 47.77 ], [ 11.947, 47.785 ], [ 11.959, 47.792 ], [ 11.916, 47.811 ], [ 11.953, 47.822 ], [ 11.948, 47.845 ], [ 11.914, 47.856 ], [ 11.902, 47.851 ], [ 11.883, 47.865 ], [ 11.855, 47.863 ], [ 11.81, 47.899 ], [ 11.802, 47.921 ], [ 11.825, 47.923 ], [ 11.839, 47.948 ], [ 11.872, 47.957 ], [ 11.93, 47.932 ], [ 11.946, 47.943 ], [ 11.927, 47.984 ], [ 11.936, 47.994 ], [ 11.968, 47.983 ], [ 12.001, 47.954 ], [ 12.027, 47.971 ], [ 12.073, 47.976 ], [ 12.071, 47.987 ], [ 12.1, 47.996 ], [ 12.098, 48.011 ], [ 12.074, 48.024 ], [ 12.078, 48.087 ], [ 12.062, 48.099 ], [ 12.081, 48.099 ], [ 12.074, 48.113 ], [ 12.131, 48.132 ], [ 12.15, 48.115 ], [ 12.134, 48.098 ], [ 12.163, 48.083 ], [ 12.183, 48.093 ], [ 12.178, 48.104 ], [ 12.21, 48.129 ], [ 12.209, 48.143 ] ] ], [ [ [ 12.429, 47.875 ], [ 12.424, 47.873 ], [ 12.426, 47.876 ], [ 12.429, 47.875 ] ] ], [ [ [ 12.417, 47.868 ], [ 12.416, 47.869 ], [ 12.419, 47.87 ], [ 12.417, 47.868 ] ] ], [ [ [ 12.393, 47.873 ], [ 12.41, 47.854 ], [ 12.385, 47.856 ], [ 12.393, 47.873 ] ] ] ] } },
{ "type": "Feature", "properties": { "wkr_nr": 222, "wkr_name": "Bad Tölz-Wolfratshausen – Miesbach", "land": "Bayern", "wahlbeteiligung_prozent": 85.5, "union_prozent": 41.9, "afd_prozent": 17.2, "spd_prozent": 9.1, "gruene_prozent": 12.4, "linke_prozent": 4.0, "bsw_prozent": 2.7, "fdp_prozent": 5.3, "staerkste_partei": "union" }, "geometry": { "type": "Polygon", "coordinates": [ [ [ 11.43, 47.98 ], [ 11.463, 47.966 ], [ 11.453, 47.956 ], [ 11.48, 47.975 ], [ 11.515, 47.965 ], [ 11.517, 47.95 ], [ 11.565, 47.958 ], [ 11.613, 47.92 ], [ 11.659, 47.923 ], [ 11.701, 47.939 ], [ 11.717, 47.917 ], [ 11.751, 47.921 ], [ 11.758, 47.938 ], [ 11.777, 47.943 ], [ 11.806, 47.927 ], [ 11.81, 47.899 ], [ 11.855, 47.863 ], [ 11.938, 47.852 ], [ 11.953, 47.823 ], [ 11.916, 47.811 ], [ 11.959, 47.792 ], [ 11.945, 47.788 ], [ 11.947, 47.785 ], [ 11.998, 47.77 ], [ 11.987, 47.747 ], [ 12.023, 47.739 ], [ 12.009, 47.707 ], [ 12.025, 47.701 ], [ 12.039, 47.674 ], [ 12.056, 47.674 ], [ 12.028, 47.647 ], [ 12.061, 47.632 ], [ 12.06, 47.618 ], [ 12.022, 47.611 ], [ 12.009, 47.625 ], [ 11.976, 47.613 ], [ 11.913, 47.614 ], [ 11.855, 47.602 ], [ 11.844, 47.581 ], [ 11.781, 47.591 ], [ 11.66, 47.584 ], [ 11.637, 47.594 ], [ 11.634, 47.581 ], [ 11.606, 47.581 ], [ 11.587, 47.555 ], [ 11.588, 47.525 ], [ 11.572, 47.515 ], [ 11.506, 47.505 ], [ 11.45, 47.507 ], [ 11.442, 47.518 ], [ 11.41, 47.495 ], [ 11.326, 47.531 ], [ 11.318, 47.55 ], [ 11.289, 47.554 ], [ 11.292, 47.573 ], [ 11.263, 47.58 ], [ 11.269, 47.602 ], [ 11.289, 47.611 ], [ 11.274, 47.652 ], [ 11.284, 47.665 ], [ 11.313, 47.666 ], [ 11.318, 47.677 ], [ 11.348, 47.675 ], [ 11.344, 47.694 ], [ 11.371, 47.706 ], [ 11.374, 47.73 ], [ 11.43, 47.743 ], [ 11.412, 47.747 ], [ 11.404, 47.765 ], [ 11.399, 47.785 ], [ 11.411, 47.789 ], [ 11.376, 47.8 ], [ 11.363, 47.793 ], [ 11.328, 47.813 ], [ 11.338, 47.84 ], [ 11.332, 47.93 ], [ 11.359, 47.924 ], [ 11.369, 47.931 ], [ 11.394, 47.92 ], [ 11.421, 47.966 ], [ 11.413, 47.973 ], [ 11.43, 47.98 ] ] ] } },
{ "type": "Feature", "properties": { "wkr_nr": 223, "wkr_name": "Starnberg – Landsberg am Lech", "land": "Bayern", "wahlbeteiligung_prozent": 87.3, "union_prozent": 38.7, "afd_prozent": 13.5, "spd_prozent": 11.5, "gruene_prozent": 16.8, "linke_prozent": 5.2, "bsw_prozent": 2.7, "fdp_prozent": 5.8, "staerkste_partei": "union" }, "geometry": { "type": "Polygon", "coordinates": [ [ [ 10.91, 48.236 ], [ 10.932, 48.232 ], [ 10.961, 48.199 ], [ 10.988, 48.21 ], [ 11.036, 48.195 ], [ 11.025, 48.178 ], [ 10.993, 48.175 ], [ 11.013, 48.168 ], [ 11.006, 48.155 ], [ 11.06, 48.139 ], [ 11.048, 48.131 ], [ 11.069, 48.113 ], [ 11.056, 48.103 ], [ 11.089, 48.088 ], [ 11.132, 48.095 ], [ 11.151, 48.111 ], [ 11.196, 48.099 ], [ 11.199, 48.112 ], [ 11.252, 48.135 ], [ 11.312, 48.12 ], [ 11.364, 48.159 ], [ 11.391, 48.146 ], [ 11.389, 48.128 ], [ 11.412, 48.127 ], [ 11.385, 48.112 ], [ 11.424, 48.096 ], [ 11.402, 48.073 ], [ 11.42, 48.042 ], [ 11.403, 48.032 ], [ 11.432, 48.031 ], [ 11.434, 48.013 ], [ 11.404, 47.995 ], [ 11.429, 47.978 ], [ 11.413, 47.973 ], [ 11.421, 47.966 ], [ 11.394, 47.92 ], [ 11.334, 47.934 ], [ 11.332, 47.822 ], [ 11.29, 47.833 ], [ 11.302, 47.859 ], [ 11.286, 47.887 ], [ 11.26, 47.875 ], [ 11.209, 47.89 ], [ 11.186, 47.883 ], [ 11.193, 47.903 ], [ 11.236, 47.922 ], [ 11.216, 47.935 ], [ 11.191, 47.934 ], [ 11.171, 47.955 ], [ 11.15, 47.953 ], [ 11.143, 47.936 ], [ 11.13, 47.944 ], [ 11.119, 47.928 ], [ 11.072, 47.92 ], [ 11.085, 47.907 ], [ 11.07, 47.9 ], [ 11.035, 47.899 ], [ 11.022, 47.909 ], [ 11.001, 47.904 ], [ 10.981, 47.888 ], [ 10.988, 47.882 ], [ 10.975, 47.884 ], [ 10.983, 47.869 ], [ 10.967, 47.862 ], [ 10.936, 47.882 ], [ 10.917, 47.858 ], [ 10.868, 47.874 ], [ 10.84, 47.851 ], [ 10.794, 47.854 ], [ 10.773, 47.842 ], [ 10.768, 47.854 ], [ 10.748, 47.855 ], [ 10.79, 47.884 ], [ 10.772, 47.884 ], [ 10.791, 47.907 ], [ 10.779, 47.906 ], [ 10.773, 47.93 ], [ 10.8, 47.937 ], [ 10.795, 47.956 ], [ 10.807, 47.959 ], [ 10.826, 47.995 ], [ 10.809, 48.011 ], [ 10.816, 48.031 ], [ 10.756, 48.04 ], [ 10.816, 48.102 ], [ 10.79, 48.121 ], [ 10.786, 48.15 ], [ 10.849, 48.148 ], [ 10.877, 48.191 ], [ 10.891, 48.191 ], [ 10.91, 48.236 ] ] ] } },
{ "type": "Feature", "properties": { "wkr_nr": 224, "wkr_name": "Traunstein", "land": "Bayern", "wahlbeteiligung_prozent": 82.6, "union_prozent": 38.8, "afd_prozent": 20.1, "spd_prozent": 9.8, "gruene_prozent": 10.3, "linke_prozent": 4.4, "bsw_prozent": 3.4, "fdp_prozent": 3.4, "staerkste_partei": "union" }, "geometry": { "type": "Polygon", "coordinates": [ [ [ 12.562, 48.16 ], [ 12.542, 48.14 ], [ 12.548, 48.125 ], [ 12.566, 48.124 ], [ 12.58, 48.07 ], [ 12.616, 48.064 ], [ 12.619, 48.044 ], [ 12.681, 48.045 ], [ 12.711, 48.068 ], [ 12.7, 48.104 ], [ 12.716, 48.11 ], [ 12.725, 48.102 ], [ 12.75, 48.114 ], [ 12.761, 48.074 ], [ 12.851, 48.015 ], [ 12.873, 47.964 ], [ 12.918, 47.955 ], [ 12.923, 47.939 ], [ 12.938, 47.944 ], [ 13.001, 47.855 ], [ 13.003, 47.842 ], [ 12.928, 47.771 ], [ 12.945, 47.765 ], [ 12.935, 47.747 ], [ 12.904, 47.725 ], [ 12.925, 47.71 ], [ 12.974, 47.707 ], [ 13.018, 47.723 ], [ 13.081, 47.687 ], [ 13.077, 47.669 ], [ 13.099, 47.635 ], [ 13.063, 47.602 ], [ 13.072, 47.588 ], [ 13.044, 47.583 ], [ 13.057, 47.562 ], [ 13.031, 47.533 ], [ 13.047, 47.521 ], [ 13.048, 47.492 ], [ 13.006, 47.464 ], [ 12.978, 47.485 ], [ 12.969, 47.474 ], [ 12.909, 47.497 ], [ 12.852, 47.531 ], [ 12.848, 47.546 ], [ 12.818, 47.545 ], [ 12.794, 47.557 ], [ 12.779, 47.579 ], [ 12.794, 47.601 ], [ 12.825, 47.612 ], [ 12.759, 47.651 ], [ 12.778, 47.661 ], [ 12.781, 47.674 ], [ 12.757, 47.663 ], [ 12.733, 47.679 ], [ 12.696, 47.682 ], [ 12.649, 47.67 ], [ 12.607, 47.674 ], [ 12.575, 47.632 ], [ 12.536, 47.636 ], [ 12.499, 47.625 ], [ 12.441, 47.674 ], [ 12.44, 47.695 ], [ 12.364, 47.684 ], [ 12.335, 47.692 ], [ 12.339, 47.733 ], [ 12.376, 47.754 ], [ 12.379, 47.781 ], [ 12.4, 47.799 ], [ 12.39, 47.815 ], [ 12.435, 47.815 ], [ 12.428, 47.835 ], [ 12.375, 47.835 ], [ 12.364, 47.87 ], [ 12.38, 47.871 ], [ 12.374, 47.888 ], [ 12.388, 47.875 ], [ 12.397, 47.883 ], [ 12.412, 47.877 ], [ 12.444, 47.922 ], [ 12.414, 47.92 ], [ 12.442, 47.947 ], [ 12.415, 47.956 ], [ 12.391, 47.943 ], [ 12.383, 47.955 ], [ 12.351, 47.959 ], [ 12.327, 47.975 ], [ 12.337, 48.024 ], [ 12.357, 48.04 ], [ 12.324, 48.063 ], [ 12.341, 48.07 ], [ 12.335, 48.09 ], [ 12.353, 48.104 ], [ 12.381, 48.104 ], [ 12.394, 48.125 ], [ 12.399, 48.116 ], [ 12.423, 48.132 ], [ 12.441, 48.111 ], [ 12.472, 48.117 ], [ 12.496, 48.146 ], [ 12.48, 48.147 ], [ 12.489, 48.156 ], [ 12.529, 48.145 ], [ 12.538, 48.157 ], [ 12.562, 48.16 ] ], [ [ 12.429, 47.875 ], [ 12.424, 47.873 ], [ 12.425, 47.871 ], [ 12.429, 47.875 ] ], [ [ 12.416, 47.869 ], [ 12.417, 47.868 ], [ 12.419, 47.87 ], [ 12.416, 47.869 ] ], [ [ 12.393, 47.873 ], [ 12.385, 47.856 ], [ 12.41, 47.854 ], [ 12.415, 47.861 ], [ 12.393, 47.873 ] ] ] } },
{ "type": "Feature", "properties": { "wkr_nr": 225, "wkr_name": "Weilheim", "land": "Bayern", "wahlbeteiligung_prozent": 85.5, "union_prozent": 41.6, "afd_prozent": 16.9, "spd_prozent": 9.7, "gruene_prozent": 11.9, "linke_prozent": 4.8, "bsw_prozent": 2.8, "fdp_prozent": 4.7, "staerkste_partei": "union" }, "geometry": { "type": "Polygon", "coordinates": [ [ [ 11.171, 47.953 ], [ 11.191, 47.934 ], [ 11.216, 47.935 ], [ 11.236, 47.922 ], [ 11.193, 47.903 ], [ 11.186, 47.883 ], [ 11.209, 47.89 ], [ 11.26, 47.875 ], [ 11.286, 47.887 ], [ 11.302, 47.859 ], [ 11.291, 47.832 ], [ 11.329, 47.821 ], [ 11.363, 47.793 ], [ 11.376, 47.8 ], [ 11.411, 47.789 ], [ 11.399, 47.785 ], [ 11.404, 47.765 ], [ 11.412, 47.747 ], [ 11.43, 47.743 ], [ 11.374, 47.73 ], [ 11.371, 47.706 ], [ 11.344, 47.694 ], [ 11.348, 47.675 ], [ 11.318, 47.677 ], [ 11.313, 47.666 ], [ 11.284, 47.665 ], [ 11.27, 47.643 ], [ 11.289, 47.611 ], [ 11.269, 47.602 ], [ 11.263, 47.58 ], [ 11.292, 47.573 ], [ 11.289, 47.554 ], [ 11.318, 47.55 ], [ 11.326, 47.531 ], [ 11.41, 47.496 ], [ 11.384, 47.472 ], [ 11.409, 47.467 ], [ 11.421, 47.445 ], [ 11.338, 47.45 ], [ 11.291, 47.427 ], [ 11.29, 47.407 ], [ 11.273, 47.398 ], [ 11.225, 47.395 ], [ 11.253, 47.428 ], [ 11.207, 47.434 ], [ 11.129, 47.413 ], [ 11.115, 47.396 ], [ 10.979, 47.397 ], [ 10.969, 47.412 ], [ 10.984, 47.43 ], [ 10.928, 47.472 ], [ 10.937, 47.481 ], [ 10.869, 47.485 ], [ 10.87, 47.499 ], [ 10.918, 47.517 ], [ 10.881, 47.541 ], [ 10.873, 47.572 ], [ 10.925, 47.586 ], [ 10.953, 47.616 ], [ 10.903, 47.637 ], [ 10.915, 47.661 ], [ 10.778, 47.662 ], [ 10.829, 47.728 ], [ 10.729, 47.682 ], [ 10.738, 47.696 ], [ 10.716, 47.705 ], [ 10.736, 47.717 ], [ 10.733, 47.744 ], [ 10.749, 47.759 ], [ 10.739, 47.766 ], [ 10.774, 47.765 ], [ 10.783, 47.775 ], [ 10.752, 47.792 ], [ 10.748, 47.811 ], [ 10.758, 47.839 ], [ 10.792, 47.853 ], [ 10.84, 47.851 ], [ 10.868, 47.874 ], [ 10.917, 47.858 ], [ 10.936, 47.882 ], [ 10.972, 47.863 ], [ 10.983, 47.869 ], [ 10.975, 47.884 ], [ 10.988, 47.882 ], [ 10.981, 47.888 ], [ 11.001, 47.904 ], [ 11.022, 47.909 ], [ 11.035, 47.899 ], [ 11.07, 47.9 ], [ 11.085, 47.907 ], [ 11.072, 47.92 ], [ 11.113, 47.925 ], [ 11.13, 47.944 ], [ 11.147, 47.938 ], [ 11.15, 47.953 ], [ 11.171, 47.953 ] ] ] } },
{ "type": "Feature", "properties": { "wkr_nr": 226, "wkr_name": "Deggendorf", "land": "Bayern", "wahlbeteiligung_prozent": 82.0, "union_prozent": 38.4, "afd_prozent": 29.3, "spd_prozent": 8.1, "gruene_prozent": 5.1, "linke_prozent": 3.1, "bsw_prozent": 3.0, "fdp_prozent": 3.2, "staerkste_partei": "union" }, "geometry": { "type": "Polygon", "coordinates": [ [ [ 13.371, 48.983 ], [ 13.421, 48.979 ], [ 13.496, 48.941 ], [ 13.508, 48.942 ], [ 13.507, 48.969 ], [ 13.58, 48.971 ], [ 13.605, 48.942 ], [ 13.63, 48.948 ], [ 13.622, 48.939 ], [ 13.672, 48.88 ], [ 13.738, 48.886 ], [ 13.765, 48.834 ], [ 13.793, 48.83 ], [ 13.815, 48.797 ], [ 13.804, 48.781 ], [ 13.84, 48.772 ], [ 13.801, 48.717 ], [ 13.768, 48.724 ], [ 13.758, 48.711 ], [ 13.731, 48.721 ], [ 13.721, 48.706 ], [ 13.736, 48.689 ], [ 13.72, 48.686 ], [ 13.689, 48.691 ], [ 13.646, 48.682 ], [ 13.626, 48.693 ], [ 13.594, 48.683 ], [ 13.51, 48.729 ], [ 13.46, 48.714 ], [ 13.424, 48.757 ], [ 13.355, 48.756 ], [ 13.33, 48.728 ], [ 13.351, 48.722 ], [ 13.361, 48.703 ], [ 13.35, 48.694 ], [ 13.363, 48.688 ], [ 13.358, 48.671 ], [ 13.326, 48.672 ], [ 13.294, 48.656 ], [ 13.285, 48.676 ], [ 13.238, 48.688 ], [ 13.212, 48.665 ], [ 13.167, 48.651 ], [ 13.114, 48.663 ], [ 13.108, 48.68 ], [ 13.096, 48.655 ], [ 13.105, 48.644 ], [ 13.092, 48.635 ], [ 13.106, 48.634 ], [ 13.106, 48.628 ], [ 13.09, 48.619 ], [ 13.082, 48.627 ], [ 13.027, 48.628 ], [ 13.02, 48.599 ], [ 12.987, 48.602 ], [ 12.945, 48.623 ], [ 12.945, 48.653 ], [ 12.906, 48.654 ], [ 12.874, 48.668 ], [ 12.854, 48.662 ], [ 12.848, 48.681 ], [ 12.83, 48.678 ], [ 12.795, 48.716 ], [ 12.811, 48.733 ], [ 12.779, 48.746 ], [ 12.769, 48.77 ], [ 12.779, 48.781 ], [ 12.75, 48.819 ], [ 12.769, 48.837 ], [ 12.807, 48.823 ], [ 12.849, 48.84 ], [ 12.837, 48.89 ], [ 12.875, 48.907 ], [ 12.868, 48.928 ], [ 12.859, 48.925 ], [ 12.854, 48.928 ], [ 12.869, 48.953 ], [ 12.891, 48.954 ], [ 12.913, 48.936 ], [ 12.95, 48.941 ], [ 12.949, 48.928 ], [ 12.977, 48.957 ], [ 13.009, 48.949 ], [ 13.025, 48.942 ], [ 13.028, 48.923 ], [ 13.006, 48.921 ], [ 13.061, 48.883 ], [ 13.1, 48.88 ], [ 13.123, 48.888 ], [ 13.167, 48.867 ], [ 13.194, 48.873 ], [ 13.195, 48.863 ], [ 13.223, 48.857 ], [ 13.247, 48.861 ], [ 13.253, 48.878 ], [ 13.286, 48.878 ], [ 13.281, 48.912 ], [ 13.296, 48.927 ], [ 13.283, 48.958 ], [ 13.332, 48.947 ], [ 13.371, 48.983 ] ] ] } },
{ "type": "Feature", "properties": { "wkr_nr": 227, "wkr_name": "Landshut", "land": "Bayern", "wahlbeteiligung_prozent": 84.0, "union_prozent": 36.2, "afd_prozent": 22.4, "spd_prozent": 9.5, "gruene_prozent": 8.7, "linke_prozent": 4.6, "bsw_prozent": 2.9, "fdp_prozent": 3.7, "staerkste_partei": "union" }, "geometry": { "type": "Polygon", "coordinates": [ [ [ 11.865, 49.021 ], [ 11.874, 49.01 ], [ 11.891, 49.013 ], [ 11.893, 48.992 ], [ 11.914, 48.988 ], [ 11.918, 48.981 ], [ 11.903, 48.978 ], [ 11.932, 48.964 ], [ 11.917, 48.956 ], [ 11.927, 48.946 ], [ 11.948, 48.947 ], [ 11.966, 48.965 ], [ 11.991, 48.965 ], [ 11.996, 48.949 ], [ 12.02, 48.964 ], [ 12.035, 48.959 ], [ 12.034, 48.948 ], [ 12.081, 48.937 ], [ 12.079, 48.925 ], [ 12.095, 48.922 ], [ 12.084, 48.901 ], [ 12.102, 48.907 ], [ 12.109, 48.896 ], [ 12.12, 48.899 ], [ 12.116, 48.882 ], [ 12.129, 48.885 ], [ 12.134, 48.877 ], [ 12.13, 48.862 ], [ 12.109, 48.86 ], [ 12.098, 48.843 ], [ 12.11, 48.831 ], [ 12.105, 48.766 ], [ 12.164, 48.761 ], [ 12.168, 48.748 ], [ 12.187, 48.745 ], [ 12.198, 48.752 ], [ 12.225, 48.727 ], [ 12.257, 48.721 ], [ 12.298, 48.748 ], [ 12.307, 48.726 ], [ 12.329, 48.721 ], [ 12.324, 48.713 ], [ 12.345, 48.702 ], [ 12.337, 48.688 ], [ 12.3, 48.694 ], [ 12.293, 48.678 ], [ 12.256, 48.674 ], [ 12.297, 48.623 ], [ 12.319, 48.636 ], [ 12.321, 48.622 ], [ 12.344, 48.615 ], [ 12.356, 48.623 ], [ 12.374, 48.606 ], [ 12.354, 48.598 ], [ 12.349, 48.572 ], [ 12.324, 48.568 ], [ 12.31, 48.55 ], [ 12.324, 48.533 ], [ 12.333, 48.541 ], [ 12.365, 48.53 ], [ 12.323, 48.5 ], [ 12.35, 48.493 ], [ 12.359, 48.476 ], [ 12.381, 48.47 ], [ 12.379, 48.481 ], [ 12.396, 48.479 ], [ 12.421, 48.456 ], [ 12.48, 48.456 ], [ 12.484, 48.43 ], [ 12.454, 48.411 ], [ 12.429, 48.416 ], [ 12.442, 48.399 ], [ 12.427, 48.372 ], [ 12.363, 48.345 ], [ 12.356, 48.33 ], [ 12.323, 48.34 ], [ 12.324, 48.32 ], [ 12.303, 48.317 ], [ 12.294, 48.332 ], [ 12.28, 48.321 ], [ 12.276, 48.33 ], [ 12.242, 48.325 ], [ 12.232, 48.35 ], [ 12.187, 48.371 ], [ 12.196, 48.381 ], [ 12.167, 48.401 ], [ 12.159, 48.422 ], [ 12.138, 48.425 ], [ 12.131, 48.416 ], [ 12.082, 48.429 ], [ 12.021, 48.416 ], [ 12.015, 48.444 ], [ 11.992, 48.45 ], [ 12.01, 48.495 ], [ 11.975, 48.492 ], [ 11.957, 48.5 ], [ 11.975, 48.513 ], [ 11.959, 48.579 ], [ 11.943, 48.573 ], [ 11.886, 48.589 ], [ 11.866, 48.579 ], [ 11.812, 48.598 ], [ 11.799, 48.614 ], [ 11.783, 48.615 ], [ 11.774, 48.6 ], [ 11.693, 48.619 ], [ 11.713, 48.648 ], [ 11.686, 48.663 ], [ 11.696, 48.684 ], [ 11.653, 48.701 ], [ 11.669, 48.724 ], [ 11.655, 48.744 ], [ 11.715, 48.756 ], [ 11.695, 48.783 ], [ 11.711, 48.778 ], [ 11.736, 48.791 ], [ 11.726, 48.811 ], [ 11.741, 48.816 ], [ 11.707, 48.813 ], [ 11.699, 48.839 ], [ 11.72, 48.837 ], [ 11.718, 48.865 ], [ 11.744, 48.879 ], [ 11.717, 48.897 ], [ 11.728, 48.93 ], [ 11.704, 48.918 ], [ 11.687, 48.934 ], [ 11.667, 48.925 ], [ 11.667, 48.934 ], [ 11.638, 48.932 ], [ 11.635, 48.945 ], [ 11.599, 48.951 ], [ 11.622, 48.984 ], [ 11.614, 49.008 ], [ 11.644, 49.004 ], [ 11.69, 49.022 ], [ 11.771, 48.982 ], [ 11.807, 49.019 ], [ 11.865, 49.021 ] ] ] } },
{ "type": "Feature", "properties": { "wkr_nr": 228, "wkr_name": "Passau", "land": "Bayern", "wahlbeteiligung_prozent": 81.8, "union_prozent": 38.6, "afd_prozent": 25.5, "spd_prozent": 9.7, "gruene_prozent": 6.8, "linke_prozent": 4.0, "bsw_prozent": 3.4, "fdp_prozent": 3.3, "staerkste_partei": "union" }, "geometry": { "type": "Polygon", "coordinates": [ [ [ 13.354, 48.756 ], [ 13.425, 48.756 ], [ 13.46, 48.714 ], [ 13.51, 48.729 ], [ 13.594, 48.683 ], [ 13.626, 48.693 ], [ 13.646, 48.682 ], [ 13.736, 48.689 ], [ 13.721, 48.706 ], [ 13.729, 48.72 ], [ 13.762, 48.712 ], [ 13.779, 48.725 ], [ 13.814, 48.701 ], [ 13.838, 48.701 ], [ 13.834, 48.692 ], [ 13.814, 48.692 ], [ 13.826, 48.618 ], [ 13.801, 48.598 ], [ 13.801, 48.574 ], [ 13.77, 48.554 ], [ 13.754, 48.564 ], [ 13.748, 48.53 ], [ 13.727, 48.513 ], [ 13.599, 48.569 ], [ 13.567, 48.562 ], [ 13.518, 48.59 ], [ 13.475, 48.556 ], [ 13.44, 48.559 ], [ 13.458, 48.511 ], [ 13.428, 48.459 ], [ 13.44, 48.433 ], [ 13.412, 48.376 ], [ 13.325, 48.321 ], [ 13.261, 48.295 ], [ 13.177, 48.294 ], [ 13.152, 48.34 ], [ 13.109, 48.342 ], [ 13.081, 48.37 ], [ 13.087, 48.387 ], [ 13.147, 48.398 ], [ 13.157, 48.417 ], [ 13.175, 48.414 ], [ 13.169, 48.428 ], [ 13.118, 48.448 ], [ 13.116, 48.488 ], [ 13.085, 48.489 ], [ 13.106, 48.539 ], [ 13.074, 48.555 ], [ 13.001, 48.534 ], [ 13.0, 48.547 ], [ 13.023, 48.559 ], [ 13.021, 48.577 ], [ 12.984, 48.587 ], [ 13.0, 48.605 ], [ 13.024, 48.601 ], [ 13.027, 48.628 ], [ 13.082, 48.627 ], [ 13.09, 48.619 ], [ 13.106, 48.628 ], [ 13.092, 48.635 ], [ 13.105, 48.644 ], [ 13.096, 48.655 ], [ 13.108, 48.68 ], [ 13.114, 48.663 ], [ 13.167, 48.651 ], [ 13.212, 48.665 ], [ 13.238, 48.688 ], [ 13.285, 48.676 ], [ 13.294, 48.656 ], [ 13.326, 48.672 ], [ 13.358, 48.671 ], [ 13.363, 48.688 ], [ 13.35, 48.694 ], [ 13.361, 48.703 ], [ 13.33, 48.733 ], [ 13.35, 48.739 ], [ 13.354, 48.756 ] ] ] } },
{ "type": "Feature", "properties": { "wkr_nr": 229, "wkr_name": "Rottal-Inn", "land": "Bayern", "wahlbeteiligung_prozent": 82.5, "union_prozent": 38.4, "afd_prozent": 26.1, "spd_prozent": 7.7, "gruene_prozent": 5.5, "linke_prozent": 3.5, "bsw_prozent": 2.9, "fdp_prozent": 3.0, "staerkste_partei": "union" }, "geometry": { "type": "Polygon", "coordinates": [ [ [ 12.753, 48.799 ], [ 12.779, 48.781 ], [ 12.769, 48.77 ], [ 12.779, 48.746 ], [ 12.808, 48.739 ], [ 12.814, 48.724 ], [ 12.795, 48.716 ], [ 12.83, 48.678 ], [ 12.848, 48.681 ], [ 12.854, 48.662 ], [ 12.874, 48.668 ], [ 12.906, 48.654 ], [ 12.945, 48.653 ], [ 12.945, 48.623 ], [ 12.988, 48.609 ], [ 12.983, 48.586 ], [ 13.019, 48.58 ], [ 13.023, 48.559 ], [ 13.0, 48.547 ], [ 13.001, 48.534 ], [ 13.057, 48.553 ], [ 13.076, 48.554 ], [ 13.085, 48.543 ], [ 13.097, 48.548 ], [ 13.106, 48.539 ], [ 13.085, 48.489 ], [ 13.116, 48.488 ], [ 13.118, 48.448 ], [ 13.172, 48.424 ], [ 13.174, 48.413 ], [ 13.157, 48.417 ], [ 13.148, 48.398 ], [ 13.087, 48.387 ], [ 13.081, 48.37 ], [ 13.109, 48.342 ], [ 13.152, 48.34 ], [ 13.177, 48.294 ], [ 13.02, 48.257 ], [ 12.948, 48.207 ], [ 12.892, 48.237 ], [ 12.899, 48.263 ], [ 12.854, 48.278 ], [ 12.858, 48.286 ], [ 12.822, 48.302 ], [ 12.824, 48.315 ], [ 12.809, 48.313 ], [ 12.783, 48.328 ], [ 12.733, 48.321 ], [ 12.683, 48.345 ], [ 12.667, 48.344 ], [ 12.667, 48.332 ], [ 12.64, 48.338 ], [ 12.619, 48.358 ], [ 12.616, 48.341 ], [ 12.592, 48.387 ], [ 12.579, 48.387 ], [ 12.579, 48.376 ], [ 12.566, 48.404 ], [ 12.538, 48.405 ], [ 12.542, 48.422 ], [ 12.523, 48.416 ], [ 12.484, 48.43 ], [ 12.48, 48.456 ], [ 12.439, 48.451 ], [ 12.396, 48.479 ], [ 12.379, 48.481 ], [ 12.381, 48.47 ], [ 12.359, 48.476 ], [ 12.35, 48.493 ], [ 12.323, 48.5 ], [ 12.365, 48.53 ], [ 12.333, 48.541 ], [ 12.324, 48.533 ], [ 12.31, 48.55 ], [ 12.324, 48.568 ], [ 12.349, 48.572 ], [ 12.354, 48.598 ], [ 12.374, 48.606 ], [ 12.356, 48.623 ], [ 12.344, 48.615 ], [ 12.321, 48.622 ], [ 12.319, 48.636 ], [ 12.297, 48.623 ], [ 12.257, 48.672 ], [ 12.293, 48.678 ], [ 12.3, 48.694 ], [ 12.337, 48.688 ], [ 12.346, 48.7 ], [ 12.324, 48.713 ], [ 12.33, 48.722 ], [ 12.366, 48.738 ], [ 12.39, 48.735 ], [ 12.377, 48.748 ], [ 12.418, 48.765 ], [ 12.431, 48.767 ], [ 12.45, 48.746 ], [ 12.452, 48.757 ], [ 12.476, 48.763 ], [ 12.522, 48.757 ], [ 12.536, 48.749 ], [ 12.525, 48.738 ], [ 12.539, 48.731 ], [ 12.538, 48.716 ], [ 12.557, 48.731 ], [ 12.596, 48.724 ], [ 12.6, 48.736 ], [ 12.631, 48.734 ], [ 12.628, 48.743 ], [ 12.652, 48.742 ], [ 12.658, 48.758 ], [ 12.675, 48.75 ], [ 12.698, 48.758 ], [ 12.753, 48.799 ] ] ] } },
{ "type": "Feature", "properties": { "wkr_nr": 230, "wkr_name": "Straubing", "land": "Bayern", "wahlbeteiligung_prozent": 82.0, "union_prozent": 39.3, "afd_prozent": 27.7, "spd_prozent": 8.0, "gruene_prozent": 5.3, "linke_prozent": 3.5, "bsw_prozent": 2.9, "fdp_prozent": 3.0, "staerkste_partei": "union" }, "geometry": { "type": "Polygon", "coordinates": [ [ [ 13.236, 49.114 ], [ 13.289, 49.119 ], [ 13.397, 49.051 ], [ 13.403, 48.987 ], [ 13.417, 48.98 ], [ 13.371, 48.983 ], [ 13.33, 48.947 ], [ 13.283, 48.958 ], [ 13.296, 48.927 ], [ 13.281, 48.912 ], [ 13.286, 48.878 ], [ 13.253, 48.878 ], [ 13.247, 48.861 ], [ 13.214, 48.858 ], [ 13.194, 48.873 ], [ 13.174, 48.874 ], [ 13.174, 48.865 ], [ 13.123, 48.888 ], [ 13.062, 48.882 ], [ 13.006, 48.921 ], [ 13.028, 48.923 ], [ 13.025, 48.942 ], [ 13.009, 48.949 ], [ 12.977, 48.957 ], [ 12.949, 48.928 ], [ 12.95, 48.941 ], [ 12.913, 48.936 ], [ 12.891, 48.954 ], [ 12.869, 48.953 ], [ 12.854, 48.928 ], [ 12.868, 48.928 ], [ 12.863, 48.918 ], [ 12.87, 48.913 ], [ 12.876, 48.912 ], [ 12.876, 48.91 ], [ 12.838, 48.893 ], [ 12.85, 48.846 ], [ 12.839, 48.831 ], [ 12.807, 48.823 ], [ 12.769, 48.837 ], [ 12.75, 48.819 ], [ 12.77, 48.806 ], [ 12.764, 48.798 ], [ 12.733, 48.79 ], [ 12.698, 48.758 ], [ 12.675, 48.75 ], [ 12.658, 48.758 ], [ 12.652, 48.742 ], [ 12.628, 48.743 ], [ 12.631, 48.734 ], [ 12.6, 48.736 ], [ 12.596, 48.724 ], [ 12.557, 48.731 ], [ 12.532, 48.716 ], [ 12.534, 48.751 ], [ 12.495, 48.765 ], [ 12.452, 48.757 ], [ 12.45, 48.746 ], [ 12.431, 48.767 ], [ 12.377, 48.748 ], [ 12.374, 48.74 ], [ 12.392, 48.736 ], [ 12.379, 48.732 ], [ 12.366, 48.738 ], [ 12.317, 48.723 ], [ 12.298, 48.748 ], [ 12.257, 48.721 ], [ 12.225, 48.727 ], [ 12.198, 48.752 ], [ 12.168, 48.748 ], [ 12.164, 48.761 ], [ 12.128, 48.771 ], [ 12.171, 48.8 ], [ 12.192, 48.793 ], [ 12.196, 48.808 ], [ 12.236, 48.811 ], [ 12.233, 48.837 ], [ 12.257, 48.836 ], [ 12.263, 48.862 ], [ 12.273, 48.842 ], [ 12.285, 48.851 ], [ 12.294, 48.84 ], [ 12.314, 48.863 ], [ 12.372, 48.847 ], [ 12.432, 48.878 ], [ 12.427, 48.899 ], [ 12.458, 48.919 ], [ 12.439, 48.935 ], [ 12.44, 48.957 ], [ 12.454, 48.963 ], [ 12.438, 48.975 ], [ 12.444, 48.982 ], [ 12.477, 48.975 ], [ 12.489, 48.981 ], [ 12.491, 49.018 ], [ 12.473, 49.04 ], [ 12.495, 49.061 ], [ 12.527, 49.058 ], [ 12.555, 49.09 ], [ 12.601, 49.102 ], [ 12.618, 49.096 ], [ 12.622, 49.105 ], [ 12.649, 49.1 ], [ 12.653, 49.11 ], [ 12.706, 49.104 ], [ 12.736, 49.119 ], [ 12.763, 49.11 ], [ 12.786, 49.135 ], [ 12.794, 49.122 ], [ 12.879, 49.138 ], [ 12.899, 49.127 ], [ 12.924, 49.134 ], [ 12.918, 49.149 ], [ 12.945, 49.139 ], [ 12.971, 49.166 ], [ 13.048, 49.155 ], [ 13.068, 49.129 ], [ 13.128, 49.111 ], [ 13.164, 49.147 ], [ 13.171, 49.174 ], [ 13.17, 49.144 ], [ 13.236, 49.114 ] ] ] } },
{ "type": "Feature", "properties": { "wkr_nr": 231, "wkr_name": "Amberg", "land": "Bayern", "wahlbeteiligung_prozent": 84.9, "union_prozent": 40.1, "afd_prozent": 22.1, "spd_prozent": 10.7, "gruene_prozent": 7.7, "linke_prozent": 4.4, "bsw_prozent": 2.8, "fdp_prozent": 3.3, "staerkste_partei": "union" }, "geometry": { "type": "Polygon", "coordinates": [ [ [ 11.628, 49.761 ], [ 11.647, 49.749 ], [ 11.651, 49.713 ], [ 11.664, 49.718 ], [ 11.67, 49.701 ], [ 11.655, 49.702 ], [ 11.648, 49.69 ], [ 11.661, 49.675 ], [ 11.642, 49.63 ], [ 11.737, 49.625 ], [ 11.741, 49.634 ], [ 11.809, 49.653 ], [ 11.876, 49.635 ], [ 11.912, 49.645 ], [ 11.914, 49.638 ], [ 11.974, 49.64 ], [ 11.982, 49.622 ], [ 11.968, 49.614 ], [ 11.993, 49.604 ], [ 11.985, 49.578 ], [ 12.03, 49.578 ], [ 12.031, 49.569 ], [ 12.071, 49.578 ], [ 12.072, 49.563 ], [ 12.101, 49.56 ], [ 12.104, 49.568 ], [ 12.12, 49.556 ], [ 12.072, 49.529 ], [ 12.096, 49.497 ], [ 12.086, 49.48 ], [ 12.068, 49.483 ], [ 12.066, 49.495 ], [ 12.03, 49.492 ], [ 12.043, 49.463 ], [ 12.034, 49.43 ], [ 11.977, 49.437 ], [ 11.995, 49.426 ], [ 11.977, 49.422 ], [ 12.008, 49.406 ], [ 12.0, 49.392 ], [ 12.063, 49.389 ], [ 12.049, 49.382 ], [ 12.064, 49.38 ], [ 12.051, 49.369 ], [ 12.062, 49.353 ], [ 12.044, 49.345 ], [ 12.024, 49.356 ], [ 12.017, 49.348 ], [ 11.994, 49.352 ], [ 12.011, 49.34 ], [ 11.967, 49.304 ], [ 11.982, 49.279 ], [ 11.944, 49.277 ], [ 11.983, 49.252 ], [ 11.941, 49.236 ], [ 11.955, 49.215 ], [ 11.934, 49.221 ], [ 11.937, 49.188 ], [ 11.907, 49.173 ], [ 11.861, 49.17 ], [ 11.862, 49.155 ], [ 11.843, 49.151 ], [ 11.811, 49.174 ], [ 11.8, 49.169 ], [ 11.781, 49.129 ], [ 11.766, 49.132 ], [ 11.747, 49.12 ], [ 11.75, 49.105 ], [ 11.694, 49.092 ], [ 11.694, 49.076 ], [ 11.676, 49.079 ], [ 11.675, 49.064 ], [ 11.689, 49.057 ], [ 11.646, 49.005 ], [ 11.614, 49.008 ], [ 11.622, 48.984 ], [ 11.599, 48.951 ], [ 11.576, 48.989 ], [ 11.536, 49.007 ], [ 11.543, 49.025 ], [ 11.516, 49.032 ], [ 11.515, 49.043 ], [ 11.533, 49.041 ], [ 11.538, 49.07 ], [ 11.504, 49.077 ], [ 11.488, 49.063 ], [ 11.461, 49.062 ], [ 11.428, 49.066 ], [ 11.396, 49.088 ], [ 11.384, 49.077 ], [ 11.378, 49.088 ], [ 11.353, 49.09 ], [ 11.368, 49.1 ], [ 11.353, 49.118 ], [ 11.323, 49.119 ], [ 11.314, 49.178 ], [ 11.262, 49.197 ], [ 11.263, 49.211 ], [ 11.322, 49.203 ], [ 11.293, 49.236 ], [ 11.303, 49.244 ], [ 11.292, 49.257 ], [ 11.264, 49.26 ], [ 11.292, 49.267 ], [ 11.206, 49.274 ], [ 11.215, 49.292 ], [ 11.199, 49.289 ], [ 11.186, 49.3 ], [ 11.22, 49.316 ], [ 11.251, 49.309 ], [ 11.247, 49.325 ], [ 11.334, 49.303 ], [ 11.345, 49.32 ], [ 11.382, 49.326 ], [ 11.39, 49.342 ], [ 11.371, 49.357 ], [ 11.394, 49.357 ], [ 11.4, 49.373 ], [ 11.421, 49.376 ], [ 11.424, 49.393 ], [ 11.461, 49.412 ], [ 11.445, 49.415 ], [ 11.459, 49.432 ], [ 11.465, 49.422 ], [ 11.483, 49.427 ], [ 11.537, 49.411 ], [ 11.559, 49.416 ], [ 11.557, 49.433 ], [ 11.596, 49.474 ], [ 11.566, 49.504 ], [ 11.534, 49.507 ], [ 11.549, 49.544 ], [ 11.511, 49.553 ], [ 11.576, 49.58 ], [ 11.55, 49.604 ], [ 11.602, 49.623 ], [ 11.59, 49.641 ], [ 11.571, 49.641 ], [ 11.565, 49.686 ], [ 11.544, 49.693 ], [ 11.564, 49.697 ], [ 11.552, 49.733 ], [ 11.587, 49.729 ], [ 11.594, 49.754 ], [ 11.628, 49.761 ] ] ] } },
{ "type": "Feature", "properties": { "wkr_nr": 232, "wkr_name": "Regensburg", "land": "Bayern", "wahlbeteiligung_prozent": 84.7, "union_prozent": 35.7, "afd_prozent": 18.7, "spd_prozent": 11.1, "gruene_prozent": 13.4, "linke_prozent": 7.0, "bsw_prozent": 3.0, "fdp_prozent": 3.5, "staerkste_partei": "union" }, "geometry": { "type": "Polygon", "coordinates": [ [ [ 12.176, 49.223 ], [ 12.195, 49.185 ], [ 12.232, 49.175 ], [ 12.236, 49.153 ], [ 12.273, 49.158 ], [ 12.278, 49.15 ], [ 12.285, 49.166 ], [ 12.308, 49.156 ], [ 12.324, 49.134 ], [ 12.305, 49.132 ], [ 12.307, 49.124 ], [ 12.346, 49.103 ], [ 12.323, 49.098 ], [ 12.325, 49.078 ], [ 12.36, 49.062 ], [ 12.366, 49.044 ], [ 12.374, 49.053 ], [ 12.415, 49.05 ], [ 12.408, 49.02 ], [ 12.386, 49.002 ], [ 12.356, 49.011 ], [ 12.325, 48.981 ], [ 12.369, 48.972 ], [ 12.375, 48.989 ], [ 12.392, 48.982 ], [ 12.401, 48.989 ], [ 12.418, 48.978 ], [ 12.439, 48.987 ], [ 12.454, 48.959 ], [ 12.44, 48.957 ], [ 12.439, 48.935 ], [ 12.458, 48.919 ], [ 12.427, 48.899 ], [ 12.432, 48.878 ], [ 12.385, 48.851 ], [ 12.361, 48.847 ], [ 12.314, 48.863 ], [ 12.293, 48.84 ], [ 12.285, 48.851 ], [ 12.269, 48.843 ], [ 12.263, 48.862 ], [ 12.257, 48.836 ], [ 12.233, 48.837 ], [ 12.236, 48.811 ], [ 12.196, 48.808 ], [ 12.192, 48.793 ], [ 12.171, 48.8 ], [ 12.167, 48.789 ], [ 12.13, 48.78 ], [ 12.135, 48.766 ], [ 12.107, 48.765 ], [ 12.097, 48.789 ], [ 12.11, 48.831 ], [ 12.098, 48.843 ], [ 12.109, 48.86 ], [ 12.13, 48.862 ], [ 12.134, 48.878 ], [ 12.116, 48.882 ], [ 12.11, 48.906 ], [ 12.079, 48.905 ], [ 12.095, 48.922 ], [ 12.079, 48.925 ], [ 12.08, 48.938 ], [ 12.034, 48.948 ], [ 12.035, 48.959 ], [ 12.02, 48.964 ], [ 11.996, 48.949 ], [ 11.991, 48.965 ], [ 11.966, 48.965 ], [ 11.948, 48.947 ], [ 11.927, 48.946 ], [ 11.917, 48.956 ], [ 11.932, 48.964 ], [ 11.903, 48.978 ], [ 11.918, 48.981 ], [ 11.914, 48.988 ], [ 11.893, 48.992 ], [ 11.891, 49.013 ], [ 11.874, 49.01 ], [ 11.863, 49.022 ], [ 11.807, 49.019 ], [ 11.771, 48.982 ], [ 11.741, 48.999 ], [ 11.73, 48.995 ], [ 11.714, 49.015 ], [ 11.689, 49.022 ], [ 11.662, 49.013 ], [ 11.659, 49.021 ], [ 11.69, 49.058 ], [ 11.675, 49.064 ], [ 11.676, 49.079 ], [ 11.694, 49.076 ], [ 11.694, 49.092 ], [ 11.75, 49.105 ], [ 11.749, 49.123 ], [ 11.781, 49.129 ], [ 11.775, 49.137 ], [ 11.808, 49.174 ], [ 11.843, 49.151 ], [ 11.862, 49.155 ], [ 11.861, 49.17 ], [ 11.907, 49.173 ], [ 11.949, 49.194 ], [ 11.954, 49.185 ], [ 11.985, 49.179 ], [ 12.005, 49.187 ], [ 12.004, 49.159 ], [ 12.061, 49.169 ], [ 12.057, 49.159 ], [ 12.098, 49.143 ], [ 12.103, 49.159 ], [ 12.127, 49.16 ], [ 12.118, 49.169 ], [ 12.157, 49.181 ], [ 12.146, 49.21 ], [ 12.161, 49.208 ], [ 12.176, 49.223 ] ] ] } },
{ "type": "Feature", "properties": { "wkr_nr": 233, "wkr_name": "Schwandorf", "land": "Bayern", "wahlbeteiligung_prozent": 83.7, "union_prozent": 39.3, "afd_prozent": 28.2, "spd_prozent": 9.3, "gruene_prozent": 5.0, "linke_prozent": 3.3, "bsw_prozent": 2.5, "fdp_prozent": 2.7, "staerkste_partei": "union" }, "geometry": { "type": "Polygon", "coordinates": [ [ [ 12.196, 49.593 ], [ 12.227, 49.589 ], [ 12.246, 49.575 ], [ 12.236, 49.563 ], [ 12.259, 49.538 ], [ 12.276, 49.544 ], [ 12.302, 49.536 ], [ 12.291, 49.518 ], [ 12.349, 49.504 ], [ 12.348, 49.517 ], [ 12.396, 49.52 ], [ 12.404, 49.532 ], [ 12.441, 49.522 ], [ 12.449, 49.538 ], [ 12.481, 49.554 ], [ 12.529, 49.535 ], [ 12.566, 49.552 ], [ 12.621, 49.527 ], [ 12.638, 49.531 ], [ 12.644, 49.485 ], [ 12.634, 49.476 ], [ 12.649, 49.467 ], [ 12.656, 49.435 ], [ 12.709, 49.425 ], [ 12.758, 49.395 ], [ 12.779, 49.348 ], [ 12.843, 49.345 ], [ 12.877, 49.332 ], [ 12.889, 49.333 ], [ 12.88, 49.351 ], [ 12.943, 49.344 ], [ 13.008, 49.306 ], [ 13.029, 49.304 ], [ 13.034, 49.264 ], [ 13.055, 49.264 ], [ 13.06, 49.251 ], [ 13.081, 49.247 ], [ 13.086, 49.229 ], [ 13.114, 49.218 ], [ 13.11, 49.203 ], [ 13.171, 49.174 ], [ 13.133, 49.112 ], [ 13.068, 49.129 ], [ 13.048, 49.155 ], [ 12.971, 49.166 ], [ 12.945, 49.139 ], [ 12.918, 49.149 ], [ 12.924, 49.134 ], [ 12.899, 49.127 ], [ 12.879, 49.138 ], [ 12.794, 49.122 ], [ 12.786, 49.135 ], [ 12.763, 49.11 ], [ 12.736, 49.119 ], [ 12.706, 49.104 ], [ 12.653, 49.11 ], [ 12.649, 49.1 ], [ 12.622, 49.105 ], [ 12.618, 49.096 ], [ 12.601, 49.102 ], [ 12.555, 49.09 ], [ 12.527, 49.058 ], [ 12.495, 49.061 ], [ 12.473, 49.04 ], [ 12.491, 49.018 ], [ 12.484, 48.976 ], [ 12.436, 48.988 ], [ 12.418, 48.978 ], [ 12.398, 48.99 ], [ 12.392, 48.982 ], [ 12.371, 48.987 ], [ 12.369, 48.972 ], [ 12.327, 48.978 ], [ 12.344, 49.007 ], [ 12.386, 49.002 ], [ 12.408, 49.02 ], [ 12.402, 49.035 ], [ 12.416, 49.048 ], [ 12.402, 49.055 ], [ 12.366, 49.044 ], [ 12.36, 49.062 ], [ 12.325, 49.078 ], [ 12.323, 49.098 ], [ 12.346, 49.103 ], [ 12.307, 49.124 ], [ 12.305, 49.132 ], [ 12.324, 49.134 ], [ 12.308, 49.156 ], [ 12.285, 49.166 ], [ 12.278, 49.15 ], [ 12.273, 49.158 ], [ 12.236, 49.153 ], [ 12.228, 49.178 ], [ 12.195, 49.185 ], [ 12.179, 49.223 ], [ 12.161, 49.208 ], [ 12.146, 49.21 ], [ 12.157, 49.181 ], [ 12.118, 49.169 ], [ 12.127, 49.16 ], [ 12.103, 49.159 ], [ 12.098, 49.143 ], [ 12.057, 49.159 ], [ 12.061, 49.169 ], [ 12.004, 49.159 ], [ 12.005, 49.187 ], [ 11.985, 49.179 ], [ 11.936, 49.195 ], [ 11.934, 49.221 ], [ 11.955, 49.215 ], [ 11.941, 49.236 ], [ 11.983, 49.252 ], [ 11.944, 49.277 ], [ 11.982, 49.279 ], [ 11.967, 49.304 ], [ 12.011, 49.34 ], [ 11.994, 49.352 ], [ 12.017, 49.348 ], [ 12.018, 49.354 ], [ 12.024, 49.356 ], [ 12.044, 49.345 ], [ 12.062, 49.353 ], [ 12.051, 49.369 ], [ 12.064, 49.38 ], [ 12.049, 49.382 ], [ 12.063, 49.389 ], [ 12.0, 49.392 ], [ 12.008, 49.406 ], [ 11.977, 49.422 ], [ 11.995, 49.426 ], [ 11.979, 49.431 ], [ 11.977, 49.437 ], [ 12.034, 49.43 ], [ 12.043, 49.463 ], [ 12.03, 49.492 ], [ 12.066, 49.495 ], [ 12.068, 49.483 ], [ 12.086, 49.48 ], [ 12.096, 49.497 ], [ 12.073, 49.53 ], [ 12.089, 49.543 ], [ 12.134, 49.55 ], [ 12.131, 49.562 ], [ 12.184, 49.57 ], [ 12.18, 49.584 ], [ 12.196, 49.593 ] ] ] } },
{ "type": "Feature", "properties": { "wkr_nr": 234, "wkr_name": "Weiden", "land": "Bayern", "wahlbeteiligung_prozent": 84.1, "union_prozent": 40.4, "afd_prozent": 24.3, "spd_prozent": 11.7, "gruene_prozent": 5.8, "linke_prozent": 3.9, "bsw_prozent": 2.6, "fdp_prozent": 3.1, "staerkste_partei": "union" }, "geometry": { "type": "MultiPolygon", "coordinates": [ [ [ [ 12.271, 50.061 ], [ 12.317, 50.053 ], [ 12.325, 50.033 ], [ 12.339, 50.04 ], [ 12.368, 50.017 ], [ 12.431, 50.003 ], [ 12.432, 49.984 ], [ 12.461, 49.995 ], [ 12.49, 49.982 ], [ 12.5, 49.972 ], [ 12.47, 49.949 ], [ 12.476, 49.938 ], [ 12.548, 49.92 ], [ 12.55, 49.901 ], [ 12.498, 49.857 ], [ 12.498, 49.838 ], [ 12.483, 49.842 ], [ 12.473, 49.834 ], [ 12.473, 49.786 ], [ 12.401, 49.754 ], [ 12.443, 49.704 ], [ 12.492, 49.686 ], [ 12.522, 49.687 ], [ 12.528, 49.618 ], [ 12.561, 49.62 ], [ 12.574, 49.559 ], [ 12.592, 49.541 ], [ 12.552, 49.551 ], [ 12.529, 49.535 ], [ 12.481, 49.554 ], [ 12.449, 49.538 ], [ 12.441, 49.522 ], [ 12.404, 49.532 ], [ 12.396, 49.52 ], [ 12.348, 49.517 ], [ 12.349, 49.504 ], [ 12.291, 49.518 ], [ 12.302, 49.536 ], [ 12.276, 49.544 ], [ 12.259, 49.538 ], [ 12.227, 49.589 ], [ 12.194, 49.594 ], [ 12.184, 49.57 ], [ 12.148, 49.568 ], [ 12.119, 49.548 ], [ 12.104, 49.568 ], [ 12.101, 49.56 ], [ 12.068, 49.565 ], [ 12.071, 49.578 ], [ 12.031, 49.569 ], [ 12.03, 49.578 ], [ 11.991, 49.575 ], [ 11.978, 49.584 ], [ 11.992, 49.607 ], [ 11.968, 49.614 ], [ 11.982, 49.622 ], [ 11.974, 49.64 ], [ 11.914, 49.638 ], [ 11.912, 49.645 ], [ 11.876, 49.635 ], [ 11.809, 49.653 ], [ 11.741, 49.634 ], [ 11.737, 49.625 ], [ 11.642, 49.63 ], [ 11.661, 49.675 ], [ 11.648, 49.69 ], [ 11.655, 49.702 ], [ 11.67, 49.701 ], [ 11.664, 49.718 ], [ 11.651, 49.713 ], [ 11.647, 49.749 ], [ 11.629, 49.764 ], [ 11.642, 49.775 ], [ 11.638, 49.802 ], [ 11.674, 49.811 ], [ 11.692, 49.804 ], [ 11.7, 49.82 ], [ 11.724, 49.819 ], [ 11.738, 49.84 ], [ 11.785, 49.836 ], [ 11.804, 49.849 ], [ 11.824, 49.842 ], [ 11.838, 49.853 ], [ 11.862, 49.852 ], [ 11.839, 49.879 ], [ 11.855, 49.892 ], [ 11.823, 49.903 ], [ 11.839, 49.908 ], [ 11.828, 49.935 ], [ 11.812, 49.933 ], [ 11.814, 49.963 ], [ 11.865, 49.96 ], [ 11.903, 49.979 ], [ 11.935, 49.973 ], [ 12.012, 49.982 ], [ 12.016, 49.991 ], [ 12.048, 49.98 ], [ 12.07, 49.995 ], [ 12.108, 49.978 ], [ 12.198, 49.999 ], [ 12.198, 50.033 ], [ 12.241, 50.035 ], [ 12.271, 50.061 ] ] ], [ [ [ 11.805, 49.953 ], [ 11.811, 49.952 ], [ 11.805, 49.951 ], [ 11.805, 49.953 ] ] ] ] } },
{ "type": "Feature", "properties": { "wkr_nr": 235, "wkr_name": "Bamberg", "land": "Bayern", "wahlbeteiligung_prozent": 85.8, "union_prozent": 37.0, "afd_prozent": 19.3, "spd_prozent": 11.3, "gruene_prozent": 12.6, "linke_prozent": 6.5, "bsw_prozent": 2.9, "fdp_prozent": 3.9, "staerkste_partei": "union" }, "geometry": { "type": "MultiPolygon", "coordinates": [ [ [ [ 10.834, 49.975 ], [ 10.87, 49.94 ], [ 10.895, 49.96 ], [ 10.933, 49.96 ], [ 10.947, 49.943 ], [ 10.908, 49.944 ], [ 10.91, 49.928 ], [ 10.974, 49.917 ], [ 10.997, 49.898 ], [ 11.04, 49.893 ], [ 11.045, 49.903 ], [ 11.066, 49.903 ], [ 11.046, 49.907 ], [ 11.07, 49.904 ], [ 11.089, 49.869 ], [ 11.08, 49.864 ], [ 11.105, 49.853 ], [ 11.096, 49.836 ], [ 11.138, 49.84 ], [ 11.16, 49.817 ], [ 11.134, 49.812 ], [ 11.139, 49.799 ], [ 11.114, 49.774 ], [ 11.158, 49.76 ], [ 11.153, 49.749 ], [ 11.182, 49.736 ], [ 11.181, 49.718 ], [ 11.206, 49.714 ], [ 11.224, 49.676 ], [ 11.224, 49.671 ], [ 11.199, 49.674 ], [ 11.19, 49.667 ], [ 11.173, 49.665 ], [ 11.17, 49.662 ], [ 11.197, 49.656 ], [ 11.208, 49.642 ], [ 11.226, 49.645 ], [ 11.258, 49.62 ], [ 11.287, 49.621 ], [ 11.285, 49.605 ], [ 11.264, 49.607 ], [ 11.252, 49.595 ], [ 11.22, 49.609 ], [ 11.188, 49.589 ], [ 11.109, 49.589 ], [ 11.061, 49.638 ], [ 11.025, 49.627 ], [ 11.06, 49.654 ], [ 11.046, 49.662 ], [ 11.055, 49.68 ], [ 11.006, 49.674 ], [ 11.012, 49.685 ], [ 10.974, 49.681 ], [ 10.974, 49.691 ], [ 10.922, 49.707 ], [ 10.963, 49.717 ], [ 10.921, 49.738 ], [ 10.934, 49.755 ], [ 10.928, 49.762 ], [ 10.915, 49.762 ], [ 10.913, 49.766 ], [ 10.932, 49.766 ], [ 10.917, 49.776 ], [ 10.931, 49.785 ], [ 10.871, 49.77 ], [ 10.877, 49.757 ], [ 10.857, 49.759 ], [ 10.805, 49.738 ], [ 10.776, 49.767 ], [ 10.715, 49.788 ], [ 10.672, 49.757 ], [ 10.708, 49.748 ], [ 10.705, 49.735 ], [ 10.654, 49.721 ], [ 10.638, 49.741 ], [ 10.551, 49.756 ], [ 10.554, 49.77 ], [ 10.539, 49.771 ], [ 10.525, 49.785 ], [ 10.535, 49.794 ], [ 10.516, 49.803 ], [ 10.489, 49.786 ], [ 10.467, 49.788 ], [ 10.485, 49.805 ], [ 10.45, 49.818 ], [ 10.462, 49.836 ], [ 10.44, 49.845 ], [ 10.459, 49.879 ], [ 10.502, 49.871 ], [ 10.559, 49.881 ], [ 10.561, 49.865 ], [ 10.576, 49.874 ], [ 10.587, 49.859 ], [ 10.607, 49.876 ], [ 10.595, 49.86 ], [ 10.605, 49.855 ], [ 10.657, 49.89 ], [ 10.685, 49.883 ], [ 10.707, 49.924 ], [ 10.772, 49.888 ], [ 10.818, 49.887 ], [ 10.833, 49.878 ], [ 10.826, 49.898 ], [ 10.847, 49.908 ], [ 10.83, 49.915 ], [ 10.846, 49.947 ], [ 10.815, 49.965 ], [ 10.834, 49.975 ] ] ], [ [ [ 10.881, 49.744 ], [ 10.893, 49.738 ], [ 10.874, 49.742 ], [ 10.881, 49.744 ] ] ] ] } },
{ "type": "Feature", "properties": { "wkr_nr": 236, "wkr_name": "Bayreuth", "land": "Bayern", "wahlbeteiligung_prozent": 84.1, "union_prozent": 38.5, "afd_prozent": 20.0, "spd_prozent": 12.3, "gruene_prozent": 9.8, "linke_prozent": 5.7, "bsw_prozent": 3.0, "fdp_prozent": 3.7, "staerkste_partei": "union" }, "geometry": { "type": "Polygon", "coordinates": [ [ [ 11.699, 50.134 ], [ 11.745, 50.117 ], [ 11.775, 50.127 ], [ 11.786, 50.105 ], [ 11.818, 50.088 ], [ 11.798, 50.082 ], [ 11.801, 50.072 ], [ 11.833, 50.066 ], [ 11.835, 50.054 ], [ 11.866, 50.043 ], [ 11.874, 50.032 ], [ 11.859, 50.023 ], [ 11.899, 49.999 ], [ 11.899, 49.969 ], [ 11.812, 49.961 ], [ 11.812, 49.933 ], [ 11.828, 49.935 ], [ 11.839, 49.908 ], [ 11.823, 49.903 ], [ 11.855, 49.892 ], [ 11.839, 49.879 ], [ 11.861, 49.85 ], [ 11.838, 49.853 ], [ 11.824, 49.842 ], [ 11.804, 49.849 ], [ 11.785, 49.836 ], [ 11.738, 49.84 ], [ 11.724, 49.819 ], [ 11.7, 49.82 ], [ 11.692, 49.804 ], [ 11.644, 49.808 ], [ 11.634, 49.762 ], [ 11.594, 49.754 ], [ 11.587, 49.729 ], [ 11.552, 49.733 ], [ 11.56, 49.698 ], [ 11.541, 49.693 ], [ 11.563, 49.686 ], [ 11.558, 49.642 ], [ 11.474, 49.645 ], [ 11.459, 49.628 ], [ 11.429, 49.628 ], [ 11.427, 49.614 ], [ 11.414, 49.627 ], [ 11.397, 49.626 ], [ 11.374, 49.67 ], [ 11.343, 49.659 ], [ 11.332, 49.637 ], [ 11.298, 49.63 ], [ 11.297, 49.618 ], [ 11.258, 49.62 ], [ 11.226, 49.645 ], [ 11.208, 49.642 ], [ 11.197, 49.656 ], [ 11.17, 49.662 ], [ 11.199, 49.674 ], [ 11.224, 49.671 ], [ 11.221, 49.684 ], [ 11.206, 49.714 ], [ 11.181, 49.718 ], [ 11.182, 49.736 ], [ 11.153, 49.749 ], [ 11.158, 49.76 ], [ 11.114, 49.774 ], [ 11.139, 49.799 ], [ 11.134, 49.812 ], [ 11.16, 49.817 ], [ 11.138, 49.83 ], [ 11.141, 49.845 ], [ 11.17, 49.845 ], [ 11.175, 49.832 ], [ 11.234, 49.841 ], [ 11.228, 49.862 ], [ 11.244, 49.865 ], [ 11.19, 49.886 ], [ 11.199, 49.893 ], [ 11.184, 49.909 ], [ 11.203, 49.913 ], [ 11.215, 49.937 ], [ 11.196, 49.954 ], [ 11.219, 49.973 ], [ 11.253, 49.979 ], [ 11.249, 49.999 ], [ 11.26, 50.0 ], [ 11.285, 49.988 ], [ 11.278, 49.967 ], [ 11.317, 49.964 ], [ 11.385, 49.935 ], [ 11.396, 49.961 ], [ 11.427, 49.957 ], [ 11.419, 49.99 ], [ 11.461, 49.981 ], [ 11.477, 49.995 ], [ 11.578, 50.008 ], [ 11.603, 50.017 ], [ 11.617, 50.04 ], [ 11.63, 50.034 ], [ 11.628, 50.042 ], [ 11.65, 50.043 ], [ 11.632, 50.069 ], [ 11.688, 50.089 ], [ 11.675, 50.096 ], [ 11.678, 50.125 ], [ 11.699, 50.134 ] ], [ [ 11.805, 49.953 ], [ 11.811, 49.952 ], [ 11.811, 49.953 ], [ 11.805, 49.953 ] ] ] } },
{ "type": "Feature", "properties": { "wkr_nr": 237, "wkr_name": "Coburg", "land": "Bayern", "wahlbeteiligung_prozent": 83.9, "union_prozent": 37.2, "afd_prozent": 22.2, "spd_prozent": 14.3, "gruene_prozent": 7.5, "linke_prozent": 5.4, "bsw_prozent": 3.4, "fdp_prozent": 3.2, "staerkste_partei": "union" }, "geometry": { "type": "MultiPolygon", "coordinates": [ [ [ [ 11.37, 50.523 ], [ 11.425, 50.516 ], [ 11.441, 50.501 ], [ 11.419, 50.493 ], [ 11.421, 50.443 ], [ 11.451, 50.431 ], [ 11.443, 50.421 ], [ 11.482, 50.432 ], [ 11.479, 50.401 ], [ 11.519, 50.396 ], [ 11.52, 50.374 ], [ 11.56, 50.384 ], [ 11.573, 50.4 ], [ 11.609, 50.393 ], [ 11.597, 50.365 ], [ 11.624, 50.342 ], [ 11.618, 50.333 ], [ 11.592, 50.322 ], [ 11.58, 50.341 ], [ 11.563, 50.343 ], [ 11.572, 50.346 ], [ 11.577, 50.361 ], [ 11.557, 50.355 ], [ 11.566, 50.349 ], [ 11.564, 50.347 ], [ 11.539, 50.354 ], [ 11.529, 50.329 ], [ 11.553, 50.315 ], [ 11.566, 50.288 ], [ 11.536, 50.276 ], [ 11.541, 50.266 ], [ 11.487, 50.25 ], [ 11.476, 50.233 ], [ 11.463, 50.238 ], [ 11.459, 50.226 ], [ 11.431, 50.216 ], [ 11.413, 50.2 ], [ 11.434, 50.182 ], [ 11.397, 50.176 ], [ 11.382, 50.187 ], [ 11.393, 50.193 ], [ 11.377, 50.193 ], [ 11.361, 50.167 ], [ 11.337, 50.159 ], [ 11.281, 50.16 ], [ 11.253, 50.171 ], [ 11.249, 50.184 ], [ 11.224, 50.185 ], [ 11.226, 50.204 ], [ 11.199, 50.205 ], [ 11.18, 50.185 ], [ 11.153, 50.198 ], [ 11.116, 50.192 ], [ 11.103, 50.21 ], [ 11.088, 50.204 ], [ 11.034, 50.219 ], [ 10.992, 50.214 ], [ 10.988, 50.205 ], [ 11.011, 50.194 ], [ 11.008, 50.177 ], [ 10.953, 50.171 ], [ 10.952, 50.156 ], [ 10.915, 50.141 ], [ 10.949, 50.123 ], [ 10.937, 50.113 ], [ 10.917, 50.12 ], [ 10.891, 50.111 ], [ 10.885, 50.093 ], [ 10.862, 50.088 ], [ 10.862, 50.126 ], [ 10.878, 50.145 ], [ 10.852, 50.158 ], [ 10.842, 50.144 ], [ 10.778, 50.149 ], [ 10.78, 50.194 ], [ 10.754, 50.213 ], [ 10.762, 50.223 ], [ 10.727, 50.231 ], [ 10.732, 50.252 ], [ 10.77, 50.241 ], [ 10.801, 50.251 ], [ 10.807, 50.24 ], [ 10.836, 50.24 ], [ 10.852, 50.252 ], [ 10.846, 50.275 ], [ 10.804, 50.28 ], [ 10.803, 50.292 ], [ 10.771, 50.293 ], [ 10.742, 50.316 ], [ 10.715, 50.321 ], [ 10.729, 50.348 ], [ 10.714, 50.346 ], [ 10.715, 50.364 ], [ 10.755, 50.358 ], [ 10.786, 50.385 ], [ 10.804, 50.379 ], [ 10.873, 50.397 ], [ 10.893, 50.38 ], [ 10.938, 50.392 ], [ 10.986, 50.347 ], [ 11.0, 50.352 ], [ 10.993, 50.365 ], [ 11.033, 50.361 ], [ 11.043, 50.345 ], [ 11.114, 50.367 ], [ 11.117, 50.349 ], [ 11.139, 50.354 ], [ 11.159, 50.33 ], [ 11.132, 50.308 ], [ 11.146, 50.285 ], [ 11.184, 50.281 ], [ 11.174, 50.271 ], [ 11.187, 50.27 ], [ 11.198, 50.292 ], [ 11.251, 50.268 ], [ 11.252, 50.299 ], [ 11.27, 50.307 ], [ 11.261, 50.338 ], [ 11.277, 50.336 ], [ 11.262, 50.352 ], [ 11.284, 50.36 ], [ 11.258, 50.4 ], [ 11.268, 50.432 ], [ 11.247, 50.449 ], [ 11.247, 50.477 ], [ 11.289, 50.486 ], [ 11.291, 50.475 ], [ 11.301, 50.488 ], [ 11.323, 50.491 ], [ 11.321, 50.509 ], [ 11.37, 50.523 ] ] ], [ [ [ 11.576, 50.325 ], [ 11.576, 50.324 ], [ 11.575, 50.325 ], [ 11.576, 50.325 ] ] ], [ [ [ 11.561, 50.33 ], [ 11.565, 50.327 ], [ 11.559, 50.329 ], [ 11.561, 50.33 ] ] ] ] } },
{ "type": "Feature", "properties": { "wkr_nr": 238, "wkr_name": "Hof", "land": "Bayern", "wahlbeteiligung_prozent": 82.0, "union_prozent": 38.0, "afd_prozent": 24.3, "spd_prozent": 13.5, "gruene_prozent": 6.0, "linke_prozent": 5.3, "bsw_prozent": 3.6, "fdp_prozent": 3.1, "staerkste_partei": "union" }, "geometry": { "type": "Polygon", "coordinates": [ [ [ 11.922, 50.424 ], [ 11.954, 50.407 ], [ 11.949, 50.395 ], [ 11.965, 50.4 ], [ 11.984, 50.389 ], [ 11.977, 50.351 ], [ 12.015, 50.348 ], [ 12.047, 50.325 ], [ 12.091, 50.333 ], [ 12.126, 50.308 ], [ 12.122, 50.292 ], [ 12.14, 50.278 ], [ 12.097, 50.262 ], [ 12.092, 50.25 ], [ 12.127, 50.232 ], [ 12.151, 50.236 ], [ 12.159, 50.211 ], [ 12.197, 50.199 ], [ 12.189, 50.196 ], [ 12.216, 50.168 ], [ 12.195, 50.143 ], [ 12.2, 50.111 ], [ 12.232, 50.094 ], [ 12.247, 50.097 ], [ 12.275, 50.076 ], [ 12.241, 50.035 ], [ 12.198, 50.033 ], [ 12.198, 49.999 ], [ 12.108, 49.978 ], [ 12.07, 49.995 ], [ 12.048, 49.98 ], [ 12.016, 49.991 ], [ 12.012, 49.982 ], [ 11.914, 49.971 ], [ 11.898, 49.999 ], [ 11.859, 50.023 ], [ 11.874, 50.032 ], [ 11.866, 50.043 ], [ 11.797, 50.076 ], [ 11.818, 50.088 ], [ 11.786, 50.105 ], [ 11.775, 50.127 ], [ 11.745, 50.117 ], [ 11.708, 50.123 ], [ 11.699, 50.134 ], [ 11.653, 50.116 ], [ 11.648, 50.14 ], [ 11.678, 50.138 ], [ 11.69, 50.16 ], [ 11.65, 50.162 ], [ 11.681, 50.181 ], [ 11.672, 50.203 ], [ 11.654, 50.204 ], [ 11.66, 50.225 ], [ 11.633, 50.232 ], [ 11.598, 50.225 ], [ 11.612, 50.234 ], [ 11.609, 50.261 ], [ 11.629, 50.258 ], [ 11.62, 50.267 ], [ 11.579, 50.255 ], [ 11.537, 50.272 ], [ 11.566, 50.288 ], [ 11.553, 50.315 ], [ 11.529, 50.329 ], [ 11.541, 50.355 ], [ 11.564, 50.347 ], [ 11.557, 50.355 ], [ 11.577, 50.361 ], [ 11.563, 50.343 ], [ 11.58, 50.341 ], [ 11.592, 50.322 ], [ 11.624, 50.342 ], [ 11.599, 50.355 ], [ 11.603, 50.399 ], [ 11.625, 50.387 ], [ 11.683, 50.393 ], [ 11.744, 50.411 ], [ 11.762, 50.405 ], [ 11.753, 50.416 ], [ 11.794, 50.418 ], [ 11.825, 50.404 ], [ 11.823, 50.39 ], [ 11.922, 50.424 ] ], [ [ 11.579, 50.325 ], [ 11.575, 50.325 ], [ 11.58, 50.324 ], [ 11.579, 50.325 ] ], [ [ 11.564, 50.329 ], [ 11.559, 50.329 ], [ 11.566, 50.327 ], [ 11.564, 50.329 ] ] ] } },
{ "type": "Feature", "properties": { "wkr_nr": 239, "wkr_name": "Kulmbach", "land": "Bayern", "wahlbeteiligung_prozent": 85.5, "union_prozent": 40.3, "afd_prozent": 23.4, "spd_prozent": 10.9, "gruene_prozent": 7.2, "linke_prozent": 4.4, "bsw_prozent": 3.0, "fdp_prozent": 3.2, "staerkste_partei": "union" }, "geometry": { "type": "Polygon", "coordinates": [ [ [ 11.616, 50.267 ], [ 11.629, 50.258 ], [ 11.609, 50.261 ], [ 11.612, 50.234 ], [ 11.598, 50.225 ], [ 11.655, 50.23 ], [ 11.654, 50.204 ], [ 11.672, 50.203 ], [ 11.681, 50.181 ], [ 11.65, 50.162 ], [ 11.69, 50.16 ], [ 11.678, 50.138 ], [ 11.648, 50.14 ], [ 11.643, 50.13 ], [ 11.653, 50.116 ], [ 11.679, 50.124 ], [ 11.675, 50.096 ], [ 11.688, 50.089 ], [ 11.632, 50.069 ], [ 11.65, 50.043 ], [ 11.628, 50.042 ], [ 11.63, 50.034 ], [ 11.617, 50.04 ], [ 11.603, 50.017 ], [ 11.578, 50.008 ], [ 11.477, 49.995 ], [ 11.461, 49.981 ], [ 11.419, 49.99 ], [ 11.427, 49.957 ], [ 11.396, 49.961 ], [ 11.385, 49.935 ], [ 11.317, 49.964 ], [ 11.278, 49.967 ], [ 11.285, 49.988 ], [ 11.25, 49.999 ], [ 11.253, 49.979 ], [ 11.219, 49.973 ], [ 11.196, 49.954 ], [ 11.214, 49.93 ], [ 11.184, 49.909 ], [ 11.199, 49.893 ], [ 11.192, 49.881 ], [ 11.244, 49.865 ], [ 11.228, 49.862 ], [ 11.226, 49.835 ], [ 11.175, 49.832 ], [ 11.168, 49.845 ], [ 11.096, 49.836 ], [ 11.105, 49.853 ], [ 11.08, 49.864 ], [ 11.089, 49.869 ], [ 11.07, 49.904 ], [ 11.046, 49.907 ], [ 11.066, 49.903 ], [ 11.031, 49.893 ], [ 10.997, 49.898 ], [ 10.953, 49.924 ], [ 10.913, 49.925 ], [ 10.908, 49.944 ], [ 10.947, 49.943 ], [ 10.919, 49.965 ], [ 10.87, 49.94 ], [ 10.834, 49.975 ], [ 10.816, 49.966 ], [ 10.846, 49.947 ], [ 10.83, 49.915 ], [ 10.847, 49.908 ], [ 10.826, 49.898 ], [ 10.833, 49.878 ], [ 10.768, 49.89 ], [ 10.714, 49.923 ], [ 10.743, 49.948 ], [ 10.721, 49.956 ], [ 10.761, 49.968 ], [ 10.741, 49.992 ], [ 10.765, 50.0 ], [ 10.765, 50.013 ], [ 10.75, 50.019 ], [ 10.773, 50.025 ], [ 10.776, 50.043 ], [ 10.816, 50.038 ], [ 10.836, 50.045 ], [ 10.836, 50.073 ], [ 10.859, 50.074 ], [ 10.86, 50.092 ], [ 10.883, 50.091 ], [ 10.891, 50.111 ], [ 10.917, 50.12 ], [ 10.937, 50.113 ], [ 10.949, 50.123 ], [ 10.915, 50.141 ], [ 10.921, 50.15 ], [ 10.952, 50.156 ], [ 10.961, 50.174 ], [ 11.008, 50.177 ], [ 11.007, 50.2 ], [ 10.985, 50.212 ], [ 11.034, 50.219 ], [ 11.065, 50.206 ], [ 11.103, 50.21 ], [ 11.116, 50.192 ], [ 11.153, 50.198 ], [ 11.18, 50.185 ], [ 11.199, 50.205 ], [ 11.226, 50.204 ], [ 11.224, 50.185 ], [ 11.249, 50.184 ], [ 11.253, 50.171 ], [ 11.281, 50.16 ], [ 11.337, 50.159 ], [ 11.361, 50.167 ], [ 11.377, 50.193 ], [ 11.393, 50.193 ], [ 11.382, 50.187 ], [ 11.397, 50.176 ], [ 11.434, 50.182 ], [ 11.413, 50.2 ], [ 11.463, 50.238 ], [ 11.476, 50.233 ], [ 11.487, 50.25 ], [ 11.541, 50.266 ], [ 11.58, 50.255 ], [ 11.616, 50.267 ] ] ] } },
{ "type": "Feature", "properties": { "wkr_nr": 240, "wkr_name": "Ansbach", "land": "Bayern", "wahlbeteiligung_prozent": 84.4, "union_prozent": 37.3, "afd_prozent": 21.5, "spd_prozent": 12.1, "gruene_prozent": 9.5, "linke_prozent": 5.0, "bsw_prozent": 3.6, "fdp_prozent": 3.3, "staerkste_partei": "union" }, "geometry": { "type": "Polygon", "coordinates": [ [ [ 10.21, 49.492 ], [ 10.269, 49.467 ], [ 10.248, 49.453 ], [ 10.295, 49.413 ], [ 10.344, 49.434 ], [ 10.349, 49.41 ], [ 10.387, 49.413 ], [ 10.402, 49.433 ], [ 10.435, 49.428 ], [ 10.447, 49.412 ], [ 10.466, 49.424 ], [ 10.476, 49.412 ], [ 10.473, 49.425 ], [ 10.515, 49.437 ], [ 10.508, 49.449 ], [ 10.547, 49.436 ], [ 10.557, 49.445 ], [ 10.573, 49.438 ], [ 10.611, 49.449 ], [ 10.618, 49.441 ], [ 10.597, 49.433 ], [ 10.598, 49.422 ], [ 10.614, 49.431 ], [ 10.633, 49.421 ], [ 10.703, 49.437 ], [ 10.74, 49.434 ], [ 10.752, 49.417 ], [ 10.738, 49.415 ], [ 10.743, 49.4 ], [ 10.868, 49.356 ], [ 10.866, 49.315 ], [ 10.887, 49.317 ], [ 10.888, 49.307 ], [ 10.899, 49.308 ], [ 10.908, 49.286 ], [ 10.896, 49.27 ], [ 10.913, 49.247 ], [ 10.837, 49.199 ], [ 10.842, 49.188 ], [ 10.876, 49.188 ], [ 10.855, 49.161 ], [ 10.938, 49.131 ], [ 10.939, 49.149 ], [ 10.997, 49.155 ], [ 10.995, 49.144 ], [ 11.051, 49.125 ], [ 11.068, 49.129 ], [ 11.082, 49.106 ], [ 11.123, 49.086 ], [ 11.167, 49.085 ], [ 11.201, 49.047 ], [ 11.18, 49.029 ], [ 11.191, 49.018 ], [ 11.163, 49.015 ], [ 11.163, 48.996 ], [ 11.143, 48.992 ], [ 11.142, 48.965 ], [ 11.101, 48.966 ], [ 11.07, 48.954 ], [ 11.051, 48.932 ], [ 11.074, 48.914 ], [ 11.045, 48.902 ], [ 11.032, 48.909 ], [ 11.045, 48.901 ], [ 11.031, 48.887 ], [ 10.974, 48.879 ], [ 10.963, 48.859 ], [ 10.932, 48.863 ], [ 10.906, 48.883 ], [ 10.868, 48.876 ], [ 10.871, 48.883 ], [ 10.853, 48.885 ], [ 10.861, 48.895 ], [ 10.825, 48.896 ], [ 10.808, 48.908 ], [ 10.832, 48.913 ], [ 10.812, 48.937 ], [ 10.818, 48.949 ], [ 10.771, 48.926 ], [ 10.776, 48.916 ], [ 10.735, 48.924 ], [ 10.723, 48.901 ], [ 10.676, 48.91 ], [ 10.669, 48.922 ], [ 10.701, 48.939 ], [ 10.692, 48.96 ], [ 10.669, 48.983 ], [ 10.642, 48.981 ], [ 10.631, 48.992 ], [ 10.642, 49.017 ], [ 10.606, 49.018 ], [ 10.596, 49.035 ], [ 10.553, 49.033 ], [ 10.541, 49.006 ], [ 10.469, 49.012 ], [ 10.424, 49.004 ], [ 10.433, 48.984 ], [ 10.412, 48.977 ], [ 10.352, 49.006 ], [ 10.35, 49.028 ], [ 10.32, 49.026 ], [ 10.294, 49.043 ], [ 10.252, 49.039 ], [ 10.265, 49.061 ], [ 10.234, 49.076 ], [ 10.251, 49.093 ], [ 10.205, 49.098 ], [ 10.225, 49.12 ], [ 10.257, 49.129 ], [ 10.255, 49.138 ], [ 10.218, 49.163 ], [ 10.197, 49.156 ], [ 10.181, 49.182 ], [ 10.166, 49.179 ], [ 10.157, 49.193 ], [ 10.129, 49.196 ], [ 10.125, 49.21 ], [ 10.139, 49.215 ], [ 10.12, 49.247 ], [ 10.133, 49.253 ], [ 10.11, 49.258 ], [ 10.124, 49.275 ], [ 10.134, 49.262 ], [ 10.157, 49.281 ], [ 10.132, 49.3 ], [ 10.14, 49.326 ], [ 10.11, 49.329 ], [ 10.105, 49.338 ], [ 10.108, 49.352 ], [ 10.125, 49.356 ], [ 10.107, 49.379 ], [ 10.162, 49.395 ], [ 10.139, 49.403 ], [ 10.152, 49.401 ], [ 10.138, 49.433 ], [ 10.095, 49.448 ], [ 10.097, 49.456 ], [ 10.122, 49.464 ], [ 10.118, 49.473 ], [ 10.166, 49.474 ], [ 10.184, 49.492 ], [ 10.21, 49.492 ] ] ] } },
{ "type": "Feature", "properties": { "wkr_nr": 241, "wkr_name": "Erlangen", "land": "Bayern", "wahlbeteiligung_prozent": 86.8, "union_prozent": 33.7, "afd_prozent": 14.5, "spd_prozent": 13.9, "gruene_prozent": 18.0, "linke_prozent": 7.1, "bsw_prozent": 3.0, "fdp_prozent": 4.3, "staerkste_partei": "union" }, "geometry": { "type": "Polygon", "coordinates": [ [ [ 10.922, 49.785 ], [ 10.932, 49.766 ], [ 10.913, 49.764 ], [ 10.936, 49.748 ], [ 10.921, 49.738 ], [ 10.963, 49.717 ], [ 10.922, 49.707 ], [ 10.974, 49.691 ], [ 10.974, 49.681 ], [ 11.012, 49.685 ], [ 11.006, 49.674 ], [ 11.055, 49.68 ], [ 11.046, 49.662 ], [ 11.06, 49.654 ], [ 11.025, 49.627 ], [ 11.061, 49.638 ], [ 11.109, 49.589 ], [ 11.188, 49.589 ], [ 11.22, 49.609 ], [ 11.252, 49.595 ], [ 11.264, 49.607 ], [ 11.28, 49.604 ], [ 11.289, 49.593 ], [ 11.268, 49.583 ], [ 11.283, 49.579 ], [ 11.266, 49.577 ], [ 11.269, 49.568 ], [ 11.239, 49.574 ], [ 11.19, 49.56 ], [ 11.197, 49.543 ], [ 11.168, 49.491 ], [ 11.182, 49.475 ], [ 11.15, 49.471 ], [ 11.113, 49.515 ], [ 11.097, 49.501 ], [ 11.059, 49.506 ], [ 11.06, 49.516 ], [ 11.077, 49.519 ], [ 11.023, 49.538 ], [ 10.933, 49.535 ], [ 10.905, 49.549 ], [ 10.883, 49.536 ], [ 10.867, 49.543 ], [ 10.816, 49.536 ], [ 10.821, 49.552 ], [ 10.791, 49.582 ], [ 10.756, 49.582 ], [ 10.756, 49.602 ], [ 10.715, 49.6 ], [ 10.699, 49.587 ], [ 10.687, 49.6 ], [ 10.668, 49.6 ], [ 10.667, 49.637 ], [ 10.627, 49.66 ], [ 10.624, 49.678 ], [ 10.604, 49.679 ], [ 10.619, 49.69 ], [ 10.595, 49.69 ], [ 10.595, 49.709 ], [ 10.703, 49.733 ], [ 10.708, 49.748 ], [ 10.672, 49.757 ], [ 10.715, 49.788 ], [ 10.776, 49.767 ], [ 10.805, 49.738 ], [ 10.857, 49.759 ], [ 10.877, 49.757 ], [ 10.871, 49.77 ], [ 10.922, 49.785 ] ], [ [ 10.881, 49.744 ], [ 10.885, 49.738 ], [ 10.893, 49.738 ], [ 10.881, 49.744 ] ] ] } },
{ "type": "Feature", "properties": { "wkr_nr": 242, "wkr_name": "Fürth", "land": "Bayern", "wahlbeteiligung_prozent": 83.7, "union_prozent": 34.4, "afd_prozent": 18.8, "spd_prozent": 14.2, "gruene_prozent": 12.4, "linke_prozent": 6.8, "bsw_prozent": 3.6, "fdp_prozent": 3.9, "staerkste_partei": "union" }, "geometry": { "type": "Polygon", "coordinates": [ [ [ 10.496, 49.753 ], [ 10.638, 49.741 ], [ 10.654, 49.723 ], [ 10.595, 49.709 ], [ 10.592, 49.697 ], [ 10.619, 49.69 ], [ 10.604, 49.679 ], [ 10.624, 49.678 ], [ 10.627, 49.66 ], [ 10.667, 49.637 ], [ 10.668, 49.6 ], [ 10.687, 49.6 ], [ 10.699, 49.587 ], [ 10.715, 49.6 ], [ 10.756, 49.602 ], [ 10.756, 49.582 ], [ 10.791, 49.582 ], [ 10.821, 49.552 ], [ 10.816, 49.536 ], [ 10.867, 49.543 ], [ 10.883, 49.536 ], [ 10.905, 49.549 ], [ 10.933, 49.535 ], [ 10.995, 49.535 ], [ 11.0, 49.513 ], [ 11.029, 49.509 ], [ 11.014, 49.494 ], [ 11.025, 49.472 ], [ 10.99, 49.437 ], [ 11.005, 49.42 ], [ 11.024, 49.418 ], [ 11.022, 49.394 ], [ 10.994, 49.381 ], [ 10.938, 49.377 ], [ 10.935, 49.367 ], [ 10.925, 49.371 ], [ 10.929, 49.357 ], [ 10.871, 49.355 ], [ 10.743, 49.4 ], [ 10.738, 49.415 ], [ 10.752, 49.417 ], [ 10.734, 49.436 ], [ 10.633, 49.421 ], [ 10.614, 49.431 ], [ 10.601, 49.422 ], [ 10.611, 49.449 ], [ 10.573, 49.438 ], [ 10.557, 49.445 ], [ 10.547, 49.436 ], [ 10.52, 49.451 ], [ 10.508, 49.449 ], [ 10.515, 49.437 ], [ 10.472, 49.424 ], [ 10.476, 49.412 ], [ 10.466, 49.424 ], [ 10.447, 49.412 ], [ 10.435, 49.428 ], [ 10.402, 49.433 ], [ 10.387, 49.413 ], [ 10.349, 49.41 ], [ 10.344, 49.434 ], [ 10.295, 49.413 ], [ 10.248, 49.453 ], [ 10.269, 49.467 ], [ 10.234, 49.488 ], [ 10.184, 49.492 ], [ 10.173, 49.476 ], [ 10.115, 49.474 ], [ 10.1, 49.492 ], [ 10.121, 49.511 ], [ 10.084, 49.512 ], [ 10.077, 49.52 ], [ 10.09, 49.534 ], [ 10.07, 49.593 ], [ 10.1, 49.619 ], [ 10.148, 49.612 ], [ 10.17, 49.59 ], [ 10.2, 49.603 ], [ 10.2, 49.626 ], [ 10.218, 49.633 ], [ 10.282, 49.619 ], [ 10.301, 49.627 ], [ 10.349, 49.622 ], [ 10.388, 49.634 ], [ 10.359, 49.678 ], [ 10.387, 49.691 ], [ 10.341, 49.696 ], [ 10.339, 49.704 ], [ 10.353, 49.7 ], [ 10.422, 49.745 ], [ 10.416, 49.731 ], [ 10.422, 49.731 ], [ 10.436, 49.75 ], [ 10.464, 49.741 ], [ 10.491, 49.743 ], [ 10.496, 49.753 ] ] ] } },
{ "type": "Feature", "properties": { "wkr_nr": 243, "wkr_name": "Nürnberg-Nord", "land": "Bayern", "wahlbeteiligung_prozent": 80.9, "union_prozent": 27.3, "afd_prozent": 12.1, "spd_prozent": 15.6, "gruene_prozent": 19.7, "linke_prozent": 12.8, "bsw_prozent": 3.7, "fdp_prozent": 4.3, "staerkste_partei": "union" }, "geometry": { "type": "Polygon", "coordinates": [ [ [ 10.988, 49.537 ], [ 11.053, 49.53 ], [ 11.077, 49.519 ], [ 11.06, 49.516 ], [ 11.061, 49.505 ], [ 11.097, 49.501 ], [ 11.113, 49.515 ], [ 11.15, 49.471 ], [ 11.178, 49.474 ], [ 11.186, 49.468 ], [ 11.138, 49.453 ], [ 11.153, 49.453 ], [ 11.154, 49.444 ], [ 11.128, 49.442 ], [ 11.159, 49.422 ], [ 11.131, 49.433 ], [ 11.131, 49.422 ], [ 11.11, 49.417 ], [ 11.104, 49.433 ], [ 11.012, 49.461 ], [ 11.029, 49.509 ], [ 11.0, 49.513 ], [ 10.988, 49.537 ] ] ] } },
{ "type": "Feature", "properties": { "wkr_nr": 244, "wkr_name": "Nürnberg-Süd", "land": "Bayern", "wahlbeteiligung_prozent": 78.3, "union_prozent": 32.3, "afd_prozent": 19.8, "spd_prozent": 15.3, "gruene_prozent": 11.2, "linke_prozent": 8.6, "bsw_prozent": 4.5, "fdp_prozent": 3.6, "staerkste_partei": "union" }, "geometry": { "type": "MultiPolygon", "coordinates": [ [ [ [ 11.267, 49.44 ], [ 11.28, 49.417 ], [ 11.259, 49.409 ], [ 11.249, 49.441 ], [ 11.267, 49.44 ] ] ], [ [ [ 11.016, 49.46 ], [ 11.104, 49.433 ], [ 11.11, 49.417 ], [ 11.131, 49.422 ], [ 11.131, 49.433 ], [ 11.179, 49.417 ], [ 11.18, 49.429 ], [ 11.214, 49.421 ], [ 11.181, 49.415 ], [ 11.193, 49.405 ], [ 11.177, 49.412 ], [ 11.177, 49.394 ], [ 11.19, 49.39 ], [ 11.111, 49.391 ], [ 11.102, 49.377 ], [ 11.122, 49.369 ], [ 11.102, 49.371 ], [ 11.122, 49.357 ], [ 11.08, 49.339 ], [ 11.087, 49.314 ], [ 11.051, 49.316 ], [ 11.042, 49.297 ], [ 11.025, 49.293 ], [ 10.995, 49.321 ], [ 10.981, 49.319 ], [ 10.993, 49.338 ], [ 10.97, 49.357 ], [ 10.998, 49.388 ], [ 11.025, 49.399 ], [ 11.024, 49.418 ], [ 11.005, 49.42 ], [ 10.99, 49.437 ], [ 11.016, 49.46 ] ] ] ] } },
{ "type": "Feature", "properties": { "wkr_nr": 245, "wkr_name": "Roth", "land": "Bayern", "wahlbeteiligung_prozent": 86.6, "union_prozent": 37.8, "afd_prozent": 18.0, "spd_prozent": 13.4, "gruene_prozent": 12.1, "linke_prozent": 5.4, "bsw_prozent": 3.0, "fdp_prozent": 3.8, "staerkste_partei": "union" }, "geometry": { "type": "MultiPolygon", "coordinates": [ [ [ [ 11.544, 49.694 ], [ 11.56, 49.698 ], [ 11.556, 49.704 ], [ 11.557, 49.715 ], [ 11.564, 49.697 ], [ 11.544, 49.694 ] ] ], [ [ [ 11.565, 49.686 ], [ 11.573, 49.669 ], [ 11.57, 49.642 ], [ 11.59, 49.641 ], [ 11.602, 49.623 ], [ 11.55, 49.604 ], [ 11.576, 49.58 ], [ 11.511, 49.553 ], [ 11.549, 49.544 ], [ 11.534, 49.507 ], [ 11.566, 49.504 ], [ 11.596, 49.474 ], [ 11.557, 49.433 ], [ 11.559, 49.416 ], [ 11.537, 49.411 ], [ 11.483, 49.427 ], [ 11.465, 49.422 ], [ 11.459, 49.432 ], [ 11.445, 49.415 ], [ 11.461, 49.412 ], [ 11.424, 49.393 ], [ 11.421, 49.376 ], [ 11.4, 49.373 ], [ 11.394, 49.357 ], [ 11.371, 49.357 ], [ 11.39, 49.342 ], [ 11.382, 49.326 ], [ 11.345, 49.32 ], [ 11.334, 49.303 ], [ 11.247, 49.325 ], [ 11.251, 49.309 ], [ 11.22, 49.316 ], [ 11.186, 49.3 ], [ 11.199, 49.289 ], [ 11.215, 49.292 ], [ 11.206, 49.274 ], [ 11.292, 49.267 ], [ 11.264, 49.26 ], [ 11.292, 49.257 ], [ 11.303, 49.244 ], [ 11.293, 49.236 ], [ 11.322, 49.203 ], [ 11.263, 49.211 ], [ 11.262, 49.197 ], [ 11.314, 49.178 ], [ 11.323, 49.119 ], [ 11.353, 49.118 ], [ 11.368, 49.1 ], [ 11.353, 49.09 ], [ 11.378, 49.088 ], [ 11.4, 49.062 ], [ 11.426, 49.054 ], [ 11.401, 49.054 ], [ 11.416, 49.035 ], [ 11.386, 49.031 ], [ 11.382, 49.017 ], [ 11.346, 49.02 ], [ 11.327, 48.998 ], [ 11.297, 49.016 ], [ 11.288, 49.004 ], [ 11.264, 49.014 ], [ 11.255, 49.053 ], [ 11.201, 49.047 ], [ 11.167, 49.085 ], [ 11.123, 49.086 ], [ 11.082, 49.106 ], [ 11.068, 49.129 ], [ 11.051, 49.125 ], [ 10.995, 49.144 ], [ 10.997, 49.155 ], [ 10.939, 49.149 ], [ 10.938, 49.131 ], [ 10.855, 49.161 ], [ 10.876, 49.188 ], [ 10.842, 49.188 ], [ 10.837, 49.199 ], [ 10.913, 49.247 ], [ 10.896, 49.27 ], [ 10.907, 49.292 ], [ 10.887, 49.317 ], [ 10.866, 49.315 ], [ 10.861, 49.348 ], [ 10.868, 49.356 ], [ 10.929, 49.357 ], [ 10.925, 49.371 ], [ 10.935, 49.367 ], [ 10.938, 49.377 ], [ 10.985, 49.384 ], [ 10.998, 49.376 ], [ 10.97, 49.357 ], [ 10.993, 49.333 ], [ 10.977, 49.325 ], [ 11.015, 49.305 ], [ 11.01, 49.296 ], [ 11.042, 49.297 ], [ 11.061, 49.318 ], [ 11.087, 49.314 ], [ 11.08, 49.339 ], [ 11.122, 49.357 ], [ 11.102, 49.371 ], [ 11.122, 49.369 ], [ 11.102, 49.377 ], [ 11.111, 49.391 ], [ 11.19, 49.39 ], [ 11.177, 49.394 ], [ 11.177, 49.412 ], [ 11.193, 49.405 ], [ 11.181, 49.415 ], [ 11.214, 49.421 ], [ 11.18, 49.429 ], [ 11.179, 49.417 ], [ 11.128, 49.442 ], [ 11.152, 49.443 ], [ 11.153, 49.453 ], [ 11.142, 49.451 ], [ 11.138, 49.453 ], [ 11.186, 49.468 ], [ 11.168, 49.491 ], [ 11.197, 49.543 ], [ 11.19, 49.56 ], [ 11.239, 49.574 ], [ 11.269, 49.568 ], [ 11.266, 49.577 ], [ 11.283, 49.579 ], [ 11.268, 49.583 ], [ 11.289, 49.593 ], [ 11.287, 49.619 ], [ 11.332, 49.637 ], [ 11.353, 49.665 ], [ 11.378, 49.669 ], [ 11.371, 49.659 ], [ 11.388, 49.654 ], [ 11.397, 49.626 ], [ 11.414, 49.627 ], [ 11.427, 49.614 ], [ 11.429, 49.628 ], [ 11.459, 49.628 ], [ 11.474, 49.645 ], [ 11.558, 49.642 ], [ 11.563, 49.686 ], [ 11.541, 49.693 ], [ 11.544, 49.694 ], [ 11.565, 49.686 ] ], [ [ 11.248, 49.44 ], [ 11.259, 49.409 ], [ 11.28, 49.417 ], [ 11.263, 49.441 ], [ 11.248, 49.44 ] ] ] ] } },
{ "type": "Feature", "properties": { "wkr_nr": 246, "wkr_name": "Aschaffenburg", "land": "Bayern", "wahlbeteiligung_prozent": 85.7, "union_prozent": 38.0, "afd_prozent": 19.0, "spd_prozent": 12.7, "gruene_prozent": 11.2, "linke_prozent": 6.0, "bsw_prozent": 3.2, "fdp_prozent": 4.4, "staerkste_partei": "union" }, "geometry": { "type": "Polygon", "coordinates": [ [ [ 9.225, 50.148 ], [ 9.376, 50.13 ], [ 9.405, 50.088 ], [ 9.373, 50.083 ], [ 9.394, 50.085 ], [ 9.412, 50.065 ], [ 9.391, 50.071 ], [ 9.386, 50.055 ], [ 9.398, 50.049 ], [ 9.41, 50.059 ], [ 9.421, 50.047 ], [ 9.395, 50.045 ], [ 9.419, 50.032 ], [ 9.403, 50.028 ], [ 9.434, 50.019 ], [ 9.399, 50.015 ], [ 9.395, 50.01 ], [ 9.398, 49.997 ], [ 9.395, 49.996 ], [ 9.4, 49.996 ], [ 9.397, 50.01 ], [ 9.412, 50.008 ], [ 9.408, 49.997 ], [ 9.43, 49.991 ], [ 9.449, 49.951 ], [ 9.486, 49.949 ], [ 9.465, 49.917 ], [ 9.454, 49.928 ], [ 9.423, 49.918 ], [ 9.434, 49.884 ], [ 9.369, 49.855 ], [ 9.368, 49.833 ], [ 9.318, 49.833 ], [ 9.289, 49.867 ], [ 9.262, 49.865 ], [ 9.259, 49.853 ], [ 9.245, 49.859 ], [ 9.281, 49.911 ], [ 9.266, 49.928 ], [ 9.234, 49.936 ], [ 9.181, 49.926 ], [ 9.169, 49.932 ], [ 9.144, 49.921 ], [ 9.115, 49.938 ], [ 9.095, 49.874 ], [ 9.073, 49.882 ], [ 9.055, 49.866 ], [ 9.038, 49.876 ], [ 9.016, 49.989 ], [ 9.023, 49.997 ], [ 9.049, 49.992 ], [ 9.031, 50.04 ], [ 8.976, 50.047 ], [ 8.999, 50.069 ], [ 8.997, 50.092 ], [ 9.018, 50.112 ], [ 9.117, 50.127 ], [ 9.154, 50.118 ], [ 9.149, 50.091 ], [ 9.192, 50.127 ], [ 9.183, 50.138 ], [ 9.225, 50.148 ] ] ] } },
{ "type": "Feature", "properties": { "wkr_nr": 247, "wkr_name": "Bad Kissingen", "land": "Bayern", "wahlbeteiligung_prozent": 85.8, "union_prozent": 41.8, "afd_prozent": 23.0, "spd_prozent": 9.7, "gruene_prozent": 7.4, "linke_prozent": 4.6, "bsw_prozent": 2.9, "fdp_prozent": 3.6, "staerkste_partei": "union" }, "geometry": { "type": "Polygon", "coordinates": [ [ [ 10.107, 50.564 ], [ 10.14, 50.543 ], [ 10.15, 50.552 ], [ 10.175, 50.543 ], [ 10.178, 50.552 ], [ 10.204, 50.555 ], [ 10.232, 50.531 ], [ 10.231, 50.512 ], [ 10.331, 50.494 ], [ 10.336, 50.466 ], [ 10.381, 50.439 ], [ 10.371, 50.432 ], [ 10.404, 50.425 ], [ 10.385, 50.409 ], [ 10.394, 50.394 ], [ 10.45, 50.403 ], [ 10.464, 50.376 ], [ 10.494, 50.369 ], [ 10.492, 50.355 ], [ 10.512, 50.36 ], [ 10.515, 50.35 ], [ 10.544, 50.365 ], [ 10.562, 50.337 ], [ 10.601, 50.334 ], [ 10.592, 50.308 ], [ 10.605, 50.294 ], [ 10.591, 50.272 ], [ 10.607, 50.271 ], [ 10.598, 50.263 ], [ 10.611, 50.249 ], [ 10.597, 50.246 ], [ 10.612, 50.224 ], [ 10.687, 50.226 ], [ 10.717, 50.205 ], [ 10.731, 50.213 ], [ 10.729, 50.23 ], [ 10.762, 50.223 ], [ 10.754, 50.213 ], [ 10.78, 50.194 ], [ 10.776, 50.15 ], [ 10.79, 50.152 ], [ 10.792, 50.142 ], [ 10.808, 50.149 ], [ 10.842, 50.144 ], [ 10.855, 50.157 ], [ 10.879, 50.144 ], [ 10.862, 50.126 ], [ 10.859, 50.074 ], [ 10.844, 50.076 ], [ 10.832, 50.065 ], [ 10.836, 50.045 ], [ 10.806, 50.038 ], [ 10.783, 50.046 ], [ 10.773, 50.025 ], [ 10.75, 50.019 ], [ 10.765, 50.013 ], [ 10.765, 50.0 ], [ 10.741, 49.992 ], [ 10.761, 49.968 ], [ 10.721, 49.956 ], [ 10.743, 49.948 ], [ 10.694, 49.916 ], [ 10.706, 49.905 ], [ 10.687, 49.897 ], [ 10.694, 49.89 ], [ 10.683, 49.882 ], [ 10.657, 49.89 ], [ 10.605, 49.855 ], [ 10.595, 49.86 ], [ 10.607, 49.876 ], [ 10.587, 49.859 ], [ 10.576, 49.874 ], [ 10.561, 49.865 ], [ 10.559, 49.881 ], [ 10.52, 49.873 ], [ 10.465, 49.889 ], [ 10.458, 49.899 ], [ 10.485, 49.894 ], [ 10.483, 49.91 ], [ 10.495, 49.895 ], [ 10.507, 49.899 ], [ 10.492, 49.906 ], [ 10.494, 49.909 ], [ 10.531, 49.895 ], [ 10.503, 49.913 ], [ 10.514, 49.932 ], [ 10.476, 49.941 ], [ 10.455, 49.957 ], [ 10.444, 49.953 ], [ 10.444, 49.978 ], [ 10.393, 49.993 ], [ 10.395, 50.013 ], [ 10.32, 50.03 ], [ 10.35, 50.035 ], [ 10.371, 50.026 ], [ 10.378, 50.045 ], [ 10.397, 50.043 ], [ 10.404, 50.064 ], [ 10.433, 50.076 ], [ 10.378, 50.092 ], [ 10.407, 50.12 ], [ 10.393, 50.142 ], [ 10.423, 50.155 ], [ 10.451, 50.197 ], [ 10.431, 50.223 ], [ 10.375, 50.232 ], [ 10.346, 50.21 ], [ 10.324, 50.211 ], [ 10.343, 50.188 ], [ 10.341, 50.173 ], [ 10.319, 50.172 ], [ 10.325, 50.146 ], [ 10.301, 50.162 ], [ 10.26, 50.144 ], [ 10.265, 50.152 ], [ 10.26, 50.156 ], [ 10.227, 50.146 ], [ 10.18, 50.154 ], [ 10.152, 50.145 ], [ 10.129, 50.103 ], [ 10.126, 50.108 ], [ 10.112, 50.112 ], [ 10.115, 50.105 ], [ 10.098, 50.11 ], [ 10.06, 50.099 ], [ 10.013, 50.109 ], [ 9.97, 50.085 ], [ 9.959, 50.039 ], [ 9.932, 50.03 ], [ 9.901, 50.054 ], [ 9.869, 50.034 ], [ 9.809, 50.047 ], [ 9.831, 50.085 ], [ 9.806, 50.092 ], [ 9.802, 50.115 ], [ 9.782, 50.11 ], [ 9.772, 50.132 ], [ 9.747, 50.127 ], [ 9.75, 50.151 ], [ 9.7, 50.182 ], [ 9.679, 50.227 ], [ 9.623, 50.229 ], [ 9.664, 50.234 ], [ 9.637, 50.251 ], [ 9.652, 50.27 ], [ 9.703, 50.281 ], [ 9.746, 50.31 ], [ 9.747, 50.341 ], [ 9.733, 50.356 ], [ 9.762, 50.426 ], [ 9.78, 50.418 ], [ 9.803, 50.424 ], [ 9.808, 50.412 ], [ 9.86, 50.397 ], [ 9.87, 50.409 ], [ 9.883, 50.399 ], [ 9.958, 50.423 ], [ 10.033, 50.481 ], [ 10.04, 50.516 ], [ 10.072, 50.528 ], [ 10.107, 50.564 ] ], [ [ 10.469, 50.188 ], [ 10.474, 50.188 ], [ 10.47, 50.19 ], [ 10.469, 50.188 ] ], [ [ 10.454, 50.196 ], [ 10.456, 50.192 ], [ 10.459, 50.192 ], [ 10.454, 50.196 ] ] ] } },
{ "type": "Feature", "properties": { "wkr_nr": 248, "wkr_name": "Main-Spessart", "land": "Bayern", "wahlbeteiligung_prozent": 86.1, "union_prozent": 41.1, "afd_prozent": 19.3, "spd_prozent": 12.5, "gruene_prozent": 8.9, "linke_prozent": 4.9, "bsw_prozent": 3.2, "fdp_prozent": 3.6, "staerkste_partei": "union" }, "geometry": { "type": "Polygon", "coordinates": [ [ [ 9.501, 50.243 ], [ 9.542, 50.224 ], [ 9.576, 50.232 ], [ 9.583, 50.222 ], [ 9.679, 50.227 ], [ 9.7, 50.182 ], [ 9.75, 50.151 ], [ 9.747, 50.127 ], [ 9.772, 50.132 ], [ 9.782, 50.11 ], [ 9.802, 50.115 ], [ 9.806, 50.092 ], [ 9.831, 50.085 ], [ 9.809, 50.047 ], [ 9.869, 50.034 ], [ 9.901, 50.054 ], [ 9.932, 50.03 ], [ 9.981, 50.058 ], [ 9.994, 50.034 ], [ 10.027, 50.041 ], [ 10.04, 50.034 ], [ 10.043, 50.003 ], [ 10.001, 49.988 ], [ 10.044, 49.986 ], [ 10.041, 49.962 ], [ 10.029, 49.949 ], [ 10.011, 49.95 ], [ 10.021, 49.94 ], [ 10.009, 49.937 ], [ 9.953, 49.939 ], [ 9.939, 49.949 ], [ 9.918, 49.937 ], [ 9.925, 49.891 ], [ 9.83, 49.894 ], [ 9.838, 49.876 ], [ 9.777, 49.877 ], [ 9.727, 49.832 ], [ 9.67, 49.834 ], [ 9.68, 49.82 ], [ 9.653, 49.793 ], [ 9.56, 49.78 ], [ 9.565, 49.745 ], [ 9.545, 49.767 ], [ 9.515, 49.764 ], [ 9.501, 49.789 ], [ 9.479, 49.787 ], [ 9.458, 49.77 ], [ 9.425, 49.79 ], [ 9.392, 49.77 ], [ 9.373, 49.779 ], [ 9.316, 49.768 ], [ 9.323, 49.744 ], [ 9.296, 49.739 ], [ 9.374, 49.728 ], [ 9.344, 49.719 ], [ 9.357, 49.704 ], [ 9.383, 49.707 ], [ 9.386, 49.731 ], [ 9.419, 49.712 ], [ 9.42, 49.69 ], [ 9.398, 49.671 ], [ 9.416, 49.654 ], [ 9.384, 49.643 ], [ 9.367, 49.658 ], [ 9.344, 49.644 ], [ 9.304, 49.655 ], [ 9.271, 49.634 ], [ 9.285, 49.615 ], [ 9.249, 49.585 ], [ 9.118, 49.574 ], [ 9.083, 49.602 ], [ 9.066, 49.602 ], [ 9.065, 49.617 ], [ 9.102, 49.642 ], [ 9.09, 49.693 ], [ 9.126, 49.7 ], [ 9.123, 49.715 ], [ 9.151, 49.743 ], [ 9.107, 49.759 ], [ 9.134, 49.782 ], [ 9.132, 49.795 ], [ 9.091, 49.791 ], [ 9.077, 49.818 ], [ 9.085, 49.848 ], [ 9.058, 49.833 ], [ 9.06, 49.847 ], [ 9.038, 49.843 ], [ 9.033, 49.866 ], [ 9.055, 49.866 ], [ 9.075, 49.882 ], [ 9.095, 49.874 ], [ 9.115, 49.938 ], [ 9.144, 49.921 ], [ 9.169, 49.932 ], [ 9.181, 49.926 ], [ 9.234, 49.936 ], [ 9.266, 49.928 ], [ 9.281, 49.911 ], [ 9.247, 49.858 ], [ 9.259, 49.853 ], [ 9.262, 49.865 ], [ 9.289, 49.867 ], [ 9.318, 49.833 ], [ 9.37, 49.834 ], [ 9.369, 49.855 ], [ 9.434, 49.884 ], [ 9.423, 49.918 ], [ 9.454, 49.928 ], [ 9.465, 49.917 ], [ 9.486, 49.948 ], [ 9.449, 49.951 ], [ 9.43, 49.991 ], [ 9.408, 49.997 ], [ 9.412, 50.008 ], [ 9.397, 50.01 ], [ 9.4, 49.996 ], [ 9.395, 49.996 ], [ 9.398, 49.997 ], [ 9.395, 50.01 ], [ 9.399, 50.015 ], [ 9.434, 50.019 ], [ 9.405, 50.023 ], [ 9.403, 50.032 ], [ 9.419, 50.032 ], [ 9.395, 50.045 ], [ 9.421, 50.047 ], [ 9.409, 50.059 ], [ 9.391, 50.05 ], [ 9.386, 50.063 ], [ 9.391, 50.071 ], [ 9.412, 50.065 ], [ 9.394, 50.085 ], [ 9.373, 50.083 ], [ 9.5, 50.097 ], [ 9.512, 50.094 ], [ 9.508, 50.146 ], [ 9.531, 50.161 ], [ 9.498, 50.176 ], [ 9.516, 50.2 ], [ 9.495, 50.227 ], [ 9.501, 50.243 ] ] ] } },
{ "type": "Feature", "properties": { "wkr_nr": 249, "wkr_name": "Schweinfurt", "land": "Bayern", "wahlbeteiligung_prozent": 84.2, "union_prozent": 39.4, "afd_prozent": 21.1, "spd_prozent": 11.5, "gruene_prozent": 9.1, "linke_prozent": 5.2, "bsw_prozent": 3.3, "fdp_prozent": 3.6, "staerkste_partei": "union" }, "geometry": { "type": "MultiPolygon", "coordinates": [ [ [ [ 10.384, 50.229 ], [ 10.433, 50.222 ], [ 10.451, 50.197 ], [ 10.423, 50.155 ], [ 10.393, 50.142 ], [ 10.407, 50.12 ], [ 10.379, 50.103 ], [ 10.379, 50.091 ], [ 10.433, 50.076 ], [ 10.404, 50.064 ], [ 10.397, 50.043 ], [ 10.378, 50.045 ], [ 10.371, 50.026 ], [ 10.35, 50.035 ], [ 10.32, 50.03 ], [ 10.395, 50.013 ], [ 10.393, 49.993 ], [ 10.444, 49.978 ], [ 10.444, 49.953 ], [ 10.455, 49.957 ], [ 10.476, 49.941 ], [ 10.514, 49.932 ], [ 10.503, 49.913 ], [ 10.531, 49.895 ], [ 10.494, 49.909 ], [ 10.507, 49.899 ], [ 10.495, 49.895 ], [ 10.483, 49.91 ], [ 10.482, 49.892 ], [ 10.458, 49.899 ], [ 10.465, 49.889 ], [ 10.507, 49.88 ], [ 10.502, 49.871 ], [ 10.459, 49.879 ], [ 10.44, 49.845 ], [ 10.462, 49.836 ], [ 10.45, 49.818 ], [ 10.485, 49.805 ], [ 10.467, 49.788 ], [ 10.489, 49.786 ], [ 10.516, 49.803 ], [ 10.554, 49.762 ], [ 10.539, 49.753 ], [ 10.496, 49.753 ], [ 10.491, 49.743 ], [ 10.436, 49.75 ], [ 10.422, 49.731 ], [ 10.422, 49.745 ], [ 10.353, 49.7 ], [ 10.339, 49.704 ], [ 10.341, 49.696 ], [ 10.387, 49.691 ], [ 10.359, 49.678 ], [ 10.388, 49.634 ], [ 10.283, 49.619 ], [ 10.218, 49.633 ], [ 10.2, 49.626 ], [ 10.2, 49.603 ], [ 10.17, 49.59 ], [ 10.148, 49.612 ], [ 10.084, 49.634 ], [ 10.092, 49.66 ], [ 10.133, 49.668 ], [ 10.096, 49.715 ], [ 10.115, 49.721 ], [ 10.066, 49.719 ], [ 10.04, 49.748 ], [ 10.062, 49.758 ], [ 10.063, 49.823 ], [ 10.087, 49.837 ], [ 10.122, 49.838 ], [ 10.124, 49.849 ], [ 10.164, 49.847 ], [ 10.163, 49.877 ], [ 10.186, 49.887 ], [ 10.189, 49.904 ], [ 10.174, 49.913 ], [ 10.158, 49.902 ], [ 10.103, 49.91 ], [ 10.106, 49.929 ], [ 10.07, 49.932 ], [ 10.044, 49.954 ], [ 10.025, 49.953 ], [ 10.044, 49.986 ], [ 10.002, 49.986 ], [ 10.001, 49.989 ], [ 10.043, 50.003 ], [ 10.04, 50.034 ], [ 10.027, 50.041 ], [ 9.994, 50.034 ], [ 9.985, 50.055 ], [ 9.965, 50.054 ], [ 9.958, 50.069 ], [ 10.013, 50.109 ], [ 10.06, 50.099 ], [ 10.098, 50.11 ], [ 10.115, 50.105 ], [ 10.112, 50.112 ], [ 10.129, 50.103 ], [ 10.152, 50.145 ], [ 10.18, 50.154 ], [ 10.227, 50.146 ], [ 10.26, 50.156 ], [ 10.26, 50.144 ], [ 10.301, 50.162 ], [ 10.325, 50.146 ], [ 10.319, 50.172 ], [ 10.341, 50.173 ], [ 10.343, 50.188 ], [ 10.322, 50.21 ], [ 10.384, 50.229 ] ] ], [ [ [ 10.471, 50.189 ], [ 10.469, 50.188 ], [ 10.47, 50.19 ], [ 10.471, 50.189 ] ] ], [ [ [ 10.455, 50.194 ], [ 10.454, 50.193 ], [ 10.454, 50.196 ], [ 10.455, 50.194 ] ] ] ] } },
{ "type": "Feature", "properties": { "wkr_nr": 250, "wkr_name": "Würzburg", "land": "Bayern", "wahlbeteiligung_prozent": 86.4, "union_prozent": 35.8, "afd_prozent": 13.5, "spd_prozent": 13.5, "gruene_prozent": 16.4, "linke_prozent": 8.2, "bsw_prozent": 2.8, "fdp_prozent": 4.4, "staerkste_partei": "union" }, "geometry": { "type": "Polygon", "coordinates": [ [ [ 10.043, 49.951 ], [ 10.07, 49.932 ], [ 10.106, 49.929 ], [ 10.103, 49.91 ], [ 10.158, 49.902 ], [ 10.174, 49.913 ], [ 10.189, 49.892 ], [ 10.163, 49.878 ], [ 10.164, 49.847 ], [ 10.124, 49.849 ], [ 10.122, 49.838 ], [ 10.087, 49.837 ], [ 10.062, 49.821 ], [ 10.062, 49.758 ], [ 10.041, 49.747 ], [ 10.066, 49.719 ], [ 10.111, 49.724 ], [ 10.098, 49.711 ], [ 10.133, 49.668 ], [ 10.109, 49.669 ], [ 10.082, 49.647 ], [ 10.084, 49.633 ], [ 10.11, 49.621 ], [ 10.07, 49.593 ], [ 10.084, 49.544 ], [ 10.061, 49.545 ], [ 10.04, 49.529 ], [ 10.057, 49.517 ], [ 10.028, 49.504 ], [ 10.019, 49.486 ], [ 9.952, 49.48 ], [ 9.914, 49.493 ], [ 9.925, 49.56 ], [ 9.898, 49.564 ], [ 9.912, 49.586 ], [ 9.876, 49.579 ], [ 9.859, 49.546 ], [ 9.81, 49.557 ], [ 9.848, 49.577 ], [ 9.841, 49.595 ], [ 9.873, 49.61 ], [ 9.855, 49.642 ], [ 9.83, 49.652 ], [ 9.823, 49.673 ], [ 9.841, 49.683 ], [ 9.832, 49.704 ], [ 9.797, 49.721 ], [ 9.8, 49.731 ], [ 9.753, 49.71 ], [ 9.739, 49.688 ], [ 9.728, 49.689 ], [ 9.71, 49.727 ], [ 9.677, 49.716 ], [ 9.676, 49.693 ], [ 9.653, 49.687 ], [ 9.625, 49.704 ], [ 9.641, 49.72 ], [ 9.628, 49.732 ], [ 9.646, 49.736 ], [ 9.653, 49.804 ], [ 9.67, 49.804 ], [ 9.68, 49.82 ], [ 9.67, 49.834 ], [ 9.727, 49.832 ], [ 9.777, 49.877 ], [ 9.838, 49.876 ], [ 9.83, 49.894 ], [ 9.925, 49.891 ], [ 9.912, 49.931 ], [ 9.939, 49.949 ], [ 9.953, 49.939 ], [ 9.995, 49.937 ], [ 10.021, 49.94 ], [ 10.014, 49.952 ], [ 10.043, 49.951 ] ] ] } },
{ "type": "Feature", "properties": { "wkr_nr": 251, "wkr_name": "Augsburg-Stadt", "land": "Bayern", "wahlbeteiligung_prozent": 79.4, "union_prozent": 28.4, "afd_prozent": 17.5, "spd_prozent": 13.4, "gruene_prozent": 16.5, "linke_prozent": 10.6, "bsw_prozent": 4.0, "fdp_prozent": 4.1, "staerkste_partei": "union" }, "geometry": { "type": "Polygon", "coordinates": [ [ [ 10.884, 48.458 ], [ 10.959, 48.372 ], [ 10.948, 48.367 ], [ 10.955, 48.304 ], [ 10.941, 48.267 ], [ 10.916, 48.258 ], [ 10.902, 48.294 ], [ 10.837, 48.29 ], [ 10.811, 48.3 ], [ 10.804, 48.291 ], [ 10.764, 48.301 ], [ 10.77, 48.316 ], [ 10.794, 48.323 ], [ 10.775, 48.333 ], [ 10.795, 48.336 ], [ 10.804, 48.351 ], [ 10.825, 48.342 ], [ 10.857, 48.346 ], [ 10.86, 48.369 ], [ 10.83, 48.386 ], [ 10.841, 48.385 ], [ 10.847, 48.407 ], [ 10.889, 48.413 ], [ 10.884, 48.458 ] ] ] } },
{ "type": "Feature", "properties": { "wkr_nr": 252, "wkr_name": "Augsburg-Land", "land": "Bayern", "wahlbeteiligung_prozent": 86.0, "union_prozent": 39.7, "afd_prozent": 19.4, "spd_prozent": 10.7, "gruene_prozent": 11.0, "linke_prozent": 4.8, "bsw_prozent": 2.9, "fdp_prozent": 4.0, "staerkste_partei": "union" }, "geometry": { "type": "Polygon", "coordinates": [ [ [ 10.884, 48.637 ], [ 10.887, 48.599 ], [ 10.927, 48.586 ], [ 10.932, 48.571 ], [ 10.973, 48.57 ], [ 10.987, 48.55 ], [ 10.953, 48.549 ], [ 10.941, 48.534 ], [ 10.907, 48.54 ], [ 10.872, 48.531 ], [ 10.871, 48.495 ], [ 10.917, 48.505 ], [ 10.918, 48.513 ], [ 10.964, 48.499 ], [ 10.973, 48.473 ], [ 11.0, 48.478 ], [ 11.015, 48.468 ], [ 11.057, 48.524 ], [ 11.075, 48.516 ], [ 11.074, 48.504 ], [ 11.103, 48.502 ], [ 11.111, 48.488 ], [ 11.127, 48.502 ], [ 11.165, 48.484 ], [ 11.165, 48.475 ], [ 11.207, 48.476 ], [ 11.194, 48.437 ], [ 11.214, 48.43 ], [ 11.178, 48.417 ], [ 11.198, 48.387 ], [ 11.174, 48.376 ], [ 11.184, 48.366 ], [ 11.166, 48.369 ], [ 11.161, 48.347 ], [ 11.174, 48.336 ], [ 11.158, 48.323 ], [ 11.128, 48.323 ], [ 11.117, 48.31 ], [ 11.127, 48.301 ], [ 11.11, 48.297 ], [ 11.121, 48.272 ], [ 11.106, 48.262 ], [ 11.073, 48.281 ], [ 11.06, 48.273 ], [ 11.067, 48.255 ], [ 11.046, 48.256 ], [ 11.057, 48.241 ], [ 11.037, 48.229 ], [ 11.06, 48.2 ], [ 11.037, 48.192 ], [ 10.988, 48.21 ], [ 10.961, 48.199 ], [ 10.928, 48.235 ], [ 10.901, 48.237 ], [ 10.89, 48.229 ], [ 10.84, 48.249 ], [ 10.837, 48.23 ], [ 10.758, 48.252 ], [ 10.685, 48.244 ], [ 10.672, 48.259 ], [ 10.683, 48.275 ], [ 10.668, 48.279 ], [ 10.693, 48.31 ], [ 10.685, 48.322 ], [ 10.589, 48.282 ], [ 10.582, 48.317 ], [ 10.555, 48.323 ], [ 10.541, 48.31 ], [ 10.495, 48.317 ], [ 10.521, 48.348 ], [ 10.508, 48.351 ], [ 10.516, 48.38 ], [ 10.549, 48.397 ], [ 10.506, 48.411 ], [ 10.542, 48.426 ], [ 10.528, 48.471 ], [ 10.596, 48.488 ], [ 10.588, 48.493 ], [ 10.61, 48.49 ], [ 10.618, 48.499 ], [ 10.642, 48.49 ], [ 10.675, 48.499 ], [ 10.702, 48.49 ], [ 10.701, 48.48 ], [ 10.747, 48.492 ], [ 10.743, 48.501 ], [ 10.765, 48.498 ], [ 10.744, 48.505 ], [ 10.774, 48.533 ], [ 10.761, 48.556 ], [ 10.781, 48.563 ], [ 10.764, 48.594 ], [ 10.786, 48.608 ], [ 10.777, 48.618 ], [ 10.835, 48.635 ], [ 10.884, 48.637 ] ], [ [ 10.889, 48.419 ], [ 10.87, 48.404 ], [ 10.847, 48.407 ], [ 10.841, 48.385 ], [ 10.83, 48.386 ], [ 10.86, 48.369 ], [ 10.857, 48.346 ], [ 10.825, 48.342 ], [ 10.804, 48.351 ], [ 10.795, 48.336 ], [ 10.775, 48.333 ], [ 10.794, 48.323 ], [ 10.77, 48.316 ], [ 10.764, 48.301 ], [ 10.804, 48.291 ], [ 10.811, 48.3 ], [ 10.837, 48.29 ], [ 10.902, 48.294 ], [ 10.916, 48.258 ], [ 10.941, 48.267 ], [ 10.955, 48.304 ], [ 10.948, 48.367 ], [ 10.959, 48.372 ], [ 10.927, 48.425 ], [ 10.886, 48.459 ], [ 10.889, 48.419 ] ] ] } },
{ "type": "Feature", "properties": { "wkr_nr": 253, "wkr_name": "Donau-Ries", "land": "Bayern", "wahlbeteiligung_prozent": 84.9, "union_prozent": 41.2, "afd_prozent": 22.6, "spd_prozent": 9.4, "gruene_prozent": 7.3, "linke_prozent": 3.8, "bsw_prozent": 3.1, "fdp_prozent": 3.7, "staerkste_partei": "union" }, "geometry": { "type": "Polygon", "coordinates": [ [ [ 10.59, 49.036 ], [ 10.606, 49.018 ], [ 10.642, 49.017 ], [ 10.631, 48.992 ], [ 10.642, 48.981 ], [ 10.669, 48.983 ], [ 10.692, 48.96 ], [ 10.701, 48.939 ], [ 10.669, 48.922 ], [ 10.676, 48.91 ], [ 10.723, 48.901 ], [ 10.735, 48.924 ], [ 10.776, 48.916 ], [ 10.771, 48.926 ], [ 10.818, 48.949 ], [ 10.812, 48.937 ], [ 10.833, 48.915 ], [ 10.808, 48.908 ], [ 10.821, 48.898 ], [ 10.861, 48.895 ], [ 10.853, 48.885 ], [ 10.871, 48.883 ], [ 10.868, 48.876 ], [ 10.906, 48.883 ], [ 10.932, 48.863 ], [ 10.965, 48.855 ], [ 10.978, 48.864 ], [ 10.985, 48.861 ], [ 10.97, 48.842 ], [ 10.998, 48.844 ], [ 11.006, 48.822 ], [ 10.978, 48.809 ], [ 10.947, 48.811 ], [ 10.986, 48.79 ], [ 10.971, 48.769 ], [ 10.998, 48.765 ], [ 10.982, 48.735 ], [ 11.004, 48.731 ], [ 11.002, 48.722 ], [ 10.98, 48.724 ], [ 10.984, 48.693 ], [ 11.015, 48.653 ], [ 11.04, 48.645 ], [ 11.041, 48.627 ], [ 11.023, 48.62 ], [ 11.051, 48.601 ], [ 11.115, 48.609 ], [ 11.126, 48.592 ], [ 11.155, 48.596 ], [ 11.165, 48.572 ], [ 11.127, 48.553 ], [ 11.209, 48.527 ], [ 11.214, 48.496 ], [ 11.249, 48.486 ], [ 11.257, 48.468 ], [ 11.304, 48.474 ], [ 11.3, 48.455 ], [ 11.312, 48.452 ], [ 11.301, 48.446 ], [ 11.26, 48.447 ], [ 11.239, 48.431 ], [ 11.201, 48.434 ], [ 11.191, 48.457 ], [ 11.207, 48.476 ], [ 11.165, 48.475 ], [ 11.165, 48.484 ], [ 11.127, 48.502 ], [ 11.111, 48.488 ], [ 11.103, 48.502 ], [ 11.074, 48.504 ], [ 11.075, 48.516 ], [ 11.057, 48.524 ], [ 11.015, 48.468 ], [ 11.0, 48.478 ], [ 10.973, 48.473 ], [ 10.964, 48.499 ], [ 10.918, 48.513 ], [ 10.917, 48.505 ], [ 10.871, 48.495 ], [ 10.872, 48.531 ], [ 10.907, 48.54 ], [ 10.941, 48.534 ], [ 10.953, 48.549 ], [ 10.958, 48.543 ], [ 10.987, 48.55 ], [ 10.973, 48.57 ], [ 10.932, 48.571 ], [ 10.927, 48.586 ], [ 10.887, 48.599 ], [ 10.884, 48.637 ], [ 10.876, 48.639 ], [ 10.777, 48.618 ], [ 10.786, 48.608 ], [ 10.764, 48.594 ], [ 10.781, 48.563 ], [ 10.761, 48.556 ], [ 10.774, 48.533 ], [ 10.744, 48.505 ], [ 10.765, 48.498 ], [ 10.743, 48.501 ], [ 10.747, 48.492 ], [ 10.714, 48.482 ], [ 10.675, 48.499 ], [ 10.642, 48.49 ], [ 10.623, 48.499 ], [ 10.527, 48.471 ], [ 10.482, 48.488 ], [ 10.429, 48.48 ], [ 10.424, 48.528 ], [ 10.389, 48.517 ], [ 10.399, 48.508 ], [ 10.387, 48.492 ], [ 10.355, 48.501 ], [ 10.331, 48.481 ], [ 10.3, 48.488 ], [ 10.271, 48.515 ], [ 10.315, 48.527 ], [ 10.302, 48.537 ], [ 10.31, 48.577 ], [ 10.293, 48.59 ], [ 10.297, 48.604 ], [ 10.323, 48.609 ], [ 10.26, 48.655 ], [ 10.269, 48.704 ], [ 10.318, 48.683 ], [ 10.337, 48.689 ], [ 10.361, 48.653 ], [ 10.389, 48.667 ], [ 10.409, 48.699 ], [ 10.437, 48.693 ], [ 10.423, 48.691 ], [ 10.426, 48.673 ], [ 10.411, 48.661 ], [ 10.449, 48.665 ], [ 10.496, 48.688 ], [ 10.472, 48.703 ], [ 10.483, 48.708 ], [ 10.456, 48.729 ], [ 10.464, 48.735 ], [ 10.448, 48.728 ], [ 10.416, 48.748 ], [ 10.428, 48.756 ], [ 10.413, 48.772 ], [ 10.434, 48.776 ], [ 10.421, 48.799 ], [ 10.449, 48.812 ], [ 10.449, 48.83 ], [ 10.427, 48.843 ], [ 10.454, 48.86 ], [ 10.45, 48.893 ], [ 10.421, 48.906 ], [ 10.457, 48.921 ], [ 10.438, 48.933 ], [ 10.451, 48.939 ], [ 10.401, 48.975 ], [ 10.431, 48.981 ], [ 10.424, 49.004 ], [ 10.469, 49.012 ], [ 10.541, 49.006 ], [ 10.553, 49.033 ], [ 10.59, 49.036 ] ] ] } },
{ "type": "Feature", "properties": { "wkr_nr": 254, "wkr_name": "Neu-Ulm", "land": "Bayern", "wahlbeteiligung_prozent": 82.9, "union_prozent": 37.0, "afd_prozent": 23.2, "spd_prozent": 10.7, "gruene_prozent": 9.0, "linke_prozent": 5.2, "bsw_prozent": 3.7, "fdp_prozent": 4.1, "staerkste_partei": "union" }, "geometry": { "type": "Polygon", "coordinates": [ [ [ 10.424, 48.528 ], [ 10.429, 48.48 ], [ 10.482, 48.488 ], [ 10.533, 48.468 ], [ 10.542, 48.426 ], [ 10.506, 48.411 ], [ 10.549, 48.397 ], [ 10.516, 48.38 ], [ 10.508, 48.351 ], [ 10.521, 48.348 ], [ 10.495, 48.317 ], [ 10.541, 48.31 ], [ 10.555, 48.323 ], [ 10.582, 48.317 ], [ 10.587, 48.284 ], [ 10.599, 48.288 ], [ 10.6, 48.281 ], [ 10.582, 48.272 ], [ 10.589, 48.264 ], [ 10.57, 48.26 ], [ 10.558, 48.235 ], [ 10.569, 48.199 ], [ 10.533, 48.206 ], [ 10.519, 48.225 ], [ 10.494, 48.221 ], [ 10.47, 48.207 ], [ 10.443, 48.208 ], [ 10.444, 48.192 ], [ 10.407, 48.195 ], [ 10.409, 48.185 ], [ 10.349, 48.16 ], [ 10.352, 48.174 ], [ 10.318, 48.183 ], [ 10.315, 48.198 ], [ 10.295, 48.185 ], [ 10.301, 48.215 ], [ 10.271, 48.23 ], [ 10.253, 48.199 ], [ 10.223, 48.188 ], [ 10.237, 48.184 ], [ 10.221, 48.179 ], [ 10.224, 48.163 ], [ 10.21, 48.163 ], [ 10.215, 48.143 ], [ 10.193, 48.123 ], [ 10.136, 48.108 ], [ 10.107, 48.132 ], [ 10.084, 48.21 ], [ 10.061, 48.24 ], [ 10.066, 48.282 ], [ 9.998, 48.348 ], [ 10.0, 48.363 ], [ 9.988, 48.371 ], [ 9.978, 48.363 ], [ 9.97, 48.379 ], [ 10.042, 48.43 ], [ 10.028, 48.437 ], [ 10.039, 48.46 ], [ 10.064, 48.456 ], [ 10.105, 48.478 ], [ 10.134, 48.455 ], [ 10.172, 48.458 ], [ 10.18, 48.476 ], [ 10.241, 48.492 ], [ 10.241, 48.506 ], [ 10.227, 48.507 ], [ 10.257, 48.519 ], [ 10.278, 48.517 ], [ 10.3, 48.488 ], [ 10.324, 48.48 ], [ 10.353, 48.49 ], [ 10.353, 48.5 ], [ 10.387, 48.492 ], [ 10.399, 48.508 ], [ 10.389, 48.517 ], [ 10.424, 48.528 ] ] ] } },
{ "type": "Feature", "properties": { "wkr_nr": 255, "wkr_name": "Memmingen – Unterallgäu", "land": "Bayern", "wahlbeteiligung_prozent": 84.3, "union_prozent": 39.1, "afd_prozent": 23.4, "spd_prozent": 9.0, "gruene_prozent": 8.3, "linke_prozent": 4.4, "bsw_prozent": 3.0, "fdp_prozent": 4.1, "staerkste_partei": "union" }, "geometry": { "type": "Polygon", "coordinates": [ [ [ 10.685, 48.322 ], [ 10.693, 48.31 ], [ 10.668, 48.279 ], [ 10.683, 48.275 ], [ 10.669, 48.249 ], [ 10.65, 48.242 ], [ 10.666, 48.236 ], [ 10.644, 48.224 ], [ 10.703, 48.229 ], [ 10.788, 48.209 ], [ 10.803, 48.181 ], [ 10.742, 48.16 ], [ 10.736, 48.172 ], [ 10.684, 48.175 ], [ 10.696, 48.164 ], [ 10.685, 48.149 ], [ 10.701, 48.145 ], [ 10.684, 48.127 ], [ 10.708, 48.06 ], [ 10.691, 48.049 ], [ 10.69, 48.022 ], [ 10.659, 48.016 ], [ 10.647, 47.973 ], [ 10.622, 47.948 ], [ 10.601, 47.966 ], [ 10.529, 47.984 ], [ 10.499, 47.934 ], [ 10.483, 47.935 ], [ 10.486, 47.948 ], [ 10.456, 47.923 ], [ 10.404, 47.912 ], [ 10.395, 47.898 ], [ 10.37, 47.926 ], [ 10.359, 47.919 ], [ 10.383, 47.893 ], [ 10.377, 47.882 ], [ 10.357, 47.885 ], [ 10.355, 47.873 ], [ 10.329, 47.871 ], [ 10.338, 47.861 ], [ 10.318, 47.856 ], [ 10.306, 47.864 ], [ 10.29, 47.853 ], [ 10.259, 47.86 ], [ 10.254, 47.846 ], [ 10.232, 47.839 ], [ 10.188, 47.853 ], [ 10.192, 47.839 ], [ 10.153, 47.822 ], [ 10.125, 47.823 ], [ 10.102, 47.843 ], [ 10.107, 47.853 ], [ 10.092, 47.846 ], [ 10.105, 47.865 ], [ 10.083, 47.856 ], [ 10.077, 47.868 ], [ 10.105, 47.878 ], [ 10.095, 47.885 ], [ 10.111, 47.916 ], [ 10.086, 47.965 ], [ 10.115, 47.976 ], [ 10.135, 48.018 ], [ 10.136, 48.108 ], [ 10.193, 48.123 ], [ 10.215, 48.143 ], [ 10.21, 48.163 ], [ 10.224, 48.163 ], [ 10.221, 48.179 ], [ 10.237, 48.184 ], [ 10.226, 48.182 ], [ 10.226, 48.192 ], [ 10.253, 48.199 ], [ 10.257, 48.221 ], [ 10.271, 48.23 ], [ 10.293, 48.224 ], [ 10.295, 48.185 ], [ 10.315, 48.198 ], [ 10.318, 48.183 ], [ 10.352, 48.174 ], [ 10.349, 48.16 ], [ 10.409, 48.185 ], [ 10.407, 48.195 ], [ 10.444, 48.192 ], [ 10.443, 48.208 ], [ 10.47, 48.207 ], [ 10.494, 48.221 ], [ 10.519, 48.225 ], [ 10.533, 48.206 ], [ 10.569, 48.199 ], [ 10.558, 48.235 ], [ 10.57, 48.26 ], [ 10.599, 48.275 ], [ 10.598, 48.293 ], [ 10.632, 48.293 ], [ 10.647, 48.313 ], [ 10.685, 48.322 ] ] ] } },
{ "type": "Feature", "properties": { "wkr_nr": 256, "wkr_name": "Oberallgäu", "land": "Bayern", "wahlbeteiligung_prozent": 84.1, "union_prozent": 38.0, "afd_prozent": 17.5, "spd_prozent": 10.5, "gruene_prozent": 12.4, "linke_prozent": 5.2, "bsw_prozent": 3.3, "fdp_prozent": 4.3, "staerkste_partei": "union" }, "geometry": { "type": "Polygon", "coordinates": [ [ [ 10.306, 47.864 ], [ 10.346, 47.852 ], [ 10.337, 47.843 ], [ 10.366, 47.822 ], [ 10.362, 47.812 ], [ 10.435, 47.799 ], [ 10.445, 47.758 ], [ 10.456, 47.761 ], [ 10.47, 47.741 ], [ 10.448, 47.733 ], [ 10.464, 47.718 ], [ 10.459, 47.692 ], [ 10.498, 47.687 ], [ 10.485, 47.675 ], [ 10.512, 47.666 ], [ 10.501, 47.636 ], [ 10.451, 47.614 ], [ 10.456, 47.602 ], [ 10.473, 47.605 ], [ 10.473, 47.587 ], [ 10.43, 47.577 ], [ 10.454, 47.556 ], [ 10.431, 47.504 ], [ 10.443, 47.485 ], [ 10.468, 47.477 ], [ 10.476, 47.432 ], [ 10.436, 47.411 ], [ 10.436, 47.381 ], [ 10.395, 47.376 ], [ 10.33, 47.305 ], [ 10.296, 47.3 ], [ 10.232, 47.27 ], [ 10.201, 47.277 ], [ 10.174, 47.27 ], [ 10.179, 47.296 ], [ 10.216, 47.311 ], [ 10.199, 47.327 ], [ 10.236, 47.382 ], [ 10.182, 47.392 ], [ 10.166, 47.369 ], [ 10.119, 47.376 ], [ 10.1, 47.355 ], [ 10.086, 47.399 ], [ 10.069, 47.41 ], [ 10.105, 47.429 ], [ 10.091, 47.459 ], [ 10.07, 47.456 ], [ 10.045, 47.488 ], [ 9.995, 47.486 ], [ 9.996, 47.503 ], [ 9.965, 47.521 ], [ 9.971, 47.546 ], [ 9.959, 47.543 ], [ 9.964, 47.535 ], [ 9.922, 47.53 ], [ 9.881, 47.548 ], [ 9.874, 47.529 ], [ 9.816, 47.548 ], [ 9.824, 47.587 ], [ 9.778, 47.595 ], [ 9.748, 47.571 ], [ 9.747, 47.556 ], [ 9.737, 47.535 ], [ 9.73, 47.534 ], [ 9.712, 47.551 ], [ 9.681, 47.542 ], [ 9.68, 47.557 ], [ 9.609, 47.572 ], [ 9.602, 47.584 ], [ 9.643, 47.59 ], [ 9.636, 47.602 ], [ 9.658, 47.612 ], [ 9.706, 47.602 ], [ 9.746, 47.617 ], [ 9.748, 47.604 ], [ 9.842, 47.678 ], [ 9.96, 47.652 ], [ 10.002, 47.682 ], [ 10.029, 47.687 ], [ 10.03, 47.674 ], [ 10.059, 47.681 ], [ 10.075, 47.658 ], [ 10.072, 47.643 ], [ 10.077, 47.639 ], [ 10.089, 47.673 ], [ 10.111, 47.666 ], [ 10.129, 47.676 ], [ 10.139, 47.703 ], [ 10.116, 47.719 ], [ 10.119, 47.76 ], [ 10.065, 47.786 ], [ 10.09, 47.804 ], [ 10.117, 47.801 ], [ 10.116, 47.811 ], [ 10.138, 47.81 ], [ 10.132, 47.82 ], [ 10.192, 47.839 ], [ 10.188, 47.853 ], [ 10.232, 47.839 ], [ 10.254, 47.846 ], [ 10.259, 47.86 ], [ 10.29, 47.853 ], [ 10.306, 47.864 ] ] ] } },
{ "type": "Feature", "properties": { "wkr_nr": 257, "wkr_name": "Ostallgäu", "land": "Bayern", "wahlbeteiligung_prozent": 85.0, "union_prozent": 40.1, "afd_prozent": 20.2, "spd_prozent": 9.3, "gruene_prozent": 10.0, "linke_prozent": 4.7, "bsw_prozent": 3.1, "fdp_prozent": 3.8, "staerkste_partei": "union" }, "geometry": { "type": "Polygon", "coordinates": [ [ [ 10.672, 48.254 ], [ 10.707, 48.242 ], [ 10.713, 48.254 ], [ 10.758, 48.252 ], [ 10.837, 48.23 ], [ 10.84, 48.249 ], [ 10.89, 48.229 ], [ 10.903, 48.237 ], [ 10.891, 48.191 ], [ 10.877, 48.191 ], [ 10.849, 48.148 ], [ 10.786, 48.15 ], [ 10.79, 48.121 ], [ 10.816, 48.102 ], [ 10.756, 48.04 ], [ 10.816, 48.031 ], [ 10.809, 48.011 ], [ 10.826, 47.995 ], [ 10.807, 47.959 ], [ 10.795, 47.956 ], [ 10.8, 47.937 ], [ 10.773, 47.93 ], [ 10.779, 47.906 ], [ 10.791, 47.907 ], [ 10.772, 47.884 ], [ 10.79, 47.884 ], [ 10.748, 47.855 ], [ 10.771, 47.849 ], [ 10.749, 47.795 ], [ 10.783, 47.775 ], [ 10.774, 47.765 ], [ 10.739, 47.766 ], [ 10.749, 47.759 ], [ 10.733, 47.744 ], [ 10.736, 47.717 ], [ 10.716, 47.705 ], [ 10.738, 47.696 ], [ 10.73, 47.681 ], [ 10.829, 47.728 ], [ 10.778, 47.662 ], [ 10.915, 47.661 ], [ 10.903, 47.637 ], [ 10.953, 47.616 ], [ 10.925, 47.586 ], [ 10.873, 47.572 ], [ 10.886, 47.537 ], [ 10.778, 47.514 ], [ 10.758, 47.535 ], [ 10.695, 47.545 ], [ 10.691, 47.558 ], [ 10.598, 47.57 ], [ 10.569, 47.534 ], [ 10.489, 47.54 ], [ 10.454, 47.556 ], [ 10.482, 47.585 ], [ 10.473, 47.605 ], [ 10.456, 47.602 ], [ 10.451, 47.614 ], [ 10.501, 47.636 ], [ 10.512, 47.666 ], [ 10.485, 47.675 ], [ 10.498, 47.687 ], [ 10.459, 47.692 ], [ 10.464, 47.718 ], [ 10.448, 47.733 ], [ 10.47, 47.741 ], [ 10.456, 47.761 ], [ 10.445, 47.758 ], [ 10.435, 47.799 ], [ 10.362, 47.812 ], [ 10.366, 47.822 ], [ 10.337, 47.843 ], [ 10.346, 47.852 ], [ 10.326, 47.854 ], [ 10.338, 47.861 ], [ 10.331, 47.872 ], [ 10.355, 47.873 ], [ 10.364, 47.888 ], [ 10.378, 47.883 ], [ 10.382, 47.896 ], [ 10.359, 47.919 ], [ 10.37, 47.926 ], [ 10.394, 47.898 ], [ 10.406, 47.899 ], [ 10.404, 47.912 ], [ 10.456, 47.923 ], [ 10.486, 47.948 ], [ 10.483, 47.935 ], [ 10.509, 47.938 ], [ 10.515, 47.971 ], [ 10.532, 47.984 ], [ 10.601, 47.966 ], [ 10.622, 47.948 ], [ 10.647, 47.973 ], [ 10.659, 48.016 ], [ 10.678, 48.016 ], [ 10.685, 48.032 ], [ 10.698, 48.031 ], [ 10.691, 48.049 ], [ 10.708, 48.06 ], [ 10.706, 48.084 ], [ 10.684, 48.127 ], [ 10.701, 48.145 ], [ 10.685, 48.149 ], [ 10.696, 48.164 ], [ 10.684, 48.174 ], [ 10.736, 48.172 ], [ 10.742, 48.16 ], [ 10.803, 48.181 ], [ 10.788, 48.209 ], [ 10.703, 48.229 ], [ 10.644, 48.224 ], [ 10.666, 48.236 ], [ 10.65, 48.242 ], [ 10.672, 48.254 ] ] ] } },
{ "type": "Feature", "properties": { "wkr_nr": 258, "wkr_name": "Stuttgart I", "land": "Baden-Württemberg", "wahlbeteiligung_prozent": 85.8, "union_prozent": 26.2, "afd_prozent": 8.9, "spd_prozent": 14.9, "gruene_prozent": 25.3, "linke_prozent": 10.8, "bsw_prozent": 3.3, "fdp_prozent": 7.3, "staerkste_partei": "union" }, "geometry": { "type": "Polygon", "coordinates": [ [ [ 9.27, 48.756 ], [ 9.255, 48.741 ], [ 9.214, 48.731 ], [ 9.245, 48.695 ], [ 9.213, 48.69 ], [ 9.167, 48.705 ], [ 9.093, 48.712 ], [ 9.067, 48.734 ], [ 9.039, 48.741 ], [ 9.078, 48.755 ], [ 9.084, 48.799 ], [ 9.113, 48.797 ], [ 9.104, 48.781 ], [ 9.117, 48.783 ], [ 9.126, 48.769 ], [ 9.182, 48.811 ], [ 9.204, 48.799 ], [ 9.188, 48.789 ], [ 9.195, 48.757 ], [ 9.225, 48.76 ], [ 9.21, 48.764 ], [ 9.219, 48.768 ], [ 9.253, 48.763 ], [ 9.258, 48.772 ], [ 9.27, 48.756 ] ] ] } },
{ "type": "Feature", "properties": { "wkr_nr": 259, "wkr_name": "Stuttgart II", "land": "Baden-Württemberg", "wahlbeteiligung_prozent": 79.8, "union_prozent": 26.8, "afd_prozent": 14.4, "spd_prozent": 16.2, "gruene_prozent": 17.4, "linke_prozent": 10.9, "bsw_prozent": 4.9, "fdp_prozent": 5.8, "staerkste_partei": "union" }, "geometry": { "type": "Polygon", "coordinates": [ [ [ 9.27, 48.756 ], [ 9.258, 48.772 ], [ 9.253, 48.763 ], [ 9.219, 48.768 ], [ 9.21, 48.764 ], [ 9.223, 48.763 ], [ 9.225, 48.76 ], [ 9.195, 48.757 ], [ 9.188, 48.789 ], [ 9.204, 48.799 ], [ 9.182, 48.811 ], [ 9.14, 48.789 ], [ 9.134, 48.773 ], [ 9.117, 48.771 ], [ 9.117, 48.783 ], [ 9.104, 48.781 ], [ 9.113, 48.797 ], [ 9.084, 48.799 ], [ 9.086, 48.834 ], [ 9.122, 48.824 ], [ 9.138, 48.828 ], [ 9.141, 48.861 ], [ 9.19, 48.848 ], [ 9.225, 48.866 ], [ 9.257, 48.811 ], [ 9.248, 48.794 ], [ 9.29, 48.792 ], [ 9.299, 48.779 ], [ 9.315, 48.779 ], [ 9.276, 48.77 ], [ 9.27, 48.756 ] ] ] } },
{ "type": "Feature", "properties": { "wkr_nr": 260, "wkr_name": "Böblingen", "land": "Baden-Württemberg", "wahlbeteiligung_prozent": 84.3, "union_prozent": 33.2, "afd_prozent": 17.5, "spd_prozent": 14.4, "gruene_prozent": 13.9, "linke_prozent": 6.0, "bsw_prozent": 4.0, "fdp_prozent": 7.0, "staerkste_partei": "union" }, "geometry": { "type": "MultiPolygon", "coordinates": [ [ [ [ 8.994, 48.833 ], [ 9.043, 48.821 ], [ 9.03, 48.799 ], [ 9.068, 48.749 ], [ 9.039, 48.741 ], [ 9.105, 48.709 ], [ 9.095, 48.705 ], [ 9.112, 48.691 ], [ 9.085, 48.681 ], [ 9.106, 48.665 ], [ 9.104, 48.647 ], [ 9.088, 48.644 ], [ 9.101, 48.625 ], [ 9.081, 48.612 ], [ 9.079, 48.589 ], [ 9.052, 48.593 ], [ 9.035, 48.577 ], [ 8.985, 48.591 ], [ 8.952, 48.588 ], [ 8.936, 48.577 ], [ 8.945, 48.568 ], [ 8.911, 48.572 ], [ 8.89, 48.564 ], [ 8.887, 48.542 ], [ 8.851, 48.537 ], [ 8.865, 48.516 ], [ 8.839, 48.499 ], [ 8.755, 48.526 ], [ 8.758, 48.544 ], [ 8.772, 48.545 ], [ 8.773, 48.55 ], [ 8.75, 48.571 ], [ 8.748, 48.605 ], [ 8.795, 48.594 ], [ 8.799, 48.659 ], [ 8.851, 48.685 ], [ 8.863, 48.697 ], [ 8.855, 48.707 ], [ 8.879, 48.725 ], [ 8.829, 48.736 ], [ 8.835, 48.754 ], [ 8.8, 48.775 ], [ 8.833, 48.798 ], [ 8.898, 48.799 ], [ 8.901, 48.819 ], [ 8.994, 48.833 ] ] ], [ [ [ 8.883, 48.829 ], [ 8.894, 48.821 ], [ 8.872, 48.817 ], [ 8.883, 48.829 ] ] ] ] } },
{ "type": "Feature", "properties": { "wkr_nr": 261, "wkr_name": "Esslingen", "land": "Baden-Württemberg", "wahlbeteiligung_prozent": 84.3, "union_prozent": 32.5, "afd_prozent": 16.1, "spd_prozent": 15.5, "gruene_prozent": 15.0, "linke_prozent": 7.2, "bsw_prozent": 3.9, "fdp_prozent": 5.7, "staerkste_partei": "union" }, "geometry": { "type": "MultiPolygon", "coordinates": [ [ [ [ 9.391, 48.788 ], [ 9.417, 48.757 ], [ 9.446, 48.777 ], [ 9.493, 48.767 ], [ 9.511, 48.751 ], [ 9.487, 48.727 ], [ 9.488, 48.687 ], [ 9.444, 48.684 ], [ 9.435, 48.668 ], [ 9.422, 48.672 ], [ 9.402, 48.66 ], [ 9.397, 48.646 ], [ 9.355, 48.673 ], [ 9.316, 48.673 ], [ 9.317, 48.66 ], [ 9.271, 48.664 ], [ 9.214, 48.731 ], [ 9.261, 48.744 ], [ 9.276, 48.77 ], [ 9.302, 48.776 ], [ 9.336, 48.766 ], [ 9.357, 48.775 ], [ 9.386, 48.77 ], [ 9.391, 48.788 ] ] ], [ [ [ 9.395, 48.645 ], [ 9.393, 48.644 ], [ 9.392, 48.646 ], [ 9.395, 48.645 ] ] ] ] } },
{ "type": "Feature", "properties": { "wkr_nr": 262, "wkr_name": "Nürtingen", "land": "Baden-Württemberg", "wahlbeteiligung_prozent": 85.1, "union_prozent": 33.7, "afd_prozent": 18.0, "spd_prozent": 14.1, "gruene_prozent": 13.6, "linke_prozent": 5.8, "bsw_prozent": 3.7, "fdp_prozent": 6.7, "staerkste_partei": "union" }, "geometry": { "type": "MultiPolygon", "coordinates": [ [ [ [ 9.095, 48.705 ], [ 9.167, 48.705 ], [ 9.202, 48.69 ], [ 9.245, 48.695 ], [ 9.271, 48.664 ], [ 9.317, 48.66 ], [ 9.309, 48.67 ], [ 9.316, 48.673 ], [ 9.355, 48.673 ], [ 9.397, 48.646 ], [ 9.402, 48.66 ], [ 9.422, 48.672 ], [ 9.435, 48.668 ], [ 9.444, 48.684 ], [ 9.493, 48.687 ], [ 9.492, 48.666 ], [ 9.509, 48.656 ], [ 9.555, 48.656 ], [ 9.556, 48.641 ], [ 9.535, 48.633 ], [ 9.596, 48.612 ], [ 9.594, 48.575 ], [ 9.561, 48.552 ], [ 9.582, 48.539 ], [ 9.53, 48.527 ], [ 9.531, 48.514 ], [ 9.505, 48.527 ], [ 9.505, 48.514 ], [ 9.497, 48.522 ], [ 9.471, 48.513 ], [ 9.49, 48.531 ], [ 9.464, 48.544 ], [ 9.426, 48.544 ], [ 9.393, 48.531 ], [ 9.339, 48.549 ], [ 9.327, 48.541 ], [ 9.314, 48.547 ], [ 9.309, 48.563 ], [ 9.323, 48.574 ], [ 9.312, 48.581 ], [ 9.295, 48.566 ], [ 9.259, 48.566 ], [ 9.241, 48.578 ], [ 9.225, 48.566 ], [ 9.198, 48.588 ], [ 9.203, 48.604 ], [ 9.188, 48.598 ], [ 9.18, 48.605 ], [ 9.113, 48.603 ], [ 9.117, 48.614 ], [ 9.097, 48.622 ], [ 9.088, 48.644 ], [ 9.104, 48.647 ], [ 9.106, 48.665 ], [ 9.085, 48.681 ], [ 9.112, 48.691 ], [ 9.095, 48.705 ] ], [ [ 9.392, 48.646 ], [ 9.395, 48.644 ], [ 9.395, 48.645 ], [ 9.392, 48.646 ] ] ], [ [ [ 9.164, 48.604 ], [ 9.172, 48.599 ], [ 9.164, 48.598 ], [ 9.164, 48.604 ] ] ] ] } },
{ "type": "Feature", "properties": { "wkr_nr": 263, "wkr_name": "Göppingen", "land": "Baden-Württemberg", "wahlbeteiligung_prozent": 82.4, "union_prozent": 33.5, "afd_prozent": 23.3, "spd_prozent": 14.4, "gruene_prozent": 9.4, "linke_prozent": 5.5, "bsw_prozent": 4.3, "fdp_prozent": 5.5, "staerkste_partei": "union" }, "geometry": { "type": "Polygon", "coordinates": [ [ [ 9.588, 48.781 ], [ 9.615, 48.769 ], [ 9.743, 48.775 ], [ 9.753, 48.752 ], [ 9.781, 48.745 ], [ 9.792, 48.72 ], [ 9.806, 48.717 ], [ 9.839, 48.73 ], [ 9.903, 48.716 ], [ 9.907, 48.73 ], [ 9.896, 48.725 ], [ 9.883, 48.751 ], [ 9.893, 48.744 ], [ 9.91, 48.754 ], [ 9.933, 48.73 ], [ 9.988, 48.727 ], [ 9.992, 48.705 ], [ 9.963, 48.698 ], [ 9.969, 48.672 ], [ 9.947, 48.663 ], [ 9.932, 48.667 ], [ 9.921, 48.649 ], [ 9.921, 48.637 ], [ 9.944, 48.632 ], [ 9.892, 48.622 ], [ 9.899, 48.615 ], [ 9.881, 48.599 ], [ 9.863, 48.585 ], [ 9.839, 48.586 ], [ 9.814, 48.558 ], [ 9.77, 48.566 ], [ 9.769, 48.56 ], [ 9.726, 48.562 ], [ 9.723, 48.547 ], [ 9.696, 48.541 ], [ 9.687, 48.517 ], [ 9.651, 48.52 ], [ 9.611, 48.541 ], [ 9.585, 48.537 ], [ 9.561, 48.552 ], [ 9.594, 48.575 ], [ 9.596, 48.612 ], [ 9.535, 48.633 ], [ 9.556, 48.641 ], [ 9.555, 48.656 ], [ 9.509, 48.656 ], [ 9.492, 48.666 ], [ 9.484, 48.708 ], [ 9.505, 48.759 ], [ 9.534, 48.757 ], [ 9.553, 48.742 ], [ 9.581, 48.751 ], [ 9.588, 48.766 ], [ 9.571, 48.776 ], [ 9.588, 48.781 ] ], [ [ 9.778, 48.733 ], [ 9.773, 48.726 ], [ 9.781, 48.729 ], [ 9.778, 48.733 ] ] ] } },
{ "type": "Feature", "properties": { "wkr_nr": 264, "wkr_name": "Waiblingen", "land": "Baden-Württemberg", "wahlbeteiligung_prozent": 84.2, "union_prozent": 33.3, "afd_prozent": 18.6, "spd_prozent": 14.7, "gruene_prozent": 12.8, "linke_prozent": 5.8, "bsw_prozent": 3.8, "fdp_prozent": 6.8, "staerkste_partei": "union" }, "geometry": { "type": "Polygon", "coordinates": [ [ [ 9.637, 48.947 ], [ 9.639, 48.938 ], [ 9.672, 48.94 ], [ 9.686, 48.926 ], [ 9.701, 48.929 ], [ 9.702, 48.912 ], [ 9.72, 48.915 ], [ 9.716, 48.908 ], [ 9.745, 48.9 ], [ 9.741, 48.874 ], [ 9.77, 48.834 ], [ 9.72, 48.814 ], [ 9.708, 48.829 ], [ 9.64, 48.82 ], [ 9.652, 48.81 ], [ 9.62, 48.788 ], [ 9.626, 48.773 ], [ 9.572, 48.779 ], [ 9.588, 48.766 ], [ 9.581, 48.75 ], [ 9.548, 48.741 ], [ 9.534, 48.757 ], [ 9.517, 48.762 ], [ 9.503, 48.754 ], [ 9.493, 48.767 ], [ 9.446, 48.777 ], [ 9.417, 48.757 ], [ 9.391, 48.788 ], [ 9.386, 48.77 ], [ 9.357, 48.775 ], [ 9.336, 48.766 ], [ 9.29, 48.792 ], [ 9.248, 48.794 ], [ 9.257, 48.81 ], [ 9.237, 48.842 ], [ 9.26, 48.863 ], [ 9.294, 48.863 ], [ 9.306, 48.875 ], [ 9.298, 48.89 ], [ 9.318, 48.905 ], [ 9.367, 48.907 ], [ 9.385, 48.921 ], [ 9.457, 48.892 ], [ 9.541, 48.903 ], [ 9.556, 48.914 ], [ 9.584, 48.898 ], [ 9.596, 48.933 ], [ 9.637, 48.947 ] ] ] } },
{ "type": "Feature", "properties": { "wkr_nr": 265, "wkr_name": "Ludwigsburg", "land": "Baden-Württemberg", "wahlbeteiligung_prozent": 84.7, "union_prozent": 32.1, "afd_prozent": 16.9, "spd_prozent": 15.1, "gruene_prozent": 14.9, "linke_prozent": 6.9, "bsw_prozent": 4.0, "fdp_prozent": 6.4, "staerkste_partei": "union" }, "geometry": { "type": "Polygon", "coordinates": [ [ [ 8.905, 49.021 ], [ 8.984, 49.005 ], [ 9.007, 48.98 ], [ 9.03, 48.98 ], [ 9.046, 48.943 ], [ 9.068, 48.943 ], [ 9.075, 48.927 ], [ 9.089, 48.928 ], [ 9.091, 48.916 ], [ 9.117, 48.909 ], [ 9.131, 48.922 ], [ 9.159, 48.926 ], [ 9.185, 48.915 ], [ 9.226, 48.93 ], [ 9.309, 48.921 ], [ 9.306, 48.875 ], [ 9.293, 48.862 ], [ 9.256, 48.861 ], [ 9.24, 48.846 ], [ 9.221, 48.867 ], [ 9.19, 48.848 ], [ 9.141, 48.861 ], [ 9.138, 48.828 ], [ 9.115, 48.823 ], [ 9.092, 48.838 ], [ 9.077, 48.815 ], [ 9.087, 48.808 ], [ 9.075, 48.787 ], [ 9.088, 48.782 ], [ 9.07, 48.755 ], [ 9.051, 48.764 ], [ 9.03, 48.799 ], [ 9.046, 48.815 ], [ 9.036, 48.826 ], [ 8.954, 48.832 ], [ 8.91, 48.816 ], [ 8.873, 48.836 ], [ 8.905, 48.862 ], [ 8.929, 48.866 ], [ 8.907, 48.91 ], [ 8.926, 48.92 ], [ 8.901, 48.924 ], [ 8.904, 48.944 ], [ 8.948, 48.942 ], [ 8.945, 48.962 ], [ 8.92, 48.982 ], [ 8.933, 48.993 ], [ 8.905, 49.021 ] ] ] } },
{ "type": "Feature", "properties": { "wkr_nr": 266, "wkr_name": "Neckar-Zaber", "land": "Baden-Württemberg", "wahlbeteiligung_prozent": 85.7, "union_prozent": 33.1, "afd_prozent": 20.3, "spd_prozent": 14.4, "gruene_prozent": 12.1, "linke_prozent": 5.3, "bsw_prozent": 3.8, "fdp_prozent": 6.3, "staerkste_partei": "union" }, "geometry": { "type": "Polygon", "coordinates": [ [ [ 9.089, 49.169 ], [ 9.129, 49.171 ], [ 9.133, 49.157 ], [ 9.161, 49.15 ], [ 9.131, 49.125 ], [ 9.161, 49.093 ], [ 9.204, 49.113 ], [ 9.254, 49.104 ], [ 9.31, 49.116 ], [ 9.375, 49.088 ], [ 9.368, 49.079 ], [ 9.426, 49.07 ], [ 9.395, 49.064 ], [ 9.411, 49.064 ], [ 9.416, 49.047 ], [ 9.4, 49.044 ], [ 9.384, 49.02 ], [ 9.326, 49.0 ], [ 9.365, 48.981 ], [ 9.368, 48.967 ], [ 9.304, 48.948 ], [ 9.319, 48.932 ], [ 9.35, 48.934 ], [ 9.375, 48.909 ], [ 9.313, 48.9 ], [ 9.3, 48.906 ], [ 9.309, 48.921 ], [ 9.256, 48.921 ], [ 9.252, 48.932 ], [ 9.185, 48.915 ], [ 9.159, 48.926 ], [ 9.131, 48.922 ], [ 9.117, 48.909 ], [ 9.091, 48.916 ], [ 9.089, 48.928 ], [ 9.075, 48.927 ], [ 9.068, 48.943 ], [ 9.046, 48.943 ], [ 9.03, 48.98 ], [ 9.007, 48.98 ], [ 8.984, 49.005 ], [ 8.919, 49.015 ], [ 8.872, 49.037 ], [ 8.88, 49.06 ], [ 8.867, 49.077 ], [ 8.976, 49.08 ], [ 9.01, 49.11 ], [ 9.038, 49.118 ], [ 9.074, 49.114 ], [ 9.075, 49.143 ], [ 9.089, 49.146 ], [ 9.072, 49.154 ], [ 9.089, 49.169 ] ] ] } },
{ "type": "Feature", "properties": { "wkr_nr": 267, "wkr_name": "Heilbronn", "land": "Baden-Württemberg", "wahlbeteiligung_prozent": 81.6, "union_prozent": 29.4, "afd_prozent": 25.5, "spd_prozent": 14.3, "gruene_prozent": 9.5, "linke_prozent": 6.2, "bsw_prozent": 4.4, "fdp_prozent": 6.2, "staerkste_partei": "union" }, "geometry": { "type": "Polygon", "coordinates": [ [ [ 9.333, 49.387 ], [ 9.355, 49.366 ], [ 9.455, 49.36 ], [ 9.473, 49.322 ], [ 9.519, 49.312 ], [ 9.505, 49.301 ], [ 9.439, 49.29 ], [ 9.414, 49.246 ], [ 9.426, 49.228 ], [ 9.452, 49.22 ], [ 9.418, 49.196 ], [ 9.383, 49.197 ], [ 9.367, 49.178 ], [ 9.343, 49.174 ], [ 9.387, 49.149 ], [ 9.432, 49.151 ], [ 9.437, 49.143 ], [ 9.42, 49.132 ], [ 9.424, 49.126 ], [ 9.434, 49.134 ], [ 9.448, 49.118 ], [ 9.437, 49.096 ], [ 9.457, 49.113 ], [ 9.488, 49.112 ], [ 9.485, 49.138 ], [ 9.508, 49.134 ], [ 9.508, 49.114 ], [ 9.527, 49.109 ], [ 9.503, 49.103 ], [ 9.497, 49.076 ], [ 9.452, 49.073 ], [ 9.435, 49.048 ], [ 9.42, 49.046 ], [ 9.411, 49.064 ], [ 9.395, 49.064 ], [ 9.426, 49.07 ], [ 9.368, 49.079 ], [ 9.375, 49.088 ], [ 9.31, 49.116 ], [ 9.254, 49.104 ], [ 9.204, 49.113 ], [ 9.161, 49.093 ], [ 9.131, 49.125 ], [ 9.161, 49.15 ], [ 9.133, 49.157 ], [ 9.126, 49.171 ], [ 9.079, 49.162 ], [ 9.073, 49.152 ], [ 9.089, 49.144 ], [ 9.075, 49.143 ], [ 9.074, 49.114 ], [ 9.036, 49.118 ], [ 8.976, 49.08 ], [ 8.948, 49.075 ], [ 8.891, 49.083 ], [ 8.892, 49.111 ], [ 8.87, 49.132 ], [ 8.826, 49.127 ], [ 8.842, 49.15 ], [ 8.833, 49.162 ], [ 8.818, 49.158 ], [ 8.818, 49.194 ], [ 8.873, 49.174 ], [ 8.896, 49.182 ], [ 8.887, 49.202 ], [ 8.957, 49.213 ], [ 8.965, 49.228 ], [ 9.006, 49.242 ], [ 8.998, 49.265 ], [ 9.021, 49.257 ], [ 9.042, 49.278 ], [ 9.022, 49.299 ], [ 9.072, 49.278 ], [ 9.151, 49.274 ], [ 9.154, 49.285 ], [ 9.131, 49.293 ], [ 9.157, 49.295 ], [ 9.162, 49.329 ], [ 9.198, 49.327 ], [ 9.252, 49.298 ], [ 9.269, 49.33 ], [ 9.287, 49.33 ], [ 9.315, 49.357 ], [ 9.31, 49.377 ], [ 9.333, 49.387 ] ] ] } },
{ "type": "Feature", "properties": { "wkr_nr": 268, "wkr_name": "Schwäbisch Hall – Hohenlohe", "land": "Baden-Württemberg", "wahlbeteiligung_prozent": 82.9, "union_prozent": 31.8, "afd_prozent": 25.1, "spd_prozent": 13.2, "gruene_prozent": 9.8, "linke_prozent": 5.3, "bsw_prozent": 4.3, "fdp_prozent": 5.7, "staerkste_partei": "union" }, "geometry": { "type": "Polygon", "coordinates": [ [ [ 9.642, 49.43 ], [ 9.638, 49.413 ], [ 9.672, 49.415 ], [ 9.672, 49.407 ], [ 9.705, 49.418 ], [ 9.712, 49.399 ], [ 9.748, 49.394 ], [ 9.757, 49.403 ], [ 9.775, 49.394 ], [ 9.8, 49.408 ], [ 9.811, 49.388 ], [ 9.83, 49.394 ], [ 9.846, 49.381 ], [ 9.844, 49.369 ], [ 9.924, 49.373 ], [ 9.935, 49.352 ], [ 9.978, 49.378 ], [ 10.04, 49.369 ], [ 10.032, 49.385 ], [ 10.113, 49.393 ], [ 10.124, 49.351 ], [ 10.108, 49.352 ], [ 10.103, 49.342 ], [ 10.11, 49.329 ], [ 10.14, 49.326 ], [ 10.132, 49.3 ], [ 10.157, 49.281 ], [ 10.134, 49.262 ], [ 10.124, 49.275 ], [ 10.11, 49.258 ], [ 10.133, 49.253 ], [ 10.12, 49.247 ], [ 10.14, 49.209 ], [ 10.126, 49.211 ], [ 10.125, 49.2 ], [ 10.157, 49.193 ], [ 10.166, 49.179 ], [ 10.181, 49.182 ], [ 10.197, 49.156 ], [ 10.218, 49.163 ], [ 10.248, 49.149 ], [ 10.257, 49.129 ], [ 10.225, 49.12 ], [ 10.205, 49.098 ], [ 10.251, 49.093 ], [ 10.234, 49.076 ], [ 10.265, 49.061 ], [ 10.203, 49.041 ], [ 10.175, 49.061 ], [ 10.115, 49.037 ], [ 10.086, 49.048 ], [ 10.048, 49.041 ], [ 10.02, 49.053 ], [ 9.988, 49.033 ], [ 9.981, 49.045 ], [ 9.974, 49.019 ], [ 9.992, 49.019 ], [ 10.014, 48.982 ], [ 9.942, 48.974 ], [ 9.938, 48.959 ], [ 9.914, 48.967 ], [ 9.875, 48.918 ], [ 9.835, 48.918 ], [ 9.828, 48.926 ], [ 9.845, 48.935 ], [ 9.797, 48.944 ], [ 9.797, 48.956 ], [ 9.758, 48.951 ], [ 9.724, 48.976 ], [ 9.713, 48.956 ], [ 9.683, 48.969 ], [ 9.652, 48.967 ], [ 9.677, 48.972 ], [ 9.664, 48.986 ], [ 9.676, 48.99 ], [ 9.598, 49.007 ], [ 9.613, 49.036 ], [ 9.596, 49.046 ], [ 9.615, 49.05 ], [ 9.588, 49.057 ], [ 9.571, 49.047 ], [ 9.501, 49.078 ], [ 9.497, 49.097 ], [ 9.527, 49.109 ], [ 9.508, 49.114 ], [ 9.508, 49.134 ], [ 9.485, 49.138 ], [ 9.488, 49.112 ], [ 9.457, 49.113 ], [ 9.437, 49.096 ], [ 9.448, 49.118 ], [ 9.434, 49.134 ], [ 9.424, 49.126 ], [ 9.42, 49.132 ], [ 9.437, 49.143 ], [ 9.432, 49.151 ], [ 9.387, 49.149 ], [ 9.343, 49.174 ], [ 9.367, 49.178 ], [ 9.383, 49.197 ], [ 9.418, 49.196 ], [ 9.452, 49.22 ], [ 9.426, 49.228 ], [ 9.414, 49.246 ], [ 9.439, 49.29 ], [ 9.52, 49.31 ], [ 9.471, 49.324 ], [ 9.465, 49.355 ], [ 9.44, 49.366 ], [ 9.446, 49.391 ], [ 9.465, 49.397 ], [ 9.508, 49.375 ], [ 9.531, 49.382 ], [ 9.571, 49.375 ], [ 9.594, 49.392 ], [ 9.59, 49.401 ], [ 9.576, 49.398 ], [ 9.571, 49.417 ], [ 9.642, 49.43 ] ] ] } },
{ "type": "Feature", "properties": { "wkr_nr": 269, "wkr_name": "Backnang – Schwäbisch Gmünd", "land": "Baden-Württemberg", "wahlbeteiligung_prozent": 83.4, "union_prozent": 32.6, "afd_prozent": 23.3, "spd_prozent": 13.8, "gruene_prozent": 10.7, "linke_prozent": 5.8, "bsw_prozent": 4.3, "fdp_prozent": 5.4, "staerkste_partei": "union" }, "geometry": { "type": "MultiPolygon", "coordinates": [ [ [ [ 9.505, 49.076 ], [ 9.571, 49.047 ], [ 9.588, 49.057 ], [ 9.615, 49.05 ], [ 9.596, 49.046 ], [ 9.613, 49.036 ], [ 9.598, 49.007 ], [ 9.676, 48.99 ], [ 9.664, 48.986 ], [ 9.677, 48.972 ], [ 9.652, 48.968 ], [ 9.667, 48.962 ], [ 9.683, 48.969 ], [ 9.713, 48.956 ], [ 9.724, 48.976 ], [ 9.758, 48.951 ], [ 9.797, 48.956 ], [ 9.797, 48.944 ], [ 9.845, 48.935 ], [ 9.828, 48.926 ], [ 9.835, 48.918 ], [ 9.879, 48.919 ], [ 9.907, 48.95 ], [ 9.921, 48.943 ], [ 9.931, 48.953 ], [ 9.976, 48.954 ], [ 9.984, 48.941 ], [ 10.017, 48.942 ], [ 10.018, 48.909 ], [ 10.043, 48.892 ], [ 10.021, 48.879 ], [ 10.003, 48.887 ], [ 10.001, 48.867 ], [ 9.977, 48.874 ], [ 9.997, 48.804 ], [ 9.962, 48.779 ], [ 9.965, 48.762 ], [ 10.008, 48.754 ], [ 9.997, 48.726 ], [ 9.933, 48.73 ], [ 9.91, 48.754 ], [ 9.893, 48.744 ], [ 9.883, 48.751 ], [ 9.896, 48.725 ], [ 9.907, 48.73 ], [ 9.903, 48.716 ], [ 9.839, 48.73 ], [ 9.806, 48.717 ], [ 9.792, 48.72 ], [ 9.781, 48.745 ], [ 9.753, 48.752 ], [ 9.743, 48.775 ], [ 9.621, 48.776 ], [ 9.62, 48.788 ], [ 9.652, 48.81 ], [ 9.64, 48.82 ], [ 9.708, 48.829 ], [ 9.72, 48.814 ], [ 9.77, 48.834 ], [ 9.741, 48.874 ], [ 9.745, 48.9 ], [ 9.716, 48.908 ], [ 9.72, 48.915 ], [ 9.702, 48.912 ], [ 9.701, 48.929 ], [ 9.686, 48.926 ], [ 9.676, 48.939 ], [ 9.643, 48.938 ], [ 9.636, 48.947 ], [ 9.604, 48.938 ], [ 9.584, 48.898 ], [ 9.556, 48.914 ], [ 9.541, 48.903 ], [ 9.471, 48.892 ], [ 9.385, 48.921 ], [ 9.364, 48.911 ], [ 9.35, 48.934 ], [ 9.339, 48.928 ], [ 9.315, 48.935 ], [ 9.308, 48.952 ], [ 9.331, 48.951 ], [ 9.371, 48.971 ], [ 9.326, 49.0 ], [ 9.384, 49.02 ], [ 9.4, 49.044 ], [ 9.435, 49.048 ], [ 9.452, 49.073 ], [ 9.505, 49.076 ] ] ], [ [ [ 10.005, 48.866 ], [ 10.003, 48.864 ], [ 10.002, 48.867 ], [ 10.005, 48.866 ] ] ], [ [ [ 9.781, 48.729 ], [ 9.766, 48.728 ], [ 9.778, 48.733 ], [ 9.781, 48.729 ] ] ] ] } },
{ "type": "Feature", "properties": { "wkr_nr": 270, "wkr_name": "Aalen – Heidenheim", "land": "Baden-Württemberg", "wahlbeteiligung_prozent": 83.0, "union_prozent": 34.7, "afd_prozent": 23.0, "spd_prozent": 14.1, "gruene_prozent": 9.4, "linke_prozent": 5.4, "bsw_prozent": 4.4, "fdp_prozent": 4.9, "staerkste_partei": "union" }, "geometry": { "type": "MultiPolygon", "coordinates": [ [ [ [ 10.252, 49.06 ], [ 10.252, 49.039 ], [ 10.294, 49.043 ], [ 10.32, 49.026 ], [ 10.35, 49.028 ], [ 10.352, 49.006 ], [ 10.401, 48.986 ], [ 10.412, 48.979 ], [ 10.404, 48.967 ], [ 10.419, 48.969 ], [ 10.431, 48.946 ], [ 10.451, 48.939 ], [ 10.438, 48.933 ], [ 10.457, 48.917 ], [ 10.421, 48.906 ], [ 10.45, 48.893 ], [ 10.454, 48.86 ], [ 10.427, 48.843 ], [ 10.449, 48.83 ], [ 10.449, 48.812 ], [ 10.421, 48.799 ], [ 10.434, 48.776 ], [ 10.413, 48.772 ], [ 10.428, 48.756 ], [ 10.416, 48.748 ], [ 10.448, 48.728 ], [ 10.464, 48.735 ], [ 10.456, 48.729 ], [ 10.483, 48.708 ], [ 10.472, 48.703 ], [ 10.496, 48.688 ], [ 10.449, 48.665 ], [ 10.411, 48.661 ], [ 10.426, 48.673 ], [ 10.423, 48.691 ], [ 10.437, 48.693 ], [ 10.409, 48.699 ], [ 10.389, 48.667 ], [ 10.361, 48.653 ], [ 10.337, 48.689 ], [ 10.318, 48.683 ], [ 10.269, 48.704 ], [ 10.26, 48.655 ], [ 10.323, 48.609 ], [ 10.297, 48.604 ], [ 10.293, 48.59 ], [ 10.31, 48.577 ], [ 10.302, 48.537 ], [ 10.315, 48.527 ], [ 10.231, 48.511 ], [ 10.213, 48.517 ], [ 10.215, 48.533 ], [ 10.191, 48.541 ], [ 10.187, 48.558 ], [ 10.172, 48.549 ], [ 10.161, 48.557 ], [ 10.113, 48.556 ], [ 10.11, 48.57 ], [ 10.057, 48.586 ], [ 10.04, 48.607 ], [ 9.999, 48.607 ], [ 9.993, 48.597 ], [ 9.965, 48.595 ], [ 9.969, 48.615 ], [ 9.945, 48.635 ], [ 9.921, 48.637 ], [ 9.932, 48.667 ], [ 9.947, 48.663 ], [ 9.969, 48.672 ], [ 9.963, 48.698 ], [ 9.992, 48.705 ], [ 9.988, 48.727 ], [ 10.009, 48.741 ], [ 10.003, 48.759 ], [ 9.975, 48.757 ], [ 9.963, 48.766 ], [ 9.979, 48.799 ], [ 9.997, 48.804 ], [ 9.982, 48.827 ], [ 9.998, 48.828 ], [ 9.981, 48.834 ], [ 9.971, 48.866 ], [ 9.979, 48.876 ], [ 10.009, 48.87 ], [ 10.003, 48.887 ], [ 10.021, 48.879 ], [ 10.043, 48.892 ], [ 10.018, 48.909 ], [ 10.017, 48.942 ], [ 9.984, 48.941 ], [ 9.966, 48.955 ], [ 9.931, 48.953 ], [ 9.921, 48.943 ], [ 9.891, 48.949 ], [ 9.918, 48.969 ], [ 9.934, 48.958 ], [ 9.942, 48.974 ], [ 10.014, 48.982 ], [ 9.992, 49.019 ], [ 9.974, 49.019 ], [ 9.981, 49.045 ], [ 9.988, 49.033 ], [ 10.02, 49.053 ], [ 10.048, 49.041 ], [ 10.086, 49.048 ], [ 10.115, 49.037 ], [ 10.175, 49.061 ], [ 10.203, 49.041 ], [ 10.252, 49.06 ] ], [ [ 10.003, 48.864 ], [ 10.005, 48.866 ], [ 10.002, 48.867 ], [ 10.003, 48.864 ] ] ], [ [ [ 10.235, 48.505 ], [ 10.242, 48.5 ], [ 10.238, 48.5 ], [ 10.235, 48.505 ] ] ] ] } },
{ "type": "Feature", "properties": { "wkr_nr": 271, "wkr_name": "Karlsruhe-Stadt", "land": "Baden-Württemberg", "wahlbeteiligung_prozent": 83.1, "union_prozent": 22.4, "afd_prozent": 13.5, "spd_prozent": 15.6, "gruene_prozent": 24.1, "linke_prozent": 11.2, "bsw_prozent": 3.7, "fdp_prozent": 5.2, "staerkste_partei": "gruene" }, "geometry": { "type": "Polygon", "coordinates": [ [ [ 8.429, 49.091 ], [ 8.427, 49.072 ], [ 8.449, 49.05 ], [ 8.472, 49.04 ], [ 8.482, 49.061 ], [ 8.52, 49.031 ], [ 8.5, 48.993 ], [ 8.509, 48.967 ], [ 8.543, 48.96 ], [ 8.511, 48.943 ], [ 8.439, 48.946 ], [ 8.452, 48.963 ], [ 8.439, 48.971 ], [ 8.388, 48.957 ], [ 8.381, 48.974 ], [ 8.33, 48.992 ], [ 8.322, 48.984 ], [ 8.3, 48.991 ], [ 8.281, 48.983 ], [ 8.331, 49.074 ], [ 8.34, 49.08 ], [ 8.348, 49.065 ], [ 8.358, 49.071 ], [ 8.409, 49.063 ], [ 8.429, 49.091 ] ] ] } },
{ "type": "Feature", "properties": { "wkr_nr": 272, "wkr_name": "Karlsruhe-Land", "land": "Baden-Württemberg", "wahlbeteiligung_prozent": 85.0, "union_prozent": 33.1, "afd_prozent": 19.0, "spd_prozent": 15.0, "gruene_prozent": 13.3, "linke_prozent": 5.6, "bsw_prozent": 3.9, "fdp_prozent": 5.5, "staerkste_partei": "union" }, "geometry": { "type": "MultiPolygon", "coordinates": [ [ [ [ 8.425, 49.203 ], [ 8.417, 49.191 ], [ 8.409, 49.207 ], [ 8.425, 49.203 ] ] ], [ [ [ 8.438, 49.199 ], [ 8.473, 49.183 ], [ 8.509, 49.189 ], [ 8.522, 49.175 ], [ 8.505, 49.147 ], [ 8.519, 49.13 ], [ 8.515, 49.103 ], [ 8.536, 49.075 ], [ 8.595, 49.059 ], [ 8.685, 49.091 ], [ 8.677, 49.119 ], [ 8.647, 49.124 ], [ 8.641, 49.142 ], [ 8.675, 49.168 ], [ 8.713, 49.173 ], [ 8.748, 49.153 ], [ 8.833, 49.162 ], [ 8.842, 49.15 ], [ 8.826, 49.127 ], [ 8.87, 49.132 ], [ 8.894, 49.098 ], [ 8.891, 49.081 ], [ 8.864, 49.072 ], [ 8.876, 49.07 ], [ 8.878, 49.058 ], [ 8.836, 49.062 ], [ 8.839, 49.038 ], [ 8.813, 49.033 ], [ 8.797, 49.045 ], [ 8.755, 49.045 ], [ 8.733, 49.027 ], [ 8.739, 49.002 ], [ 8.724, 48.99 ], [ 8.672, 48.993 ], [ 8.661, 49.008 ], [ 8.648, 48.99 ], [ 8.577, 48.99 ], [ 8.538, 48.951 ], [ 8.536, 48.927 ], [ 8.554, 48.928 ], [ 8.554, 48.92 ], [ 8.518, 48.9 ], [ 8.52, 48.869 ], [ 8.468, 48.845 ], [ 8.494, 48.82 ], [ 8.458, 48.823 ], [ 8.438, 48.813 ], [ 8.405, 48.859 ], [ 8.39, 48.85 ], [ 8.361, 48.852 ], [ 8.365, 48.84 ], [ 8.306, 48.863 ], [ 8.288, 48.886 ], [ 8.295, 48.913 ], [ 8.349, 48.924 ], [ 8.355, 48.935 ], [ 8.272, 48.953 ], [ 8.258, 48.969 ], [ 8.277, 48.99 ], [ 8.321, 48.984 ], [ 8.33, 48.992 ], [ 8.381, 48.974 ], [ 8.388, 48.957 ], [ 8.439, 48.971 ], [ 8.452, 48.963 ], [ 8.439, 48.946 ], [ 8.462, 48.941 ], [ 8.538, 48.952 ], [ 8.543, 48.96 ], [ 8.509, 48.967 ], [ 8.5, 48.993 ], [ 8.52, 49.031 ], [ 8.482, 49.061 ], [ 8.472, 49.04 ], [ 8.449, 49.05 ], [ 8.427, 49.072 ], [ 8.436, 49.092 ], [ 8.412, 49.081 ], [ 8.409, 49.063 ], [ 8.345, 49.066 ], [ 8.369, 49.169 ], [ 8.383, 49.187 ], [ 8.417, 49.191 ], [ 8.438, 49.199 ] ] ], [ [ [ 8.385, 48.836 ], [ 8.376, 48.831 ], [ 8.366, 48.84 ], [ 8.385, 48.836 ] ] ] ] } },
{ "type": "Feature", "properties": { "wkr_nr": 273, "wkr_name": "Rastatt", "land": "Baden-Württemberg", "wahlbeteiligung_prozent": 81.6, "union_prozent": 33.4, "afd_prozent": 22.6, "spd_prozent": 14.5, "gruene_prozent": 10.8, "linke_prozent": 5.4, "bsw_prozent": 4.1, "fdp_prozent": 4.9, "staerkste_partei": "union" }, "geometry": { "type": "Polygon", "coordinates": [ [ [ 8.261, 48.958 ], [ 8.355, 48.935 ], [ 8.349, 48.924 ], [ 8.295, 48.913 ], [ 8.288, 48.886 ], [ 8.312, 48.858 ], [ 8.359, 48.841 ], [ 8.366, 48.854 ], [ 8.412, 48.853 ], [ 8.417, 48.831 ], [ 8.366, 48.84 ], [ 8.404, 48.822 ], [ 8.408, 48.809 ], [ 8.39, 48.804 ], [ 8.426, 48.792 ], [ 8.422, 48.744 ], [ 8.462, 48.764 ], [ 8.485, 48.755 ], [ 8.476, 48.724 ], [ 8.458, 48.717 ], [ 8.467, 48.7 ], [ 8.439, 48.695 ], [ 8.448, 48.662 ], [ 8.431, 48.66 ], [ 8.43, 48.645 ], [ 8.389, 48.637 ], [ 8.383, 48.62 ], [ 8.349, 48.61 ], [ 8.357, 48.6 ], [ 8.291, 48.587 ], [ 8.222, 48.603 ], [ 8.247, 48.603 ], [ 8.233, 48.611 ], [ 8.241, 48.629 ], [ 8.2, 48.628 ], [ 8.14, 48.657 ], [ 8.113, 48.65 ], [ 8.074, 48.673 ], [ 7.98, 48.687 ], [ 7.973, 48.693 ], [ 7.991, 48.705 ], [ 7.96, 48.719 ], [ 7.972, 48.758 ], [ 8.014, 48.761 ], [ 8.03, 48.787 ], [ 8.068, 48.791 ], [ 8.094, 48.808 ], [ 8.135, 48.888 ], [ 8.196, 48.957 ], [ 8.261, 48.981 ], [ 8.261, 48.958 ] ], [ [ 8.08, 48.673 ], [ 8.08, 48.671 ], [ 8.081, 48.671 ], [ 8.08, 48.673 ] ], [ [ 8.062, 48.712 ], [ 8.048, 48.692 ], [ 8.074, 48.711 ], [ 8.062, 48.712 ] ], [ [ 8.025, 48.693 ], [ 8.016, 48.694 ], [ 8.023, 48.692 ], [ 8.025, 48.693 ] ] ] } },
{ "type": "Feature", "properties": { "wkr_nr": 274, "wkr_name": "Heidelberg", "land": "Baden-Württemberg", "wahlbeteiligung_prozent": 85.4, "union_prozent": 26.3, "afd_prozent": 12.1, "spd_prozent": 17.0, "gruene_prozent": 21.9, "linke_prozent": 10.1, "bsw_prozent": 3.4, "fdp_prozent": 5.7, "staerkste_partei": "union" }, "geometry": { "type": "MultiPolygon", "coordinates": [ [ [ [ 8.679, 49.626 ], [ 8.694, 49.622 ], [ 8.679, 49.614 ], [ 8.686, 49.608 ], [ 8.672, 49.611 ], [ 8.698, 49.6 ], [ 8.681, 49.576 ], [ 8.703, 49.535 ], [ 8.736, 49.525 ], [ 8.728, 49.518 ], [ 8.766, 49.515 ], [ 8.749, 49.495 ], [ 8.781, 49.472 ], [ 8.747, 49.475 ], [ 8.768, 49.454 ], [ 8.766, 49.437 ], [ 8.789, 49.43 ], [ 8.794, 49.405 ], [ 8.763, 49.388 ], [ 8.769, 49.379 ], [ 8.726, 49.375 ], [ 8.724, 49.357 ], [ 8.674, 49.361 ], [ 8.653, 49.353 ], [ 8.646, 49.371 ], [ 8.626, 49.352 ], [ 8.601, 49.366 ], [ 8.618, 49.379 ], [ 8.612, 49.405 ], [ 8.574, 49.416 ], [ 8.59, 49.46 ], [ 8.547, 49.477 ], [ 8.588, 49.502 ], [ 8.581, 49.52 ], [ 8.621, 49.545 ], [ 8.594, 49.611 ], [ 8.679, 49.626 ] ], [ [ 8.686, 49.622 ], [ 8.673, 49.619 ], [ 8.672, 49.616 ], [ 8.686, 49.618 ], [ 8.686, 49.622 ] ] ], [ [ [ 8.684, 49.62 ], [ 8.68, 49.619 ], [ 8.68, 49.62 ], [ 8.684, 49.62 ] ] ], [ [ [ 8.508, 49.395 ], [ 8.498, 49.396 ], [ 8.496, 49.407 ], [ 8.499, 49.401 ], [ 8.508, 49.395 ] ] ], [ [ [ 8.497, 49.411 ], [ 8.501, 49.409 ], [ 8.497, 49.409 ], [ 8.497, 49.411 ] ] ] ] } },
{ "type": "Feature", "properties": { "wkr_nr": 275, "wkr_name": "Mannheim", "land": "Baden-Württemberg", "wahlbeteiligung_prozent": 78.4, "union_prozent": 23.1, "afd_prozent": 17.6, "spd_prozent": 18.2, "gruene_prozent": 16.0, "linke_prozent": 11.3, "bsw_prozent": 4.7, "fdp_prozent": 5.1, "staerkste_partei": "union" }, "geometry": { "type": "Polygon", "coordinates": [ [ [ 8.473, 49.585 ], [ 8.553, 49.521 ], [ 8.583, 49.519 ], [ 8.588, 49.502 ], [ 8.547, 49.477 ], [ 8.59, 49.46 ], [ 8.574, 49.416 ], [ 8.497, 49.411 ], [ 8.504, 49.44 ], [ 8.443, 49.45 ], [ 8.464, 49.47 ], [ 8.415, 49.562 ], [ 8.422, 49.583 ], [ 8.473, 49.585 ] ] ] } },
{ "type": "Feature", "properties": { "wkr_nr": 276, "wkr_name": "Odenwald – Tauber", "land": "Baden-Württemberg", "wahlbeteiligung_prozent": 83.0, "union_prozent": 36.4, "afd_prozent": 23.6, "spd_prozent": 13.3, "gruene_prozent": 8.4, "linke_prozent": 4.9, "bsw_prozent": 4.2, "fdp_prozent": 4.8, "staerkste_partei": "union" }, "geometry": { "type": "Polygon", "coordinates": [ [ [ 9.65, 49.785 ], [ 9.646, 49.736 ], [ 9.628, 49.732 ], [ 9.641, 49.723 ], [ 9.625, 49.704 ], [ 9.632, 49.693 ], [ 9.676, 49.693 ], [ 9.677, 49.716 ], [ 9.71, 49.727 ], [ 9.728, 49.689 ], [ 9.739, 49.688 ], [ 9.753, 49.71 ], [ 9.8, 49.731 ], [ 9.797, 49.721 ], [ 9.832, 49.704 ], [ 9.841, 49.683 ], [ 9.823, 49.673 ], [ 9.83, 49.652 ], [ 9.855, 49.642 ], [ 9.873, 49.61 ], [ 9.841, 49.595 ], [ 9.848, 49.578 ], [ 9.812, 49.556 ], [ 9.859, 49.546 ], [ 9.876, 49.579 ], [ 9.912, 49.586 ], [ 9.898, 49.564 ], [ 9.925, 49.56 ], [ 9.914, 49.493 ], [ 9.952, 49.48 ], [ 10.019, 49.486 ], [ 10.028, 49.504 ], [ 10.057, 49.517 ], [ 10.04, 49.529 ], [ 10.061, 49.545 ], [ 10.084, 49.544 ], [ 10.081, 49.514 ], [ 10.121, 49.511 ], [ 10.1, 49.492 ], [ 10.122, 49.464 ], [ 10.105, 49.463 ], [ 10.095, 49.448 ], [ 10.134, 49.437 ], [ 10.152, 49.412 ], [ 10.152, 49.401 ], [ 10.142, 49.404 ], [ 10.139, 49.403 ], [ 10.161, 49.39 ], [ 10.112, 49.385 ], [ 10.108, 49.395 ], [ 10.068, 49.393 ], [ 10.032, 49.385 ], [ 10.04, 49.369 ], [ 9.978, 49.378 ], [ 9.935, 49.352 ], [ 9.924, 49.373 ], [ 9.844, 49.369 ], [ 9.846, 49.381 ], [ 9.83, 49.394 ], [ 9.811, 49.388 ], [ 9.8, 49.408 ], [ 9.775, 49.394 ], [ 9.757, 49.403 ], [ 9.748, 49.394 ], [ 9.712, 49.399 ], [ 9.705, 49.418 ], [ 9.672, 49.407 ], [ 9.672, 49.415 ], [ 9.638, 49.413 ], [ 9.642, 49.43 ], [ 9.619, 49.43 ], [ 9.57, 49.416 ], [ 9.576, 49.398 ], [ 9.59, 49.401 ], [ 9.594, 49.392 ], [ 9.571, 49.375 ], [ 9.531, 49.382 ], [ 9.508, 49.375 ], [ 9.465, 49.397 ], [ 9.446, 49.391 ], [ 9.451, 49.377 ], [ 9.427, 49.357 ], [ 9.355, 49.366 ], [ 9.33, 49.388 ], [ 9.31, 49.377 ], [ 9.315, 49.357 ], [ 9.287, 49.33 ], [ 9.269, 49.33 ], [ 9.252, 49.298 ], [ 9.198, 49.327 ], [ 9.162, 49.329 ], [ 9.157, 49.295 ], [ 9.131, 49.293 ], [ 9.154, 49.285 ], [ 9.151, 49.274 ], [ 9.051, 49.286 ], [ 9.051, 49.323 ], [ 9.034, 49.32 ], [ 8.993, 49.342 ], [ 8.971, 49.342 ], [ 8.938, 49.388 ], [ 8.989, 49.4 ], [ 8.991, 49.424 ], [ 9.001, 49.427 ], [ 9.009, 49.414 ], [ 9.024, 49.421 ], [ 9.048, 49.445 ], [ 9.025, 49.472 ], [ 9.059, 49.477 ], [ 9.053, 49.487 ], [ 9.086, 49.5 ], [ 9.07, 49.509 ], [ 9.077, 49.523 ], [ 9.1, 49.526 ], [ 9.106, 49.51 ], [ 9.126, 49.517 ], [ 9.114, 49.535 ], [ 9.084, 49.543 ], [ 9.103, 49.577 ], [ 9.239, 49.581 ], [ 9.285, 49.615 ], [ 9.271, 49.634 ], [ 9.304, 49.655 ], [ 9.344, 49.644 ], [ 9.367, 49.658 ], [ 9.384, 49.643 ], [ 9.416, 49.654 ], [ 9.398, 49.671 ], [ 9.42, 49.69 ], [ 9.419, 49.712 ], [ 9.386, 49.731 ], [ 9.383, 49.707 ], [ 9.357, 49.704 ], [ 9.344, 49.719 ], [ 9.374, 49.728 ], [ 9.296, 49.739 ], [ 9.323, 49.744 ], [ 9.315, 49.768 ], [ 9.373, 49.779 ], [ 9.392, 49.77 ], [ 9.425, 49.79 ], [ 9.458, 49.77 ], [ 9.479, 49.787 ], [ 9.501, 49.789 ], [ 9.515, 49.764 ], [ 9.546, 49.766 ], [ 9.563, 49.745 ], [ 9.563, 49.781 ], [ 9.65, 49.785 ] ] ] } },
{ "type": "Feature", "properties": { "wkr_nr": 277, "wkr_name": "Rhein-Neckar", "land": "Baden-Württemberg", "wahlbeteiligung_prozent": 83.8, "union_prozent": 31.1, "afd_prozent": 20.7, "spd_prozent": 15.7, "gruene_prozent": 12.3, "linke_prozent": 6.3, "bsw_prozent": 4.0, "fdp_prozent": 5.6, "staerkste_partei": "union" }, "geometry": { "type": "MultiPolygon", "coordinates": [ [ [ [ 9.073, 49.575 ], [ 9.101, 49.56 ], [ 9.094, 49.549 ], [ 9.072, 49.565 ], [ 9.073, 49.575 ] ] ], [ [ [ 9.074, 49.526 ], [ 9.07, 49.509 ], [ 9.086, 49.5 ], [ 9.053, 49.487 ], [ 9.059, 49.477 ], [ 9.025, 49.472 ], [ 9.048, 49.445 ], [ 9.016, 49.415 ], [ 9.001, 49.427 ], [ 8.985, 49.42 ], [ 8.989, 49.4 ], [ 8.978, 49.394 ], [ 8.938, 49.388 ], [ 8.971, 49.342 ], [ 8.993, 49.342 ], [ 9.034, 49.32 ], [ 9.049, 49.324 ], [ 9.057, 49.306 ], [ 9.049, 49.293 ], [ 9.022, 49.299 ], [ 9.042, 49.278 ], [ 9.021, 49.257 ], [ 8.998, 49.265 ], [ 9.006, 49.242 ], [ 8.965, 49.228 ], [ 8.957, 49.213 ], [ 8.887, 49.202 ], [ 8.896, 49.182 ], [ 8.864, 49.174 ], [ 8.813, 49.202 ], [ 8.753, 49.206 ], [ 8.726, 49.237 ], [ 8.684, 49.228 ], [ 8.57, 49.255 ], [ 8.571, 49.287 ], [ 8.603, 49.285 ], [ 8.6, 49.336 ], [ 8.634, 49.352 ], [ 8.64, 49.37 ], [ 8.653, 49.353 ], [ 8.674, 49.361 ], [ 8.724, 49.357 ], [ 8.726, 49.375 ], [ 8.769, 49.379 ], [ 8.763, 49.388 ], [ 8.794, 49.405 ], [ 8.789, 49.43 ], [ 8.766, 49.437 ], [ 8.768, 49.454 ], [ 8.747, 49.475 ], [ 8.764, 49.48 ], [ 8.765, 49.469 ], [ 8.78, 49.47 ], [ 8.749, 49.495 ], [ 8.772, 49.518 ], [ 8.799, 49.512 ], [ 8.822, 49.525 ], [ 8.817, 49.506 ], [ 8.834, 49.491 ], [ 8.849, 49.502 ], [ 8.9, 49.504 ], [ 8.899, 49.485 ], [ 8.876, 49.467 ], [ 8.863, 49.467 ], [ 8.852, 49.484 ], [ 8.825, 49.467 ], [ 8.836, 49.43 ], [ 8.807, 49.419 ], [ 8.804, 49.404 ], [ 8.822, 49.396 ], [ 8.832, 49.408 ], [ 8.85, 49.395 ], [ 8.892, 49.421 ], [ 8.901, 49.443 ], [ 8.913, 49.438 ], [ 8.95, 49.455 ], [ 8.932, 49.471 ], [ 8.943, 49.486 ], [ 8.955, 49.482 ], [ 8.952, 49.506 ], [ 8.986, 49.51 ], [ 9.041, 49.499 ], [ 9.051, 49.52 ], [ 9.074, 49.526 ] ] ] ] } },
{ "type": "Feature", "properties": { "wkr_nr": 278, "wkr_name": "Bruchsal – Schwetzingen", "land": "Baden-Württemberg", "wahlbeteiligung_prozent": 83.6, "union_prozent": 32.1, "afd_prozent": 22.4, "spd_prozent": 14.4, "gruene_prozent": 10.9, "linke_prozent": 5.7, "bsw_prozent": 4.3, "fdp_prozent": 5.2, "staerkste_partei": "union" }, "geometry": { "type": "Polygon", "coordinates": [ [ [ 8.565, 49.418 ], [ 8.609, 49.407 ], [ 8.618, 49.379 ], [ 8.601, 49.366 ], [ 8.634, 49.352 ], [ 8.6, 49.336 ], [ 8.603, 49.285 ], [ 8.571, 49.287 ], [ 8.57, 49.255 ], [ 8.684, 49.228 ], [ 8.726, 49.237 ], [ 8.753, 49.206 ], [ 8.813, 49.202 ], [ 8.826, 49.189 ], [ 8.818, 49.158 ], [ 8.8, 49.154 ], [ 8.774, 49.162 ], [ 8.735, 49.155 ], [ 8.713, 49.173 ], [ 8.657, 49.159 ], [ 8.645, 49.126 ], [ 8.677, 49.119 ], [ 8.685, 49.091 ], [ 8.597, 49.059 ], [ 8.536, 49.075 ], [ 8.515, 49.103 ], [ 8.519, 49.13 ], [ 8.505, 49.147 ], [ 8.522, 49.175 ], [ 8.508, 49.19 ], [ 8.473, 49.183 ], [ 8.438, 49.199 ], [ 8.417, 49.191 ], [ 8.381, 49.186 ], [ 8.405, 49.221 ], [ 8.385, 49.22 ], [ 8.393, 49.238 ], [ 8.489, 49.293 ], [ 8.45, 49.323 ], [ 8.492, 49.357 ], [ 8.5, 49.389 ], [ 8.473, 49.373 ], [ 8.464, 49.385 ], [ 8.496, 49.402 ], [ 8.51, 49.393 ], [ 8.497, 49.409 ], [ 8.523, 49.418 ], [ 8.565, 49.418 ] ], [ [ 8.425, 49.203 ], [ 8.41, 49.208 ], [ 8.417, 49.191 ], [ 8.425, 49.203 ] ] ] } },
{ "type": "Feature", "properties": { "wkr_nr": 279, "wkr_name": "Pforzheim", "land": "Baden-Württemberg", "wahlbeteiligung_prozent": 81.8, "union_prozent": 30.5, "afd_prozent": 25.4, "spd_prozent": 13.2, "gruene_prozent": 10.5, "linke_prozent": 5.4, "bsw_prozent": 4.4, "fdp_prozent": 6.2, "staerkste_partei": "union" }, "geometry": { "type": "Polygon", "coordinates": [ [ [ 8.845, 49.062 ], [ 8.879, 49.058 ], [ 8.872, 49.037 ], [ 8.919, 49.008 ], [ 8.933, 48.991 ], [ 8.92, 48.982 ], [ 8.946, 48.959 ], [ 8.948, 48.942 ], [ 8.904, 48.944 ], [ 8.902, 48.936 ], [ 8.901, 48.924 ], [ 8.926, 48.92 ], [ 8.907, 48.91 ], [ 8.929, 48.866 ], [ 8.905, 48.862 ], [ 8.873, 48.837 ], [ 8.886, 48.83 ], [ 8.872, 48.817 ], [ 8.901, 48.819 ], [ 8.891, 48.808 ], [ 8.9, 48.801 ], [ 8.868, 48.792 ], [ 8.833, 48.798 ], [ 8.782, 48.774 ], [ 8.741, 48.803 ], [ 8.729, 48.798 ], [ 8.714, 48.829 ], [ 8.691, 48.838 ], [ 8.696, 48.817 ], [ 8.666, 48.81 ], [ 8.612, 48.827 ], [ 8.609, 48.81 ], [ 8.597, 48.808 ], [ 8.588, 48.819 ], [ 8.56, 48.81 ], [ 8.548, 48.788 ], [ 8.53, 48.785 ], [ 8.517, 48.797 ], [ 8.533, 48.804 ], [ 8.483, 48.825 ], [ 8.468, 48.845 ], [ 8.52, 48.869 ], [ 8.518, 48.9 ], [ 8.554, 48.92 ], [ 8.554, 48.928 ], [ 8.536, 48.927 ], [ 8.538, 48.951 ], [ 8.575, 48.988 ], [ 8.648, 48.99 ], [ 8.661, 49.008 ], [ 8.672, 48.993 ], [ 8.724, 48.99 ], [ 8.739, 49.002 ], [ 8.733, 49.027 ], [ 8.755, 49.045 ], [ 8.829, 49.036 ], [ 8.845, 49.062 ] ] ] } },
{ "type": "Feature", "properties": { "wkr_nr": 280, "wkr_name": "Calw", "land": "Baden-Württemberg", "wahlbeteiligung_prozent": 82.9, "union_prozent": 33.8, "afd_prozent": 25.6, "spd_prozent": 12.2, "gruene_prozent": 8.8, "linke_prozent": 4.7, "bsw_prozent": 4.0, "fdp_prozent": 5.9, "staerkste_partei": "union" }, "geometry": { "type": "Polygon", "coordinates": [ [ [ 8.693, 48.838 ], [ 8.769, 48.777 ], [ 8.803, 48.778 ], [ 8.835, 48.754 ], [ 8.829, 48.736 ], [ 8.879, 48.725 ], [ 8.855, 48.707 ], [ 8.863, 48.697 ], [ 8.851, 48.685 ], [ 8.799, 48.659 ], [ 8.795, 48.594 ], [ 8.748, 48.605 ], [ 8.75, 48.571 ], [ 8.773, 48.55 ], [ 8.758, 48.542 ], [ 8.756, 48.525 ], [ 8.772, 48.519 ], [ 8.756, 48.504 ], [ 8.829, 48.463 ], [ 8.769, 48.438 ], [ 8.765, 48.426 ], [ 8.778, 48.421 ], [ 8.749, 48.39 ], [ 8.759, 48.383 ], [ 8.718, 48.378 ], [ 8.676, 48.401 ], [ 8.606, 48.396 ], [ 8.596, 48.411 ], [ 8.562, 48.4 ], [ 8.511, 48.404 ], [ 8.521, 48.387 ], [ 8.484, 48.382 ], [ 8.5, 48.356 ], [ 8.47, 48.347 ], [ 8.502, 48.331 ], [ 8.5, 48.32 ], [ 8.445, 48.301 ], [ 8.433, 48.322 ], [ 8.395, 48.323 ], [ 8.36, 48.338 ], [ 8.36, 48.378 ], [ 8.345, 48.384 ], [ 8.329, 48.387 ], [ 8.304, 48.349 ], [ 8.254, 48.362 ], [ 8.264, 48.379 ], [ 8.233, 48.402 ], [ 8.255, 48.414 ], [ 8.275, 48.478 ], [ 8.267, 48.491 ], [ 8.228, 48.498 ], [ 8.211, 48.522 ], [ 8.213, 48.558 ], [ 8.237, 48.578 ], [ 8.207, 48.603 ], [ 8.291, 48.587 ], [ 8.357, 48.6 ], [ 8.349, 48.61 ], [ 8.383, 48.62 ], [ 8.389, 48.637 ], [ 8.43, 48.645 ], [ 8.431, 48.66 ], [ 8.445, 48.658 ], [ 8.439, 48.695 ], [ 8.467, 48.7 ], [ 8.458, 48.717 ], [ 8.476, 48.724 ], [ 8.485, 48.754 ], [ 8.462, 48.764 ], [ 8.422, 48.744 ], [ 8.426, 48.792 ], [ 8.39, 48.804 ], [ 8.409, 48.812 ], [ 8.381, 48.833 ], [ 8.417, 48.835 ], [ 8.438, 48.813 ], [ 8.458, 48.823 ], [ 8.501, 48.819 ], [ 8.533, 48.804 ], [ 8.517, 48.797 ], [ 8.531, 48.785 ], [ 8.548, 48.788 ], [ 8.56, 48.81 ], [ 8.588, 48.819 ], [ 8.597, 48.808 ], [ 8.609, 48.81 ], [ 8.618, 48.828 ], [ 8.666, 48.81 ], [ 8.696, 48.817 ], [ 8.693, 48.838 ] ] ] } },
{ "type": "Feature", "properties": { "wkr_nr": 281, "wkr_name": "Freiburg", "land": "Baden-Württemberg", "wahlbeteiligung_prozent": 85.9, "union_prozent": 22.2, "afd_prozent": 10.4, "spd_prozent": 15.3, "gruene_prozent": 26.6, "linke_prozent": 13.9, "bsw_prozent": 3.5, "fdp_prozent": 4.2, "staerkste_partei": "gruene" }, "geometry": { "type": "Polygon", "coordinates": [ [ [ 7.577, 48.116 ], [ 7.749, 48.113 ], [ 7.763, 48.1 ], [ 7.757, 48.083 ], [ 7.785, 48.086 ], [ 7.823, 48.071 ], [ 7.855, 48.036 ], [ 7.898, 48.016 ], [ 7.874, 48.015 ], [ 7.926, 48.014 ], [ 7.93, 47.989 ], [ 7.914, 47.979 ], [ 7.925, 47.94 ], [ 7.909, 47.914 ], [ 7.775, 47.874 ], [ 7.725, 47.901 ], [ 7.702, 47.931 ], [ 7.708, 47.944 ], [ 7.672, 47.964 ], [ 7.613, 47.958 ], [ 7.616, 47.99 ], [ 7.569, 48.035 ], [ 7.577, 48.116 ] ] ] } },
{ "type": "Feature", "properties": { "wkr_nr": 282, "wkr_name": "Lörrach – Müllheim", "land": "Baden-Württemberg", "wahlbeteiligung_prozent": 81.7, "union_prozent": 29.2, "afd_prozent": 18.2, "spd_prozent": 16.0, "gruene_prozent": 15.2, "linke_prozent": 6.8, "bsw_prozent": 4.5, "fdp_prozent": 4.9, "staerkste_partei": "union" }, "geometry": { "type": "Polygon", "coordinates": [ [ [ 7.665, 47.965 ], [ 7.708, 47.944 ], [ 7.702, 47.931 ], [ 7.722, 47.905 ], [ 7.763, 47.877 ], [ 7.795, 47.875 ], [ 7.885, 47.904 ], [ 7.89, 47.879 ], [ 7.942, 47.879 ], [ 8.022, 47.86 ], [ 8.0, 47.828 ], [ 8.003, 47.772 ], [ 7.972, 47.76 ], [ 7.975, 47.743 ], [ 7.957, 47.73 ], [ 7.98, 47.714 ], [ 7.978, 47.695 ], [ 7.921, 47.672 ], [ 7.899, 47.645 ], [ 7.871, 47.645 ], [ 7.902, 47.59 ], [ 7.82, 47.587 ], [ 7.796, 47.557 ], [ 7.693, 47.532 ], [ 7.669, 47.536 ], [ 7.634, 47.561 ], [ 7.686, 47.566 ], [ 7.672, 47.587 ], [ 7.694, 47.601 ], [ 7.675, 47.592 ], [ 7.646, 47.597 ], [ 7.619, 47.577 ], [ 7.604, 47.578 ], [ 7.567, 47.632 ], [ 7.521, 47.664 ], [ 7.512, 47.697 ], [ 7.548, 47.73 ], [ 7.53, 47.781 ], [ 7.562, 47.84 ], [ 7.556, 47.876 ], [ 7.582, 47.898 ], [ 7.582, 47.93 ], [ 7.613, 47.958 ], [ 7.665, 47.965 ] ] ] } },
{ "type": "Feature", "properties": { "wkr_nr": 283, "wkr_name": "Emmendingen – Lahr", "land": "Baden-Württemberg", "wahlbeteiligung_prozent": 83.3, "union_prozent": 32.2, "afd_prozent": 19.5, "spd_prozent": 15.5, "gruene_prozent": 13.2, "linke_prozent": 5.9, "bsw_prozent": 4.0, "fdp_prozent": 4.7, "staerkste_partei": "union" }, "geometry": { "type": "Polygon", "coordinates": [ [ [ 7.752, 48.433 ], [ 7.824, 48.414 ], [ 7.832, 48.394 ], [ 7.855, 48.399 ], [ 7.853, 48.417 ], [ 7.921, 48.405 ], [ 7.944, 48.374 ], [ 7.978, 48.372 ], [ 7.998, 48.327 ], [ 7.978, 48.304 ], [ 7.994, 48.289 ], [ 8.033, 48.326 ], [ 8.054, 48.311 ], [ 8.081, 48.311 ], [ 8.106, 48.316 ], [ 8.109, 48.341 ], [ 8.154, 48.339 ], [ 8.12, 48.269 ], [ 8.144, 48.264 ], [ 8.148, 48.251 ], [ 8.173, 48.25 ], [ 8.166, 48.221 ], [ 8.188, 48.202 ], [ 8.18, 48.184 ], [ 8.136, 48.164 ], [ 8.142, 48.14 ], [ 8.125, 48.132 ], [ 8.153, 48.1 ], [ 8.145, 48.085 ], [ 8.167, 48.076 ], [ 8.11, 48.064 ], [ 8.129, 48.041 ], [ 8.115, 48.027 ], [ 8.134, 48.009 ], [ 8.099, 48.04 ], [ 8.077, 48.044 ], [ 8.067, 48.063 ], [ 7.951, 48.057 ], [ 7.921, 48.065 ], [ 7.917, 48.047 ], [ 7.902, 48.057 ], [ 7.851, 48.052 ], [ 7.785, 48.086 ], [ 7.757, 48.083 ], [ 7.763, 48.1 ], [ 7.749, 48.113 ], [ 7.7, 48.106 ], [ 7.689, 48.117 ], [ 7.616, 48.107 ], [ 7.577, 48.116 ], [ 7.599, 48.136 ], [ 7.602, 48.159 ], [ 7.666, 48.22 ], [ 7.694, 48.302 ], [ 7.743, 48.325 ], [ 7.731, 48.384 ], [ 7.752, 48.433 ] ] ] } },
{ "type": "Feature", "properties": { "wkr_nr": 284, "wkr_name": "Offenburg", "land": "Baden-Württemberg", "wahlbeteiligung_prozent": 81.9, "union_prozent": 33.6, "afd_prozent": 21.8, "spd_prozent": 13.3, "gruene_prozent": 11.1, "linke_prozent": 5.7, "bsw_prozent": 4.5, "fdp_prozent": 5.3, "staerkste_partei": "union" }, "geometry": { "type": "MultiPolygon", "coordinates": [ [ [ [ 7.99, 48.701 ], [ 7.973, 48.69 ], [ 8.074, 48.673 ], [ 8.113, 48.65 ], [ 8.14, 48.657 ], [ 8.2, 48.628 ], [ 8.241, 48.629 ], [ 8.233, 48.611 ], [ 8.247, 48.603 ], [ 8.207, 48.602 ], [ 8.237, 48.578 ], [ 8.213, 48.558 ], [ 8.211, 48.522 ], [ 8.228, 48.498 ], [ 8.267, 48.491 ], [ 8.275, 48.478 ], [ 8.255, 48.414 ], [ 8.218, 48.401 ], [ 8.154, 48.339 ], [ 8.109, 48.341 ], [ 8.106, 48.316 ], [ 8.081, 48.311 ], [ 8.054, 48.311 ], [ 8.033, 48.326 ], [ 7.994, 48.289 ], [ 7.978, 48.304 ], [ 7.998, 48.327 ], [ 7.978, 48.372 ], [ 7.944, 48.374 ], [ 7.921, 48.405 ], [ 7.853, 48.417 ], [ 7.855, 48.399 ], [ 7.832, 48.394 ], [ 7.818, 48.417 ], [ 7.798, 48.415 ], [ 7.752, 48.433 ], [ 7.768, 48.49 ], [ 7.806, 48.516 ], [ 7.8, 48.584 ], [ 7.84, 48.641 ], [ 7.89, 48.663 ], [ 7.96, 48.719 ], [ 7.99, 48.701 ] ] ], [ [ [ 8.081, 48.673 ], [ 8.078, 48.671 ], [ 8.078, 48.673 ], [ 8.081, 48.673 ] ] ], [ [ [ 8.045, 48.698 ], [ 8.071, 48.706 ], [ 8.047, 48.693 ], [ 8.045, 48.698 ] ] ], [ [ [ 8.023, 48.694 ], [ 8.016, 48.694 ], [ 8.016, 48.695 ], [ 8.023, 48.694 ] ] ] ] } },
{ "type": "Feature", "properties": { "wkr_nr": 285, "wkr_name": "Rottweil – Tuttlingen", "land": "Baden-Württemberg", "wahlbeteiligung_prozent": 82.3, "union_prozent": 34.4, "afd_prozent": 27.1, "spd_prozent": 10.8, "gruene_prozent": 7.8, "linke_prozent": 4.7, "bsw_prozent": 4.5, "fdp_prozent": 6.1, "staerkste_partei": "union" }, "geometry": { "type": "Polygon", "coordinates": [ [ [ 8.598, 48.405 ], [ 8.608, 48.396 ], [ 8.676, 48.401 ], [ 8.69, 48.387 ], [ 8.737, 48.379 ], [ 8.743, 48.35 ], [ 8.693, 48.328 ], [ 8.719, 48.315 ], [ 8.668, 48.305 ], [ 8.648, 48.289 ], [ 8.684, 48.281 ], [ 8.666, 48.269 ], [ 8.706, 48.259 ], [ 8.703, 48.223 ], [ 8.744, 48.201 ], [ 8.719, 48.182 ], [ 8.724, 48.172 ], [ 8.755, 48.16 ], [ 8.769, 48.183 ], [ 8.809, 48.185 ], [ 8.833, 48.165 ], [ 8.832, 48.15 ], [ 8.86, 48.144 ], [ 8.885, 48.105 ], [ 8.954, 48.107 ], [ 8.997, 48.068 ], [ 8.975, 48.056 ], [ 8.941, 48.061 ], [ 8.935, 48.047 ], [ 8.954, 48.041 ], [ 8.952, 48.03 ], [ 8.972, 48.04 ], [ 9.008, 48.026 ], [ 9.007, 47.995 ], [ 9.021, 47.984 ], [ 9.008, 47.934 ], [ 8.979, 47.938 ], [ 8.973, 47.922 ], [ 8.953, 47.934 ], [ 8.881, 47.913 ], [ 8.845, 47.878 ], [ 8.818, 47.887 ], [ 8.818, 47.927 ], [ 8.799, 47.914 ], [ 8.809, 47.886 ], [ 8.783, 47.896 ], [ 8.736, 47.885 ], [ 8.724, 47.902 ], [ 8.709, 47.88 ], [ 8.691, 47.888 ], [ 8.692, 47.853 ], [ 8.655, 47.846 ], [ 8.608, 47.877 ], [ 8.621, 47.889 ], [ 8.592, 47.903 ], [ 8.587, 47.936 ], [ 8.604, 47.952 ], [ 8.636, 47.95 ], [ 8.647, 47.962 ], [ 8.636, 47.972 ], [ 8.663, 47.971 ], [ 8.652, 47.99 ], [ 8.663, 48.0 ], [ 8.63, 48.015 ], [ 8.644, 48.034 ], [ 8.636, 48.05 ], [ 8.604, 48.075 ], [ 8.567, 48.08 ], [ 8.572, 48.1 ], [ 8.543, 48.113 ], [ 8.558, 48.13 ], [ 8.521, 48.146 ], [ 8.518, 48.167 ], [ 8.481, 48.169 ], [ 8.489, 48.182 ], [ 8.436, 48.182 ], [ 8.443, 48.156 ], [ 8.386, 48.174 ], [ 8.331, 48.159 ], [ 8.307, 48.173 ], [ 8.298, 48.166 ], [ 8.283, 48.172 ], [ 8.313, 48.206 ], [ 8.293, 48.224 ], [ 8.297, 48.258 ], [ 8.277, 48.287 ], [ 8.33, 48.299 ], [ 8.304, 48.349 ], [ 8.329, 48.387 ], [ 8.36, 48.378 ], [ 8.364, 48.335 ], [ 8.433, 48.322 ], [ 8.445, 48.301 ], [ 8.5, 48.32 ], [ 8.502, 48.331 ], [ 8.47, 48.347 ], [ 8.5, 48.356 ], [ 8.484, 48.382 ], [ 8.521, 48.387 ], [ 8.511, 48.404 ], [ 8.598, 48.405 ] ] ] } },
{ "type": "Feature", "properties": { "wkr_nr": 286, "wkr_name": "Schwarzwald-Baar", "land": "Baden-Württemberg", "wahlbeteiligung_prozent": 81.8, "union_prozent": 34.0, "afd_prozent": 23.8, "spd_prozent": 12.9, "gruene_prozent": 9.9, "linke_prozent": 5.1, "bsw_prozent": 4.5, "fdp_prozent": 5.3, "staerkste_partei": "union" }, "geometry": { "type": "Polygon", "coordinates": [ [ [ 8.221, 48.401 ], [ 8.264, 48.379 ], [ 8.254, 48.362 ], [ 8.291, 48.358 ], [ 8.323, 48.327 ], [ 8.323, 48.292 ], [ 8.277, 48.287 ], [ 8.297, 48.258 ], [ 8.293, 48.224 ], [ 8.313, 48.206 ], [ 8.286, 48.168 ], [ 8.307, 48.173 ], [ 8.331, 48.159 ], [ 8.386, 48.174 ], [ 8.443, 48.156 ], [ 8.436, 48.182 ], [ 8.489, 48.182 ], [ 8.481, 48.169 ], [ 8.518, 48.167 ], [ 8.521, 48.146 ], [ 8.558, 48.13 ], [ 8.543, 48.113 ], [ 8.572, 48.1 ], [ 8.567, 48.08 ], [ 8.604, 48.075 ], [ 8.636, 48.05 ], [ 8.644, 48.034 ], [ 8.63, 48.015 ], [ 8.663, 48.0 ], [ 8.652, 47.99 ], [ 8.663, 47.971 ], [ 8.636, 47.972 ], [ 8.647, 47.962 ], [ 8.636, 47.95 ], [ 8.604, 47.952 ], [ 8.587, 47.936 ], [ 8.592, 47.903 ], [ 8.621, 47.889 ], [ 8.608, 47.877 ], [ 8.64, 47.855 ], [ 8.618, 47.803 ], [ 8.564, 47.805 ], [ 8.577, 47.782 ], [ 8.566, 47.778 ], [ 8.553, 47.785 ], [ 8.519, 47.771 ], [ 8.51, 47.776 ], [ 8.531, 47.79 ], [ 8.492, 47.797 ], [ 8.514, 47.812 ], [ 8.506, 47.83 ], [ 8.473, 47.829 ], [ 8.472, 47.847 ], [ 8.439, 47.854 ], [ 8.439, 47.877 ], [ 8.406, 47.895 ], [ 8.41, 47.904 ], [ 8.314, 47.944 ], [ 8.314, 47.952 ], [ 8.27, 47.953 ], [ 8.315, 47.97 ], [ 8.314, 47.992 ], [ 8.282, 47.987 ], [ 8.223, 47.998 ], [ 8.197, 47.984 ], [ 8.191, 47.994 ], [ 8.162, 47.994 ], [ 8.115, 48.027 ], [ 8.129, 48.041 ], [ 8.11, 48.064 ], [ 8.167, 48.076 ], [ 8.145, 48.085 ], [ 8.153, 48.1 ], [ 8.127, 48.126 ], [ 8.142, 48.14 ], [ 8.136, 48.164 ], [ 8.18, 48.184 ], [ 8.188, 48.202 ], [ 8.166, 48.221 ], [ 8.173, 48.25 ], [ 8.148, 48.251 ], [ 8.144, 48.264 ], [ 8.12, 48.27 ], [ 8.141, 48.293 ], [ 8.154, 48.339 ], [ 8.221, 48.401 ] ] ] } },
{ "type": "Feature", "properties": { "wkr_nr": 287, "wkr_name": "Konstanz", "land": "Baden-Württemberg", "wahlbeteiligung_prozent": 82.4, "union_prozent": 30.1, "afd_prozent": 18.3, "spd_prozent": 13.3, "gruene_prozent": 16.8, "linke_prozent": 7.4, "bsw_prozent": 4.1, "fdp_prozent": 5.8, "staerkste_partei": "union" }, "geometry": { "type": "MultiPolygon", "coordinates": [ [ [ [ 9.082, 47.94 ], [ 9.066, 47.917 ], [ 9.147, 47.898 ], [ 9.149, 47.879 ], [ 9.131, 47.865 ], [ 9.138, 47.86 ], [ 9.118, 47.859 ], [ 9.129, 47.854 ], [ 9.12, 47.841 ], [ 9.07, 47.858 ], [ 9.083, 47.814 ], [ 9.071, 47.807 ], [ 9.04, 47.817 ], [ 9.031, 47.805 ], [ 9.081, 47.772 ], [ 9.173, 47.735 ], [ 9.18, 47.705 ], [ 9.218, 47.666 ], [ 9.178, 47.667 ], [ 9.176, 47.654 ], [ 9.158, 47.666 ], [ 9.128, 47.667 ], [ 9.126, 47.674 ], [ 9.113, 47.685 ], [ 9.054, 47.69 ], [ 9.041, 47.708 ], [ 9.087, 47.688 ], [ 9.108, 47.691 ], [ 9.093, 47.706 ], [ 8.99, 47.743 ], [ 9.015, 47.72 ], [ 8.961, 47.737 ], [ 8.94, 47.728 ], [ 8.999, 47.703 ], [ 8.999, 47.687 ], [ 8.938, 47.659 ], [ 8.894, 47.652 ], [ 8.851, 47.681 ], [ 8.852, 47.698 ], [ 8.874, 47.694 ], [ 8.873, 47.704 ], [ 8.819, 47.713 ], [ 8.806, 47.738 ], [ 8.77, 47.718 ], [ 8.769, 47.707 ], [ 8.81, 47.693 ], [ 8.792, 47.675 ], [ 8.728, 47.693 ], [ 8.736, 47.716 ], [ 8.711, 47.73 ], [ 8.741, 47.752 ], [ 8.714, 47.765 ], [ 8.689, 47.758 ], [ 8.681, 47.787 ], [ 8.657, 47.8 ], [ 8.645, 47.764 ], [ 8.632, 47.758 ], [ 8.619, 47.768 ], [ 8.615, 47.81 ], [ 8.637, 47.851 ], [ 8.692, 47.853 ], [ 8.691, 47.888 ], [ 8.709, 47.88 ], [ 8.722, 47.901 ], [ 8.736, 47.885 ], [ 8.783, 47.896 ], [ 8.809, 47.886 ], [ 8.799, 47.914 ], [ 8.821, 47.927 ], [ 8.818, 47.887 ], [ 8.845, 47.878 ], [ 8.88, 47.912 ], [ 8.953, 47.934 ], [ 8.973, 47.922 ], [ 8.982, 47.938 ], [ 9.082, 47.94 ] ] ], [ [ [ 9.195, 47.708 ], [ 9.199, 47.702 ], [ 9.188, 47.706 ], [ 9.195, 47.708 ] ] ], [ [ [ 9.123, 47.674 ], [ 9.121, 47.671 ], [ 9.122, 47.675 ], [ 9.123, 47.674 ] ] ], [ [ [ 8.701, 47.715 ], [ 8.718, 47.691 ], [ 8.69, 47.695 ], [ 8.663, 47.686 ], [ 8.676, 47.698 ], [ 8.665, 47.713 ], [ 8.701, 47.715 ] ] ] ] } },
{ "type": "Feature", "properties": { "wkr_nr": 288, "wkr_name": "Waldshut", "land": "Baden-Württemberg", "wahlbeteiligung_prozent": 82.5, "union_prozent": 33.7, "afd_prozent": 19.1, "spd_prozent": 14.3, "gruene_prozent": 13.7, "linke_prozent": 5.7, "bsw_prozent": 4.0, "fdp_prozent": 5.0, "staerkste_partei": "union" }, "geometry": { "type": "Polygon", "coordinates": [ [ [ 7.922, 48.065 ], [ 7.951, 48.057 ], [ 8.067, 48.063 ], [ 8.122, 48.01 ], [ 8.165, 47.992 ], [ 8.191, 47.994 ], [ 8.197, 47.984 ], [ 8.223, 47.998 ], [ 8.32, 47.989 ], [ 8.315, 47.97 ], [ 8.27, 47.953 ], [ 8.314, 47.952 ], [ 8.314, 47.944 ], [ 8.41, 47.904 ], [ 8.406, 47.895 ], [ 8.439, 47.877 ], [ 8.439, 47.854 ], [ 8.472, 47.847 ], [ 8.473, 47.829 ], [ 8.506, 47.83 ], [ 8.514, 47.812 ], [ 8.492, 47.797 ], [ 8.531, 47.79 ], [ 8.457, 47.749 ], [ 8.455, 47.722 ], [ 8.404, 47.698 ], [ 8.421, 47.684 ], [ 8.406, 47.673 ], [ 8.445, 47.654 ], [ 8.465, 47.657 ], [ 8.466, 47.643 ], [ 8.473, 47.638 ], [ 8.474, 47.65 ], [ 8.492, 47.642 ], [ 8.532, 47.646 ], [ 8.533, 47.663 ], [ 8.541, 47.657 ], [ 8.554, 47.669 ], [ 8.578, 47.662 ], [ 8.607, 47.672 ], [ 8.629, 47.65 ], [ 8.616, 47.638 ], [ 8.603, 47.639 ], [ 8.608, 47.652 ], [ 8.596, 47.643 ], [ 8.605, 47.613 ], [ 8.583, 47.596 ], [ 8.563, 47.6 ], [ 8.574, 47.612 ], [ 8.558, 47.624 ], [ 8.518, 47.634 ], [ 8.508, 47.618 ], [ 8.457, 47.602 ], [ 8.467, 47.584 ], [ 8.495, 47.581 ], [ 8.434, 47.567 ], [ 8.397, 47.577 ], [ 8.383, 47.566 ], [ 8.324, 47.573 ], [ 8.288, 47.611 ], [ 8.256, 47.615 ], [ 8.227, 47.605 ], [ 8.204, 47.621 ], [ 8.165, 47.594 ], [ 8.109, 47.582 ], [ 8.09, 47.558 ], [ 8.068, 47.565 ], [ 8.023, 47.551 ], [ 7.96, 47.558 ], [ 7.946, 47.544 ], [ 7.914, 47.55 ], [ 7.894, 47.586 ], [ 7.901, 47.602 ], [ 7.878, 47.617 ], [ 7.871, 47.645 ], [ 7.899, 47.645 ], [ 7.921, 47.672 ], [ 7.978, 47.695 ], [ 7.98, 47.714 ], [ 7.957, 47.73 ], [ 7.975, 47.743 ], [ 7.972, 47.76 ], [ 8.003, 47.772 ], [ 8.0, 47.828 ], [ 8.022, 47.86 ], [ 7.942, 47.879 ], [ 7.89, 47.879 ], [ 7.885, 47.904 ], [ 7.909, 47.914 ], [ 7.925, 47.94 ], [ 7.914, 47.979 ], [ 7.93, 47.989 ], [ 7.928, 48.011 ], [ 7.874, 48.015 ], [ 7.898, 48.016 ], [ 7.855, 48.036 ], [ 7.851, 48.052 ], [ 7.902, 48.057 ], [ 7.917, 48.047 ], [ 7.922, 48.065 ] ] ] } },
{ "type": "Feature", "properties": { "wkr_nr": 289, "wkr_name": "Reutlingen", "land": "Baden-Württemberg", "wahlbeteiligung_prozent": 83.6, "union_prozent": 32.6, "afd_prozent": 21.0, "spd_prozent": 13.1, "gruene_prozent": 12.2, "linke_prozent": 6.1, "bsw_prozent": 4.6, "fdp_prozent": 6.4, "staerkste_partei": "union" }, "geometry": { "type": "MultiPolygon", "coordinates": [ [ [ [ 9.157, 48.606 ], [ 9.18, 48.605 ], [ 9.188, 48.598 ], [ 9.205, 48.603 ], [ 9.198, 48.588 ], [ 9.225, 48.566 ], [ 9.241, 48.578 ], [ 9.259, 48.566 ], [ 9.295, 48.566 ], [ 9.314, 48.581 ], [ 9.324, 48.541 ], [ 9.339, 48.549 ], [ 9.393, 48.531 ], [ 9.426, 48.544 ], [ 9.464, 48.544 ], [ 9.49, 48.531 ], [ 9.467, 48.517 ], [ 9.471, 48.513 ], [ 9.497, 48.522 ], [ 9.499, 48.514 ], [ 9.505, 48.514 ], [ 9.505, 48.527 ], [ 9.531, 48.514 ], [ 9.53, 48.527 ], [ 9.585, 48.537 ], [ 9.583, 48.49 ], [ 9.615, 48.471 ], [ 9.639, 48.423 ], [ 9.621, 48.396 ], [ 9.581, 48.395 ], [ 9.583, 48.377 ], [ 9.604, 48.375 ], [ 9.588, 48.366 ], [ 9.58, 48.327 ], [ 9.558, 48.333 ], [ 9.534, 48.318 ], [ 9.557, 48.293 ], [ 9.508, 48.281 ], [ 9.507, 48.269 ], [ 9.531, 48.261 ], [ 9.49, 48.242 ], [ 9.498, 48.213 ], [ 9.468, 48.196 ], [ 9.464, 48.209 ], [ 9.441, 48.205 ], [ 9.438, 48.195 ], [ 9.421, 48.203 ], [ 9.392, 48.196 ], [ 9.292, 48.286 ], [ 9.267, 48.289 ], [ 9.262, 48.272 ], [ 9.224, 48.267 ], [ 9.217, 48.282 ], [ 9.201, 48.288 ], [ 9.187, 48.281 ], [ 9.161, 48.306 ], [ 9.162, 48.313 ], [ 9.211, 48.307 ], [ 9.222, 48.337 ], [ 9.174, 48.344 ], [ 9.179, 48.368 ], [ 9.136, 48.37 ], [ 9.117, 48.383 ], [ 9.148, 48.411 ], [ 9.124, 48.419 ], [ 9.115, 48.435 ], [ 9.14, 48.457 ], [ 9.12, 48.475 ], [ 9.154, 48.494 ], [ 9.136, 48.505 ], [ 9.138, 48.522 ], [ 9.174, 48.528 ], [ 9.17, 48.551 ], [ 9.152, 48.548 ], [ 9.126, 48.567 ], [ 9.129, 48.601 ], [ 9.157, 48.606 ] ], [ [ 9.172, 48.604 ], [ 9.164, 48.598 ], [ 9.172, 48.599 ], [ 9.172, 48.604 ] ] ], [ [ [ 9.149, 48.548 ], [ 9.146, 48.544 ], [ 9.145, 48.547 ], [ 9.149, 48.548 ] ] ], [ [ [ 9.118, 48.583 ], [ 9.122, 48.581 ], [ 9.119, 48.581 ], [ 9.118, 48.583 ] ] ] ] } },
{ "type": "Feature", "properties": { "wkr_nr": 290, "wkr_name": "Tübingen", "land": "Baden-Württemberg", "wahlbeteiligung_prozent": 86.2, "union_prozent": 28.5, "afd_prozent": 16.1, "spd_prozent": 13.9, "gruene_prozent": 19.2, "linke_prozent": 9.6, "bsw_prozent": 4.0, "fdp_prozent": 5.0, "staerkste_partei": "union" }, "geometry": { "type": "Polygon", "coordinates": [ [ [ 9.096, 48.622 ], [ 9.113, 48.603 ], [ 9.132, 48.6 ], [ 9.126, 48.567 ], [ 9.152, 48.548 ], [ 9.17, 48.551 ], [ 9.176, 48.539 ], [ 9.167, 48.524 ], [ 9.138, 48.523 ], [ 9.136, 48.505 ], [ 9.153, 48.492 ], [ 9.12, 48.475 ], [ 9.14, 48.457 ], [ 9.12, 48.445 ], [ 9.117, 48.427 ], [ 9.148, 48.413 ], [ 9.117, 48.383 ], [ 9.136, 48.37 ], [ 9.179, 48.368 ], [ 9.174, 48.344 ], [ 9.222, 48.337 ], [ 9.211, 48.307 ], [ 9.162, 48.313 ], [ 9.186, 48.271 ], [ 9.105, 48.252 ], [ 9.071, 48.258 ], [ 9.025, 48.298 ], [ 9.039, 48.301 ], [ 9.028, 48.309 ], [ 9.003, 48.3 ], [ 8.976, 48.315 ], [ 8.977, 48.302 ], [ 8.956, 48.294 ], [ 8.96, 48.28 ], [ 8.914, 48.279 ], [ 8.849, 48.334 ], [ 8.861, 48.396 ], [ 8.801, 48.407 ], [ 8.795, 48.417 ], [ 8.767, 48.417 ], [ 8.78, 48.447 ], [ 8.829, 48.463 ], [ 8.756, 48.504 ], [ 8.772, 48.524 ], [ 8.847, 48.5 ], [ 8.845, 48.509 ], [ 8.865, 48.516 ], [ 8.851, 48.537 ], [ 8.887, 48.542 ], [ 8.89, 48.564 ], [ 8.911, 48.572 ], [ 8.945, 48.568 ], [ 8.936, 48.577 ], [ 8.949, 48.587 ], [ 8.985, 48.591 ], [ 9.035, 48.577 ], [ 9.052, 48.593 ], [ 9.079, 48.589 ], [ 9.081, 48.612 ], [ 9.096, 48.622 ] ], [ [ 9.145, 48.547 ], [ 9.15, 48.545 ], [ 9.149, 48.548 ], [ 9.145, 48.547 ] ], [ [ 9.12, 48.583 ], [ 9.122, 48.581 ], [ 9.123, 48.583 ], [ 9.12, 48.583 ] ] ] } },
{ "type": "Feature", "properties": { "wkr_nr": 291, "wkr_name": "Ulm", "land": "Baden-Württemberg", "wahlbeteiligung_prozent": 85.0, "union_prozent": 33.9, "afd_prozent": 19.3, "spd_prozent": 13.5, "gruene_prozent": 13.6, "linke_prozent": 6.5, "bsw_prozent": 3.9, "fdp_prozent": 5.2, "staerkste_partei": "union" }, "geometry": { "type": "Polygon", "coordinates": [ [ [ 9.948, 48.631 ], [ 9.971, 48.612 ], [ 9.965, 48.595 ], [ 9.993, 48.597 ], [ 9.999, 48.607 ], [ 10.04, 48.607 ], [ 10.057, 48.586 ], [ 10.11, 48.57 ], [ 10.113, 48.556 ], [ 10.161, 48.557 ], [ 10.172, 48.549 ], [ 10.187, 48.558 ], [ 10.191, 48.541 ], [ 10.215, 48.533 ], [ 10.213, 48.517 ], [ 10.238, 48.508 ], [ 10.227, 48.507 ], [ 10.241, 48.492 ], [ 10.18, 48.476 ], [ 10.172, 48.458 ], [ 10.134, 48.455 ], [ 10.105, 48.478 ], [ 10.064, 48.456 ], [ 10.033, 48.457 ], [ 10.028, 48.437 ], [ 10.042, 48.43 ], [ 9.967, 48.374 ], [ 9.978, 48.363 ], [ 9.988, 48.371 ], [ 10.0, 48.363 ], [ 9.998, 48.348 ], [ 10.066, 48.282 ], [ 10.061, 48.24 ], [ 10.084, 48.21 ], [ 10.092, 48.159 ], [ 10.05, 48.142 ], [ 10.009, 48.151 ], [ 10.035, 48.153 ], [ 10.045, 48.182 ], [ 10.069, 48.19 ], [ 10.061, 48.199 ], [ 10.038, 48.196 ], [ 10.029, 48.217 ], [ 10.04, 48.228 ], [ 10.019, 48.232 ], [ 10.013, 48.248 ], [ 9.991, 48.244 ], [ 9.982, 48.269 ], [ 9.926, 48.269 ], [ 9.921, 48.286 ], [ 9.882, 48.294 ], [ 9.845, 48.246 ], [ 9.804, 48.251 ], [ 9.786, 48.238 ], [ 9.795, 48.232 ], [ 9.764, 48.227 ], [ 9.766, 48.212 ], [ 9.742, 48.203 ], [ 9.746, 48.193 ], [ 9.726, 48.189 ], [ 9.746, 48.183 ], [ 9.736, 48.173 ], [ 9.688, 48.179 ], [ 9.66, 48.157 ], [ 9.643, 48.189 ], [ 9.617, 48.186 ], [ 9.624, 48.2 ], [ 9.596, 48.207 ], [ 9.579, 48.193 ], [ 9.546, 48.19 ], [ 9.524, 48.223 ], [ 9.489, 48.24 ], [ 9.531, 48.261 ], [ 9.507, 48.269 ], [ 9.508, 48.281 ], [ 9.557, 48.293 ], [ 9.534, 48.318 ], [ 9.558, 48.333 ], [ 9.58, 48.327 ], [ 9.588, 48.366 ], [ 9.604, 48.375 ], [ 9.583, 48.377 ], [ 9.581, 48.395 ], [ 9.621, 48.396 ], [ 9.639, 48.423 ], [ 9.615, 48.471 ], [ 9.583, 48.49 ], [ 9.587, 48.54 ], [ 9.633, 48.537 ], [ 9.651, 48.52 ], [ 9.687, 48.517 ], [ 9.696, 48.541 ], [ 9.723, 48.547 ], [ 9.726, 48.562 ], [ 9.769, 48.56 ], [ 9.77, 48.566 ], [ 9.814, 48.558 ], [ 9.839, 48.586 ], [ 9.863, 48.585 ], [ 9.881, 48.599 ], [ 9.899, 48.615 ], [ 9.892, 48.622 ], [ 9.948, 48.631 ] ] ] } },
{ "type": "Feature", "properties": { "wkr_nr": 292, "wkr_name": "Biberach", "land": "Baden-Württemberg", "wahlbeteiligung_prozent": 85.1, "union_prozent": 38.3, "afd_prozent": 23.2, "spd_prozent": 10.4, "gruene_prozent": 9.8, "linke_prozent": 4.5, "bsw_prozent": 3.8, "fdp_prozent": 5.1, "staerkste_partei": "union" }, "geometry": { "type": "Polygon", "coordinates": [ [ [ 9.885, 48.294 ], [ 9.921, 48.286 ], [ 9.926, 48.269 ], [ 9.982, 48.269 ], [ 9.991, 48.244 ], [ 10.013, 48.248 ], [ 10.019, 48.232 ], [ 10.04, 48.228 ], [ 10.029, 48.217 ], [ 10.038, 48.196 ], [ 10.061, 48.199 ], [ 10.069, 48.19 ], [ 10.045, 48.182 ], [ 10.035, 48.153 ], [ 10.009, 48.151 ], [ 10.05, 48.142 ], [ 10.095, 48.164 ], [ 10.108, 48.131 ], [ 10.136, 48.111 ], [ 10.144, 48.06 ], [ 10.115, 47.977 ], [ 10.085, 47.961 ], [ 10.111, 47.935 ], [ 10.095, 47.885 ], [ 10.105, 47.878 ], [ 10.092, 47.867 ], [ 10.061, 47.872 ], [ 10.056, 47.862 ], [ 10.055, 47.877 ], [ 10.022, 47.873 ], [ 9.991, 47.883 ], [ 9.973, 47.862 ], [ 9.932, 47.861 ], [ 9.919, 47.872 ], [ 9.904, 47.864 ], [ 9.919, 47.853 ], [ 9.905, 47.844 ], [ 9.909, 47.83 ], [ 9.929, 47.828 ], [ 9.937, 47.804 ], [ 9.955, 47.81 ], [ 9.964, 47.802 ], [ 9.925, 47.779 ], [ 9.942, 47.777 ], [ 9.94, 47.757 ], [ 9.926, 47.754 ], [ 9.938, 47.748 ], [ 9.877, 47.727 ], [ 9.841, 47.745 ], [ 9.837, 47.761 ], [ 9.812, 47.76 ], [ 9.804, 47.776 ], [ 9.832, 47.783 ], [ 9.813, 47.795 ], [ 9.835, 47.802 ], [ 9.835, 47.833 ], [ 9.807, 47.832 ], [ 9.823, 47.873 ], [ 9.799, 47.895 ], [ 9.846, 47.929 ], [ 9.827, 47.961 ], [ 9.801, 47.961 ], [ 9.792, 47.951 ], [ 9.767, 47.957 ], [ 9.773, 47.971 ], [ 9.726, 47.981 ], [ 9.712, 47.971 ], [ 9.694, 47.983 ], [ 9.685, 47.967 ], [ 9.663, 47.977 ], [ 9.624, 47.965 ], [ 9.604, 48.01 ], [ 9.527, 48.066 ], [ 9.513, 48.063 ], [ 9.502, 48.076 ], [ 9.456, 48.076 ], [ 9.412, 48.102 ], [ 9.387, 48.09 ], [ 9.354, 48.094 ], [ 9.356, 48.104 ], [ 9.326, 48.112 ], [ 9.289, 48.149 ], [ 9.26, 48.152 ], [ 9.299, 48.163 ], [ 9.32, 48.189 ], [ 9.308, 48.224 ], [ 9.348, 48.24 ], [ 9.392, 48.196 ], [ 9.421, 48.203 ], [ 9.438, 48.195 ], [ 9.441, 48.205 ], [ 9.464, 48.209 ], [ 9.468, 48.196 ], [ 9.498, 48.213 ], [ 9.497, 48.233 ], [ 9.524, 48.223 ], [ 9.546, 48.19 ], [ 9.579, 48.193 ], [ 9.596, 48.207 ], [ 9.624, 48.2 ], [ 9.617, 48.186 ], [ 9.643, 48.189 ], [ 9.66, 48.157 ], [ 9.688, 48.179 ], [ 9.731, 48.172 ], [ 9.746, 48.183 ], [ 9.726, 48.189 ], [ 9.746, 48.193 ], [ 9.742, 48.203 ], [ 9.766, 48.212 ], [ 9.764, 48.227 ], [ 9.795, 48.232 ], [ 9.786, 48.238 ], [ 9.804, 48.251 ], [ 9.845, 48.246 ], [ 9.885, 48.294 ] ] ] } },
{ "type": "Feature", "properties": { "wkr_nr": 293, "wkr_name": "Bodensee", "land": "Baden-Württemberg", "wahlbeteiligung_prozent": 83.7, "union_prozent": 35.0, "afd_prozent": 18.9, "spd_prozent": 13.0, "gruene_prozent": 13.5, "linke_prozent": 5.5, "bsw_prozent": 4.1, "fdp_prozent": 5.7, "staerkste_partei": "union" }, "geometry": { "type": "Polygon", "coordinates": [ [ [ 9.246, 47.989 ], [ 9.261, 47.974 ], [ 9.298, 47.981 ], [ 9.293, 47.952 ], [ 9.279, 47.946 ], [ 9.306, 47.935 ], [ 9.288, 47.926 ], [ 9.3, 47.913 ], [ 9.342, 47.886 ], [ 9.347, 47.901 ], [ 9.366, 47.894 ], [ 9.383, 47.864 ], [ 9.401, 47.862 ], [ 9.409, 47.822 ], [ 9.449, 47.825 ], [ 9.436, 47.81 ], [ 9.463, 47.808 ], [ 9.435, 47.78 ], [ 9.444, 47.761 ], [ 9.457, 47.756 ], [ 9.474, 47.765 ], [ 9.499, 47.754 ], [ 9.499, 47.733 ], [ 9.569, 47.737 ], [ 9.625, 47.701 ], [ 9.656, 47.705 ], [ 9.664, 47.684 ], [ 9.726, 47.684 ], [ 9.744, 47.654 ], [ 9.724, 47.633 ], [ 9.689, 47.636 ], [ 9.684, 47.605 ], [ 9.658, 47.612 ], [ 9.636, 47.602 ], [ 9.644, 47.59 ], [ 9.626, 47.592 ], [ 9.614, 47.581 ], [ 9.551, 47.587 ], [ 9.495, 47.65 ], [ 9.463, 47.648 ], [ 9.406, 47.668 ], [ 9.35, 47.661 ], [ 9.31, 47.674 ], [ 9.239, 47.71 ], [ 9.224, 47.741 ], [ 9.139, 47.769 ], [ 9.071, 47.807 ], [ 9.083, 47.825 ], [ 9.066, 47.856 ], [ 9.085, 47.858 ], [ 9.12, 47.841 ], [ 9.129, 47.854 ], [ 9.118, 47.859 ], [ 9.138, 47.86 ], [ 9.131, 47.865 ], [ 9.149, 47.879 ], [ 9.147, 47.898 ], [ 9.103, 47.91 ], [ 9.149, 47.937 ], [ 9.141, 47.978 ], [ 9.19, 47.954 ], [ 9.193, 47.98 ], [ 9.225, 47.972 ], [ 9.228, 47.987 ], [ 9.236, 47.978 ], [ 9.246, 47.989 ] ] ] } },
{ "type": "Feature", "properties": { "wkr_nr": 294, "wkr_name": "Ravensburg", "land": "Baden-Württemberg", "wahlbeteiligung_prozent": 83.9, "union_prozent": 35.0, "afd_prozent": 19.0, "spd_prozent": 11.7, "gruene_prozent": 13.3, "linke_prozent": 6.5, "bsw_prozent": 4.1, "fdp_prozent": 5.4, "staerkste_partei": "union" }, "geometry": { "type": "Polygon", "coordinates": [ [ [ 9.566, 47.995 ], [ 9.606, 48.002 ], [ 9.624, 47.965 ], [ 9.663, 47.977 ], [ 9.685, 47.967 ], [ 9.696, 47.983 ], [ 9.712, 47.971 ], [ 9.726, 47.981 ], [ 9.773, 47.971 ], [ 9.767, 47.957 ], [ 9.792, 47.951 ], [ 9.814, 47.962 ], [ 9.838, 47.952 ], [ 9.846, 47.929 ], [ 9.799, 47.895 ], [ 9.823, 47.873 ], [ 9.805, 47.836 ], [ 9.835, 47.833 ], [ 9.835, 47.802 ], [ 9.813, 47.795 ], [ 9.832, 47.783 ], [ 9.803, 47.781 ], [ 9.812, 47.76 ], [ 9.837, 47.761 ], [ 9.847, 47.755 ], [ 9.836, 47.749 ], [ 9.868, 47.729 ], [ 9.938, 47.748 ], [ 9.926, 47.754 ], [ 9.94, 47.757 ], [ 9.942, 47.777 ], [ 9.925, 47.779 ], [ 9.964, 47.802 ], [ 9.955, 47.81 ], [ 9.937, 47.804 ], [ 9.929, 47.828 ], [ 9.909, 47.83 ], [ 9.905, 47.844 ], [ 9.919, 47.853 ], [ 9.904, 47.864 ], [ 9.919, 47.872 ], [ 9.932, 47.861 ], [ 9.973, 47.862 ], [ 9.999, 47.883 ], [ 10.022, 47.873 ], [ 10.055, 47.877 ], [ 10.056, 47.862 ], [ 10.072, 47.872 ], [ 10.083, 47.856 ], [ 10.105, 47.865 ], [ 10.092, 47.846 ], [ 10.107, 47.853 ], [ 10.103, 47.842 ], [ 10.138, 47.81 ], [ 10.116, 47.811 ], [ 10.117, 47.801 ], [ 10.09, 47.804 ], [ 10.065, 47.786 ], [ 10.119, 47.76 ], [ 10.116, 47.719 ], [ 10.139, 47.703 ], [ 10.129, 47.676 ], [ 10.111, 47.666 ], [ 10.089, 47.673 ], [ 10.077, 47.639 ], [ 10.059, 47.681 ], [ 10.03, 47.674 ], [ 10.029, 47.687 ], [ 10.002, 47.682 ], [ 9.96, 47.652 ], [ 9.842, 47.678 ], [ 9.748, 47.604 ], [ 9.746, 47.617 ], [ 9.695, 47.605 ], [ 9.689, 47.636 ], [ 9.724, 47.633 ], [ 9.744, 47.654 ], [ 9.726, 47.684 ], [ 9.664, 47.684 ], [ 9.656, 47.705 ], [ 9.625, 47.701 ], [ 9.569, 47.737 ], [ 9.499, 47.733 ], [ 9.499, 47.754 ], [ 9.472, 47.765 ], [ 9.452, 47.757 ], [ 9.434, 47.775 ], [ 9.462, 47.81 ], [ 9.436, 47.81 ], [ 9.445, 47.827 ], [ 9.409, 47.822 ], [ 9.401, 47.862 ], [ 9.379, 47.871 ], [ 9.402, 47.904 ], [ 9.393, 47.917 ], [ 9.412, 47.92 ], [ 9.406, 47.941 ], [ 9.433, 47.939 ], [ 9.423, 47.963 ], [ 9.477, 47.957 ], [ 9.518, 47.99 ], [ 9.547, 47.963 ], [ 9.553, 47.973 ], [ 9.565, 47.97 ], [ 9.555, 48.006 ], [ 9.566, 47.995 ] ] ] } },
{ "type": "Feature", "properties": { "wkr_nr": 295, "wkr_name": "Zollernalb – Sigmaringen", "land": "Baden-Württemberg", "wahlbeteiligung_prozent": 82.3, "union_prozent": 36.5, "afd_prozent": 26.2, "spd_prozent": 11.0, "gruene_prozent": 7.5, "linke_prozent": 4.9, "bsw_prozent": 4.2, "fdp_prozent": 5.5, "staerkste_partei": "union" }, "geometry": { "type": "Polygon", "coordinates": [ [ [ 8.796, 48.416 ], [ 8.801, 48.407 ], [ 8.861, 48.396 ], [ 8.849, 48.334 ], [ 8.914, 48.279 ], [ 8.96, 48.28 ], [ 8.956, 48.294 ], [ 8.977, 48.302 ], [ 8.976, 48.315 ], [ 9.003, 48.3 ], [ 9.028, 48.309 ], [ 9.032, 48.29 ], [ 9.085, 48.253 ], [ 9.183, 48.27 ], [ 9.201, 48.288 ], [ 9.224, 48.267 ], [ 9.262, 48.272 ], [ 9.267, 48.289 ], [ 9.292, 48.286 ], [ 9.31, 48.259 ], [ 9.35, 48.241 ], [ 9.308, 48.224 ], [ 9.32, 48.189 ], [ 9.299, 48.163 ], [ 9.269, 48.16 ], [ 9.264, 48.147 ], [ 9.289, 48.149 ], [ 9.326, 48.112 ], [ 9.356, 48.104 ], [ 9.354, 48.094 ], [ 9.387, 48.09 ], [ 9.412, 48.102 ], [ 9.456, 48.076 ], [ 9.502, 48.076 ], [ 9.569, 48.044 ], [ 9.605, 48.002 ], [ 9.568, 47.995 ], [ 9.555, 48.006 ], [ 9.563, 47.967 ], [ 9.555, 47.974 ], [ 9.547, 47.963 ], [ 9.536, 47.967 ], [ 9.518, 47.99 ], [ 9.477, 47.957 ], [ 9.423, 47.963 ], [ 9.433, 47.939 ], [ 9.406, 47.941 ], [ 9.412, 47.92 ], [ 9.393, 47.917 ], [ 9.402, 47.904 ], [ 9.378, 47.882 ], [ 9.353, 47.9 ], [ 9.351, 47.886 ], [ 9.342, 47.886 ], [ 9.288, 47.926 ], [ 9.306, 47.935 ], [ 9.279, 47.946 ], [ 9.293, 47.952 ], [ 9.298, 47.981 ], [ 9.261, 47.974 ], [ 9.246, 47.989 ], [ 9.236, 47.978 ], [ 9.228, 47.987 ], [ 9.225, 47.972 ], [ 9.193, 47.98 ], [ 9.19, 47.954 ], [ 9.141, 47.978 ], [ 9.149, 47.937 ], [ 9.103, 47.91 ], [ 9.066, 47.917 ], [ 9.078, 47.942 ], [ 9.012, 47.937 ], [ 9.021, 47.984 ], [ 9.007, 47.995 ], [ 9.008, 48.026 ], [ 8.972, 48.04 ], [ 8.952, 48.03 ], [ 8.954, 48.041 ], [ 8.934, 48.049 ], [ 8.941, 48.061 ], [ 8.975, 48.056 ], [ 8.997, 48.071 ], [ 8.954, 48.107 ], [ 8.885, 48.105 ], [ 8.86, 48.144 ], [ 8.832, 48.15 ], [ 8.833, 48.165 ], [ 8.809, 48.185 ], [ 8.769, 48.183 ], [ 8.755, 48.16 ], [ 8.726, 48.171 ], [ 8.719, 48.182 ], [ 8.744, 48.201 ], [ 8.703, 48.223 ], [ 8.706, 48.259 ], [ 8.666, 48.269 ], [ 8.678, 48.284 ], [ 8.648, 48.289 ], [ 8.668, 48.305 ], [ 8.719, 48.315 ], [ 8.693, 48.328 ], [ 8.743, 48.35 ], [ 8.736, 48.376 ], [ 8.759, 48.383 ], [ 8.749, 48.39 ], [ 8.765, 48.414 ], [ 8.796, 48.416 ] ] ] } },
{ "type": "Feature", "properties": { "wkr_nr": 296, "wkr_name": "Saarbrücken", "land": "Saarland", "wahlbeteiligung_prozent": 79.7, "union_prozent": 22.9, "afd_prozent": 20.0, "spd_prozent": 22.0, "gruene_prozent": 9.9, "linke_prozent": 9.9, "bsw_prozent": 6.3, "fdp_prozent": 4.4, "staerkste_partei": "union" }, "geometry": { "type": "Polygon", "coordinates": [ [ [ 6.873, 49.326 ], [ 6.994, 49.321 ], [ 7.016, 49.296 ], [ 7.004, 49.286 ], [ 7.039, 49.295 ], [ 7.086, 49.245 ], [ 7.108, 49.256 ], [ 7.131, 49.244 ], [ 7.122, 49.223 ], [ 7.137, 49.214 ], [ 7.106, 49.185 ], [ 7.129, 49.173 ], [ 7.083, 49.153 ], [ 7.09, 49.131 ], [ 7.067, 49.114 ], [ 7.044, 49.12 ], [ 7.028, 49.17 ], [ 7.035, 49.191 ], [ 7.011, 49.188 ], [ 6.975, 49.209 ], [ 6.96, 49.203 ], [ 6.938, 49.222 ], [ 6.893, 49.209 ], [ 6.859, 49.223 ], [ 6.838, 49.213 ], [ 6.862, 49.179 ], [ 6.844, 49.173 ], [ 6.848, 49.157 ], [ 6.834, 49.151 ], [ 6.783, 49.168 ], [ 6.739, 49.164 ], [ 6.711, 49.188 ], [ 6.736, 49.227 ], [ 6.777, 49.226 ], [ 6.839, 49.256 ], [ 6.82, 49.27 ], [ 6.856, 49.272 ], [ 6.86, 49.295 ], [ 6.88, 49.301 ], [ 6.873, 49.326 ] ] ] } },
{ "type": "Feature", "properties": { "wkr_nr": 297, "wkr_name": "Saarlouis", "land": "Saarland", "wahlbeteiligung_prozent": 83.1, "union_prozent": 28.3, "afd_prozent": 21.7, "spd_prozent": 21.3, "gruene_prozent": 6.2, "linke_prozent": 6.8, "bsw_prozent": 6.8, "fdp_prozent": 4.4, "staerkste_partei": "union" }, "geometry": { "type": "Polygon", "coordinates": [ [ [ 6.893, 49.608 ], [ 6.906, 49.591 ], [ 6.957, 49.598 ], [ 6.955, 49.512 ], [ 6.918, 49.508 ], [ 6.875, 49.48 ], [ 6.81, 49.473 ], [ 6.786, 49.437 ], [ 6.819, 49.394 ], [ 6.841, 49.398 ], [ 6.849, 49.38 ], [ 6.865, 49.385 ], [ 6.871, 49.372 ], [ 6.922, 49.368 ], [ 6.863, 49.347 ], [ 6.882, 49.331 ], [ 6.88, 49.301 ], [ 6.86, 49.295 ], [ 6.856, 49.272 ], [ 6.82, 49.27 ], [ 6.839, 49.256 ], [ 6.777, 49.226 ], [ 6.741, 49.229 ], [ 6.696, 49.215 ], [ 6.69, 49.25 ], [ 6.661, 49.258 ], [ 6.67, 49.28 ], [ 6.615, 49.301 ], [ 6.589, 49.322 ], [ 6.591, 49.336 ], [ 6.566, 49.348 ], [ 6.574, 49.359 ], [ 6.588, 49.35 ], [ 6.602, 49.367 ], [ 6.583, 49.368 ], [ 6.587, 49.385 ], [ 6.541, 49.401 ], [ 6.556, 49.421 ], [ 6.429, 49.476 ], [ 6.375, 49.464 ], [ 6.357, 49.532 ], [ 6.38, 49.551 ], [ 6.414, 49.543 ], [ 6.43, 49.549 ], [ 6.494, 49.531 ], [ 6.515, 49.535 ], [ 6.517, 49.528 ], [ 6.564, 49.541 ], [ 6.58, 49.522 ], [ 6.605, 49.517 ], [ 6.617, 49.536 ], [ 6.646, 49.539 ], [ 6.652, 49.551 ], [ 6.664, 49.543 ], [ 6.684, 49.548 ], [ 6.69, 49.535 ], [ 6.709, 49.553 ], [ 6.754, 49.56 ], [ 6.802, 49.588 ], [ 6.835, 49.583 ], [ 6.858, 49.606 ], [ 6.893, 49.608 ] ] ] } },
{ "type": "Feature", "properties": { "wkr_nr": 298, "wkr_name": "St. Wendel", "land": "Saarland", "wahlbeteiligung_prozent": 85.2, "union_prozent": 30.3, "afd_prozent": 20.7, "spd_prozent": 22.2, "gruene_prozent": 6.2, "linke_prozent": 6.0, "bsw_prozent": 5.7, "fdp_prozent": 4.1, "staerkste_partei": "union" }, "geometry": { "type": "Polygon", "coordinates": [ [ [ 7.059, 49.63 ], [ 7.088, 49.6 ], [ 7.174, 49.599 ], [ 7.173, 49.585 ], [ 7.21, 49.577 ], [ 7.213, 49.566 ], [ 7.269, 49.584 ], [ 7.276, 49.537 ], [ 7.302, 49.535 ], [ 7.31, 49.523 ], [ 7.286, 49.517 ], [ 7.278, 49.484 ], [ 7.305, 49.472 ], [ 7.246, 49.446 ], [ 7.257, 49.426 ], [ 7.292, 49.407 ], [ 7.262, 49.397 ], [ 7.243, 49.406 ], [ 7.236, 49.397 ], [ 7.178, 49.385 ], [ 7.171, 49.394 ], [ 7.154, 49.39 ], [ 7.139, 49.353 ], [ 7.114, 49.336 ], [ 7.087, 49.347 ], [ 7.066, 49.329 ], [ 7.061, 49.343 ], [ 7.021, 49.351 ], [ 6.986, 49.318 ], [ 6.922, 49.331 ], [ 6.875, 49.327 ], [ 6.863, 49.347 ], [ 6.904, 49.355 ], [ 6.92, 49.371 ], [ 6.871, 49.372 ], [ 6.865, 49.385 ], [ 6.849, 49.38 ], [ 6.841, 49.398 ], [ 6.819, 49.394 ], [ 6.786, 49.437 ], [ 6.81, 49.473 ], [ 6.875, 49.48 ], [ 6.918, 49.508 ], [ 6.955, 49.512 ], [ 6.957, 49.598 ], [ 6.906, 49.591 ], [ 6.89, 49.615 ], [ 6.93, 49.612 ], [ 6.945, 49.636 ], [ 6.951, 49.625 ], [ 6.992, 49.635 ], [ 6.986, 49.621 ], [ 7.028, 49.639 ], [ 7.059, 49.63 ] ] ] } },
{ "type": "Feature", "properties": { "wkr_nr": 299, "wkr_name": "Homburg", "land": "Saarland", "wahlbeteiligung_prozent": 82.0, "union_prozent": 26.0, "afd_prozent": 23.7, "spd_prozent": 22.0, "gruene_prozent": 6.6, "linke_prozent": 6.7, "bsw_prozent": 5.8, "fdp_prozent": 4.2, "staerkste_partei": "union" }, "geometry": { "type": "Polygon", "coordinates": [ [ [ 7.297, 49.405 ], [ 7.289, 49.389 ], [ 7.356, 49.38 ], [ 7.367, 49.363 ], [ 7.402, 49.368 ], [ 7.39, 49.35 ], [ 7.401, 49.338 ], [ 7.378, 49.32 ], [ 7.394, 49.316 ], [ 7.385, 49.294 ], [ 7.365, 49.278 ], [ 7.334, 49.278 ], [ 7.344, 49.27 ], [ 7.325, 49.248 ], [ 7.307, 49.256 ], [ 7.289, 49.238 ], [ 7.304, 49.222 ], [ 7.296, 49.205 ], [ 7.338, 49.184 ], [ 7.35, 49.163 ], [ 7.369, 49.161 ], [ 7.363, 49.143 ], [ 7.321, 49.141 ], [ 7.293, 49.115 ], [ 7.245, 49.13 ], [ 7.198, 49.115 ], [ 7.185, 49.131 ], [ 7.157, 49.121 ], [ 7.126, 49.142 ], [ 7.103, 49.14 ], [ 7.113, 49.152 ], [ 7.101, 49.158 ], [ 7.129, 49.173 ], [ 7.106, 49.185 ], [ 7.137, 49.214 ], [ 7.122, 49.223 ], [ 7.13, 49.245 ], [ 7.108, 49.256 ], [ 7.086, 49.245 ], [ 7.039, 49.295 ], [ 7.004, 49.286 ], [ 7.016, 49.296 ], [ 6.994, 49.321 ], [ 7.021, 49.351 ], [ 7.061, 49.343 ], [ 7.066, 49.329 ], [ 7.087, 49.347 ], [ 7.122, 49.338 ], [ 7.154, 49.39 ], [ 7.171, 49.394 ], [ 7.178, 49.385 ], [ 7.236, 49.397 ], [ 7.243, 49.406 ], [ 7.262, 49.397 ], [ 7.297, 49.405 ] ] ] } }
]
}
